# Created with Anim8or 1.00
# Object "CaveWalls4_C":

mtllib CaveWalls4_C.mtl

# Shape "CaveWalls4C":
g CaveWalls4C
# No. points 738:
v -14.538 -7.181 -5.65
v -14.239 -8.6578 -4.92
v -13.312 -7.4171 -5.866
v -15.916 -7.1528 -5.441
v -14.96 -6.3369 -5.607
v -14.126 -6.1397 -5.957
v -11.899 -8.4135 -5.061
v -12.002 -6.956 -5.754
v -12.732 -5.9342 -6.102
v -16.227 -8.8886 -4.211
v -12.508 -9.7322 -3.541
v -14.674 -9.7787 -3.112
v -15.149 -4.6593 -5.342
v -17.284 -5.6429 -4.634
v -17.773 -7.7532 -4.279
v -13.54 -4.6997 -5.951
v -11.982 -4.2593 -5.705
v -11.475 -5.8042 -5.674
v -10.684 -6.9472 -5.384
v -10.035 -8.2089 -4.49
v -10.669 -9.3325 -3.693
v -12.594 -9.8589 -1.303
v -10.892 -9.7711 -2.259
v -15.29 -9.9235 -1.402
v -16.562 -9.5211 -2.804
v -17.37 -8.8242 -3.534
v -18.8 -6.4157 -3.539
v -18.869 -7.8561 -3.371
v -18.191 -8.5213 -3.347
v -16.935 -3.617 -4.644
v -18.535 -4.1969 -3.645
v -13.922 -3.8439 -5.626
v -13.144 -3.4966 -5.81
v -10.739 -2.65 -5.016
v -10.076 -4.8972 -5.078
v -12.31 -2.2663 -5.505
v -8.782 -6.9498 -4.655
v -8.823 -8.3423 -4.077
v -9.419 -9.041 -3.699
v -9.26 -9.6485 -2.596
v -9.033 -9.8649 -0.37100
v -14.02 -9.8765 0.11100
v -17.54 -9.8741 -1.48
v -17.781 -9.283 -2.855
v -18.829 -8.8807 -2.555
v -19.88 -7.5223 -2.473
v -19.885 -5.6406 -2.742
v -17.707 -1.686 -4.187
v -15.75 -1.5043 -5.126
v -13.902 -2.3436 -5.558
v -9.227 -3.0284 -4.416
v -7.71 -4.484 -4.254
v -6.54 -7.0276 -4.739
v -7.629 -8.268 -4.126
v -8.223 -9.1114 -3.363
v -7.052 -9.7395 -2.113
v -6.981 -9.1531 -3.384
v -6.36 -8.6416 -4.082
v -5.414 -4.8162 -5.043
v -4.383 -6.8283 -5.676
v -4.897 -8.6049 -4.623
v -7.93 -2.1061 -4.19
v -5.887 -1.8561 -4.866
v -9.278 -0.70200 -4.568
v -11.249 -0.22700 -5.387
v -12.865 -0.50500 -5.842
v -14.233 0.22700 -5.671
v -13.245 0.65200 -6.034
v -12.377 1.044 -5.888
v -7.503 -0.45300 -4.475
v -4.172 -3.2043 -5.413
v -3.734 -4.9708 -5.503
v -3.19 -6.0562 -5.764
v -2.83 -8.5488 -5.292
v -2.887 -7.0522 -5.873
v -3.2 -9.7643 -3.606
v -5.349 -9.4655 -3.062
v -5.267 -9.8909 -1.746
v -3.538 -9.9125 -1.702
v -0.64400 -9.8619 -2.086
v -1.358 -9.4519 -4.09
v -1.696 -7.4458 -5.842
v -0.69700 -8.4746 -5.063
v -2.135 -6.1507 -5.929
v -2.581 -5.1164 -5.625
v -2.44 -3.4566 -5.645
v -3.231 -0.82400 -5.744
v -4.887 0.31300 -5.376
v -6.304 0.75500 -4.836
v -7.998 1.771 -4.5
v -10.017 1.672 -5.006
v -6.16 2.854 -4.911
v -5.072 1.978 -5.403
v -3.748 1.5 -5.938
v -0.58800 -1.4322 -5.642
v -1.169 -3.3347 -5.66
v -1.339 -4.814 -5.639
v -0.91400 -6.3621 -5.863
v -0.63300 -7.391 -5.507
v 0.57900 -8.6829 -4.969
v 0.48300 -7.7335 -5.347
v 0.77900 -9.5687 -4.039
v 2.699 -9.8689 -2.029
v 1.868 -8.7543 -5.269
v -0.03100 -6.7602 -5.59
v 0.73700 -6.8187 -5.969
v 1.497 -7.5567 -6.007
v 0.44100 -5.2048 -5.658
v -0.29600 -3.5176 -5.526
v -1.368 0.39900 -5.98
v -0.05300 1.053 -5.754
v -2.196 1.47 -6.203
v -4.112 2.903 -5.917
v -2.738 3.248 -6.262
v -4.941 3.352 -5.446
v -3.813 4.113 -5.661
v -1.397 2.856 -6.073
v -1.368 4.503 -5.841
v -2.62 4.541 -5.608
v -0.98800 1.802 -5.855
v 1.179 -2.6848 -5.822
v 2.027 -4.3389 -5.994
v 1.99 -6.1905 -6.197
v 2.808 -7.681 -6.195
v 3.356 -4.8713 -5.961
v 3.333 -6.4347 -6.246
v 3.273 -2.4052 -5.765
v 2.278 1.242 -6.025
v 0.09600 3.194 -5.826
v 0.08600 5.674 -5.858
v -0.94500 6.012 -4.876
v -2.045 5.308 -5.111
v -3.24 5.142 -4.876
v -5.074 4.644 -4.764
v -3.748 5.684 -3.615
v -5.797 6.042 -3.601
v -7.473 4.455 -4.647
v -2.148 5.969 -4.152
v 0.22500 7.375 -4.628
v -0.87600 6.796 -3.671
v 1.407 7.309 -5.983
v 1.76 4.885 -6.079
v 5.542 0.07100 -4.993
v 4.989 3.389 -5.194
v 5.132 -3.8058 -5.094
v 5.128 5.64 -5.114
v 3.637 4.906 -5.772
v 2.963 6.701 -6.174
v 3.083 8.805 -5.316
v 1.322 8.636 -4.807
v -0.02500 7.55 -3.453
v 0.86400 8.58 -3.26
v -0.20000 7.332 -2.211
v -2.271 6.551 -2.571
v -1.575 7.2 -1.175
v -3.235 7.038 -1.096
v -4.367 6.688 -2.359
v 1.673 8.484 -1.113
v -0.14700 7.689 -0.05000
v 2.247 9.153 -3.906
v 2.748 8.788 -2.562
v 3.762 9.145 -3.591
v 4.839 8.494 -4.361
v 4.375 7.088 -5.366
v 6.087 7.369 -4.546
v 6.493 5.29 -4.568
v 6.801 3.112 -4.553
v 7.436 1.66 -4.496
v 7.8721 -0.03100 -4.378
v 8.2854 3.169 -4.379
v 9.0036 1.848 -4.55
v 8.2081 4.945 -4.253
v 7.9128 6.986 -4.245
v 7.278 8.229 -3.871
v 6.265 8.648 -3.736
v 5.241 8.925 -3.119
v 4.362 8.642 -2.375
v 3.767 8.197 -1.224
v 3.577 8.163 0.55000
v 1.603 8.222 1.297
v -2.167 7.429 0.28800
v -0.81500 7.113 1.464
v -2.142 7.039 1.529
v -3.342 7.097 1.365
v -4.007 7.272 0.28200
v -0.04000 8.247 1.359
v 4.995 8.41 -0.12500
v 5.277 8.449 -1.329
v 5.564 8.651 -2.202
v 6.78 8.791 -2.523
v 7.021 8.497 -3.254
v 7.8746 8.689 -3.088
v 8.2877 8.243 -3.756
v 9.6004 6.541 -4.686
v 9.3444 8.084 -4.004
v 10.0429 4.193 -4.931
v 10.854 8.333 -4.663
v 11.3691 6.374 -5.174
v 10.305 9.142 -3.173
v 8.9378 8.877 -3.3
v 8.8883 9.236 -1.927
v 7.4 8.821 -1.308
v 6.304 8.722 -1.534
v 6.582 8.631 -0.26000
v 5.751 8.47 1.658
v 3.672 8.188 2.684
v 1.848 8.395 2.961
v 0.20900 7.925 2.759
v 0.66700 6.856 4.219
v 1.223 7.896 3.625
v -0.65700 6.846 3.527
v -0.89300 6.918 2.625
v 2.339 7.609 3.898
v 3.873 7.111 4.148
v 4.881 7.937 3.624
v 5.085 8.38 2.925
v 7.8127 8.489 1.045
v 8.0155 8.057 2.735
v 6.04 8.75 3.658
v 8.5133 8.773 -0.23700
v 11.4916 9.535 -1.367
v 10.1055 8.959 -0.37000
v 9.9147 8.303 1.275
v 9.2113 8.494 3.956
v 7.496 8.166 4.696
v 9.7419 8.579 2.809
v 5.617 7.212 4.603
v 2.333 5.863 4.302
v 4.283 5.223 4.623
v 0.66300 4.983 4.412
v -1.081 5.286 4.307
v -2.032 6.444 3.311
v -1.732 6.907 2.264
v -2.852 6.606 2.31
v -3.064 4.918 3.961
v -3.589 5.957 3.249
v -0.23100 3.676 4.653
v -2.153 2.763 4.29
v 1.799 3.361 4.932
v 5.892 5.829 5.003
v 5.77 4.308 5.207
v 4.072 2.94 5.009
v 6.761 6.771 5.256
v 8.0821 6.756 5.865
v 8.9873 8.455 5.293
v 10.2909 8.852 4.702
v 10.3862 8.865 3.554
v 11.0306 8.629 2.638
v 11.5771 8.981 3.852
v 10.1594 7.657 5.994
v 11.2742 8.471 5.127
v 9.3366 5.625 6.263
v 7.647 4.221 5.709
v 6.879 5.602 5.418
v 5.644 1.915 5.352
v 3.982 1.384 5.159
v 2.586 1.295 5.18
v 0.78100 1.182 4.999
v -0.25000 2.073 4.782
v -4.891 3.287 3.612
v -4.188 0.47800 3.96
v -1.321 -0.30900 4.576
v 1.155 -0.47600 4.952
v 3.609 -0.64900 5.168
v 7.7529 1.794 5.854
v 9.6717 3.385 6.041
v 11.1047 5.799 6.219
v 11.5889 7.595 5.725
v 12.392 8.245 4.711
v 12.6914 7.105 5.822
v 12.6783 5.061 6.043
v 11.4345 3.928 6.008
v 6.861 -0.80900 5.761
v 5.139 -3.3372 5.045
v 2.358 -3.4632 4.601
v 1.388 -2.0973 4.73
v -0.16600 -2.1245 4.683
v -3.958 -2.4317 4.001
v -6.475 -1.6445 4.018
v -1.934 -3.3009 4.312
v -0.06100 -4.0617 4.397
v 9.0909 0.66700 6.033
v 11.4151 1.786 5.805
v 12.3295 3.538 5.753
v 14.0965 3.389 5.562
v 8.6254 -0.96600 6.088
v 8.3677 -2.5255 5.848
v 6.85 -2.8014 5.507
v 6.987 -4.2247 5.336
v 5.414 -5.8789 4.864
v 3.184 -5.4175 4.311
v 0.93300 -5.6055 4.465
v -0.77500 -5.941 4.464
v -2.108 -5.3849 4.289
v -3.937 -4.955 3.978
v -2.098 -7.0999 4.538
v -3.799 -6.8387 4.165
v -0.35400 -7.2715 4.732
v 1.553 -7.2315 4.504
v 3.558 -7.3507 4.245
v 4.94 -7.3318 4.733
v 7.397 -5.987 5.351
v 6.26 -7.6295 5.034
v 8.7226 -4.5315 5.549
v 10.1945 -0.93900 5.986
v 10.4042 -3.1628 5.496
v 13.1147 -1.1841 5.469
v 11.9442 -4.5158 5.514
v 10.1412 -4.9233 5.468
v 9.0489 -6.144 5.721
v 7.977 -7.3044 5.576
v 7.9135 -8.7363 4.674
v 6.017 -8.9039 4.123
v 4.674 -8.369 4.026
v 3.213 -8.5732 3.69
v 1.897 -8.4777 3.77
v 0.13300 -8.5382 3.949
v -1.726 -8.5171 3.938
v -3.498 -8.338 3.788
v -5.688 -6.7053 4.114
v -5.262 -8.1874 3.692
v -3.044 -9.382 2.86
v -4.878 -9.2483 2.826
v -1.212 -9.4221 2.904
v 0.58900 -9.3071 2.862
v 2.241 -9.2159 2.946
v 3.63 -9.167 3.262
v 4.817 -9.3596 3.127
v 6.569 -9.6759 3.206
v 9.5329 -7.4994 5.534
v 10.5823 -8.7244 4.809
v 8.6982 -9.7926 3.325
v 10.6216 -6.1292 5.573
v 12.0598 -6.3255 5.688
v 11.0166 -7.2677 5.414
v 11.3138 -9.8073 3.379
v 9.1219 -9.8809 1.613
v 6.97 -9.8579 1.934
v 4.885 -9.848 1.724
v 3.117 -9.6603 2.193
v 0.98700 -9.767 1.732
v -0.70300 -9.7966 1.848
v -2.616 -9.8583 1.586
v -4.36 -9.7441 1.78
v -6.686 -9.2148 2.874
v -6.421 -9.7886 1.539
v -7.017 -8.2623 3.831
v -8.075 -9.2477 3.158
v -8.586 -9.8001 1.993
v -5.032 -9.875 -0.07400
v -1.395 -9.8708 0.23400
v 2.166 -9.8561 0.25200
v 5.9 -9.875 -0.18700
v 9.6768 -9.8593 -0.61100
v 12.4665 -9.8942 1.708
v 7.026 -9.8138 -2.146
v 8.9216 -9.5887 -2.594
v 4.843 -9.8311 -2.344
v -11.671 -9.896 1.43
v -9.693 -9.6289 3.119
v -10.109 -8.6304 4.37
v -8.534 -8.7045 3.957
v -11.43 -9.6123 3.336
v -12.686 -8.6648 4.587
v -13.014 -9.8637 2.866
v -10.724 -6.308 5.149
v -8.031 -6.7952 4.512
v -8.744 -3.8655 4.516
v -6.143 -4.4818 3.915
v -14.734 -9.708 3.252
v -14.359 -9.8912 1.603
v -16.338 -9.839 1.861
v -15.939 -9.9145 0.19800
v -15.189 -8.7008 4.793
v -16.674 -9.5256 3.555
v -12.576 -6.88 5.434
v -14.037 -7.2916 5.568
v -11.49 -3.2751 5.089
v -12.369 -5.3555 5.336
v -13.603 -4.3092 5.373
v -13.448 -5.9092 5.666
v -14.782 -5.6435 5.732
v -15.769 -7.1166 5.727
v -17.285 -8.2516 4.97
v -18.254 -9.1976 3.736
v -18.117 -9.7513 2.261
v -17.953 -9.8827 0.49900
v -19.6 -9.2649 1.139
v -19.526 -8.9532 -0.88100
v -19.554 -8.9663 2.87
v -19.189 -8.0524 4.303
v -18.469 -6.6356 5.337
v -17.083 -6.6137 5.702
v -16.249 -5.4621 5.681
v -15.71 -3.4771 5.337
v -13.756 -1.7063 5.398
v -11.769 0.11700 5.365
v -9.206 -1.0077 4.63
v -9.527 1.689 4.726
v -6.991 1.023 3.928
v -16.712 -4.5262 5.537
v -17.421 -5.3469 5.409
v -18.664 -4.7468 4.887
v -20.09 -6.0618 4.216
v -20.42 -7.6711 3.35
v -20.891 -8.1125 1.899
v -21.311 -6.3375 2.629
v -19.739 -3.836 3.996
v -20.837 -4.3123 2.958
v -17.387 -3.8143 5.185
v -18.622 -2.6827 4.626
v -15.984 0.08900 5.732
v -17.17 -2.0795 5.198
v -13.836 0.56800 5.782
v -18.14 -0.33700 4.843
v -19.59 -0.98510 3.788
v -19.581 -2.5557 3.836
v -20.29 -2.5168 3.099
v -21.613 -4.6093 1.397
v -21.089 -2.4955 1.797
v -21.598 -6.6132 0.81600
v -20.73 -8.0391 0.13100
v -21.117 -4.8283 -0.24300
v -21.122 -6.5831 -0.73900
v -20.829 -2.729 0.15200
v -20.838 -0.65700 2.431
v -20.924 0.11800 0.36400
v -19.259 1.167 4.078
v -14.522 2.392 6.201
v -12.92 1.935 5.916
v -11.436 2.662 5.43
v -9.735 3.953 4.578
v -11.479 4.227 5.158
v -13.063 3.873 5.718
v -14.881 4.412 5.874
v -16.288 3.141 5.997
v -17.902 2.222 5.087
v -20.191 0.62000 3.053
v -20.682 -0.96400 -1.236
v -20.605 -3.2302 -1.357
v -19.91 -1.665 -2.431
v -20.032 0.55500 -2.408
v -20.729 1.041 -1.324
v -21.021 1.357 2.022
v -20.191 2.29 3.12
v -19.179 3.076 4.103
v -18.233 3.822 4.534
v -17.534 4.426 5.344
v -16.156 4.76 5.569
v -13.844 5.452 4.781
v -15.313 5.244 4.938
v -12.292 5.197 5.071
v -10.867 5.375 4.606
v -10.312 6.548 3.485
v -9.44 5.401 3.964
v -12.17 6.538 4.338
v -13.781 6.307 3.409
v -15.165 5.64 3.942
v -16.369 5.095 4.497
v -17.397 4.485 3.918
v -18.67 4.311 3.876
v -19.865 4.225 3.142
v -21.017 3.329 1.969
v -21.031 2.471 0.79100
v -20.876 2.813 -0.74000
v -20.312 2.541 -2.246
v -19.073 2.346 -3.566
v -18.814 -0.17400 -3.437
v -19.491 4.234 -2.717
v -20.41 3.989 -1.808
v -20.951 4.725 0.46800
v -20.66 4.651 -0.97300
v -20.99 4.99 2.214
v -19.835 5.899 2.655
v -18.262 5.498 3.271
v -16.486 5.45 3.382
v -15.238 6.295 2.87
v -12.29 7.038 2.147
v -14.086 6.931 2.377
v -9.85 6.559 1.559
v -13.908 7.197 1.44
v -11.408 6.761 0.05100
v -13.264 6.755 0.33800
v -15.357 7.281 1.799
v -16.767 6.432 2.524
v -18.394 6.713 2.395
v -19.627 6.973 2.062
v -20.803 6.334 1.592
v -20.22 6.304 0.47500
v -19.675 5.764 -0.51100
v -19.954 5.211 -1.776
v -18.411 5.776 -1.855
v -17.701 4.496 -3.572
v -19.046 6.598 0.49300
v -18.324 6.216 -0.37000
v -19.834 7.101 1.096
v -18.641 7.421 1.361
v -17.089 7.402 1.617
v -16.068 6.799 0.53900
v -14.657 6.876 0.66000
v -14.819 6.417 -0.83900
v -12.819 6.387 -1.353
v -9.39 6.816 -0.24600
v -10.873 6.309 -1.601
v -12.148 6.418 -3.131
v -14.17 5.997 -2.75
v -16.281 5.915 -2.315
v -16.894 6.237 -0.64700
v -17.655 6.746 0.55200
v -15.559 5.04 -4.059
v -16.601 3.833 -4.728
v -17.727 2.917 -4.512
v -13.233 5.25 -4.777
v -10.194 6.13 -3.131
v -11.247 5.538 -4.254
v -9.031 6.361 -1.82
v -7.477 6.933 1.086
v -7.765 6.909 -0.87900
v -7.817 6.638 -1.986
v -8.079 6.224 -3.202
v -9.577 4.964 -4.184
v -11.172 3.695 -5.191
v -12.995 3.531 -5.886
v -15.042 3.496 -5.847
v -16.639 2.198 -5.33
v -17.815 1.314 -4.261
v -17.81 -0.07700 -4.175
v -16.864 0.22300 -4.794
v -15.623 2.197 -5.794
v -15.612 0.98600 -5.303
v -13.565 1.886 -6.217
v -14.879 1.745 -5.989
v -12.248 2.416 -5.873
v -9.267 3.309 -4.575
v -11.366 1.771 -5.539
v -6.427 6.844 -1.94
v -6.455 7.134 -0.37600
v -5.009 7.151 -0.81600
v -19.021 -2.3229 -3.249
v -19.85 -3.7615 -2.562
v -20.768 -5.1184 -1.705
v -20.552 -6.5578 -1.832
v -20.466 -7.6342 -1.181
v -5.559 7.266 0.58100
v -4.601 7.154 1.298
v -5.709 7.08 1.788
v -4.477 6.67 2.405
v -4.937 6.038 3.612
v -6.461 6.295 2.971
v -6.063 4.896 3.9
v -7.964 4.969 3.74
v -8.552 6.048 2.805
v -4.455 5.21 4.186
v -7.577 3.26 3.867
v 3.269 -9.7539 -3.828
v 5.542 -9.3991 -3.62
v 4.301 -8.5942 -5.269
v 6.526 -8.2097 -4.476
v 5.663 -6.4773 -5.341
v 4.118 -7.0942 -5.918
v 7.47 -9.3097 -3.476
v 7.7521 -6.7084 -4.798
v 8.5099 -8.3648 -4.127
v 7.14 -4.6591 -4.484
v 4.249 -5.7866 -5.573
v 7.114 -2.1909 -4.405
v 8.6308 -3.1781 -4.254
v 8.9887 -5.147 -4.181
v 9.5372 -6.9209 -4.543
v 8.6361 -9.2034 -3.457
v 9.71 -9.1212 -3.418
v 10.2347 -8.2788 -4.197
v 10.7553 -5.3319 -4.609
v 11.4016 -7.0707 -4.895
v 10.2696 -3.484 -4.568
v 8.6182 -1.4979 -4.249
v 9.6892 -1.9854 -4.516
v 9.7977 0.00200 -4.722
v 11.3484 -1.3945 -4.76
v 12.3293 -3.737 -4.528
v 12.1193 -5.5664 -4.673
v 12.8615 -6.4845 -4.874
v 12.9408 -8.0089 -4.5
v 11.5526 -8.528 -4.261
v 10.9421 -9.1282 -3.551
v 11.1175 -9.7728 -2.397
v 13.7156 -9.8606 -0.74000
v 12.758 -9.7919 -2.3
v 12.3713 -9.359 -3.425
v 14.1608 -6.5355 -4.547
v 14.2753 -8.0263 -4.264
v 13.7147 -8.9469 -3.85
v 13.2169 -5.3318 -4.328
v 13.9123 -0.92400 -4.386
v 12.0823 1.404 -5.074
v 10.3818 2.082 -5.367
v 11.5283 3.249 -5.362
v 14.6057 2.828 -4.374
v 14.6046 -4.2616 -4.217
v 15.4693 -5.9583 -4.332
v 15.4431 -7.4775 -4.279
v 15.0067 -8.8916 -3.628
v 13.8717 -9.5982 -2.739
v 15.6367 -9.6499 -2.295
v 16.7229 -8.193 -3.403
v 16.4844 -6.6353 -3.987
v 16.3359 -4.9613 -3.662
v 16.3719 -2.3515 -3.656
v 15.8788 0.65400 -3.857
v 12.9546 3.86 -5.072
v 11.817 4.751 -5.209
v 13.0103 5.935 -5.015
v 14.2692 5.128 -4.631
v 17.1049 3.47 -3.305
v 17.7016 0.31700 -2.948
v 18.3136 -2.3631 -2.576
v 17.5238 -4.1866 -3.073
v 17.736 -6.2091 -3.287
v 18.1126 -7.869 -2.518
v 17.4026 -9.0545 -2.041
v 16.7265 -9.8179 -0.71200
v 18.4834 -9.373 -1.119
v 18.5063 -8.6643 -1.918
v 19.1256 -6.7463 -2.386
v 19.0661 -8.0422 -2.039
v 18.705 -4.7188 -2.249
v 19.3235 -0.12800 -1.768
v 18.8699 2.615 -2.25
v 18.6742 5.137 -2.413
v 15.9452 5.67 -4.196
v 17.8245 6.571 -3.388
v 19.5197 6.299 -1.811
v 19.765 4.532 -1.407
v 19.0148 7.068 -2.573
v 20.033 2.176 -1.118
v 19.8576 -2.968 -1.3
v 19.9073 -5.6826 -1.281
v 19.9249 -7.5623 -1.472
v 19.2876 -8.6434 -1.499
v 19.9356 -8.8111 -0.46100
v 21.0501 -6.9007 -0.21500
v 20.7608 -4.5609 -0.36200
v 20.771 -2.7806 -0.19600
v 20.6539 -0.10100 -0.19700
v 20.8243 4.005 0.07100
v 20.7005 6.675 -1.146
v 19.6796 7.999 -1.825
v 18.4461 9.158 -2.51
v 16.6026 8.517 -3.926
v 17.7795 9.889 -0.59100
v 19.9288 9.45 -0.70100
v 16.237 10.035 -2.061
v 21.4714 7.395 1.135
v 21.1557 5.068 1.241
v 21.1524 3.712 1.266
v 21.0972 1.984 0.97000
v 20.9922 -2.1873 0.67500
v 21.0713 -3.673 0.47800
v 21.3343 -5.227 0.72600
v 20.6801 -8.6098 1.733
v 21.612 -6.6797 1.248
v 21.3559 -3.57 1.6
v 21.565 -5.4223 1.786
v 21.321 -0.50500 1.671
v 21.2351 2.666 2.25
v 21.2761 4.533 1.878
v 21.3685 5.631 1.782
v 20.106 8.001 3.117
v 18.6532 9.554 1.607
v 21.0747 5.342 2.927
v 15.8313 9.467 0.43500
v 16.54 9.022 2.966
v 18.4425 8.712 3.397
v 20.2045 6.495 4.359
v 19.1594 7.693 4.374
v 20.5418 2.942 3.646
v 20.043 4.505 4.429
v 20.6948 0.38100 3.378
v 20.7957 -2.5671 3.142
v 21.0392 -4.9952 2.826
v 21.4812 -6.6773 2.421
v 20.7246 -7.0811 3.943
v 20.2411 -4.5152 4.06
v 20.1702 -2.9536 4.21
v 20.0813 -1.4353 4.267
v 20.0228 0.07100 4.331
v 19.9814 1.557 4.411
v 19.9391 3.022 4.443
v 18.7168 5.937 5.389
v 18.8226 2.966 5.075
v 17.6427 7.807 4.534
v 15.806 8.075 5.129
v 14.814 9.304 3.794
v 14.3164 8.887 2.108
v 13.1858 9.151 3.461
v 13.043 8.752 2.287
v 13.2232 9.112 0.40900
v 13.1863 8.747 1.584
v 13.8695 8.307 4.903
v 16.9578 6.529 5.347
v 15.6274 5.897 5.624
v 14.1763 6.416 5.747
v 16.7673 4.393 5.186
v 18.869 -0.18600 5.039
v 19.0454 -3.2529 4.965
v 16.2353 -2.4957 5.222
v 16.3477 1.15 5.184
v 12.2257 8.787 2.751
v 12.0883 8.514 1.58
v 11.4141 8.887 0.29700
v 13.964 9.805 -1.603
v 12.2655 9.752 -3.483
v 14.5783 9.755 -3.929
v 14.6884 7.241 -4.871
v 12.8579 8.221 -5.165
v 13.9989 -3.7369 5.423
v 15.1404 -5.0919 5.326
v 13.3998 -5.4807 5.492
v 14.1429 -6.3629 5.473
v 13.1348 -6.7026 5.643
v 13.6785 -7.378 5.438
v 15.2465 -7.0173 5.299
v 17.0401 -5.1646 5.202
v 19.0566 -5.9395 5.084
v 17.2446 -7.1249 5.185
v 15.9433 -8.9973 4.382
v 13.2943 -8.6598 4.797
v 12.292 -7.61 5.424
v 13.5797 -9.7241 3.533
v 14.6798 -9.8741 2.839
v 18.6344 -8.1988 4.849
v 19.6233 -9.0655 3.622
v 17.9328 -9.6048 3.858
v 16.3823 -10.0355 2.752
v 14.776 -9.8714 1.565
v 16.4451 -9.9238 0.97300
v 18.4508 -9.9697 2.347
v 18.6054 -9.9248 0.46100

# No. normals 2210:
vn -0.24005 -0.46880 -0.85006
vn -0.14225 -0.46162 -0.87560
vn -0.15041 -0.02485 -0.98831
vn -0.20728 -0.20030 -0.95756
vn -0.35704 -0.13139 -0.92480
vn 0.21887 -0.40633 -0.88712
vn 0.01656 -0.61404 -0.78910
vn 0.15814 -0.21522 -0.96368
vn -0.08451 -0.12428 -0.98864
vn -0.22787 -0.53545 -0.81325
vn -0.08903 -0.83681 -0.54021
vn 0.04074 -0.76275 -0.64541
vn -0.09597 -0.83549 -0.54106
vn -0.37318 0.15113 -0.91537
vn -0.26890 0.12065 -0.95558
vn -0.52536 -0.02136 -0.85061
vn -0.33514 -0.50402 -0.79602
vn -0.40472 0.09802 -0.90917
vn -0.11049 0.04910 -0.99266
vn -0.34705 0.14509 -0.92655
vn 0.10170 0.18610 -0.97725
vn 0.31340 0.08387 -0.94591
vn 0.32904 -0.08523 -0.94046
vn 0.27019 -0.05687 -0.96112
vn 0.25005 -0.40130 -0.88116
vn 0.30682 -0.44013 -0.84389
vn 0.11641 -0.77283 -0.62384
vn 0.28590 -0.65648 -0.69807
vn 0.02019 -0.99824 -0.05574
vn 0.18436 -0.94753 -0.26114
vn 0.01032 -0.99837 -0.05612
vn 0.02663 -0.99684 -0.07482
vn -0.15611 -0.97790 -0.13904
vn -0.19148 -0.87735 -0.43999
vn -0.42571 -0.61918 -0.65984
vn -0.31390 -0.83580 -0.45046
vn -0.58527 -0.00078 -0.81084
vn -0.63351 -0.05963 -0.77143
vn -0.38456 -0.62026 -0.68366
vn -0.50622 -0.54021 -0.67225
vn -0.33635 0.05330 -0.94023
vn -0.55090 0.09081 -0.82961
vn -0.59617 0.03288 -0.80218
vn -0.34283 0.19588 -0.91875
vn 0.13594 0.07107 -0.98817
vn -0.31342 0.21166 -0.92573
vn 0.34842 0.12841 -0.92850
vn 0.17114 0.12622 -0.97713
vn 0.32661 0.14744 -0.93359
vn 0.33893 0.09244 -0.93626
vn 0.37734 0.02627 -0.92570
vn 0.35774 0.03320 -0.93323
vn 0.32239 -0.43125 -0.84267
vn 0.26139 -0.37659 -0.88874
vn 0.20049 -0.59294 -0.77989
vn 0.14201 -0.62475 -0.76780
vn 0.01183 -0.95672 -0.29078
vn 0.19513 -0.84693 -0.49460
vn 0.05354 -0.99333 -0.10207
vn 0.01521 -0.99780 -0.06455
vn 0.02354 -0.999659 0.01130
vn -0.01195 -0.96395 -0.26583
vn -0.16371 -0.91640 -0.36526
vn -0.12777 -0.78420 -0.60722
vn -0.38704 -0.63820 -0.66551
vn -0.51314 -0.54688 -0.66153
vn -0.42842 -0.64158 -0.63626
vn -0.67300 -0.05380 -0.73768
vn -0.66571 -0.48060 -0.57083
vn -0.63848 -0.11058 -0.76165
vn -0.57772 0.03003 -0.81568
vn -0.52708 -0.00962 -0.84976
vn -0.36717 -0.00626 -0.93013
vn -0.43520 0.03889 -0.89949
vn -0.21653 0.02557 -0.97594
vn -0.25490 0.04717 -0.96582
vn -0.24979 0.04717 -0.96715
vn 0.02140 0.22688 -0.97369
vn 0.29109 0.19923 -0.93572
vn 0.39557 0.14174 -0.90743
vn 0.32708 0.01147 -0.94493
vn -0.03086 0.17350 -0.98435
vn -0.01407 -0.38298 -0.92365
vn -0.04832 -0.40811 -0.91165
vn 0.01177 -0.67537 -0.73738
vn 0.18700 -0.58604 -0.78841
vn 0.08666 -0.86730 -0.49018
vn -0.02030 -0.99530 -0.09473
vn 0.07443 -0.86135 -0.50254
vn -0.03479 -0.65689 -0.75319
vn -0.03755 -0.90658 -0.42036
vn -0.18455 -0.70724 -0.68246
vn -0.08101 -0.38352 -0.91997
vn -0.32053 0.03307 -0.94666
vn -0.40337 0.08008 -0.91153
vn -0.33175 -0.40812 -0.85051
vn -0.31111 -0.38787 -0.86762
vn -0.31375 -0.00347 -0.94950
vn -0.32437 0.00473 -0.94592
vn 0.14390 0.03993 -0.98879
vn 0.21199 -0.05909 -0.97548
vn 0.35681 -0.05312 -0.93266
vn 0.36971 -0.06411 -0.92693
vn 0.27630 -0.08838 -0.95700
vn 0.28462 -0.09287 -0.95413
vn 0.04126 -0.17521 -0.98367
vn -0.25946 -0.07573 -0.96278
vn -0.15720 -0.06356 -0.98552
vn 0.20623 -0.09390 -0.97399
vn 0.28800 -0.11895 -0.95021
vn -0.24397 -0.23621 -0.94058
vn 0.07778 -0.18886 -0.97892
vn -0.30358 -0.08519 -0.94899
vn -0.29697 0.00964 -0.95484
vn -0.26548 -0.01671 -0.96397
vn -0.24507 0.17445 -0.95368
vn -0.16874 0.14969 -0.97423
vn -0.26690 -0.43307 -0.86094
vn -0.17477 -0.36211 -0.91561
vn -0.11962 0.07197 -0.99021
vn -0.24564 -0.81707 -0.52159
vn -0.17324 -0.78048 -0.60070
vn -0.16854 -0.84176 -0.51287
vn -0.03158 -0.79260 -0.60892
vn -0.00407 -0.95159 -0.30735
vn -0.16305 -0.98098 -0.10530
vn -0.01770 -0.95169 -0.30653
vn -0.08961 -0.90245 -0.42137
vn 0.00731 -0.99706 -0.07631
vn 0.10240 -0.96676 -0.23428
vn -0.01703 -0.80928 -0.58718
vn 0.10870 -0.53085 -0.84047
vn -0.09598 -0.36340 -0.92668
vn 0.09764 -0.73456 -0.67148
vn 0.00430 -0.06557 -0.99784
vn -0.14873 0.06276 -0.98689
vn -0.07873 0.19560 -0.97752
vn -0.13056 0.22734 -0.96502
vn -0.13013 0.01824 -0.99133
vn -0.10560 -0.00301 -0.99440
vn -0.31056 -0.00940 -0.95051
vn -0.14382 -0.08030 -0.98634
vn -0.36879 -0.04823 -0.92826
vn -0.25994 -0.03042 -0.96515
vn -0.22988 -0.06208 -0.97124
vn 0.05227 0.00041 -0.99863
vn 0.24652 -0.10109 -0.96385
vn 0.37175 -0.05525 -0.92669
vn -0.20650 -0.02079 -0.97823
vn -0.41474 -0.00406 -0.90993
vn -0.37081 -0.05623 -0.92700
vn -0.39208 -0.05845 -0.91807
vn -0.30990 -0.14735 -0.93928
vn -0.27848 -0.09630 -0.95560
vn 0.03213 -0.02792 -0.999094
vn -0.01309 0.01346 -0.999824
vn -0.01056 -0.01298 -0.99986
vn -0.00851 -0.01133 -0.9999
vn -0.07233 0.25241 -0.96491
vn 0.08164 0.16464 -0.98297
vn 0.04496 -0.05178 -0.99765
vn 0.29601 -0.37708 -0.87760
vn 0.30311 -0.23661 -0.92311
vn 0.00819 -0.36918 -0.92932
vn 0.01601 -0.37991 -0.92488
vn -0.02108 -0.69819 -0.71560
vn -0.06902 -0.72975 -0.68022
vn -0.04929 -0.98182 -0.18331
vn 0.00046 -0.98897 -0.14814
vn -0.22959 -0.37997 -0.89605
vn -0.19285 -0.73089 -0.65468
vn -0.42647 -0.42461 -0.79864
vn 0.07776 -0.20265 -0.97616
vn -0.37725 -0.56775 -0.73167
vn -0.44390 -0.41628 -0.79351
vn 0.16510 -0.28192 -0.94512
vn 0.02219 0.14913 -0.98857
vn 0.24507 -0.11645 -0.96249
vn 0.14535 -0.03074 -0.98890
vn 0.00717 0.08111 -0.99668
vn 0.14450 -0.03477 -0.98889
vn 0.21174 -0.08944 -0.97322
vn -0.00423 -0.18325 -0.98306
vn -0.16935 -0.11934 -0.97830
vn 0.00651 -0.19902 -0.97997
vn -0.23245 -0.04577 -0.97153
vn -0.16929 -0.08419 -0.98196
vn -0.40100 -0.09039 -0.91161
vn -0.40530 0.01003 -0.91413
vn -0.48610 0.01900 -0.87370
vn -0.29728 0.26738 -0.91658
vn -0.35688 0.27694 -0.89215
vn 0.17667 0.13424 -0.97507
vn -0.14930 0.45711 -0.87679
vn -0.12478 0.45687 -0.88074
vn 0.14260 0.01063 -0.98972
vn 0.29657 -0.08172 -0.95151
vn 0.27388 0.01150 -0.96169
vn 0.14566 0.04859 -0.98814
vn -0.15452 -0.07643 -0.98503
vn -0.19272 -0.00742 -0.98123
vn -0.20540 -0.00354 -0.97867
vn -0.26328 0.11033 -0.95839
vn -0.24476 0.13999 -0.95942
vn -0.43493 0.09283 -0.89567
vn -0.13523 -0.08845 -0.98686
vn -0.16941 -0.55454 -0.81473
vn -0.14918 -0.08319 -0.98530
vn 0.06765 0.10740 -0.99191
vn -0.00328 0.17939 -0.98377
vn -0.04076 -0.02371 -0.99889
vn 0.01241 0.10971 -0.99389
vn 0.05716 0.08101 -0.99507
vn -0.11480 -0.01922 -0.99320
vn 0.03536 -0.06146 -0.99748
vn -0.11384 -0.02026 -0.99329
vn -0.11340 -0.02551 -0.99322
vn 0.07652 -0.03883 -0.99631
vn 0.18994 -0.12764 -0.97346
vn 0.13166 0.13600 -0.98192
vn -0.00130 -0.01291 -0.999916
vn -0.46374 0.56592 -0.68167
vn -0.19115 0.56629 -0.80174
vn -0.12788 0.60507 -0.78583
vn -0.23271 0.64571 -0.72726
vn -0.20607 0.66346 -0.71927
vn -0.22450 0.66699 -0.71044
vn -0.41920 0.38970 -0.82000
vn -0.49517 0.36516 -0.78833
vn -0.25813 0.84552 -0.46741
vn 0.11188 0.66908 -0.73472
vn -0.08649 0.61033 -0.78742
vn -0.05752 0.11633 -0.99154
vn -0.22193 0.79153 -0.56941
vn -0.30691 0.82329 -0.47750
vn -0.36093 0.74930 -0.55523
vn -0.66691 0.64146 -0.37916
vn -0.33033 0.79969 -0.50138
vn -0.48150 0.53906 -0.69107
vn -0.12079 0.02171 -0.99244
vn -0.64952 0.47967 -0.58995
vn -0.13705 -0.01333 -0.99047
vn -0.11878 -0.03160 -0.99242
vn 0.29885 -0.00800 -0.95427
vn 0.30658 0.01579 -0.95172
vn 0.33242 -0.01059 -0.94307
vn 0.39493 0.08599 -0.91468
vn 0.40050 0.00783 -0.91626
vn 0.33528 -0.05943 -0.94024
vn 0.16132 0.00831 -0.98687
vn 0.16111 -0.15769 -0.97426
vn -0.11299 0.02289 -0.99333
vn -0.27102 0.62864 -0.72894
vn 0.03315 0.37578 -0.92612
vn -0.64898 0.48089 -0.58955
vn -0.70957 0.65912 -0.24914
vn -0.75308 0.62671 -0.20027
vn -0.60799 0.75617 -0.24198
vn -0.66793 0.74334 0.03636
vn -0.41774 0.84162 -0.34232
vn -0.31636 0.92851 -0.19440
vn -0.27708 0.89450 -0.35084
vn -0.10770 0.92097 -0.37446
vn 0.03270 0.95524 -0.29402
vn -0.29650 0.91396 -0.27707
vn -0.01268 0.77799 -0.62815
vn -0.46120 0.87718 -0.13360
vn -0.61291 0.74466 0.26424
vn -0.75772 0.65254 0.00777
vn -0.20903 0.96564 -0.15440
vn -0.22429 0.91608 0.33239
vn -0.14528 0.98445 0.09876
vn -0.41707 0.90434 -0.09074
vn -0.18626 0.92249 -0.33811
vn 0.32405 0.89582 -0.30412
vn 0.04918 0.97609 -0.21175
vn 0.49207 0.39290 -0.77685
vn 0.40052 0.32632 -0.85621
vn 0.49813 -0.00714 -0.86707
vn 0.38658 0.04069 -0.92136
vn 0.42277 0.06251 -0.90408
vn 0.38888 0.08565 -0.91730
vn 0.37356 0.00990 -0.92755
vn 0.33884 0.04144 -0.93993
vn 0.33329 -0.00157 -0.94282
vn 0.21089 0.05391 -0.97602
vn 0.25513 -0.00168 -0.96691
vn 0.11597 0.01173 -0.99318
vn -0.04661 0.10327 -0.99356
vn -0.02521 -0.07606 -0.99678
vn 0.18436 0.01930 -0.98267
vn 0.11324 0.07522 -0.99072
vn 0.17147 0.04390 -0.98421
vn 0.18655 0.03084 -0.98196
vn 0.22826 0.38557 -0.89400
vn 0.31296 0.48178 -0.81850
vn 0.30883 0.47783 -0.82237
vn 0.10303 0.52192 -0.84675
vn 0.04824 0.93869 -0.34136
vn 0.25599 0.88459 -0.38983
vn 0.01842 0.92708 0.37440
vn 0.04197 0.93039 0.36415
vn -0.05318 0.95849 0.28013
vn 0.14517 0.94117 0.30516
vn 0.03985 0.92488 0.37817
vn 0.07120 0.99140 0.10985
vn 0.13746 0.98993 0.03370
vn -0.35355 0.93098 0.09094
vn -0.16005 0.96329 -0.21555
vn -0.10445 0.97524 -0.19492
vn -0.06616 0.94195 0.32917
vn -0.03844 0.95307 0.30029
vn 0.00515 0.95402 0.29971
vn -0.08382 0.97434 0.20891
vn -0.08241 0.97389 -0.21154
vn -0.82231 0.54768 -0.15445
vn 0.00025 0.92974 -0.36822
vn -0.17136 0.98521 0.00053
vn -0.16506 0.98626 -0.00671
vn -0.13734 0.94569 0.29463
vn -0.05063 0.95188 0.30226
vn -0.03802 0.97623 0.21339
vn 0.15431 0.97148 -0.18004
vn -0.03166 0.95455 0.29637
vn 0.34135 0.90561 -0.25169
vn 0.34116 0.90578 -0.25133
vn -0.11596 0.89247 -0.43595
vn 0.04905 0.84441 -0.53345
vn 0.10209 0.33407 -0.93700
vn -0.13839 0.38108 -0.91413
vn -0.15255 0.39750 -0.90483
vn -0.26106 -0.03399 -0.96472
vn -0.33359 0.03543 -0.94205
vn -0.32706 0.05271 -0.94353
vn -0.42284 0.30674 -0.85271
vn -0.24528 0.18380 -0.95187
vn -0.26111 0.05137 -0.96394
vn -0.36240 0.75657 -0.54431
vn -0.05477 0.64705 -0.76048
vn -0.08394 0.63714 -0.76617
vn -0.25579 0.72347 -0.64122
vn -0.21734 0.94240 -0.25425
vn -0.09618 0.93018 -0.35427
vn -0.12486 0.90558 -0.40538
vn -0.23096 0.96842 0.09394
vn -0.09481 0.99521 0.02380
vn -0.11010 0.99379 0.01634
vn -0.22629 0.96269 0.14836
vn -0.13794 0.99044 -0.00023
vn -0.23267 0.96516 0.11971
vn -0.15623 0.98717 0.03302
vn -0.13586 0.99043 0.02428
vn -0.13707 0.99055 -0.00550
vn 0.02502 0.999605 -0.01282
vn 0.09448 0.98866 -0.11670
vn 0.02315 0.97519 0.22017
vn -0.26825 0.96145 -0.06046
vn -0.78360 0.56037 0.26825
vn -0.50163 0.61542 0.60797
vn -0.33090 0.70891 0.62286
vn -0.29795 0.87646 0.37822
vn -0.67766 0.73130 0.07730
vn -0.67140 0.70389 0.23185
vn 0.17802 0.79784 0.57599
vn -0.30462 0.74679 0.59120
vn 0.16857 0.80489 0.56898
vn -0.13458 0.99090 -0.00036
vn -0.19825 0.85302 0.48276
vn 0.06247 0.96873 0.24013
vn 0.25450 0.95200 -0.17006
vn -0.29915 0.94997 -0.08977
vn 0.01799 0.99565 0.09137
vn -0.07427 0.98144 0.17683
vn -0.07422 0.98981 0.12152
vn -0.10886 0.98956 0.09444
vn -0.17419 0.95888 0.22405
vn -0.17260 0.93764 0.30174
vn -0.09239 0.96537 0.24398
vn -0.07794 0.98357 -0.16282
vn -0.16110 0.95340 -0.25509
vn 0.05865 0.96740 0.24636
vn -0.07835 0.92910 0.36142
vn 0.05941 0.96882 0.24052
vn -0.23451 0.96519 -0.11577
vn 0.34732 0.93690 0.03993
vn -0.27569 0.94017 -0.20021
vn -0.28645 0.95611 -0.06166
vn -0.41161 0.55661 0.72164
vn -0.32133 0.55833 0.76486
vn -0.54908 0.76907 0.32717
vn -0.21824 0.69860 0.68142
vn -0.08518 0.22489 0.97065
vn -0.25809 0.18264 0.94870
vn -0.08573 0.22554 0.97045
vn 0.04632 0.77714 0.62763
vn 0.08534 0.22433 0.97077
vn -0.07293 0.52375 0.84874
vn 0.01152 0.10247 0.99467
vn -0.04203 0.10250 0.99384
vn -0.40552 0.49458 0.76873
vn -0.27302 0.48856 0.82871
vn -0.29943 0.94169 0.15351
vn -0.08163 0.98378 0.15975
vn -0.16632 0.91857 0.35855
vn -0.04474 0.97863 0.20071
vn -0.23139 0.91254 0.33724
vn -0.23632 0.92487 0.29793
vn -0.23904 0.51286 0.82452
vn -0.18696 0.48928 0.85185
vn -0.28990 0.87853 0.37966
vn -0.02467 0.19758 0.97998
vn -0.18435 0.07172 0.98024
vn -0.22566 0.08934 0.97010
vn -0.07253 0.25806 0.96340
vn -0.09498 0.24297 0.96537
vn -0.07379 0.25829 0.96324
vn -0.29889 0.20982 0.93094
vn -0.28030 0.14965 0.94818
vn -0.25900 0.18425 0.94814
vn -0.00248 0.16693 0.98597
vn -0.28618 0.48299 0.82754
vn -0.43905 0.16797 0.88262
vn -0.40471 0.47806 0.77953
vn -0.35690 0.50382 0.78663
vn -0.18908 0.98196 -0.00303
vn -0.30562 0.95204 -0.01459
vn -0.30060 0.95348 -0.02255
vn -0.32510 0.94224 -0.08056
vn -0.07657 0.95120 -0.29894
vn -0.06242 0.98103 -0.18354
vn -0.09773 0.99521 0.00316
vn -0.02698 0.96327 -0.26716
vn -0.00865 0.73454 0.67851
vn 0.08747 0.72686 0.68119
vn 0.17497 0.89912 0.40121
vn -0.23699 0.42103 0.87554
vn -0.14098 0.18582 0.97242
vn -0.30718 -0.00584 0.95163
vn -0.35038 0.00250 0.93660
vn -0.41640 0.08343 0.90535
vn -0.36812 0.09107 0.92531
vn -0.35315 0.15214 0.92311
vn -0.25459 0.07184 0.96438
vn -0.25522 0.06139 0.96493
vn -0.16983 0.06851 0.98309
vn -0.14725 0.10334 0.98369
vn -0.01244 0.11450 0.99335
vn 0.00889 0.09544 0.99540
vn -0.10437 0.07924 0.99138
vn -0.12336 0.08106 0.98905
vn -0.12936 0.09080 0.98743
vn -0.22192 0.08083 0.97171
vn -0.23090 0.05073 0.97165
vn -0.22848 0.06318 0.97150
vn -0.20120 0.00575 0.97953
vn -0.24179 0.02482 0.97001
vn -0.09655 -0.04996 0.99407
vn -0.15397 -0.06269 0.98608
vn 0.01493 0.00169 0.999887
vn -0.09134 -0.05421 0.99434
vn -0.12385 0.02712 0.99193
vn -0.22869 0.04811 0.97231
vn -0.14026 0.05295 0.98870
vn -0.21161 -0.12769 0.96898
vn 0.01225 0.12635 0.99191
vn 0.03397 -0.09353 0.99504
vn 0.18960 0.21255 0.95858
vn 0.17330 0.59698 0.78331
vn 0.32665 0.84823 0.41690
vn 0.38168 0.61073 0.69378
vn 0.02955 0.25768 0.96578
vn 0.25694 0.70827 0.65752
vn 0.15909 0.10512 0.98165
vn 0.06381 -0.10072 0.99287
vn 0.05037 -0.10315 0.99339
vn -0.22897 0.04371 0.97245
vn -0.17568 0.06896 0.98203
vn -0.15054 -0.13052 0.97995
vn -0.18449 -0.14945 0.97141
vn -0.09710 -0.14870 0.98410
vn -0.09115 -0.15759 0.98329
vn -0.15259 -0.03887 0.98753
vn -0.02750 -0.13949 0.98984
vn -0.20022 0.03692 0.97905
vn -0.21082 -0.00289 0.97752
vn 0.01144 0.01499 0.999822
vn -0.17214 -0.05153 0.98372
vn -0.17316 -0.05131 0.98356
vn -0.02732 -0.14745 0.98869
vn -0.10588 -0.15085 0.98287
vn -0.05134 -0.12998 0.99019
vn -0.11469 0.02158 0.99317
vn -0.12615 0.00778 0.99198
vn 0.04778 -0.09467 0.99436
vn 0.11021 -0.02648 0.99356
vn 0.23478 -0.09382 0.96751
vn 0.17606 -0.22289 0.95881
vn 0.10531 -0.02546 0.99411
vn -0.17448 0.08278 0.98118
vn -0.19112 -0.11837 0.97440
vn -0.19623 -0.12294 0.97282
vn -0.22293 -0.12207 0.96716
vn -0.21799 -0.13707 0.96628
vn -0.19734 -0.09086 0.97611
vn -0.14524 -0.20502 0.96792
vn -0.25832 -0.09640 0.96124
vn -0.08186 -0.00881 0.99660
vn 0.07731 -0.11430 0.99043
vn -0.00819 0.03874 0.999216
vn -0.04817 -0.00700 0.99881
vn -0.09971 0.07326 0.99232
vn -0.15619 -0.01030 0.98767
vn -0.16693 0.00306 0.98596
vn -0.06998 0.14293 0.98726
vn -0.14708 0.08704 0.98529
vn -0.19154 0.13993 0.97146
vn -0.03712 0.18603 0.98184
vn -0.09260 0.16837 0.98136
vn 0.06415 0.04837 0.99677
vn 0.11702 0.06838 0.99077
vn -0.25590 -0.08239 0.96319
vn 0.12757 -0.00918 0.99179
vn -0.33316 0.02370 0.94257
vn -0.24068 -0.04774 0.96943
vn -0.23955 -0.02151 0.97065
vn -0.22537 -0.01431 0.97417
vn -0.19371 -0.13538 0.97167
vn -0.12539 -0.02073 0.99189
vn -0.14984 -0.17164 0.97370
vn 0.06679 -0.16254 0.98444
vn 0.10419 -0.20463 0.97328
vn 0.13141 -0.12336 0.98362
vn 0.06460 0.01519 0.99780
vn 0.08397 0.02855 0.99606
vn 0.11698 -0.04529 0.99210
vn 0.17332 -0.01222 0.98479
vn 0.15467 -0.19866 0.96779
vn 0.00014 0.01346 0.999909
vn -0.02268 -0.01251 0.999665
vn 0.05054 -0.02343 0.99845
vn 0.09060 0.12374 0.98817
vn -0.21264 0.06100 0.97523
vn -0.21133 0.07342 0.97465
vn -0.30572 0.02795 0.95171
vn -0.18861 -0.54705 0.81558
vn -0.16591 -0.52033 0.83769
vn -0.29692 -0.48468 0.82276
vn -0.26780 -0.52598 0.80723
vn -0.28447 -0.48909 0.82454
vn -0.15865 -0.37068 0.91511
vn 0.08315 -0.48861 0.86853
vn 0.02477 -0.41904 0.90763
vn 0.11359 -0.49043 0.86405
vn 0.10478 -0.48308 0.86929
vn -0.14092 -0.41712 0.89786
vn -0.01102 -0.52883 0.84866
vn -0.24667 -0.28261 0.92698
vn -0.11820 -0.41329 0.90290
vn -0.01999 0.09732 0.99505
vn -0.04602 -0.28577 0.95719
vn -0.07439 -0.25721 0.96349
vn -0.13001 -0.68971 0.71232
vn -0.06302 -0.67821 0.73216
vn -0.09652 -0.65014 0.75366
vn -0.01245 -0.75549 0.65505
vn -0.03223 -0.75998 0.64915
vn 0.08813 -0.79542 0.59962
vn 0.06504 -0.80160 0.59431
vn -0.01389 -0.74762 0.66398
vn 0.00703 -0.74334 0.66887
vn -0.09136 -0.62370 0.77630
vn -0.14796 -0.64456 0.75010
vn -0.31306 -0.66264 0.68036
vn -0.02535 -0.67383 0.73845
vn -0.10518 -0.79105 0.60265
vn -0.17060 -0.80198 0.57247
vn -0.04033 -0.53427 0.84435
vn -0.04372 -0.53110 0.84618
vn -0.02713 -0.79466 0.60645
vn -0.07697 -0.80625 0.58654
vn 0.01007 -0.13314 0.99105
vn 0.09184 0.12263 0.98819
vn 0.09415 -0.10300 0.99022
vn -0.04132 0.07032 0.99667
vn -0.06699 0.09125 0.99357
vn -0.10184 -0.17217 0.97979
vn 0.09642 -0.10478 0.98981
vn 0.13750 -0.41460 0.89956
vn -0.01685 -0.80123 0.59813
vn -0.00664 -0.99873 0.04987
vn -0.06114 -0.99059 0.12246
vn -0.00311 -0.99871 0.05074
vn -0.18235 -0.93129 0.31535
vn -0.01839 -0.99055 0.13593
vn -0.01322 -0.94453 0.32816
vn -0.09228 -0.88653 0.45338
vn -0.06991 -0.89258 0.44544
vn 0.03126 -0.92188 0.38621
vn -0.05499 -0.88659 0.45927
vn 0.06781 -0.92957 0.36235
vn 0.04285 -0.92002 0.38953
vn -0.02877 -0.93942 0.34155
vn -0.01446 -0.94456 0.32801
vn -0.07405 -0.91484 0.39696
vn -0.02331 -0.93897 0.34321
vn 0.00893 -0.63039 0.77623
vn -0.00658 -0.91918 0.39377
vn -0.02906 -0.90874 0.41635
vn 0.08704 -0.24959 0.96443
vn 0.08633 -0.69104 0.71765
vn 0.16387 -0.67027 0.72380
vn 0.10134 -0.91539 0.38960
vn 0.09046 -0.90832 0.40837
vn 0.01389 -0.99776 0.06541
vn 0.01063 -0.999621 0.02539
vn -0.00610 -0.99882 0.04825
vn -0.05508 -0.99440 0.09017
vn 0.02755 -0.999038 0.03412
vn 0.00035 -0.999954 0.00956
vn 0.02006 -0.999102 0.03733
vn 0.03148 -0.99588 0.08503
vn 0.00380 -0.99800 0.06311
vn -0.06947 -0.98858 0.13376
vn -0.00586 -0.999922 0.01102
vn -0.00363 -0.999919 0.01220
vn -0.00882 -0.999883 0.01251
vn 0.00315 -0.999955 -0.00892
vn -0.00534 -0.99882 0.04826
vn -0.00367 -0.999937 -0.01063
vn 0.00069 -0.999525 -0.03083
vn 0.07804 -0.98338 -0.16391
vn 0.01022 -0.999626 -0.02535
vn -0.00453 -0.999979 0.00455
vn 0.01365 -0.999541 -0.02703
vn 0.00414 -0.999988 -0.00250
vn -0.00218 -0.999985 0.00510
vn -0.00074 -0.99975 0.02235
vn 0.01773 -0.999841 0.00191
vn -0.01278 -0.999854 0.01130
vn 0.00259 -0.99762 -0.06887
vn -0.08898 -0.99579 0.02198
vn 0.00280 -0.98822 0.15300
vn 0.20754 -0.91601 0.34331
vn 0.02700 -0.999387 0.02229
vn 0.13374 -0.75239 0.64500
vn 0.07221 -0.76768 0.63675
vn 0.16616 -0.76849 0.61791
vn 0.00880 -0.98923 0.14613
vn 0.00205 -0.999896 -0.01427
vn 0.06431 -0.76337 0.64275
vn -0.04151 -0.81609 0.57643
vn 0.11715 -0.98434 0.13170
vn 0.17483 -0.27119 0.94652
vn 0.22538 -0.32623 0.91803
vn 0.08406 -0.29681 0.95123
vn 0.16965 -0.31603 0.93346
vn 0.26335 -0.72071 0.64126
vn 0.23746 0.05647 0.96976
vn 0.16174 0.12075 0.97942
vn 0.23956 0.05698 0.96921
vn 0.17067 -0.31535 0.93350
vn 0.05201 -0.82404 0.56414
vn -0.06864 -0.99313 0.09472
vn -0.00036 -0.999755 0.02215
vn -0.00246 -0.999943 -0.01041
vn -0.00084 -0.999911 -0.01329
vn -0.01218 -0.99411 0.10767
vn -0.02110 -0.99897 0.04029
vn 0.01955 -0.999794 -0.00541
vn 0.05784 -0.82776 0.55810
vn 0.00707 -0.83609 0.54855
vn -0.06609 -0.98343 0.16883
vn 0.26486 -0.42670 0.86474
vn 0.20186 -0.43004 0.87996
vn 0.07719 -0.52816 0.84563
vn 0.21904 0.07457 0.97286
vn 0.14479 0.05611 0.98787
vn 0.13841 0.04481 0.98936
vn 0.22303 -0.00929 0.97477
vn -0.00477 -0.03683 0.99931
vn -0.03055 -0.00936 0.999489
vn -0.00975 0.08716 0.99615
vn 0.19405 0.19486 0.96144
vn 0.09546 0.07749 0.99241
vn 0.28135 0.02346 0.95932
vn 0.12496 -0.12303 0.98450
vn 0.03246 -0.08443 0.99590
vn 0.08519 -0.06045 0.99453
vn 0.02897 -0.49977 0.86567
vn -0.03886 -0.51801 0.85449
vn -0.10932 -0.76172 0.63861
vn -0.08332 -0.75820 0.64667
vn -0.15465 -0.92959 0.33459
vn -0.00793 -0.98356 0.18039
vn -0.03312 -0.99691 0.07126
vn -0.00933 -0.999026 0.04312
vn 0.02043 -0.999695 0.01391
vn -0.01697 -0.999825 -0.00789
vn -0.02184 -0.999756 -0.00323
vn -0.39895 -0.90393 -0.15410
vn -0.33773 -0.94045 0.03870
vn -0.44246 -0.89161 -0.09621
vn -0.41798 -0.89331 0.16520
vn -0.35672 -0.88504 0.29910
vn -0.31708 -0.61594 0.72117
vn -0.48901 -0.67363 0.55416
vn -0.33777 -0.43682 0.83373
vn -0.23075 -0.37315 0.89862
vn -0.16479 -0.38543 0.90790
vn -0.03247 0.01836 0.999304
vn -0.00943 0.02506 0.999642
vn 0.06455 0.20569 0.97649
vn 0.08576 0.18750 0.97851
vn -0.01270 0.17409 0.98465
vn 0.13400 -0.00164 0.99098
vn -0.02137 -0.01086 0.999713
vn 0.08433 -0.07392 0.99369
vn 0.20298 -0.00625 0.97916
vn 0.25164 -0.05791 0.96609
vn 0.21784 -0.00372 0.97598
vn 0.30059 0.00183 0.95375
vn 0.23533 0.07821 0.96876
vn 0.27506 -0.00148 0.96143
vn 0.02502 0.16410 0.98613
vn -0.20721 0.16764 0.96383
vn -0.22216 0.03998 0.97419
vn -0.25392 0.15314 0.95502
vn -0.29991 0.19168 0.93451
vn -0.52755 0.14496 0.83706
vn -0.60840 -0.24235 0.75572
vn -0.64014 -0.25812 0.72360
vn -0.59827 -0.59777 0.53361
vn -0.68283 -0.60715 0.40635
vn -0.60748 -0.77991 0.15068
vn -0.76510 -0.17636 0.61929
vn -0.84989 -0.35954 0.38525
vn -0.54156 0.16684 0.82394
vn -0.79684 0.08943 0.59753
vn -0.71582 0.17958 0.67480
vn -0.31142 0.12544 0.94196
vn -0.32332 0.14387 0.93529
vn -0.57485 0.11415 0.81025
vn -0.33433 0.14356 0.93146
vn -0.14929 0.32089 0.93528
vn 0.06417 -0.10499 0.99240
vn -0.09105 0.00393 0.99584
vn -0.21064 -0.12360 0.96972
vn 0.16185 -0.15875 0.97396
vn 0.01406 -0.16599 0.98603
vn -0.37748 -0.02152 0.92577
vn -0.36226 -0.01178 0.93200
vn -0.38082 0.04071 0.92375
vn -0.63412 0.01999 0.77298
vn -0.60212 0.05001 0.79684
vn -0.61267 0.17201 0.77139
vn -0.70523 0.17296 0.68756
vn -0.71433 0.16420 0.68027
vn -0.89682 0.14311 0.41860
vn -0.83121 0.21290 0.51357
vn -0.89689 0.14187 0.41887
vn -0.98488 -0.05500 0.16427
vn -0.93391 -0.30058 0.19355
vn -0.69290 -0.71504 -0.09278
vn -0.87043 -0.48217 -0.09928
vn -0.95118 0.07936 -0.29827
vn -0.95322 0.08473 -0.29015
vn -0.87422 -0.39990 -0.27535
vn -0.94452 0.26963 -0.18756
vn -0.93336 0.18583 -0.30710
vn -0.85105 -0.06355 0.52122
vn -0.99090 0.10720 0.08142
vn -0.98798 -0.02157 -0.15309
vn -0.72011 0.01707 0.69365
vn -0.58238 -0.01994 0.81267
vn 0.12290 -0.17805 0.97632
vn 0.15239 -0.19705 0.96848
vn 0.02517 -0.21481 0.97633
vn 0.34065 -0.06852 0.93769
vn 0.31571 -0.06548 0.94659
vn 0.38691 0.09550 0.91716
vn 0.33495 0.17027 0.92672
vn 0.25688 0.11697 0.95934
vn 0.29409 0.17150 0.94027
vn 0.20556 0.11447 0.97193
vn 0.13752 0.18205 0.97362
vn -0.05003 0.15093 0.98728
vn -0.15628 -0.10088 0.98255
vn -0.37154 -0.05382 0.92685
vn -0.43447 -0.12077 0.89255
vn -0.58500 -0.02289 0.81071
vn -0.74628 0.02515 0.66515
vn -0.73087 0.03838 0.68144
vn -0.73229 0.02861 0.68039
vn -0.99068 -0.02306 -0.13425
vn -0.99005 -0.02626 -0.13824
vn -0.96500 0.16996 -0.19970
vn -0.85011 -0.04128 -0.52498
vn -0.83985 0.00045 -0.54282
vn -0.99105 -0.02895 -0.13032
vn -0.84901 -0.04301 -0.52662
vn -0.75447 0.06410 0.65320
vn -0.99601 -0.08885 0.00813
vn -0.73230 -0.02730 0.68043
vn -0.78727 -0.02472 0.61612
vn -0.60404 0.01488 0.79682
vn -0.70466 0.02024 0.70926
vn -0.52194 0.18018 0.83373
vn -0.48159 -0.02175 0.87613
vn -0.77629 0.05641 0.62785
vn -0.15555 0.26430 0.95181
vn -0.21780 0.26600 0.93904
vn 0.23884 0.58020 0.77867
vn -0.03283 0.73943 0.67243
vn 0.05139 0.75808 0.65013
vn -0.08508 0.47702 0.87477
vn 0.25807 0.29871 0.91879
vn 0.34090 0.25355 0.90526
vn 0.26155 0.30145 0.91691
vn 0.32961 0.56611 0.75556
vn 0.34352 0.55881 0.75480
vn 0.22535 0.45143 0.86338
vn 0.38802 0.29167 0.87428
vn -0.08330 0.48379 0.87121
vn -0.38712 0.79039 0.47478
vn -0.09364 0.92986 0.35579
vn -0.20560 0.83477 0.51077
vn -0.26753 0.90328 0.33543
vn -0.26297 0.90932 0.32246
vn -0.27333 0.90134 0.33598
vn -0.50492 0.86307 -0.01280
vn -0.63412 0.77269 -0.02895
vn -0.12444 0.75504 0.64376
vn -0.61475 0.38036 0.69095
vn -0.50790 0.35370 0.78545
vn -0.73712 0.11662 0.66562
vn -0.80473 0.01758 0.59338
vn -0.75243 0.11940 0.64776
vn -0.999945 0.00230 0.01021
vn -0.99879 -0.04028 -0.02834
vn -0.99398 -0.02589 -0.10641
vn -0.99013 -0.03766 -0.13497
vn -0.93332 0.04016 -0.35679
vn -0.85417 -0.07850 -0.51403
vn -0.73180 -0.04772 -0.67985
vn -0.67822 -0.10692 -0.72704
vn -0.70926 0.15247 -0.68826
vn -0.71536 0.15751 -0.68078
vn -0.93284 0.04500 -0.35748
vn -0.99515 0.02157 -0.09593
vn -0.97542 0.08908 -0.20155
vn -0.93969 0.06794 -0.33521
vn -0.999353 0.03366 -0.01264
vn -0.67188 -0.09738 0.73423
vn -0.999479 0.01999 -0.02536
vn -0.28994 0.27213 0.91754
vn -0.47292 0.52371 0.70858
vn -0.51010 0.24868 0.82338
vn -0.09410 0.47758 0.87354
vn -0.60574 0.73759 0.29840
vn -0.03969 0.51356 0.85714
vn -0.19949 0.83007 0.52076
vn -0.32994 0.79537 0.50845
vn -0.26559 0.91024 0.31768
vn -0.26594 0.93657 0.22830
vn 0.01475 0.85756 0.51417
vn -0.21035 0.80782 0.55062
vn 0.09421 0.97171 0.21659
vn 0.20504 0.97722 0.05476
vn -0.02292 0.96287 0.26899
vn 0.17977 0.98222 -0.05416
vn -0.02505 0.98965 -0.14133
vn 0.20566 0.94389 -0.25840
vn 0.12757 0.94750 0.29322
vn -0.10945 0.72519 0.67980
vn -0.08865 0.72787 0.67996
vn -0.11608 0.63447 0.76418
vn -0.02966 0.65284 0.75691
vn 0.03728 0.58709 0.80866
vn -0.17264 0.56364 0.80778
vn -0.12662 0.49815 0.85780
vn -0.58692 0.40588 0.70056
vn -0.53877 0.48477 0.68900
vn -0.99203 0.11939 -0.04028
vn -0.81592 0.37966 -0.43605
vn -0.73109 0.34108 -0.59090
vn -0.69948 0.69243 -0.17681
vn -0.71050 0.68872 -0.14437
vn -0.81087 0.31549 -0.49290
vn -0.71161 0.28239 -0.64333
vn -0.40409 0.64538 -0.64822
vn -0.25953 0.60332 -0.75409
vn -0.44681 0.28276 -0.84877
vn -0.34069 0.88672 -0.31249
vn -0.19463 0.81099 -0.55173
vn -0.21569 0.81327 -0.54044
vn -0.28234 0.92417 -0.25728
vn -0.15195 0.65223 -0.74263
vn -0.68572 0.62403 -0.37466
vn -0.53260 0.81664 0.22234
vn 0.02295 0.82744 0.56108
vn -0.29305 0.93763 0.18704
vn 0.06266 0.69267 0.71853
vn -0.08518 0.81251 0.57669
vn -0.02992 0.67737 0.73504
vn -0.02145 0.93776 -0.34663
vn 0.10615 0.90726 -0.40696
vn -0.03323 0.93507 -0.35291
vn -0.00627 0.92684 -0.37541
vn 0.01499 0.95562 -0.29423
vn -0.03746 0.97435 -0.22190
vn -0.04275 0.97384 -0.22318
vn -0.00648 0.99022 0.13934
vn -0.06782 0.95652 -0.28367
vn 0.00525 0.96497 -0.26232
vn 0.04437 0.99843 0.03415
vn -0.04420 0.97248 -0.22874
vn -0.21499 0.97451 -0.06414
vn -0.08742 0.96631 -0.24206
vn -0.02734 0.95664 -0.28997
vn -0.11362 0.92612 -0.35972
vn -0.10489 0.96857 -0.22553
vn -0.03287 0.85868 -0.51145
vn -0.03381 0.91207 -0.40865
vn 0.10253 0.82170 -0.56063
vn -0.04971 0.73625 -0.67488
vn -0.04730 0.73578 -0.67557
vn -0.07507 0.88708 -0.45546
vn -0.09857 0.89197 -0.44122
vn -0.06825 0.95764 -0.27975
vn -0.11235 0.96716 -0.22800
vn -0.18615 0.74928 -0.63555
vn -0.31981 0.78717 -0.52734
vn -0.32183 0.65615 -0.68256
vn -0.63450 0.40306 -0.65951
vn -0.50554 0.44748 -0.73769
vn -0.13409 0.86238 -0.48819
vn -0.26160 0.86012 -0.43790
vn -0.20990 0.88194 -0.42205
vn 0.14562 0.98803 -0.05097
vn 0.12180 0.82635 -0.54982
vn 0.04062 0.80203 -0.59590
vn -0.06145 0.95503 -0.29009
vn -0.04403 0.98982 -0.13534
vn -0.13414 0.98527 0.10610
vn -0.05854 0.99828 -0.00361
vn -0.17422 0.93466 -0.30992
vn -0.24547 0.94420 -0.21962
vn -0.24871 0.93199 -0.26372
vn -0.04842 0.99013 -0.13151
vn -0.05438 0.65323 -0.75520
vn 0.27432 0.72041 -0.63699
vn 0.19155 0.45099 -0.87173
vn 0.16521 0.45231 -0.87643
vn 0.25420 0.54891 -0.79629
vn -0.26988 0.68880 -0.67284
vn -0.02526 0.53947 -0.84163
vn -0.33725 0.66209 -0.66925
vn -0.51006 0.30761 -0.80325
vn -0.42402 0.32158 -0.84664
vn -0.54314 -0.10071 -0.83358
vn -0.63422 -0.08550 -0.76841
vn -0.54187 -0.09842 -0.83468
vn -0.58820 -0.05201 -0.80704
vn -0.60426 -0.14385 -0.78370
vn -0.53467 -0.05406 -0.84333
vn -0.41079 0.14702 -0.89980
vn -0.24426 -0.22797 -0.94253
vn -0.38957 -0.34909 -0.85227
vn -0.02214 0.20458 -0.97860
vn -0.17719 0.06315 -0.98215
vn -0.21968 0.05852 -0.97382
vn 0.33152 0.21138 -0.91946
vn 0.20337 0.12493 -0.97110
vn 0.34596 0.27661 -0.89655
vn 0.32428 0.09911 -0.94075
vn 0.37256 0.12866 -0.91904
vn 0.42663 0.11914 -0.89654
vn -0.01903 0.62858 -0.77751
vn -0.16489 0.19742 -0.96635
vn -0.13524 0.96384 -0.22960
vn -0.13058 0.94678 -0.29421
vn -0.17430 0.98460 0.01352
vn -0.09770 0.97822 -0.18313
vn -0.06724 0.98080 -0.18307
vn 0.01540 0.95944 -0.28149
vn -0.02185 0.89704 -0.44141
vn -0.00450 0.89984 -0.43619
vn -0.08865 0.61173 -0.78608
vn -0.00587 -0.05354 -0.99855
vn 0.23375 0.14599 -0.96127
vn 0.36387 -0.04945 -0.93013
vn 0.35783 -0.04998 -0.93245
vn 0.34014 -0.02170 -0.94012
vn 0.25785 -0.01368 -0.96609
vn 0.20515 -0.09131 -0.97446
vn -0.13808 -0.25902 -0.95595
vn -0.25780 -0.20682 -0.94380
vn -0.42759 -0.34299 -0.83638
vn -0.41776 -0.35315 -0.83711
vn -0.35150 -0.04698 -0.93501
vn -0.28425 -0.05229 -0.95732
vn -0.54100 -0.02836 -0.84054
vn -0.42291 -0.09963 -0.90068
vn -0.57576 -0.01605 -0.81746
vn -0.58998 -0.03175 -0.80680
vn -0.58693 0.01883 -0.80942
vn -0.67679 0.00079 -0.73617
vn -0.66574 0.02754 -0.74567
vn -0.63611 -0.00192 -0.77160
vn -0.65488 -0.02816 -0.75521
vn -0.84555 0.00916 -0.53382
vn -0.61613 0.08647 -0.78288
vn -0.79769 0.17521 -0.57705
vn -0.73938 0.07783 -0.66877
vn -0.75496 -0.09477 -0.64888
vn -0.77487 -0.06076 -0.62920
vn -0.95835 0.12963 -0.25449
vn -0.96682 0.07203 -0.24509
vn -0.88207 -0.09159 -0.46212
vn -0.85254 -0.31867 -0.41428
vn -0.83262 -0.33380 -0.44194
vn -0.75404 -0.56298 -0.33834
vn -0.71267 -0.59310 -0.37461
vn -0.73117 -0.59641 -0.33119
vn -0.86081 -0.41105 -0.30007
vn -0.66953 -0.73001 -0.13717
vn -0.46576 -0.85425 -0.23092
vn -0.41511 -0.85995 -0.29693
vn -0.21136 -0.01218 -0.97733
vn 0.13681 0.80556 -0.57651
vn 0.01678 0.95957 -0.28095
vn 0.04001 0.98856 -0.14545
vn -0.02125 0.99569 -0.09033
vn 0.02069 0.99165 0.12727
vn 0.03753 0.98987 0.13691
vn -0.04158 0.99430 -0.09822
vn 0.00143 0.98831 0.15248
vn -0.13502 0.98167 0.13450
vn -0.16605 0.98593 0.01947
vn 0.11036 0.91513 0.38775
vn 0.02030 0.91690 0.39861
vn 0.06082 0.89828 0.43519
vn -0.02154 0.88255 0.46972
vn 0.18798 0.83885 0.51087
vn 0.06654 0.79562 0.60213
vn -0.03964 0.89134 0.45161
vn 0.00030 0.83315 0.55304
vn -0.24141 0.87224 0.42534
vn -0.27089 0.47784 0.83564
vn -0.04974 0.54265 0.83849
vn -0.13385 0.60632 0.78388
vn -0.13831 0.91309 0.38359
vn 0.23502 0.64246 0.72939
vn -0.24122 0.45414 0.85766
vn 0.25114 0.63031 0.73460
vn 0.08973 -0.30349 0.94860
vn -0.11991 -0.25890 0.95843
vn -0.08163 0.05547 0.99512
vn 0.09503 -0.10791 0.98961
vn 0.30455 0.71312 0.63143
vn 0.23713 0.33791 0.91082
vn 0.35213 0.14841 0.92411
vn 0.43055 0.60647 0.66844
vn 0.30001 0.95079 0.07740
vn -0.05664 0.90163 0.42877
vn 0.33820 0.09229 0.93654
vn 0.32464 0.11066 0.93934
vn 0.09387 0.05170 0.99424
vn 0.01321 0.12619 0.99192
vn -0.00504 0.03274 0.999451
vn -0.06677 -0.99417 -0.08471
vn -0.01407 -0.82794 -0.56065
vn 0.00862 -0.99810 -0.06107
vn 0.17065 -0.95791 -0.23083
vn 0.17786 -0.82493 -0.53652
vn 0.05238 -0.79597 -0.60307
vn 0.04439 -0.67460 -0.73685
vn 0.36400 -0.26457 -0.89303
vn 0.43902 -0.31113 -0.84289
vn 0.33747 -0.33882 -0.87825
vn 0.34039 -0.71830 -0.60678
vn 0.03505 -0.95228 -0.30320
vn 0.06851 -0.94025 -0.33351
vn 0.08688 -0.62828 -0.77312
vn 0.19774 -0.35728 -0.91283
vn 0.14037 -0.31590 -0.93835
vn 0.08689 -0.62828 -0.77312
vn 0.34669 0.15445 -0.92518
vn 0.26829 0.22371 -0.93700
vn 0.26231 0.22153 -0.93921
vn 0.22373 0.13373 -0.96543
vn 0.50033 0.17368 -0.84824
vn 0.26932 -0.15236 -0.95092
vn 0.42395 0.02991 -0.90519
vn 0.51646 0.14621 -0.84374
vn 0.33635 -0.01104 -0.94167
vn 0.30358 0.03368 -0.95221
vn 0.12027 0.03302 -0.99219
vn 0.15979 -0.00755 -0.98712
vn 0.21175 0.20951 -0.95460
vn 0.16571 0.24612 -0.95497
vn 0.09377 -0.33665 -0.93695
vn 0.06897 -0.61635 -0.78444
vn 0.02970 -0.93792 -0.34558
vn 0.08889 -0.89823 -0.43044
vn 0.07560 -0.61544 -0.78455
vn 0.08442 -0.89917 -0.42938
vn 0.00418 -0.68033 -0.73289
vn -0.02624 -0.25947 -0.96540
vn -0.22071 0.12904 -0.96676
vn -0.17729 0.09522 -0.97954
vn -0.20075 -0.33746 -0.91969
vn -0.20076 -0.07271 -0.97694
vn -0.23935 -0.04139 -0.97005
vn -0.24143 0.00108 -0.97042
vn -0.19552 -0.04173 -0.97981
vn 0.10146 0.00372 -0.99483
vn 0.11601 -0.02831 -0.99284
vn 0.25134 -0.07616 -0.96490
vn -0.17038 -0.17199 -0.97025
vn -0.27691 -0.08410 -0.95721
vn -0.11111 -0.09646 -0.98912
vn -0.13871 -0.01937 -0.99014
vn 0.00761 -0.09540 -0.99541
vn 0.02287 0.02818 -0.999341
vn -0.03252 0.08268 -0.99605
vn -0.01967 0.15515 -0.98770
vn -0.05460 0.17122 -0.98372
vn 0.10693 -0.23166 -0.96690
vn -0.00837 -0.39965 -0.91663
vn -0.12085 -0.40651 -0.90562
vn -0.16326 -0.67977 -0.71502
vn -0.08544 -0.64725 -0.75748
vn -0.02604 -0.85857 -0.51203
vn -0.05682 -0.87528 -0.48027
vn -0.07350 -0.99151 -0.10731
vn -0.00192 -0.99875 -0.04992
vn -0.00937 -0.999224 -0.03825
vn 0.01057 -0.93201 -0.36227
vn -0.09955 -0.87506 -0.47366
vn -0.05953 -0.73651 -0.67380
vn 0.11237 -0.64753 -0.75371
vn 0.22990 -0.22060 -0.94788
vn 0.16941 -0.17123 -0.97056
vn 0.14684 -0.47869 -0.86562
vn -0.06576 -0.60443 -0.79394
vn 0.20697 0.36596 -0.90732
vn 0.24132 0.35366 -0.90371
vn 0.29135 0.04230 -0.95568
vn 0.15051 -0.03483 -0.98799
vn 0.17021 -0.15385 -0.97332
vn -0.10068 -0.08482 -0.99130
vn 0.04162 -0.30657 -0.95094
vn -0.48917 -0.13007 -0.86244
vn -0.17610 0.01595 -0.98424
vn -0.17163 0.17277 -0.96990
vn 0.12322 -0.11683 -0.98548
vn -0.51929 0.09211 -0.84962
vn 0.29370 -0.05122 -0.95453
vn 0.13014 -0.02320 -0.99122
vn 0.12251 -0.05608 -0.99088
vn -0.03714 0.15062 -0.98789
vn 0.10827 0.12205 -0.98660
vn 0.07230 -0.18065 -0.98089
vn 0.17805 -0.03738 -0.98331
vn 0.20549 -0.46087 -0.86335
vn 0.16808 -0.48762 -0.85672
vn 0.09896 -0.85229 -0.51362
vn 0.12477 -0.84816 -0.51484
vn 0.01824 -0.93102 -0.36452
vn 0.12417 -0.98503 -0.11960
vn 0.00363 -0.99152 -0.12987
vn 0.10865 -0.84112 -0.52983
vn 0.30139 -0.47391 -0.82739
vn 0.37034 -0.72127 -0.58534
vn 0.44583 -0.25359 -0.85845
vn 0.29849 -0.03842 -0.95364
vn 0.38782 0.25763 -0.88500
vn 0.43658 0.20863 -0.87514
vn 0.30453 -0.00201 -0.95250
vn 0.29084 0.01189 -0.95670
vn 0.27415 -0.01932 -0.96149
vn 0.29816 -0.05205 -0.95310
vn 0.32513 -0.11471 -0.93869
vn 0.23204 -0.08163 -0.96927
vn 0.17105 0.06725 -0.98296
vn -0.19511 0.13644 -0.97125
vn 0.30229 0.01807 -0.95305
vn 0.36160 -0.05112 -0.93093
vn 0.13766 0.02351 -0.99020
vn 0.39105 0.01014 -0.92031
vn 0.44361 -0.01750 -0.89605
vn 0.44827 0.01377 -0.89379
vn 0.48601 -0.01032 -0.87389
vn 0.48603 0.02756 -0.87351
vn 0.44638 -0.00410 -0.89484
vn 0.42229 0.20872 -0.88210
vn 0.36755 0.13591 -0.92002
vn 0.53278 -0.22435 -0.81597
vn 0.56064 -0.23995 -0.79253
vn 0.32972 -0.71483 -0.61669
vn 0.53169 -0.57035 -0.62611
vn 0.01516 -0.99315 -0.11584
vn 0.34387 -0.87911 -0.33003
vn 0.12070 -0.88607 -0.44757
vn 0.32150 -0.71296 -0.62316
vn 0.26656 -0.49290 -0.82825
vn 0.43714 -0.29451 -0.84981
vn 0.39684 -0.25437 -0.88194
vn 0.33108 -0.45835 -0.82480
vn 0.60948 0.14639 -0.77917
vn 0.58227 0.17445 -0.79406
vn 0.56580 -0.02041 -0.82429
vn 0.59235 0.02348 -0.80534
vn 0.51302 -0.00010 -0.85838
vn 0.57915 -0.04724 -0.81385
vn 0.50714 -0.01635 -0.86171
vn 0.41986 -0.14175 -0.89645
vn 0.27108 -0.06763 -0.96018
vn 0.61260 -0.16288 -0.77343
vn 0.44235 -0.12643 -0.88789
vn 0.65063 -0.08228 -0.75492
vn 0.60428 -0.17105 -0.77820
vn 0.72451 -0.18284 -0.66458
vn 0.67955 0.00530 -0.73361
vn 0.69569 -0.00897 -0.71828
vn 0.69522 -0.01133 -0.71871
vn 0.63519 -0.00781 -0.77231
vn 0.63675 -0.00124 -0.77107
vn 0.63008 0.00610 -0.77651
vn 0.70432 0.19228 -0.68335
vn 0.78117 0.07035 -0.62034
vn 0.62222 -0.22902 -0.74860
vn 0.64626 -0.36422 -0.67059
vn 0.41480 -0.51868 -0.74760
vn 0.34931 -0.70594 -0.61614
vn 0.73716 -0.42135 -0.52826
vn 0.48814 -0.76081 -0.42765
vn 0.72253 0.07658 -0.68708
vn 0.77847 -0.39091 -0.49110
vn 0.72750 0.00852 -0.68605
vn 0.70549 0.04278 -0.70743
vn 0.76727 0.03329 -0.64046
vn 0.76465 0.05549 -0.64205
vn 0.76229 0.03688 -0.64618
vn 0.76250 -0.05289 -0.64482
vn 0.83122 0.00179 -0.55594
vn 0.81631 0.02205 -0.57719
vn 0.74308 -0.24872 -0.62126
vn 0.51628 -0.12214 -0.84767
vn 0.50308 -0.05442 -0.86252
vn 0.79216 -0.07949 -0.60511
vn 0.60603 0.18819 -0.77286
vn 0.50973 0.16415 -0.84453
vn 0.57315 0.13651 -0.80800
vn 0.39683 -0.00458 -0.91788
vn 0.17656 0.93866 -0.29623
vn 0.69018 0.36534 -0.62465
vn 0.31565 0.91801 -0.24005
vn 0.18798 0.77946 -0.59758
vn 0.76862 0.30400 -0.56286
vn 0.86920 0.30422 -0.38979
vn 0.95179 -0.08960 -0.29339
vn 0.97872 -0.13963 -0.15036
vn 0.96383 -0.00726 -0.26641
vn 0.96509 0.01397 -0.26155
vn 0.94486 -0.01787 -0.32699
vn 0.96120 0.04190 -0.27265
vn 0.92700 0.02955 -0.37390
vn 0.94877 0.09065 -0.30270
vn 0.90194 0.08492 -0.42344
vn 0.90196 0.08509 -0.42335
vn 0.85066 -0.46458 -0.24603
vn 0.84474 -0.47149 -0.25322
vn 0.93010 0.04689 -0.36431
vn 0.95937 0.12175 -0.25453
vn 0.97645 0.09056 -0.19583
vn 0.97460 0.11789 -0.19039
vn 0.96393 0.08477 -0.25229
vn 0.94258 0.01336 -0.33372
vn 0.93965 0.01861 -0.34164
vn 0.94096 -0.01068 -0.33835
vn 0.98966 0.05126 -0.13394
vn 0.99495 -0.01477 -0.09932
vn 0.98167 -0.00590 -0.19050
vn 0.98967 -0.04860 -0.13484
vn 0.95767 -0.10406 -0.26841
vn 0.96249 -0.14113 -0.23172
vn 0.61690 0.76337 0.19158
vn 0.96556 0.03807 0.25737
vn 0.82978 0.26729 0.48991
vn 0.61087 0.73076 0.30468
vn 0.20301 0.97680 0.06818
vn -0.11428 0.97249 0.20298
vn 0.04951 0.90152 0.42990
vn 0.41522 0.80339 0.42679
vn -0.10994 0.97515 0.19232
vn 0.90271 0.30735 0.30109
vn 0.61209 0.52658 0.58997
vn 0.41048 0.76484 0.49652
vn 0.97042 -0.06124 0.23354
vn 0.88904 -0.06149 0.45368
vn 0.98390 0.01390 0.17818
vn 0.83574 -0.04858 0.54698
vn 0.82835 -0.01617 0.55997
vn 0.89617 0.00711 0.44366
vn 0.93096 -0.04103 0.36281
vn 0.93961 0.00476 0.34222
vn 0.94048 0.00284 0.33983
vn 0.94942 0.05498 0.30916
vn 0.90565 0.14234 0.39942
vn 0.90564 0.14175 0.39966
vn 0.99379 -0.01028 0.11084
vn 0.90563 -0.41167 0.10183
vn 0.87640 0.11786 0.46694
vn 0.84000 -0.45400 0.29712
vn 0.84213 0.01429 0.53909
vn 0.85529 0.13840 0.49933
vn 0.86429 -0.00907 0.50291
vn 0.83712 -0.01512 0.54681
vn 0.85756 0.03094 0.51345
vn 0.81614 0.00715 0.57782
vn 0.81656 -0.01161 0.57714
vn 0.81847 -0.00813 0.57449
vn 0.79805 0.00988 0.60250
vn 0.79420 -0.04993 0.60560
vn 0.53422 -0.07001 0.84244
vn 0.57363 -0.01775 0.81892
vn 0.49344 -0.02636 0.86938
vn 0.43252 0.36701 0.82355
vn 0.12750 0.47207 0.87229
vn 0.12569 0.73123 0.67045
vn -0.01179 0.78638 0.61763
vn 0.27281 0.84386 0.46203
vn 0.35871 0.80424 0.47384
vn 0.03791 0.96739 -0.25045
vn -0.13949 0.96787 0.20923
vn -0.04491 0.97278 -0.22734
vn -0.14248 0.94230 -0.30292
vn -0.13384 0.96757 0.21425
vn -0.24507 0.92802 0.28058
vn -0.10946 0.99356 -0.02938
vn 0.01001 0.73937 0.67323
vn -0.19052 0.80518 0.56160
vn 0.33475 0.37151 0.86598
vn 0.10137 0.21257 0.97187
vn 0.15582 0.20675 0.96591
vn -0.05901 0.39886 0.91511
vn 0.13983 0.47704 0.86769
vn -0.04763 -0.07085 0.99635
vn -0.01975 -0.10578 0.99419
vn 0.49279 -0.00478 0.87014
vn 0.49475 -0.00264 0.86903
vn 0.52776 -0.03099 0.84883
vn 0.52549 -0.01574 0.85066
vn 0.54525 0.01114 0.83820
vn 0.55706 0.00144 0.83047
vn 0.56627 -0.05330 0.82250
vn 0.08596 -0.01909 0.99612
vn 0.05179 -0.01064 0.99860
vn 0.06190 0.00849 0.99805
vn 0.04910 -0.00697 0.99877
vn 0.24581 -0.09464 0.96469
vn 0.06207 -0.06252 0.99611
vn 0.18931 -0.13958 0.97195
vn 0.25024 -0.06563 0.96596
vn 0.09931 0.10633 0.98936
vn 0.24254 0.42794 0.87065
vn -0.10511 0.83573 0.53899
vn -0.12279 0.67593 0.72666
vn 0.06566 0.78767 0.61259
vn -0.13246 0.94327 -0.30447
vn -0.16469 0.95023 -0.26446
vn -0.08165 0.97271 -0.21719
vn -0.20716 0.97707 -0.04918
vn -0.19997 0.93746 0.28493
vn -0.10581 0.96678 -0.23269
vn -0.10816 0.97090 -0.21366
vn -0.07044 0.98166 -0.17712
vn -0.13830 0.92917 0.34281
vn -0.13680 0.92963 0.34216
vn -0.12963 0.92611 0.35428
vn -0.13698 0.92519 0.35391
vn -0.12977 0.92599 0.35456
vn -0.13225 0.95116 0.27892
vn -0.07523 0.95101 0.29986
vn -0.10226 0.99267 0.06440
vn -0.29872 0.95427 -0.01139
vn -0.05581 0.97548 0.21291
vn -0.11062 0.99258 -0.05055
vn -0.00573 0.999719 -0.02300
vn -0.10300 0.97338 0.20476
vn 0.44958 0.73389 -0.50921
vn 0.21594 0.35088 -0.91118
vn 0.32572 0.34422 -0.88058
vn -0.13446 0.70877 -0.69250
vn -0.13384 0.70895 -0.69244
vn -0.32667 0.77491 -0.54111
vn 0.12883 -0.05638 -0.99006
vn -0.22867 0.18898 -0.95498
vn 0.08036 -0.05993 -0.99496
vn 0.45337 -0.02018 -0.89110
vn 0.29765 -0.16584 -0.94016
vn 0.19951 -0.14958 -0.96841
vn 0.11001 0.05176 -0.99258
vn -0.14872 -0.01972 -0.98868
vn -0.28352 -0.03007 -0.95849
vn 0.08800 -0.20574 0.97464
vn 0.12068 -0.04607 0.99162
vn 0.14659 -0.01958 0.98900
vn 0.08218 0.00785 0.99659
vn 0.08348 0.01096 0.99645
vn 0.04514 -0.00237 0.99898
vn 0.08797 0.00280 0.99612
vn 0.09331 0.00734 0.99561
vn 0.08392 0.04925 0.99525
vn 0.03364 0.02797 0.999042
vn 0.13515 0.09260 0.98649
vn 0.08164 0.10055 0.99158
vn 0.07850 0.10548 0.99132
vn 0.20671 -0.12801 0.96999
vn 0.15259 -0.00545 0.98828
vn 0.10695 -0.08309 0.99079
vn 0.06560 0.01230 0.99777
vn 0.06473 -0.01043 0.99785
vn 0.09687 0.02175 0.99506
vn 0.07537 0.04444 0.99616
vn 0.05740 -0.00267 0.99835
vn 0.05681 -0.00273 0.99838
vn 0.02982 -0.41140 0.91097
vn 0.09361 -0.39109 0.91558
vn 0.18706 -0.48365 0.85504
vn 0.03456 -0.26469 0.96371
vn 0.06847 -0.46256 0.88394
vn -0.03157 -0.20669 0.97790
vn -0.06456 -0.21208 0.97512
vn 0.01577 -0.50155 0.86498
vn -0.10264 -0.35528 0.92911
vn 0.00357 -0.76455 0.64456
vn 0.02156 -0.79168 0.61055
vn -0.01548 -0.76658 0.64197
vn 0.13247 -0.90446 0.40548
vn 0.13850 -0.12803 0.98205
vn -0.05427 -0.36147 0.93080
vn 0.62767 0.03706 0.77760
vn 0.46983 -0.17774 0.86468
vn 0.59800 0.07630 0.79786
vn 0.30375 -0.64550 0.70076
vn 0.54010 -0.41791 0.73050
vn 0.03380 -0.58700 0.80888
vn -0.12615 -0.85175 0.50853
vn -0.05357 -0.84871 0.52614
vn -0.09484 -0.99545 -0.00927
vn -0.05547 -0.99046 0.12615
vn 0.00979 -0.999951 -0.00138
vn 0.03160 -0.99678 0.07363
vn 0.00932 -0.999916 -0.00897
vn -0.05415 -0.99645 -0.06447
vn -0.02841 -0.999561 0.00838
vn 0.08157 -0.96208 0.26030
vn 0.01961 -0.99789 -0.06196
vn 0.32834 -0.88630 0.32660
vn 0.80226 -0.49839 0.32859
vn 0.53793 -0.83716 0.09899
vn 0.52520 -0.85067 0.02282
vn -0.00622 -0.999685 -0.02431
vn -0.01595 -0.99773 -0.06537
vn 0.01472 -0.99807 -0.06027
vn 0.58465 -0.80163 -0.12484
vn 0.46540 -0.82380 -0.32366
vn 0.15719 -0.92850 -0.33642
vn -0.00077 -0.9999 -0.01412
vn -0.22399 -0.26277 -0.93850
vn -0.10823 -0.66225 -0.74142
vn -0.02382 -0.34958 -0.93661
vn -0.30467 -0.19208 -0.93289
vn -0.29835 0.01577 -0.95433
vn -0.25618 -0.02776 -0.96623
vn 0.18061 -0.59269 -0.78492
vn 0.24861 -0.23617 -0.93937
vn 0.12085 -0.01805 -0.99251
vn -0.27300 -0.72235 -0.63536
vn 0.04918 -0.92397 -0.37929
vn -0.08506 -0.94777 -0.30740
vn -0.32480 0.09265 -0.94123
vn -0.49865 0.05142 -0.86528
vn -0.50829 -0.35407 -0.78504
vn -0.14954 0.14659 -0.97783
vn 0.24949 0.12007 -0.96091
vn 0.32685 0.01214 -0.94500
vn 0.32228 -0.21720 -0.92139
vn 0.25567 -0.52551 -0.81146
vn 0.16093 -0.82651 -0.53943
vn 0.01388 -0.999173 -0.03823
vn 0.05745 -0.98608 -0.15602
vn -0.02003 -0.99684 -0.07684
vn -0.16367 -0.90843 -0.38467
vn -0.33232 -0.70918 -0.62180
vn -0.61880 -0.02704 -0.78508
vn -0.61805 -0.34731 -0.70526
vn -0.44507 -0.59904 -0.66563
vn -0.44569 0.03360 -0.89456
vn -0.58535 0.03541 -0.81001
vn -0.29143 0.12599 -0.94826
vn -0.04805 0.13980 -0.98901
vn 0.34775 0.03556 -0.93691
vn 0.34896 0.09064 -0.93275
vn 0.19042 0.02447 -0.98140
vn 0.17595 -0.20670 -0.96245
vn 0.13141 -0.53126 -0.83696
vn 0.16539 -0.71717 -0.67699
vn 0.06828 -0.93938 -0.33602
vn 0.01060 -0.999459 -0.03112
vn 0.01205 -0.999927 -0.00078
vn -0.22665 -0.95593 -0.18663
vn -0.31281 -0.78925 -0.52842
vn -0.55963 -0.68116 -0.47205
vn -0.75123 -0.32933 -0.57201
vn -0.68957 -0.01207 -0.72412
vn -0.52746 -0.01831 -0.84938
vn -0.33537 -0.03106 -0.94157
vn -0.15585 0.00468 -0.98777
vn 0.28272 0.05428 -0.95767
vn -0.03387 0.06827 -0.99709
vn -0.22791 -0.19419 -0.95412
vn -0.05955 -0.54530 -0.83612
vn 0.04899 -0.77582 -0.62905
vn -0.02585 -0.96483 -0.26160
vn -0.07685 -0.80614 -0.58671
vn -0.16129 -0.64636 -0.74579
vn -0.31038 0.04771 -0.94941
vn -0.25454 -0.10822 -0.96099
vn -0.25883 -0.63419 -0.72856
vn -0.03783 -0.06112 -0.99741
vn -0.30743 -0.03237 -0.95102
vn 0.24335 -0.07518 -0.96702
vn 0.33071 -0.07423 -0.94081
vn 0.07155 -0.13333 -0.98849
vn -0.25386 -0.17999 -0.95035
vn -0.02327 -0.16171 -0.98656
vn 0.27660 -0.06509 -0.95878
vn -0.13478 -0.07440 -0.98808
vn -0.23024 -0.01577 -0.97301
vn -0.16670 0.08693 -0.98217
vn -0.12962 0.14185 -0.98137
vn -0.07726 -0.59455 -0.80034
vn -0.10934 -0.13419 -0.98490
vn -0.08466 -0.92605 -0.36777
vn -0.10485 -0.90816 -0.40529
vn -0.03132 -0.98861 -0.14722
vn -0.02616 -0.99675 -0.07622
vn 0.01157 -0.99573 -0.09154
vn 0.02334 -0.86826 -0.49557
vn 0.11333 -0.27861 -0.95369
vn 0.06395 -0.55962 -0.82628
vn -0.03723 0.09948 -0.99434
vn -0.07976 0.13322 -0.98787
vn -0.05437 -0.01487 -0.99841
vn -0.14892 -0.10911 -0.98281
vn -0.34459 -0.08145 -0.93521
vn -0.30959 -0.03711 -0.95015
vn -0.01767 -0.01508 -0.99973
vn 0.32095 0.02819 -0.94668
vn -0.30565 0.07758 -0.94898
vn -0.41233 -0.03006 -0.91054
vn -0.28058 -0.09143 -0.95547
vn -0.00153 -0.05523 -0.99847
vn 0.06677 -0.01631 -0.99763
vn 0.02374 0.08523 -0.99608
vn 0.14673 -0.06348 -0.98714
vn 0.17329 -0.29855 -0.93853
vn -0.12435 -0.56860 -0.81316
vn -0.20276 -0.40402 -0.89200
vn -0.06168 -0.88963 -0.45250
vn -0.00847 -0.99861 -0.05198
vn -0.13027 -0.66600 -0.73449
vn -0.07968 -0.19902 -0.97675
vn -0.35151 -0.14528 -0.92484
vn -0.26502 -0.35549 -0.89632
vn -0.13663 0.05713 -0.98897
vn -0.01016 -0.01381 -0.999853
vn 0.12814 -0.08325 -0.98825
vn 0.04175 -0.02534 -0.99881
vn 0.06485 -0.07868 -0.99479
vn -0.36076 0.08688 -0.92860
vn -0.09713 0.17770 -0.97928
vn -0.43969 0.21568 -0.87187
vn -0.27748 0.46362 -0.84146
vn 0.18894 0.01441 -0.98188
vn -0.09461 0.37110 -0.92376
vn -0.16942 0.56994 -0.80403
vn 0.19759 -0.03783 -0.97955
vn -0.10394 -0.00979 -0.99454
vn -0.06702 0.08187 -0.99439
vn -0.11117 0.04942 -0.99257
vn 0.05142 -0.32197 -0.94535
vn 0.24888 0.10761 -0.96254
vn 0.25875 0.06733 -0.96359
vn 0.19267 0.03730 -0.98055
vn 0.07661 -0.02280 -0.99680
vn 0.00398 -0.01643 -0.999857
vn -0.33628 0.28662 -0.89708
vn -0.42675 0.66063 -0.61761
vn -0.22973 0.67989 -0.69640
vn -0.24422 0.74709 -0.61823
vn -0.21656 0.55508 -0.80311
vn -0.10391 0.82560 -0.55460
vn 0.00805 0.76671 -0.64194
vn -0.09522 0.31530 -0.94420
vn -0.32140 0.82241 -0.46940
vn -0.66208 0.61306 -0.43104
vn -0.51674 0.80946 -0.27886
vn -0.32101 0.36443 -0.87415
vn -0.02817 -0.02523 -0.999285
vn 0.29107 -0.00492 -0.95669
vn 0.34708 -0.00164 -0.93783
vn 0.33870 0.05968 -0.93900
vn 0.39470 0.04134 -0.91788
vn 0.32734 -0.02821 -0.94449
vn 0.20617 0.11785 -0.97139
vn 0.13604 0.73025 -0.66949
vn -0.48901 0.76540 -0.41838
vn -0.69392 0.71111 -0.11307
vn -0.55045 0.83450 0.02479
vn -0.49419 0.86676 -0.06711
vn -0.20386 0.91058 -0.35958
vn -0.17658 0.95338 -0.24471
vn -0.03436 0.96724 -0.25152
vn 0.02827 0.90559 -0.42322
vn -0.18419 0.97600 0.11619
vn -0.31760 0.94366 -0.09290
vn -0.17504 0.98454 -0.00591
vn -0.03303 0.95437 0.29679
vn 0.11345 0.99334 0.02014
vn 0.31023 0.72504 -0.61488
vn 0.42810 0.22095 -0.87630
vn 0.28464 0.30272 -0.90958
vn 0.27536 0.03871 -0.96056
vn 0.21714 0.03350 -0.97557
vn 0.10299 0.01841 -0.99451
vn 0.04257 -0.05741 -0.99744
vn -0.08729 0.04341 -0.99524
vn -0.26317 -0.00425 -0.96474
vn -0.07512 0.03082 -0.99670
vn 0.02017 0.22766 -0.97353
vn 0.12753 0.70004 -0.70262
vn 0.23208 0.84487 -0.48201
vn 0.06995 0.99749 0.01095
vn -0.02104 0.94636 0.32242
vn -0.02581 0.98484 0.17152
vn -0.03882 0.99889 0.02668
vn -0.06004 0.99799 -0.02021
vn -0.07824 0.99402 0.07616
vn -0.39674 0.89882 0.18634
vn -0.06773 0.94626 0.31622
vn 0.00310 0.94472 0.32787
vn -0.01509 0.999877 0.00435
vn -0.46497 0.88527 -0.01006
vn -0.15333 0.98812 0.01018
vn -0.15750 0.97903 0.12924
vn -0.09212 0.97606 0.19701
vn -0.02517 0.99474 -0.09927
vn 0.11393 0.93101 -0.34676
vn -0.12881 0.88662 -0.44420
vn -0.07106 0.61167 -0.78791
vn -0.28154 0.15657 -0.94669
vn -0.20915 0.53817 -0.81647
vn -0.28260 0.06195 -0.95723
vn -0.30366 0.51560 -0.80121
vn -0.11750 0.06715 -0.99080
vn -0.22473 0.88900 -0.39896
vn -0.16116 0.81389 -0.55821
vn -0.15800 0.98722 -0.02103
vn -0.13714 0.98420 0.11199
vn -0.15507 0.98459 0.08080
vn -0.10699 0.99017 0.09008
vn -0.06730 0.99761 0.01570
vn -0.04126 0.95948 0.27873
vn -0.05347 0.95130 0.30359
vn -0.47123 0.82379 0.31514
vn -0.19158 0.42277 0.88575
vn -0.21662 0.73225 0.64567
vn -0.42363 0.71401 0.55742
vn -0.39655 0.89480 0.20512
vn 0.05645 0.59120 0.80455
vn -0.13998 0.51527 0.84552
vn -0.34455 0.74246 0.57449
vn -0.30902 0.93222 0.18833
vn 0.02493 0.97954 0.19968
vn -0.01091 0.999932 -0.00405
vn -0.19279 0.92973 0.31374
vn -0.07284 0.97041 0.23023
vn -0.14504 0.97379 0.17522
vn -0.12075 0.93841 0.32374
vn -0.08256 0.98838 0.12764
vn -0.27410 0.96041 -0.04979
vn -0.24206 0.82183 0.51576
vn -0.20736 0.96396 -0.16668
vn -0.32822 0.41986 0.84616
vn -0.03686 0.21636 0.97562
vn -0.18103 0.19813 0.96331
vn -0.04467 0.18126 0.98242
vn -0.20547 0.28842 0.93520
vn -0.25645 0.78210 0.56794
vn -0.15308 0.94987 0.27261
vn -0.11050 0.89722 0.42753
vn -0.09050 0.26251 0.96067
vn 0.04603 0.74588 0.66449
vn -0.13886 0.13910 0.98049
vn -0.21913 0.05967 0.97387
vn -0.07697 0.16212 0.98376
vn -0.34878 0.15452 0.92438
vn -0.26275 0.11495 0.95799
vn -0.09761 0.12291 0.98761
vn -0.38120 0.27146 0.88374
vn -0.32559 0.24547 0.91309
vn -0.23878 0.81463 0.52854
vn -0.08103 0.94700 0.31084
vn -0.16912 0.97648 -0.13377
vn -0.07517 0.97048 -0.22917
vn 0.02669 0.99424 0.10385
vn 0.01141 0.45119 0.89235
vn 0.21592 0.76023 0.61272
vn -0.12473 0.01730 0.99204
vn -0.25074 0.01481 0.96794
vn -0.34961 0.07832 0.93362
vn -0.19008 0.06174 0.97982
vn -0.06205 0.05711 0.99644
vn -0.04699 0.03123 0.99841
vn -0.13747 0.01266 0.99042
vn -0.18385 0.05675 0.98131
vn -0.04201 -0.05532 0.99758
vn -0.10405 0.04551 0.99353
vn -0.18844 -0.01749 0.98193
vn -0.10337 -0.08248 0.99122
vn -0.11302 -0.06821 0.99125
vn -0.16800 0.03488 0.98517
vn -0.03231 -0.05345 0.99805
vn 0.07793 0.05849 0.99524
vn 0.21391 0.49506 0.84211
vn 0.13794 0.76723 0.62636
vn 0.11641 0.39955 0.90929
vn 0.14094 -0.06462 0.98791
vn 0.11505 -0.12358 0.98564
vn -0.18840 -0.03888 0.98132
vn -0.19696 -0.13324 0.97132
vn -0.07415 -0.12496 0.98939
vn -0.05891 -0.14472 0.98772
vn -0.09738 -0.10596 0.98959
vn -0.09441 -0.01602 0.99540
vn 0.11378 0.01278 0.99342
vn -0.13741 -0.04476 0.98950
vn -0.06062 -0.04765 0.99702
vn -0.02628 0.02172 0.999419
vn 0.12494 -0.03858 0.99141
vn 0.15181 -0.13768 0.97877
vn 0.13536 -0.07650 0.98784
vn -0.05931 -0.04632 0.99716
vn -0.06187 -0.15000 0.98675
vn -0.20773 -0.12938 0.96959
vn -0.18791 -0.10080 0.97700
vn -0.25047 -0.04715 0.96698
vn -0.06615 -0.07775 0.99478
vn 0.02203 0.03664 0.999086
vn -0.06166 0.12214 0.99060
vn -0.12095 0.07343 0.98994
vn -0.08873 0.04264 0.99514
vn -0.14901 -0.11468 0.98216
vn -0.12371 -0.08546 0.98863
vn -0.00902 -0.17920 0.98377
vn 0.10566 -0.23453 0.96635
vn -0.11859 -0.27318 0.95463
vn -0.29500 -0.24957 0.92233
vn -0.22311 0.01209 0.97472
vn -0.25081 -0.30959 0.91720
vn -0.03639 -0.02610 0.99900
vn 0.10858 -0.08960 0.99004
vn 0.07015 -0.09209 0.99328
vn 0.09743 -0.03417 0.99466
vn 0.00423 0.04133 0.999137
vn 0.03392 0.05635 0.99783
vn -0.02323 0.02447 0.999431
vn -0.14988 -0.22656 0.96240
vn -0.09419 -0.65785 0.74723
vn -0.21217 -0.67566 0.70602
vn -0.20814 -0.55460 0.80567
vn -0.07881 -0.57119 0.81703
vn 0.05000 -0.62545 0.77866
vn 0.05916 -0.65521 0.75313
vn -0.07554 -0.60532 0.79239
vn -0.12449 -0.50751 0.85261
vn 0.05864 -0.09306 0.99393
vn -0.00594 -0.47414 0.88043
vn -0.05989 -0.83876 0.54121
vn -0.04451 -0.80386 0.59315
vn 0.00761 -0.86832 0.49595
vn 0.05090 -0.86126 0.50560
vn -0.04210 -0.81944 0.57162
vn -0.08706 -0.75898 0.64527
vn -0.13628 -0.83814 0.52815
vn -0.10534 -0.91033 0.40025
vn 0.04338 -0.31088 0.94946
vn -0.00178 -0.61666 0.78723
vn -0.03332 -0.93622 0.34984
vn 0.01217 -0.01612 0.999796
vn -0.01772 -0.04963 0.99861
vn -0.00712 -0.25501 0.96691
vn 0.00154 -0.93548 0.35338
vn -0.00407 -0.999712 0.02365
vn -0.01950 -0.99759 0.06664
vn -0.04934 -0.98625 0.15774
vn -0.04537 -0.94565 0.32200
vn 0.01263 -0.97046 0.24094
vn 0.02917 -0.97192 0.23350
vn -0.01581 -0.98099 0.19339
vn -0.03396 -0.96341 0.26586
vn 0.07594 -0.80915 0.58267
vn 0.01243 -0.97301 0.23042
vn 0.16181 -0.50955 0.84509
vn 0.18372 -0.81265 0.55303
vn 0.07456 -0.97092 0.22751
vn -0.01838 -0.999517 0.02506
vn 0.01042 -0.999665 0.02370
vn -0.00578 -0.999054 0.04311
vn 0.00061 -0.999979 -0.00648
vn 0.00029 -0.99847 -0.05522
vn -0.00208 -0.999534 0.03047
vn 0.03741 -0.97859 -0.20241
vn 0.03068 -0.94131 -0.33615
vn 0.04806 -0.99026 -0.13065
vn 0.01933 -0.99831 0.05484
vn 0.10190 -0.89312 0.43813
vn 0.13107 -0.55202 0.82347
vn 0.19835 -0.59693 0.77739
vn 0.04581 -0.89568 0.44233
vn 0.09875 -0.63786 0.76380
vn 0.01216 -0.95753 0.28808
vn 0.18494 -0.11139 0.97642
vn 0.20095 -0.14491 0.96882
vn 0.22347 0.02815 0.97430
vn 0.09699 0.03510 0.99467
vn -0.00515 -0.93660 0.35038
vn -0.01422 -0.999035 0.04156
vn -0.02500 -0.99446 0.10211
vn -0.00488 -0.999897 0.01347
vn 0.00391 -0.67754 0.73547
vn -0.07094 -0.89949 0.43114
vn 0.20760 -0.18709 0.96016
vn 0.09407 -0.29484 0.95090
vn 0.16231 0.00981 0.98669
vn 0.17149 0.07966 0.98196
vn 0.09267 0.10955 0.98965
vn 0.14557 0.04018 0.98853
vn 0.03744 0.07408 0.99655
vn -0.02265 -0.24488 0.96929
vn -0.18753 -0.56313 0.80481
vn -0.28950 -0.79825 0.52819
vn -0.22245 -0.95719 0.18523
vn -0.21118 -0.97728 -0.01792
vn -0.53280 -0.84623 -0.00503
vn -0.61198 -0.75238 -0.24372
vn -0.54005 -0.76012 0.36133
vn -0.51355 -0.48504 0.70782
vn -0.39547 -0.09851 0.91318
vn -0.17964 -0.08561 0.98000
vn -0.07707 0.09895 0.99210
vn -0.04209 0.07993 0.99591
vn 0.07314 -0.08638 0.99357
vn 0.22729 -0.08954 0.96970
vn 0.24758 0.00178 0.96887
vn 0.32442 0.03899 0.94511
vn 0.16206 0.06757 0.98446
vn -0.17260 0.16950 0.97030
vn -0.27415 0.14032 0.95139
vn -0.43372 0.14919 0.88861
vn -0.67429 -0.01409 0.73834
vn -0.72762 -0.41131 0.54899
vn -0.80822 -0.56544 0.16448
vn -0.90424 -0.11420 0.41147
vn -0.64713 0.16239 0.74488
vn -0.81638 0.15666 0.55587
vn -0.26799 0.13118 0.95445
vn -0.50335 0.07388 0.86092
vn -0.18456 -0.11560 0.97600
vn -0.28692 -0.02265 0.95769
vn 0.09549 -0.18334 0.97840
vn -0.48421 -0.01344 0.87485
vn -0.68101 0.02284 0.73192
vn -0.67129 0.09597 0.73496
vn -0.76666 0.08959 0.63577
vn -0.99015 0.13504 0.03687
vn -0.97085 0.11428 0.21070
vn -0.97637 -0.18826 -0.10613
vn -0.79739 -0.56585 -0.20971
vn -0.95634 0.12047 -0.26627
vn -0.92011 -0.18499 -0.34522
vn -0.97765 0.09329 -0.18840
vn -0.88734 0.01507 0.46087
vn -0.99698 -0.01997 -0.07507
vn -0.66220 -0.00165 0.74933
vn 0.04848 -0.00788 0.99879
vn 0.21840 -0.04297 0.97491
vn 0.32347 0.07046 0.94361
vn 0.34156 0.19957 0.91843
vn 0.29862 0.23967 0.92379
vn 0.19118 0.28416 0.93952
vn 0.03330 0.47045 0.88180
vn -0.25607 0.07496 0.96375
vn -0.54782 0.00468 0.83658
vn -0.75110 0.01514 0.66002
vn -0.93980 -0.02765 -0.34061
vn -0.92040 0.07814 -0.38309
vn -0.76312 -0.00530 -0.64624
vn -0.77682 -0.05813 -0.62703
vn -0.94044 -0.03013 -0.33863
vn -0.94471 -0.01236 0.32769
vn -0.75546 0.03709 0.65415
vn -0.62520 0.18059 0.75928
vn -0.60662 0.48699 0.62837
vn -0.59092 0.58063 0.56007
vn -0.18996 0.68096 0.70725
vn -0.09736 0.72568 0.68110
vn -0.12413 0.86907 0.47886
vn 0.11735 0.40958 0.90470
vn 0.31862 0.40871 0.85524
vn 0.30717 0.83534 0.45591
vn 0.34543 0.51416 0.78506
vn -0.01356 0.77582 0.63081
vn -0.21197 0.85502 0.47329
vn -0.22807 0.87544 0.42614
vn -0.37061 0.88822 0.27151
vn -0.37918 0.77984 0.49807
vn -0.37663 0.51704 0.76865
vn -0.58247 0.22707 0.78049
vn -0.93695 0.01713 0.34905
vn -0.99891 -0.00173 -0.04669
vn -0.97309 0.02882 -0.22862
vn -0.82913 0.04572 -0.55718
vn -0.62920 0.07114 -0.77398
vn -0.61681 -0.04764 -0.78567
vn -0.56322 0.36844 -0.73962
vn -0.83994 0.17744 -0.51285
vn -0.95197 0.22411 -0.20861
vn -0.87453 0.39195 -0.28563
vn -0.85303 0.15801 0.49737
vn -0.38119 0.42372 0.82167
vn -0.15510 0.52455 0.83713
vn -0.24436 0.74787 0.61724
vn -0.17748 0.76126 0.62368
vn 0.05022 0.99288 0.10798
vn -0.04102 0.88051 0.47225
vn 0.08325 0.98822 0.12844
vn 0.05710 0.99435 -0.08950
vn 0.00815 0.99022 -0.13930
vn 0.01831 0.96701 -0.25407
vn -0.00817 0.97687 0.21370
vn -0.02750 0.66457 0.74672
vn -0.04442 0.67615 0.73542
vn -0.31886 0.77422 0.54673
vn -0.81696 0.55692 0.14972
vn -0.55235 0.60132 -0.57734
vn -0.48241 0.78375 -0.39117
vn -0.61466 0.60239 -0.50922
vn -0.24562 0.85176 -0.46280
vn -0.41479 0.58439 -0.69745
vn -0.12363 0.78041 -0.61292
vn -0.14960 0.90460 -0.39914
vn -0.39218 0.86348 -0.31718
vn -0.07110 0.99032 -0.11919
vn 0.02569 0.99306 0.11475
vn -0.02059 0.92095 -0.38914
vn -0.01467 0.94313 -0.33209
vn -0.05801 0.96201 -0.26678
vn -0.04875 0.98550 -0.16252
vn -0.08553 0.99033 -0.10922
vn 0.00370 0.98604 -0.16649
vn -0.02179 0.95615 -0.29206
vn -0.16119 0.93403 -0.31876
vn -0.16084 0.90250 -0.39953
vn -0.08898 0.94143 -0.32525
vn -0.03149 0.85798 -0.51271
vn -0.26876 0.76582 -0.58420
vn -0.42730 0.48761 -0.76135
vn -0.56820 0.20435 -0.79711
vn -0.04600 0.71608 -0.69650
vn 0.06984 0.91400 -0.39967
vn 0.16309 0.66840 -0.72570
vn -0.13799 0.96417 -0.22657
vn -0.14072 0.97123 0.19210
vn -0.14896 0.97633 -0.15684
vn -0.19041 0.94872 -0.25232
vn -0.08931 0.85093 -0.51763
vn 0.09991 0.50995 -0.85438
vn 0.30706 0.29118 -0.90605
vn 0.15294 0.33596 -0.92938
vn -0.25997 0.35210 -0.89913
vn -0.47894 -0.00450 -0.87783
vn -0.57530 -0.08923 -0.81306
vn -0.56377 -0.04157 -0.82488
vn -0.45510 -0.10133 -0.88466
vn -0.37350 -0.12553 -0.91910
vn -0.35701 -0.23168 -0.90491
vn 0.01050 -0.02630 -0.999599
vn -0.28398 -0.17148 -0.94337
vn 0.31420 0.08463 -0.94558
vn 0.15070 0.13681 -0.97907
vn 0.37364 0.02543 -0.92722
vn -0.06356 0.95343 -0.29485
vn -0.10997 0.99014 -0.08676
vn -0.00968 0.98351 -0.18061
vn -0.62920 0.00585 -0.77722
vn -0.72404 0.06302 -0.68687
vn -0.87352 0.05159 -0.48405
vn -0.83051 -0.18235 -0.52631
vn -0.80669 -0.45553 -0.37649
vn -0.05742 0.99750 0.04119
vn 0.03841 0.96931 0.24284
vn -0.05410 0.93948 0.33832
vn 0.05845 0.87532 0.48000
vn -0.02721 0.69828 0.71530
vn -0.12965 0.76239 0.63400
vn -0.11857 0.20637 0.97126
vn 0.11109 0.42482 0.89844
vn 0.12615 0.83789 0.53107
vn 0.04890 0.26518 0.96296
vn 0.19030 0.05945 0.97992
vn 0.05673 -0.93183 -0.35845
vn 0.15138 -0.86452 -0.47925
vn 0.26317 -0.58890 -0.76416
vn 0.20876 -0.49991 -0.84054
vn 0.31119 -0.02955 -0.94989
vn 0.37447 -0.08430 -0.92340
vn 0.07411 -0.80165 -0.59318
vn 0.18754 -0.05751 -0.98057
vn 0.06462 -0.50299 -0.86187
vn 0.23688 0.10864 -0.96545
vn 0.38946 0.14251 -0.90995
vn 0.20597 -0.00755 -0.97853
vn -0.04337 -0.01425 -0.99896
vn -0.02119 0.07942 -0.99662
vn -0.06353 -0.08051 -0.99473
vn 0.08160 -0.77758 -0.62346
vn -0.00070 -0.77789 -0.62840
vn -0.10103 -0.51351 -0.85212
vn -0.11197 0.07539 -0.99085
vn -0.07037 -0.14140 -0.98745
vn -0.12474 -0.04065 -0.99136
vn -0.09586 -0.05687 -0.99377
vn -0.19325 -0.04824 -0.97996
vn -0.18642 -0.12470 -0.97452
vn -0.00373 -0.08150 -0.99667
vn 0.09962 -0.00810 -0.99499
vn 0.07966 0.16630 -0.98285
vn 0.15264 0.09164 -0.98402
vn 0.10117 -0.40301 -0.90959
vn -0.04890 -0.58566 -0.80908
vn -0.09411 -0.77252 -0.62797
vn -0.03751 -0.95451 -0.29580
vn 0.01409 -0.99817 -0.05884
vn 0.03635 -0.97392 -0.22395
vn 0.00224 -0.81714 -0.57644
vn 0.14089 0.00241 -0.99002
vn 0.15450 -0.36067 -0.91981
vn 0.09757 -0.67495 -0.73139
vn 0.16864 0.17506 -0.97001
vn 0.23053 -0.04626 -0.97196
vn 0.15705 -0.13164 -0.97878
vn -0.21430 -0.06092 -0.97487
vn 0.03267 0.03644 -0.99880
vn 0.33809 -0.06708 -0.93872
vn 0.18965 0.06688 -0.97957
vn 0.28655 0.10422 -0.95238
vn 0.25664 -0.24695 -0.93443
vn 0.22002 -0.65950 -0.71878
vn 0.08128 -0.92583 -0.36908
vn 0.20352 -0.89322 -0.40093
vn 0.45345 -0.47203 -0.75602
vn 0.43780 -0.02029 -0.89884
vn 0.39693 0.13506 -0.90786
vn 0.39276 0.00251 -0.91964
vn 0.37228 -0.01304 -0.92803
vn 0.25640 -0.02324 -0.96629
vn 0.01518 0.05255 -0.99850
vn 0.16060 -0.02891 -0.98660
vn 0.28750 -0.08353 -0.95413
vn 0.47844 -0.06536 -0.87568
vn 0.51173 -0.00633 -0.85912
vn 0.56872 0.00188 -0.82253
vn 0.49877 0.05750 -0.86482
vn 0.51574 -0.01371 -0.85664
vn 0.42796 -0.39176 -0.81448
vn 0.32907 -0.73174 -0.59688
vn 0.10817 -0.96700 -0.23066
vn 0.32372 -0.81992 -0.47217
vn 0.34057 -0.58449 -0.73647
vn 0.60891 -0.05889 -0.79105
vn 0.49068 -0.37131 -0.78826
vn 0.62517 0.08342 -0.77602
vn 0.67499 -0.00988 -0.73776
vn 0.61500 -0.01319 -0.78842
vn 0.63417 -0.10239 -0.76638
vn 0.38199 -0.08815 -0.91995
vn 0.53073 -0.02778 -0.84708
vn 0.64545 -0.10556 -0.75647
vn 0.69231 -0.07338 -0.71786
vn 0.66183 -0.01657 -0.74947
vn 0.76347 -0.00991 -0.64577
vn 0.70620 0.01882 -0.70776
vn 0.71472 0.06637 -0.69625
vn 0.73534 -0.21584 -0.64241
vn 0.54293 -0.57080 -0.61597
vn 0.67713 -0.63526 -0.37140
vn 0.86343 -0.16200 -0.47774
vn 0.83323 0.05179 -0.55050
vn 0.88937 0.05107 -0.45432
vn 0.87850 0.00582 -0.47771
vn 0.91892 -0.05942 -0.38994
vn 0.77240 0.01657 -0.63493
vn 0.69218 0.14907 -0.70617
vn 0.48959 0.55857 -0.66956
vn 0.41179 0.35738 -0.83828
vn 0.10033 0.99484 -0.01477
vn 0.64626 0.70494 -0.29225
vn 0.12423 0.97616 -0.17800
vn 0.96857 0.24743 0.02545
vn 0.97174 -0.07983 -0.22213
vn 0.98151 -0.01254 -0.19100
vn 0.97240 0.00441 -0.23330
vn 0.95233 0.04992 -0.30095
vn 0.94302 0.08261 -0.32231
vn 0.94617 0.09171 -0.31042
vn 0.77557 -0.63056 0.02966
vn 0.98013 -0.15362 -0.12550
vn 0.99699 0.07751 0.00062
vn 0.98898 0.10028 0.10890
vn 0.999862 0.00591 -0.01552
vn 0.98729 -0.01385 0.15831
vn 0.99842 -0.04210 -0.03721
vn 0.99758 -0.06943 -0.00238
vn 0.66579 0.60349 0.43877
vn 0.25314 0.92748 0.27512
vn 0.92078 0.05612 0.38602
vn -0.11274 0.96972 0.21664
vn 0.06851 0.94352 0.32416
vn 0.20252 0.81641 0.54080
vn 0.71493 0.24166 0.65611
vn 0.35597 0.59633 0.71950
vn 0.83994 -0.02044 0.54229
vn 0.69077 -0.03893 0.72203
vn 0.87038 -0.00817 0.49232
vn 0.89562 0.01202 0.44467
vn 0.89332 0.10209 0.43767
vn 0.94862 -0.12931 0.28877
vn 0.76711 -0.18716 0.61361
vn 0.74107 0.03467 0.67054
vn 0.72926 -0.00769 0.68419
vn 0.70550 0.00338 0.70870
vn 0.68583 -0.01217 0.72766
vn 0.67274 -0.00822 0.73983
vn 0.65830 -0.01817 0.75254
vn 0.26612 0.16082 0.95043
vn 0.30925 -0.03351 0.95039
vn 0.17081 0.63606 0.75249
vn 0.18002 0.54831 0.81667
vn 0.03834 0.96049 0.27565
vn -0.11457 0.99329 -0.01563
vn -0.11327 0.98878 0.09734
vn -0.13577 0.97385 -0.18214
vn -0.15180 0.94361 0.29419
vn -0.19326 0.97334 0.12356
vn -0.03885 0.67088 0.74055
vn 0.16080 0.18603 0.96930
vn 0.15302 0.02486 0.98791
vn 0.12858 0.17322 0.97645
vn 0.09457 -0.07342 0.99281
vn 0.33728 -0.00875 0.94136
vn 0.37801 0.00643 0.92578
vn 0.08058 0.00644 0.99673
vn 0.08545 -0.01116 0.99628
vn -0.11868 0.96178 -0.24675
vn -0.13918 0.98919 0.04618
vn -0.13430 0.92724 0.34955
vn -0.08121 0.98794 0.13187
vn -0.17988 0.92289 -0.34048
vn 0.14246 0.79465 -0.59012
vn 0.27852 0.05208 -0.95902
vn 0.00687 0.33239 -0.94312
vn 0.06873 0.00934 0.99759
vn 0.09141 0.00931 0.99577
vn 0.08446 0.06394 0.99437
vn 0.13765 -0.01501 0.99037
vn 0.08597 -0.08150 0.99296
vn 0.12289 -0.28946 0.94927
vn 0.10118 -0.20305 0.97393
vn 0.06948 0.01045 0.99753
vn 0.34118 -0.02613 0.93964
vn 0.04648 -0.18457 0.98172
vn 0.00777 -0.67145 0.74101
vn 0.05475 -0.60834 0.79179
vn -0.01346 -0.33701 0.94140
vn 0.02010 -0.91924 0.39319
vn -0.01269 -0.97637 0.21573
vn 0.25076 -0.40593 0.87883
vn 0.53709 -0.70232 0.46720
vn 0.13058 -0.82654 0.54752
vn -0.03940 -0.97885 0.20076
vn -0.03169 -0.999383 -0.01516
vn -0.01174 -0.99893 -0.04470
vn 0.25790 -0.96012 0.10799
vn 0.29848 -0.94277 -0.14865

# No. texture coordinates 1052:
vt 0.19883 0.21215
vt 0.19320 0.20836
vt 0.19512 0.21571
vt 0.20254 0.20770
vt 0.20187 0.21267
vt 0.20055 0.21627
vt 0.18714 0.21615
vt 0.19207 0.22041
vt 0.19719 0.22117
vt 0.19715 0.20054
vt 0.18298 0.20846
vt 0.18841 0.20107
vt 0.72085 0.33993
vt 0.71240 0.33435
vt 0.71062 0.34336
vt 0.71557 0.34475
vt 0.70358 0.33696
vt 0.20437 0.19857
vt 0.71829 0.34747
vt 0.72193 0.35153
vt 0.72454 0.34602
vt 0.72892 0.34936
vt 0.31741 0.24024
vt 0.32510 0.23898
vt 0.32154 0.23482
vt 0.32678 0.23391
vt 0.32351 0.22927
vt 0.18748 0.22364
vt 0.18098 0.22105
vt 0.17876 0.21512
vt 0.13522 0.63411
vt 0.12705 0.63420
vt 0.13043 0.64216
vt 0.17562 0.21069
vt 0.13925 0.64493
vt 0.14493 0.63989
vt 0.14685 0.64756
vt 0.19395 0.19540
vt 0.19932 0.19595
vt 0.70550 0.32950
vt 0.70008 0.33222
vt 0.20205 0.19381
vt 0.20558 0.19330
vt 0.72026 0.33088
vt 0.71398 0.32551
vt 0.72647 0.34236
vt 0.72943 0.34428
vt 0.30868 0.23955
vt 0.31489 0.23195
vt 0.73510 0.34352
vt 0.31124 0.24603
vt 0.31877 0.22247
vt 0.18044 0.22788
vt 0.17630 0.22356
vt 0.17575 0.21950
vt 0.17175 0.21648
vt 0.12399 0.62354
vt 0.12039 0.63216
vt 0.14329 0.63177
vt 0.15305 0.64469
vt 0.19343 0.18912
vt 0.19817 0.19239
vt 0.20156 0.18957
vt 0.69831 0.32679
vt 0.21151 0.07892
vt 0.20878 0.07226
vt 0.20621 0.07699
vt 0.70524 0.32302
vt 0.72508 0.32337
vt 0.73059 0.33062
vt 0.73174 0.33892
vt 0.30621 0.23324
vt 0.30759 0.22451
vt 0.31379 0.21463
vt 0.17305 0.22738
vt 0.17383 0.23456
vt 0.17141 0.22226
vt 0.11322 0.62596
vt 0.16409 0.22193
vt 0.16770 0.22591
vt 0.16839 0.23025
vt 0.30363 0.21616
vt 0.30838 0.20808
vt 0.16977 0.24326
vt 0.16523 0.23575
vt 0.29989 0.23090
vt 0.29447 0.22476
vt 0.29836 0.23901
vt 0.30167 0.24721
vt 0.30660 0.25226
vt 0.74059 0.33847
vt 0.74030 0.33234
vt 0.30358 0.25639
vt 0.30013 0.25429
vt 0.74414 0.33505
vt 0.29330 0.23348
vt 0.29529 0.21588
vt 0.30038 0.21021
vt 0.30294 0.20586
vt 0.16059 0.24335
vt 0.16525 0.24761
vt 0.30570 0.20249
vt 0.15563 0.23627
vt 0.16156 0.22946
vt 0.15777 0.22620
vt 0.15255 0.23122
vt 0.10110 0.61741
vt 0.08969 0.61301
vt 0.09606 0.62372
vt 0.08836 0.62178
vt 0.15186 0.24340
vt 0.16080 0.25023
vt 0.15402 0.24943
vt 0.30425 0.19747
vt 0.30085 0.20209
vt 0.29822 0.20596
vt 0.29217 0.20944
vt 0.28499 0.21845
vt 0.28484 0.22669
vt 0.28644 0.23239
vt 0.28680 0.24048
vt 0.29208 0.24736
vt 0.27890 0.23692
vt 0.27954 0.23130
vt 0.27827 0.22583
vt 0.28084 0.20791
vt 0.28877 0.20538
vt 0.29426 0.20243
vt 0.29868 0.19737
vt 0.15713 0.25287
vt 0.16096 0.25499
vt 0.14961 0.25259
vt 0.15276 0.25513
vt 0.14521 0.24941
vt 0.08058 0.61731
vt 0.07751 0.60609
vt 0.14625 0.25686
vt 0.15694 0.25622
vt 0.15529 0.25912
vt 0.15147 0.25983
vt 0.29142 0.19541
vt 0.29787 0.19329
vt 0.28729 0.20190
vt 0.27648 0.21507
vt 0.27105 0.21204
vt 0.27483 0.22055
vt 0.27429 0.23041
vt 0.26999 0.22666
vt 0.27451 0.23414
vt 0.26932 0.23217
vt 0.26812 0.22106
vt 0.26228 0.22479
vt 0.26501 0.22908
vt 0.27071 0.21706
vt 0.28106 0.19894
vt 0.28483 0.19216
vt 0.29138 0.18796
vt 0.29641 0.19067
vt 0.29718 0.18632
vt 0.14771 0.26384
vt 0.29459 0.18161
vt 0.28353 0.18633
vt 0.28908 0.18280
vt 0.27515 0.19241
vt 0.26501 0.20460
vt 0.26335 0.21665
vt 0.25483 0.22261
vt 0.27671 0.38845
vt 0.27847 0.38170
vt 0.27254 0.38323
vt 0.27185 0.38852
vt 0.27324 0.39247
vt 0.26873 0.39261
vt 0.27142 0.39740
vt 0.26508 0.39964
vt 0.27011 0.23741
vt 0.26270 0.39151
vt 0.25795 0.39832
vt 0.25986 0.40826
vt 0.27637 0.24513
vt 0.26758 0.38634
vt 0.27258 0.37677
vt 0.26764 0.37984
vt 0.24614 0.22202
vt 0.25370 0.21508
vt 0.27980 0.37497
vt 0.26099 0.19023
vt 0.25092 0.20011
vt 0.27535 0.18245
vt 0.24281 0.20496
vt 0.24909 0.20857
vt 0.24464 0.21531
vt 0.27930 0.36581
vt 0.27405 0.37145
vt 0.23678 0.21958
vt 0.26781 0.37541
vt 0.26783 0.37050
vt 0.26341 0.37419
vt 0.26121 0.38326
vt 0.25712 0.37749
vt 0.25355 0.38351
vt 0.25593 0.39020
vt 0.26224 0.36404
vt 0.25567 0.36979
vt 0.05990 0.67383
vt 0.05222 0.66819
vt 0.05313 0.67838
vt 0.05836 0.67933
vt 0.82014 0.79535
vt 0.81432 0.79748
vt 0.82139 0.80196
vt 0.81245 0.80488
vt 0.27229 0.36589
vt 0.27439 0.35995
vt 0.28004 0.35831
vt 0.23968 0.21108
vt 0.23337 0.21245
vt 0.23438 0.20557
vt 0.24060 0.19924
vt 0.24738 0.19299
vt 0.25086 0.18733
vt 0.25562 0.18177
vt 0.24362 0.18797
vt 0.24655 0.18243
vt 0.23763 0.19242
vt 0.23129 0.19828
vt 0.22836 0.20328
vt 0.22925 0.20769
vt 0.27612 0.35416
vt 0.28070 0.35193
vt 0.80928 0.79292
vt 0.81508 0.79129
vt 0.80946 0.78795
vt 0.80694 0.79815
vt 0.26087 0.35482
vt 0.25409 0.36050
vt 0.26733 0.35715
vt 0.25058 0.37678
vt 0.62775 0.12828
vt 0.62320 0.13394
vt 0.63031 0.13655
vt 0.62556 0.13900
vt 0.62862 0.14305
vt 0.63379 0.14345
vt 0.24692 0.38357
vt 0.67443 0.04497
vt 0.67644 0.05037
vt 0.68060 0.04442
vt 0.25041 0.36623
vt 0.26588 0.35058
vt 0.27057 0.35159
vt 0.80341 0.79281
vt 0.80552 0.78949
vt 0.27744 0.34781
vt 0.27395 0.35180
vt 0.28080 0.34861
vt 0.28377 0.34912
vt 0.28180 0.34502
vt 0.28547 0.34530
vt 0.22589 0.19980
vt 0.22902 0.19161
vt 0.22404 0.19590
vt 0.23616 0.18460
vt 0.21988 0.19158
vt 0.22561 0.18534
vt 0.28666 0.33587
vt 0.28872 0.34217
vt 0.29387 0.33757
vt 0.28454 0.34133
vt 0.27930 0.33866
vt 0.27452 0.34347
vt 0.27312 0.34791
vt 0.26942 0.34484
vt 0.26125 0.34473
vt 0.25369 0.35077
vt 0.24868 0.35653
vt 0.24648 0.36337
vt 0.66921 0.04786
vt 0.24263 0.64434
vt 0.24577 0.65007
vt 0.24777 0.64558
vt 0.23966 0.64955
vt 0.25129 0.64546
vt 0.67238 0.05319
vt 0.66875 0.05447
vt 0.24943 0.64091
vt 0.25522 0.63931
vt 0.25143 0.63440
vt 0.25693 0.63358
vt 0.25560 0.34505
vt 0.25924 0.63477
vt 0.26766 0.33840
vt 0.26276 0.33535
vt 0.25465 0.33988
vt 0.27322 0.33772
vt 0.73744 0.25576
vt 0.74243 0.25024
vt 0.73624 0.24463
vt 0.74366 0.24362
vt 0.28248 0.32799
vt 0.74974 0.24994
vt 0.74937 0.24113
vt 0.75657 0.24252
vt 0.76087 0.24806
vt 0.76473 0.24113
vt 0.76052 0.23479
vt 0.75591 0.24986
vt 0.25586 0.62830
vt 0.26250 0.63154
vt 0.26365 0.62413
vt 0.24337 0.63649
vt 0.24588 0.62819
vt 0.23625 0.63988
vt 0.23301 0.64647
vt 0.23502 0.65345
vt 0.61925 0.13641
vt 0.61571 0.13714
vt 0.61853 0.14228
vt 0.62211 0.13889
vt 0.62372 0.14341
vt 0.22705 0.65262
vt 0.61593 0.14890
vt 0.62106 0.14843
vt 0.22955 0.63959
vt 0.22191 0.64433
vt 0.23336 0.63182
vt 0.25171 0.62378
vt 0.24621 0.62049
vt 0.23752 0.62326
vt 0.25690 0.62272
vt 0.25982 0.61757
vt 0.26802 0.61912
vt 0.76646 0.24763
vt 0.76330 0.25292
vt 0.75854 0.25289
vt 0.75473 0.25517
vt 0.75928 0.25799
vt 0.26791 0.61257
vt 0.27284 0.61643
vt 0.27379 0.61180
vt 0.76499 0.25710
vt 0.25894 0.61037
vt 0.25031 0.61347
vt 0.25319 0.61949
vt 0.23780 0.61532
vt 0.23201 0.61986
vt 0.22825 0.62424
vt 0.22351 0.63018
vt 0.22406 0.63587
vt 0.21723 0.65540
vt 0.20937 0.64630
vt 0.21351 0.63428
vt 0.21889 0.62526
vt 0.22426 0.61648
vt 0.24236 0.60745
vt 0.25235 0.60448
vt 0.26390 0.60497
vt 0.27135 0.60804
vt 0.76307 0.26156
vt 0.77379 0.37599
vt 0.77797 0.37399
vt 0.77481 0.37001
vt 0.27238 0.60317
vt 0.27598 0.60810
vt 0.26538 0.59832
vt 0.25853 0.59991
vt 0.23146 0.60464
vt 0.21906 0.60550
vt 0.21199 0.61496
vt 0.21412 0.62110
vt 0.21022 0.62623
vt 0.20015 0.63892
vt 0.19658 0.64899
vt 0.20208 0.62988
vt 0.20411 0.62186
vt 0.24179 0.60026
vt 0.25138 0.59539
vt 0.25954 0.59639
vt 0.26349 0.59044
vt 0.23514 0.59804
vt 0.22938 0.59567
vt 0.22487 0.60048
vt 0.22050 0.59703
vt 0.21129 0.59907
vt 0.20759 0.60817
vt 0.20134 0.61500
vt 0.19601 0.61989
vt 0.19467 0.62577
vt 0.19174 0.63317
vt 0.18882 0.62155
vt 0.18567 0.62823
vt 0.19245 0.61516
vt 0.19739 0.60922
vt 0.20206 0.60264
vt 0.20530 0.59752
vt 0.21559 0.59167
vt 0.20742 0.59211
vt 0.22366 0.59033
vt 0.23914 0.59304
vt 0.23242 0.58793
vt 0.24576 0.58347
vt 0.23167 0.57976
vt 0.22588 0.58485
vt 0.21897 0.58539
vt 0.21249 0.58650
vt 0.38421 0.38410
vt 0.39225 0.38264
vt 0.38866 0.37705
vt 0.38110 0.37774
vt 0.39675 0.37893
vt 0.39360 0.37457
vt 0.39940 0.37338
vt 0.40296 0.37783
vt 0.40780 0.37512
vt 0.40666 0.36903
vt 0.41446 0.37191
vt 0.41380 0.36540
vt 0.42156 0.36871
vt 0.42044 0.36234
vt 0.18156 0.62431
vt 0.42825 0.36549
vt 0.18149 0.63484
vt 0.17775 0.63060
vt 0.42887 0.37159
vt 0.43574 0.36814
vt 0.43490 0.36224
vt 0.42186 0.37472
vt 0.41484 0.37752
vt 0.40831 0.37985
vt 0.40261 0.38135
vt 0.39846 0.38426
vt 0.39211 0.38804
vt 0.37545 0.38108
vt 0.37384 0.38829
vt 0.38399 0.39174
vt 0.21570 0.58096
vt 0.22296 0.58041
vt 0.22580 0.57507
vt 0.22019 0.57673
vt 0.36956 0.38315
vt 0.37394 0.39611
vt 0.06618 0.57436
vt 0.05667 0.56891
vt 0.06118 0.57981
vt 0.07379 0.57906
vt 0.06974 0.58295
vt 0.08012 0.58283
vt 0.07699 0.58790
vt 0.08446 0.58971
vt 0.08478 0.58470
vt 0.08925 0.58865
vt 0.09135 0.59569
vt 0.09514 0.59229
vt 0.09780 0.59866
vt 0.10184 0.59576
vt 0.10430 0.60347
vt 0.10849 0.59959
vt 0.11112 0.60624
vt 0.11519 0.60339
vt 0.44258 0.36486
vt 0.11821 0.61127
vt 0.12194 0.60683
vt 0.43406 0.35598
vt 0.44159 0.35919
vt 0.44766 0.36196
vt 0.12709 0.61394
vt 0.12761 0.60858
vt 0.10986 0.61442
vt 0.09710 0.60599
vt 0.08404 0.59878
vt 0.06943 0.59290
vt 0.05469 0.58687
vt 0.04907 0.57275
vt 0.06137 0.59784
vt 0.05353 0.59566
vt 0.06900 0.60295
vt 0.10738 0.62104
vt 0.13729 0.62221
vt 0.13344 0.61200
vt 0.45341 0.35386
vt 0.44789 0.35770
vt 0.45443 0.36048
vt 0.46085 0.35699
vt 0.14026 0.61469
vt 0.46312 0.34910
vt 0.46773 0.35614
vt 0.14512 0.61962
vt 0.45179 0.34387
vt 0.44277 0.35138
vt 0.17523 0.64189
vt 0.18330 0.65087
vt 0.18792 0.64161
vt 0.16993 0.65111
vt 0.47372 0.35186
vt 0.15224 0.62164
vt 0.14753 0.62697
vt 0.15533 0.62998
vt 0.15052 0.63531
vt 0.47255 0.34450
vt 0.48061 0.34732
vt 0.16000 0.62440
vt 0.45939 0.34185
vt 0.46543 0.34034
vt 0.17825 0.66058
vt 0.16898 0.65848
vt 0.16331 0.65559
vt 0.16944 0.66487
vt 0.16431 0.66039
vt 0.15827 0.65933
vt 0.16189 0.66532
vt 0.15451 0.66526
vt 0.47166 0.33650
vt 0.47979 0.33915
vt 0.48602 0.34322
vt 0.16622 0.62687
vt 0.16269 0.63208
vt 0.15854 0.63824
vt 0.16596 0.63914
vt 0.16168 0.64639
vt 0.16930 0.63265
vt 0.48747 0.33681
vt 0.07461 0.67092
vt 0.08099 0.67442
vt 0.08037 0.66808
vt 0.48173 0.33131
vt 0.47603 0.33277
vt 0.15890 0.67064
vt 0.15297 0.67077
vt 0.16705 0.67377
vt 0.17779 0.67123
vt 0.18882 0.66882
vt 0.19170 0.65871
vt 0.19992 0.66575
vt 0.20431 0.65684
vt 0.16097 0.67446
vt 0.15652 0.67511
vt 0.14965 0.67576
vt 0.15572 0.68122
vt 0.14809 0.68379
vt 0.08701 0.67887
vt 0.07985 0.68342
vt 0.07517 0.67762
vt 0.06876 0.67605
vt 0.06820 0.66889
vt 0.07143 0.68381
vt 0.15653 0.68793
vt 0.64002 0.11830
vt 0.63076 0.11594
vt 0.63331 0.12402
vt 0.63922 0.11179
vt 0.16185 0.67874
vt 0.16287 0.68607
vt 0.17817 0.68225
vt 0.16821 0.68192
vt 0.18505 0.67616
vt 0.17183 0.68951
vt 0.16657 0.69414
vt 0.16129 0.69050
vt 0.64611 0.11339
vt 0.64418 0.10961
vt 0.64207 0.12531
vt 0.64897 0.11910
vt 0.63543 0.13061
vt 0.06423 0.68229
vt 0.22395 0.06768
vt 0.22263 0.07539
vt 0.22958 0.07319
vt 0.22736 0.08118
vt 0.80486 0.28800
vt 0.79810 0.29041
vt 0.80401 0.29685
vt 0.80998 0.29367
vt 0.22065 0.08236
vt 0.79962 0.28070
vt 0.79294 0.28294
vt 0.65467 0.11332
vt 0.66100 0.11832
vt 0.79346 0.27049
vt 0.65020 0.10695
vt 0.17447 0.69755
vt 0.18929 0.68204
vt 0.19184 0.67606
vt 0.19816 0.67339
vt 0.75172 0.83518
vt 0.75158 0.82573
vt 0.74150 0.83183
vt 0.75985 0.83028
vt 0.20343 0.67740
vt 0.20708 0.67173
vt 0.19808 0.68115
vt 0.19534 0.68819
vt 0.18754 0.68982
vt 0.18090 0.69420
vt 0.65757 0.10145
vt 0.65795 0.10766
vt 0.80155 0.27151
vt 0.80628 0.27973
vt 0.71860 0.30740
vt 0.71892 0.31346
vt 0.72651 0.30806
vt 0.71087 0.31294
vt 0.79810 0.26387
vt 0.72569 0.30291
vt 0.66309 0.11135
vt 0.66414 0.10446
vt 0.18107 0.70157
vt 0.66467 0.09777
vt 0.18571 0.69959
vt 0.18909 0.69765
vt 0.19350 0.69357
vt 0.20189 0.68846
vt 0.63281 0.19597
vt 0.63813 0.19502
vt 0.63602 0.18914
vt 0.63697 0.19972
vt 0.20472 0.68239
vt 0.20905 0.67866
vt 0.08664 0.62866
vt 0.08300 0.63485
vt 0.08935 0.63463
vt 0.07942 0.62707
vt 0.20986 0.68592
vt 0.09398 0.63010
vt 0.64180 0.18561
vt 0.63590 0.18101
vt 0.64175 0.19234
vt 0.64146 0.19831
vt 0.63994 0.20477
vt 0.68815 0.85322
vt 0.69009 0.84800
vt 0.68361 0.84933
vt 0.68314 0.85441
vt 0.18657 0.70295
vt 0.19028 0.69909
vt 0.18368 0.70762
vt 0.67114 0.10017
vt 0.67062 0.10796
vt 0.78742 0.26251
vt 0.78145 0.26142
vt 0.78494 0.26890
vt 0.79254 0.25838
vt 0.79894 0.25637
vt 0.73281 0.30246
vt 0.73598 0.30904
vt 0.72744 0.31526
vt 0.74093 0.30201
vt 0.73727 0.29813
vt 0.79456 0.25179
vt 0.78444 0.25344
vt 0.79009 0.25096
vt 0.67647 0.10418
vt 0.77744 0.25563
vt 0.18959 0.71190
vt 0.19184 0.70503
vt 0.18390 0.71421
vt 0.69369 0.85114
vt 0.64593 0.19646
vt 0.64441 0.20180
vt 0.64997 0.20271
vt 0.64649 0.19005
vt 0.64412 0.17719
vt 0.64683 0.18427
vt 0.63492 0.17276
vt 0.64028 0.16781
vt 0.64997 0.18174
vt 0.23110 0.40321
vt 0.22342 0.41027
vt 0.23280 0.41110
vt 0.22793 0.41724
vt 0.22228 0.41705
vt 0.65188 0.18755
vt 0.65095 0.19491
vt 0.65514 0.20032
vt 0.65584 0.20697
vt 0.65916 0.20398
vt 0.18916 0.71740
vt 0.66200 0.20823
vt 0.77734 0.24938
vt 0.78185 0.24716
vt 0.81908 0.75189
vt 0.82622 0.74823
vt 0.82207 0.74541
vt 0.82459 0.75445
vt 0.82942 0.75298
vt 0.79240 0.24703
vt 0.74246 0.29672
vt 0.22582 0.44073
vt 0.22829 0.44816
vt 0.23469 0.44289
vt 0.22296 0.44687
vt 0.74630 0.30841
vt 0.21856 0.44295
vt 0.21546 0.43784
vt 0.21340 0.44246
vt 0.22038 0.43726
vt 0.21116 0.43893
vt 0.20830 0.44258
vt 0.66294 0.20296
vt 0.66020 0.19868
vt 0.65619 0.19344
vt 0.21791 0.42149
vt 0.22131 0.42685
vt 0.22377 0.42150
vt 0.21477 0.42782
vt 0.22911 0.42528
vt 0.23511 0.41906
vt 0.23799 0.40433
vt 0.24013 0.41265
vt 0.24260 0.41968
vt 0.23753 0.42682
vt 0.23171 0.43372
vt 0.22431 0.43260
vt 0.21800 0.43257
vt 0.21238 0.43378
vt 0.24023 0.43534
vt 0.24173 0.44185
vt 0.74167 0.31355
vt 0.74737 0.31532
vt 0.24733 0.42798
vt 0.24702 0.41310
vt 0.24936 0.41959
vt 0.24468 0.40637
vt 0.23727 0.39504
vt 0.24347 0.39949
vt 0.24748 0.40194
vt 0.25159 0.40554
vt 0.25328 0.41429
vt 0.28137 0.26049
vt 0.28789 0.25621
vt 0.27939 0.25337
vt 0.28723 0.26681
vt 0.85234 0.29862
vt 0.85573 0.28829
vt 0.84787 0.29187
vt 0.24924 0.43866
vt 0.84524 0.28377
vt 0.74215 0.31995
vt 0.75045 0.32284
vt 0.73556 0.31644
vt 0.73055 0.31942
vt 0.73415 0.32274
vt 0.74465 0.32388
vt 0.73987 0.32576
vt 0.74807 0.33163
vt 0.75466 0.32908
vt 0.74473 0.32752
vt 0.29509 0.25712
vt 0.29301 0.26234
vt 0.30015 0.26050
vt 0.28451 0.24852
vt 0.29511 0.25243
vt 0.24999 0.39662
vt 0.24422 0.39364
vt 0.24874 0.38921
vt 0.71923 0.31912
vt 0.71177 0.31859
vt 0.70424 0.31730
vt 0.69971 0.32142
vt 0.81101 0.28625
vt 0.21702 0.08810
vt 0.21553 0.08277
vt 0.21738 0.07798
vt 0.21630 0.07119
vt 0.15577 0.65113
vt 0.24265 0.38861
vt 0.63595 0.14964
vt 0.63149 0.14748
vt 0.63201 0.15244
vt 0.63764 0.15790
vt 0.62682 0.14944
vt 0.62275 0.15389
vt 0.62836 0.15809
vt 0.62217 0.15980
vt 0.62668 0.16641
vt 0.63273 0.16575
vt 0.61851 0.15404
vt 0.21961 0.66256
vt 0.22635 0.66177
vt 0.22450 0.65760
vt 0.21524 0.66921
vt 0.21040 0.66391
vt 0.62966 0.17169
vt 0.21295 0.67479
vt 0.07182 0.61156
vt 0.13705 0.25602
vt 0.06393 0.60620
vt 0.13074 0.26317
vt 0.13944 0.26447
vt 0.13219 0.27040
vt 0.14031 0.27333
vt 0.29388 0.17396
vt 0.28340 0.17436
vt 0.28938 0.17841
vt 0.12254 0.26380
vt 0.12498 0.26883
vt 0.13257 0.27799
vt 0.12531 0.27529
vt 0.27334 0.17330
vt 0.27908 0.16644
vt 0.28444 0.18094
vt 0.26486 0.17923
vt 0.26464 0.17163
vt 0.27056 0.16568
vt 0.27552 0.15972
vt 0.12634 0.28234
vt 0.12174 0.27251
vt 0.11834 0.27082
vt 0.11869 0.27582
vt 0.12056 0.28076
vt 0.26720 0.15935
vt 0.27178 0.15311
vt 0.12121 0.28826
vt 0.26196 0.16540
vt 0.25888 0.17567
vt 0.25814 0.17094
vt 0.25111 0.17538
vt 0.25229 0.16676
vt 0.25797 0.15773
vt 0.26482 0.15415
vt 0.26632 0.14950
vt 0.11818 0.29386
vt 0.11380 0.29001
vt 0.11625 0.28426
vt 0.11531 0.27973
vt 0.11108 0.27658
vt 0.04582 0.59054
vt 0.03957 0.57924
vt 0.03998 0.58690
vt 0.10601 0.28124
vt 0.11033 0.28324
vt 0.11360 0.29699
vt 0.10936 0.29349
vt 0.10814 0.28899
vt 0.26130 0.15081
vt 0.26331 0.14480
vt 0.24449 0.15895
vt 0.24103 0.17103
vt 0.24281 0.17858
vt 0.23608 0.17743
vt 0.22992 0.16550
vt 0.25430 0.14856
vt 0.25816 0.14160
vt 0.10718 0.29821
vt 0.26344 0.13806
vt 0.10402 0.29252
vt 0.10403 0.28585
vt 0.03503 0.58626
vt 0.02942 0.58109
vt 0.09784 0.29013
vt 0.10009 0.29874
vt 0.26257 0.13163
vt 0.25798 0.13638
vt 0.25243 0.14075
vt 0.24335 0.14684
vt 0.23422 0.15576
vt 0.23051 0.17389
vt 0.23017 0.17996
vt 0.22320 0.17861
vt 0.22288 0.17223
vt 0.22143 0.15805
vt 0.23076 0.14836
vt 0.23842 0.13974
vt 0.24675 0.13829
vt 0.25330 0.13284
vt 0.25785 0.12729
vt 0.09347 0.29621
vt 0.28194 0.09100
vt 0.27661 0.09396
vt 0.28216 0.09798
vt 0.02856 0.57310
vt 0.02351 0.57655
vt 0.02134 0.57102
vt 0.27913 0.08619
vt 0.27739 0.09025
vt 0.25155 0.12644
vt 0.27028 0.09423
vt 0.27396 0.09116
vt 0.24550 0.13266
vt 0.22803 0.14129
vt 0.21983 0.14956
vt 0.21165 0.15630
vt 0.21691 0.16761
vt 0.20907 0.16300
vt 0.67535 0.17995
vt 0.67710 0.17391
vt 0.67060 0.17393
vt 0.20425 0.15979
vt 0.68014 0.18140
vt 0.67199 0.16461
vt 0.66521 0.16551
vt 0.66495 0.15512
vt 0.66593 0.14452
vt 0.65762 0.14531
vt 0.66016 0.13625
vt 0.65295 0.13493
vt 0.65639 0.12860
vt 0.65043 0.12743
vt 0.26974 0.08898
vt 0.27475 0.08808
vt 0.27280 0.08334
vt 0.64513 0.13272
vt 0.26390 0.08416
vt 0.65008 0.14127
vt 0.65247 0.14837
vt 0.65716 0.15858
vt 0.66275 0.17491
vt 0.67141 0.18333
vt 0.67790 0.18660
vt 0.68455 0.18906
vt 0.19837 0.16669
vt 0.20544 0.17203
vt 0.73824 0.28234
vt 0.73067 0.28423
vt 0.73738 0.29116
vt 0.67612 0.19401
vt 0.09687 0.25633
vt 0.08805 0.25538
vt 0.09292 0.26423
vt 0.08303 0.26415
vt 0.66358 0.19002
vt 0.66001 0.18096
vt 0.65768 0.17577
vt 0.65590 0.16865
vt 0.65016 0.15209
vt 0.64818 0.14615
vt 0.64425 0.14075
vt 0.26906 0.07451
vt 0.26096 0.07835
vt 0.63957 0.13614
vt 0.64410 0.14840
vt 0.64000 0.14171
vt 0.64902 0.16027
vt 0.65256 0.17324
vt 0.65679 0.17992
vt 0.65874 0.18408
vt 0.68368 0.81768
vt 0.68823 0.82732
vt 0.69306 0.81323
vt 0.67493 0.29116
vt 0.67317 0.29872
vt 0.67649 0.30212
vt 0.68438 0.80668
vt 0.69902 0.82491
vt 0.74723 0.28675
vt 0.74343 0.27452
vt 0.75392 0.27834
vt 0.75528 0.28637
vt 0.68051 0.82419
vt 0.67817 0.81189
vt 0.67722 0.81849
vt 0.67125 0.30294
vt 0.66835 0.31031
vt 0.67446 0.31266
vt 0.68118 0.30908
vt 0.68498 0.30163
vt 0.66778 0.32115
vt 0.65957 0.32055
vt 0.66045 0.33116
vt 0.65261 0.33134
vt 0.65373 0.33898
vt 0.64868 0.33801
vt 0.64796 0.34370
vt 0.64427 0.34152
vt 0.64342 0.35051
vt 0.65309 0.34878
vt 0.66003 0.34045
vt 0.66402 0.33522
vt 0.66768 0.33000
vt 0.67127 0.32480
vt 0.67483 0.31968
vt 0.67821 0.31455
vt 0.68986 0.30739
vt 0.68225 0.31734
vt 0.68981 0.29877
vt 0.28352 0.58113
vt 0.28754 0.58997
vt 0.29097 0.58489
vt 0.76089 0.28328
vt 0.75980 0.28952
vt 0.76376 0.27591
vt 0.75770 0.27152
vt 0.75125 0.26872
vt 0.75700 0.26458
vt 0.75252 0.26345
vt 0.74447 0.26357
vt 0.74958 0.26378
vt 0.76332 0.26780
vt 0.28363 0.59591
vt 0.28118 0.58834
vt 0.27565 0.59097
vt 0.27376 0.59679
vt 0.27974 0.60312
vt 0.27362 0.58434
vt 0.27394 0.57446
vt 0.67518 0.32849
vt 0.66790 0.33910
vt 0.24916 0.57049
vt 0.26349 0.56723
vt 0.25367 0.55980
vt 0.26170 0.57841
vt 0.75467 0.26023
vt 0.75011 0.25916
vt 0.74479 0.25594
vt 0.73543 0.26603
vt 0.28816 0.31920
vt 0.29114 0.32857
vt 0.73261 0.27538
vt 0.29424 0.31156
vt 0.29752 0.32107
vt 0.07754 0.25602
vt 0.20594 0.18192
vt 0.21470 0.17592
vt 0.21574 0.18464
vt 0.29992 0.33143
vt 0.23939 0.57483
vt 0.23770 0.56812
vt 0.23203 0.57279
vt 0.23090 0.56836
vt 0.22720 0.57072
vt 0.22637 0.56765
vt 0.23151 0.56345
vt 0.24219 0.56182
vt 0.24462 0.55355
vt 0.23613 0.55674
vt 0.35410 0.39920
vt 0.35312 0.38981
vt 0.34573 0.39380
vt 0.36337 0.39272
vt 0.35949 0.38796
vt 0.22218 0.57172
vt 0.36514 0.38635
vt 0.36499 0.39935
vt 0.04176 0.55586
vt 0.04320 0.56415
vt 0.04865 0.56379
vt 0.23610 0.55013
vt 0.34222 0.40024
vt 0.66237 0.34890
vt 0.65764 0.35715
vt 0.34084 0.40737
vt 0.34783 0.40564
vt 0.65012 0.35681
vt 0.03331 0.55385
vt 0.03674 0.56107
vt 0.04029 0.56864
vt 0.03296 0.56747
vt 0.02833 0.55840
vt 0.02669 0.55127
vt 0.27951 0.07190
vt 0.27284 0.06730
vt 0.27966 0.07920
vt 0.02399 0.56502

# No. faces 1472:

usemtl CaveWalls4

f 3/3/1475 2/2/1474 1/1/1473
f 1/1/1473 2/2/1474 4/4/1476
f 1/1/1473 4/4/1476 5/5/1477
f 1/1/1473 6/6/1478 3/3/1475
f 6/6/1478 1/1/1473 5/5/1477
f 8/8/1480 7/7/1479 3/3/1475
f 7/7/1479 2/2/1474 3/3/1475
f 3/3/1475 9/9/1481 8/8/1480
f 6/6/1478 9/9/1481 3/3/1475
f 2/2/1474 10/10/1482 4/4/1476
f 12/12/1484 2/2/1474 11/11/1483
f 2/2/1474 7/7/1479 11/11/1483
f 10/10/1482 2/2/1474 12/12/1484
f 4/15/1476 14/14/1486 13/13/1485
f 5/16/1477 4/15/1476 13/13/1485
f 15/17/1487 14/14/1486 4/15/1476
f 10/10/1482 15/18/1487 4/4/1476
f 6/19/1478 5/16/1477 13/13/1485
f 6/19/1478 16/21/1488 9/20/1481
f 13/13/1485 16/21/1488 6/19/1478
f 17/22/1489 9/20/1481 16/21/1488
f 18/25/1490 9/24/1481 17/23/1489
f 18/25/1490 8/26/1480 9/24/1481
f 8/26/1480 18/25/1490 19/27/1491
f 8/8/1480 19/28/1491 7/7/1479
f 19/28/1491 20/29/1492 7/7/1479
f 11/11/1483 7/7/1479 21/30/1493
f 7/7/1479 20/29/1492 21/30/1493
f 11/33/1483 23/32/1495 22/31/1494
f 21/30/1493 23/34/1495 11/11/1483
f 11/33/1483 22/31/1494 12/35/1484
f 12/35/1484 22/31/1494 24/36/1496
f 12/35/1484 24/36/1496 25/37/1497
f 25/38/1497 10/10/1482 12/12/1484
f 26/39/1498 15/18/1487 10/10/1482
f 10/10/1482 25/38/1497 26/39/1498
f 27/40/1499 14/14/1486 15/17/1487
f 15/17/1487 28/41/1500 27/40/1499
f 26/39/1498 29/42/1501 15/18/1487
f 15/18/1487 29/42/1501 28/43/1500
f 13/13/1485 14/14/1486 30/44/1502
f 30/44/1502 14/14/1486 31/45/1503
f 27/40/1499 31/45/1503 14/14/1486
f 13/13/1485 32/46/1504 16/21/1488
f 33/47/1505 17/22/1489 16/21/1488
f 33/47/1505 16/21/1488 32/46/1504
f 35/49/1507 17/23/1489 34/48/1506
f 36/50/1508 17/22/1489 33/47/1505
f 36/51/1508 34/48/1506 17/23/1489
f 18/25/1490 17/23/1489 35/49/1507
f 35/49/1507 19/27/1491 18/25/1490
f 35/49/1507 37/52/1509 19/27/1491
f 37/53/1509 20/29/1492 19/28/1491
f 38/54/1510 20/29/1492 37/53/1509
f 38/54/1510 39/55/1511 20/29/1492
f 21/30/1493 20/29/1492 39/55/1511
f 21/30/1493 40/56/1512 23/34/1495
f 39/55/1511 40/56/1512 21/30/1493
f 40/58/1512 41/57/1513 23/32/1495
f 23/32/1495 41/57/1513 22/31/1494
f 24/36/1496 22/31/1494 42/59/1514
f 43/60/1515 25/37/1497 24/36/1496
f 44/62/1516 25/38/1497 43/61/1515
f 44/62/1516 26/39/1498 25/38/1497
f 26/39/1498 44/62/1516 29/42/1501
f 29/42/1501 45/63/1517 28/43/1500
f 29/42/1501 44/62/1516 45/63/1517
f 27/40/1499 28/41/1500 46/64/1518
f 28/67/1500 45/66/1517 46/65/1518
f 27/40/1499 46/64/1518 47/68/1519
f 27/40/1499 47/68/1519 31/45/1503
f 48/69/1520 30/44/1502 31/45/1503
f 13/13/1485 30/44/1502 49/70/1521
f 49/70/1521 30/44/1502 48/69/1520
f 13/13/1485 49/70/1521 50/71/1522
f 32/46/1504 13/13/1485 50/71/1522
f 50/71/1522 33/47/1505 32/46/1504
f 36/50/1508 33/47/1505 50/71/1522
f 52/73/1524 35/49/1507 51/72/1523
f 34/48/1506 51/72/1523 35/49/1507
f 52/73/1524 37/52/1509 35/49/1507
f 53/74/1525 37/52/1509 52/73/1524
f 38/54/1510 37/53/1509 54/75/1526
f 37/53/1509 53/76/1525 54/75/1526
f 54/75/1526 55/77/1527 38/54/1510
f 39/55/1511 38/54/1510 55/77/1527
f 39/55/1511 55/77/1527 40/56/1512
f 56/78/1528 41/57/1513 40/58/1512
f 40/56/1512 55/77/1527 56/79/1528
f 57/80/1529 55/77/1527 54/75/1526
f 55/77/1527 57/80/1529 56/79/1528
f 58/81/1530 57/80/1529 54/75/1526
f 58/81/1530 54/75/1526 53/76/1525
f 59/82/1531 53/74/1525 52/73/1524
f 60/83/1532 53/74/1525 59/82/1531
f 61/85/1533 53/76/1525 60/84/1532
f 58/81/1530 53/76/1525 61/85/1533
f 63/87/1535 52/73/1524 62/86/1534
f 59/82/1531 52/73/1524 63/87/1535
f 52/73/1524 51/72/1523 62/86/1534
f 62/86/1534 51/72/1523 64/88/1536
f 51/72/1523 34/48/1506 64/88/1536
f 64/88/1536 34/48/1506 65/89/1537
f 34/48/1506 36/51/1508 65/89/1537
f 66/90/1538 65/89/1537 36/51/1508
f 66/91/1538 36/50/1508 50/71/1522
f 50/71/1522 49/70/1521 67/92/1539
f 67/92/1539 66/91/1538 50/71/1522
f 69/94/1541 66/90/1538 68/93/1540
f 65/89/1537 66/90/1538 69/94/1541
f 66/91/1538 67/92/1539 68/95/1540
f 62/86/1534 64/88/1536 70/96/1542
f 63/87/1535 62/86/1534 70/96/1542
f 71/97/1543 59/82/1531 63/87/1535
f 72/98/1544 59/82/1531 71/97/1543
f 60/83/1532 59/82/1531 72/98/1544
f 73/99/1545 60/83/1532 72/98/1544
f 74/100/1546 61/85/1533 60/84/1532
f 75/101/1547 74/100/1546 60/84/1532
f 75/102/1547 60/83/1532 73/99/1545
f 77/104/1549 61/85/1533 76/103/1548
f 61/85/1533 74/100/1546 76/103/1548
f 61/85/1533 77/104/1549 58/81/1530
f 57/80/1529 58/81/1530 77/104/1549
f 77/104/1549 79/106/1551 78/105/1550
f 76/103/1548 79/106/1551 77/104/1549
f 56/79/1528 77/104/1549 78/105/1550
f 57/80/1529 77/104/1549 56/79/1528
f 76/109/1548 80/108/1552 79/107/1551
f 81/110/1553 80/108/1552 76/109/1548
f 76/103/1548 74/100/1546 81/111/1553
f 83/113/1555 74/100/1546 82/112/1554
f 82/112/1554 74/100/1546 75/101/1547
f 74/100/1546 83/113/1555 81/111/1553
f 75/102/1547 84/115/1556 82/114/1554
f 84/115/1556 75/102/1547 73/99/1545
f 73/99/1545 72/98/1544 85/116/1557
f 84/115/1556 73/99/1545 85/116/1557
f 72/98/1544 71/97/1543 86/117/1558
f 85/116/1557 72/98/1544 86/117/1558
f 87/118/1559 71/97/1543 63/87/1535
f 86/117/1558 71/97/1543 87/118/1559
f 63/87/1535 89/120/1561 88/119/1560
f 63/87/1535 70/96/1542 89/120/1561
f 89/120/1561 70/96/1542 90/121/1562
f 70/96/1542 64/88/1536 90/121/1562
f 90/121/1562 64/88/1536 91/122/1563
f 91/122/1563 64/88/1536 65/89/1537
f 89/120/1561 90/121/1562 92/123/1564
f 89/120/1561 92/123/1564 93/124/1565
f 88/119/1560 89/120/1561 93/124/1565
f 93/124/1565 94/125/1566 88/119/1560
f 94/125/1566 87/118/1559 88/119/1560
f 87/118/1559 63/87/1535 88/119/1560
f 87/118/1559 95/126/1567 86/117/1558
f 95/126/1567 96/127/1568 86/117/1558
f 96/127/1568 97/128/1569 86/117/1558
f 85/116/1557 86/117/1558 97/128/1569
f 85/116/1557 97/128/1569 84/115/1556
f 84/115/1556 97/128/1569 98/129/1570
f 84/115/1556 98/129/1570 82/114/1554
f 99/130/1571 83/113/1555 82/112/1554
f 82/112/1554 98/131/1570 99/130/1571
f 101/133/1573 100/132/1572 83/113/1555
f 99/130/1571 101/133/1573 83/113/1555
f 81/111/1553 83/113/1555 102/134/1574
f 83/113/1555 100/132/1572 102/134/1574
f 102/135/1574 80/108/1552 81/110/1553
f 102/135/1574 103/136/1575 80/108/1552
f 104/137/1576 100/132/1572 101/133/1573
f 100/132/1572 104/137/1576 102/134/1574
f 106/139/1578 101/133/1573 105/138/1577
f 99/130/1571 105/138/1577 101/133/1573
f 107/140/1579 104/137/1576 101/133/1573
f 107/140/1579 101/133/1573 106/139/1578
f 105/138/1577 99/130/1571 98/131/1570
f 108/141/1580 98/129/1570 97/128/1569
f 105/142/1577 98/129/1570 108/141/1580
f 109/143/1581 97/128/1569 96/127/1568
f 108/141/1580 97/128/1569 109/143/1581
f 95/126/1567 109/143/1581 96/127/1568
f 111/145/1583 95/126/1567 110/144/1582
f 95/126/1567 87/118/1559 110/144/1582
f 112/146/1584 87/118/1559 94/125/1566
f 110/144/1582 87/118/1559 112/146/1584
f 114/148/1586 94/125/1566 113/147/1585
f 112/146/1584 94/125/1566 114/148/1586
f 113/147/1585 94/125/1566 93/124/1565
f 93/124/1565 92/123/1564 115/149/1587
f 115/149/1587 113/147/1585 93/124/1565
f 114/148/1586 113/147/1585 116/150/1588
f 113/147/1585 115/149/1587 116/150/1588
f 114/148/1586 118/152/1590 117/151/1589
f 119/153/1591 118/152/1590 114/148/1586
f 119/153/1591 114/148/1586 116/150/1588
f 117/151/1589 112/146/1584 114/148/1586
f 120/154/1592 112/146/1584 117/151/1589
f 120/154/1592 110/144/1582 112/146/1584
f 111/145/1583 110/144/1582 120/154/1592
f 109/143/1581 95/126/1567 121/155/1593
f 121/155/1593 108/141/1580 109/143/1581
f 122/156/1594 108/141/1580 121/155/1593
f 123/157/1595 108/141/1580 122/156/1594
f 106/158/1578 108/141/1580 123/157/1595
f 106/158/1578 105/142/1577 108/141/1580
f 123/157/1595 107/159/1579 106/158/1578
f 124/160/1596 104/137/1576 107/140/1579
f 107/159/1579 123/157/1595 124/161/1596
f 125/162/1597 123/157/1595 122/156/1594
f 126/163/1598 123/157/1595 125/162/1597
f 123/157/1595 126/163/1598 124/161/1596
f 127/164/1599 122/156/1594 121/155/1593
f 125/162/1597 122/156/1594 127/164/1599
f 128/165/1600 121/155/1593 95/126/1567
f 127/164/1599 121/155/1593 128/165/1600
f 128/165/1600 95/126/1567 111/145/1583
f 128/165/1600 111/145/1583 129/166/1601
f 111/145/1583 120/154/1592 129/166/1601
f 129/166/1601 120/154/1592 117/151/1589
f 129/166/1601 117/151/1589 118/152/1590
f 118/152/1590 130/167/1602 129/166/1601
f 131/170/1603 130/169/1602 118/168/1590
f 118/168/1590 132/171/1604 131/170/1603
f 119/172/1591 132/171/1604 118/168/1590
f 119/172/1591 133/173/1605 132/171/1604
f 116/174/1588 133/173/1605 119/172/1591
f 134/175/1606 133/173/1605 116/174/1588
f 115/149/1587 134/176/1606 116/150/1588
f 115/149/1587 92/123/1564 134/176/1606
f 133/173/1605 134/175/1606 135/177/1607
f 135/177/1607 134/175/1606 136/178/1608
f 134/175/1606 137/179/1609 136/178/1608
f 92/123/1564 137/180/1609 134/176/1606
f 132/171/1604 133/173/1605 138/181/1610
f 138/181/1610 133/173/1605 135/177/1607
f 132/171/1604 138/181/1610 131/170/1603
f 140/183/1612 139/182/1611 131/170/1603
f 131/170/1603 138/181/1610 140/183/1612
f 131/170/1603 139/182/1611 130/169/1602
f 142/185/1614 130/167/1602 141/184/1613
f 130/169/1602 139/182/1611 141/186/1613
f 142/185/1614 129/166/1601 130/167/1602
f 128/165/1600 129/166/1601 142/185/1614
f 144/188/1616 143/187/1615 128/165/1600
f 128/165/1600 143/187/1615 127/164/1599
f 143/187/1615 145/189/1617 127/164/1599
f 127/164/1599 145/189/1617 125/162/1597
f 144/188/1616 147/191/1619 146/190/1618
f 147/191/1619 144/188/1616 128/165/1600
f 142/185/1614 147/191/1619 128/165/1600
f 147/191/1619 142/185/1614 148/192/1620
f 148/192/1620 142/185/1614 141/184/1613
f 150/194/1622 149/193/1621 141/186/1613
f 141/184/1613 149/195/1621 148/192/1620
f 150/194/1622 141/186/1613 139/182/1611
f 152/197/1624 139/182/1611 151/196/1623
f 150/194/1622 139/182/1611 152/197/1624
f 151/196/1623 139/182/1611 140/183/1612
f 140/183/1612 153/198/1625 151/196/1623
f 140/183/1612 138/181/1610 154/199/1626
f 153/198/1625 140/183/1612 154/199/1626
f 138/181/1610 135/177/1607 154/199/1626
f 154/199/1626 156/201/1628 155/200/1627
f 157/202/1629 156/201/1628 154/199/1626
f 153/198/1625 154/199/1626 155/200/1627
f 135/177/1607 157/202/1629 154/199/1626
f 153/198/1625 159/204/1631 158/203/1630
f 153/207/1625 158/206/1630 152/205/1624
f 153/207/1625 152/205/1624 151/208/1623
f 153/198/1625 155/200/1627 159/204/1631
f 152/211/1624 161/210/1633 160/209/1632
f 161/210/1633 152/211/1624 158/212/1630
f 150/194/1622 152/197/1624 160/213/1632
f 149/193/1621 150/194/1622 160/213/1632
f 163/215/1635 149/193/1621 162/214/1634
f 162/214/1634 149/193/1621 160/213/1632
f 149/195/1621 163/217/1635 164/216/1636
f 148/192/1620 149/195/1621 164/216/1636
f 148/192/1620 164/216/1636 147/191/1619
f 146/190/1618 147/191/1619 164/216/1636
f 165/218/1637 146/190/1618 164/216/1636
f 166/219/1638 146/190/1618 165/218/1637
f 166/219/1638 144/188/1616 146/190/1618
f 167/220/1639 144/188/1616 166/219/1638
f 167/220/1639 143/187/1615 144/188/1616
f 168/221/1640 143/187/1615 167/220/1639
f 169/222/1641 143/187/1615 168/221/1640
f 170/223/1642 168/221/1640 167/220/1639
f 171/224/1643 168/221/1640 170/223/1642
f 171/224/1643 169/222/1641 168/221/1640
f 172/225/1644 167/220/1639 166/219/1638
f 170/223/1642 167/220/1639 172/225/1644
f 173/226/1645 166/219/1638 165/218/1637
f 172/225/1644 166/219/1638 173/226/1645
f 173/226/1645 165/218/1637 174/227/1646
f 163/217/1635 165/218/1637 164/216/1636
f 175/228/1647 165/218/1637 163/217/1635
f 175/228/1647 174/227/1646 165/218/1637
f 175/230/1647 163/215/1635 176/229/1648
f 176/229/1648 163/215/1635 162/214/1634
f 176/233/1648 162/232/1634 177/231/1649
f 177/231/1649 162/232/1634 161/210/1633
f 162/232/1634 160/209/1632 161/210/1633
f 158/212/1630 178/234/1650 161/210/1633
f 161/210/1633 178/234/1650 177/231/1649
f 158/203/1630 180/236/1652 179/235/1651
f 178/237/1650 158/203/1630 179/235/1651
f 158/203/1630 159/204/1631 180/236/1652
f 155/200/1627 181/238/1653 159/204/1631
f 155/200/1627 156/201/1628 181/238/1653
f 181/241/1653 182/240/1654 159/239/1631
f 183/242/1655 182/240/1654 181/241/1653
f 183/242/1655 181/241/1653 184/243/1656
f 181/241/1653 185/244/1657 184/243/1656
f 181/238/1653 156/201/1628 185/245/1657
f 159/248/1631 182/247/1654 186/246/1658
f 180/236/1652 159/204/1631 186/249/1658
f 178/237/1650 179/235/1651 187/250/1659
f 188/251/1660 178/237/1650 187/250/1659
f 178/234/1650 188/252/1660 177/231/1649
f 189/253/1661 176/233/1648 177/231/1649
f 177/231/1649 188/252/1660 189/253/1661
f 175/230/1647 176/229/1648 190/254/1662
f 189/255/1661 190/254/1662 176/229/1648
f 191/256/1663 175/230/1647 190/254/1662
f 191/256/1663 174/257/1646 175/230/1647
f 191/256/1663 192/258/1664 174/257/1646
f 174/257/1646 192/258/1664 193/259/1665
f 193/260/1665 173/226/1645 174/227/1646
f 173/226/1645 195/262/1667 194/261/1666
f 193/260/1665 195/262/1667 173/226/1645
f 194/261/1666 172/225/1644 173/226/1645
f 196/263/1668 172/225/1644 194/261/1666
f 196/263/1668 170/223/1642 172/225/1644
f 197/264/1669 194/261/1666 195/262/1667
f 198/265/1670 194/261/1666 197/264/1669
f 198/265/1670 196/263/1668 194/261/1666
f 197/268/1669 195/267/1667 199/266/1671
f 195/267/1667 200/269/1672 199/266/1671
f 193/259/1665 200/269/1672 195/267/1667
f 193/259/1665 192/258/1664 200/269/1672
f 200/269/1672 192/258/1664 201/270/1673
f 201/270/1673 192/258/1664 190/254/1662
f 192/258/1664 191/256/1663 190/254/1662
f 201/270/1673 190/254/1662 202/271/1674
f 203/272/1675 202/271/1674 190/254/1662
f 189/255/1661 203/272/1675 190/254/1662
f 203/272/1675 189/255/1661 188/251/1660
f 188/251/1660 187/250/1659 204/273/1676
f 203/272/1675 188/251/1660 204/273/1676
f 187/250/1659 179/235/1651 205/274/1677
f 204/273/1676 187/250/1659 205/274/1677
f 205/274/1677 179/235/1651 206/275/1678
f 206/275/1678 179/235/1651 180/236/1652
f 207/276/1679 206/275/1678 180/236/1652
f 180/236/1652 186/249/1658 208/277/1680
f 207/276/1679 180/236/1652 208/277/1680
f 182/247/1654 208/278/1680 186/246/1658
f 210/281/1682 208/280/1680 209/279/1681
f 211/282/1683 209/279/1681 208/280/1680
f 207/283/1679 208/280/1680 210/281/1682
f 212/284/1684 208/278/1680 182/247/1654
f 212/284/1684 211/285/1683 208/278/1680
f 206/287/1678 207/283/1679 213/286/1685
f 215/289/1687 206/287/1678 214/288/1686
f 206/287/1678 213/286/1685 214/288/1686
f 216/290/1688 205/274/1677 206/275/1678
f 216/291/1688 206/287/1678 215/289/1687
f 218/293/1690 217/292/1689 205/274/1677
f 219/294/1691 218/293/1690 205/274/1677
f 219/294/1691 205/274/1677 216/290/1688
f 204/273/1676 205/274/1677 217/292/1689
f 220/295/1692 204/273/1676 217/292/1689
f 204/273/1676 220/295/1692 202/271/1674
f 203/272/1675 204/273/1676 202/271/1674
f 220/295/1692 201/270/1673 202/271/1674
f 201/298/1673 222/297/1694 221/296/1693
f 220/299/1692 222/297/1694 201/298/1673
f 199/266/1671 201/270/1673 221/300/1693
f 200/269/1672 201/270/1673 199/266/1671
f 220/299/1692 217/302/1689 223/301/1695
f 222/297/1694 220/299/1692 223/301/1695
f 223/301/1695 217/302/1689 218/303/1690
f 225/305/1697 224/304/1696 218/303/1690
f 219/306/1691 225/305/1697 218/303/1690
f 226/307/1698 223/301/1695 218/303/1690
f 226/307/1698 218/303/1690 224/304/1696
f 219/309/1691 215/289/1687 227/308/1699
f 219/309/1691 227/308/1699 225/310/1697
f 219/309/1691 216/291/1688 215/289/1687
f 215/289/1687 214/288/1686 227/308/1699
f 214/288/1686 213/286/1685 228/311/1700
f 227/308/1699 214/288/1686 229/312/1701
f 229/312/1701 214/288/1686 228/311/1700
f 210/281/1682 213/286/1685 207/283/1679
f 213/286/1685 209/279/1681 228/311/1700
f 210/281/1682 209/279/1681 213/286/1685
f 228/311/1700 209/279/1681 230/313/1702
f 209/279/1681 231/314/1703 230/313/1702
f 211/282/1683 231/314/1703 209/279/1681
f 211/282/1683 232/315/1704 231/314/1703
f 232/318/1704 211/317/1683 212/316/1684
f 233/319/1705 212/316/1684 182/240/1654
f 233/319/1705 232/318/1704 212/316/1684
f 183/242/1655 233/319/1705 182/240/1654
f 233/319/1705 234/320/1706 232/318/1704
f 234/320/1706 233/319/1705 183/242/1655
f 231/314/1703 232/315/1704 235/321/1707
f 232/318/1704 236/323/1708 235/322/1707
f 234/320/1706 236/323/1708 232/318/1704
f 230/313/1702 231/314/1703 237/324/1709
f 231/314/1703 235/321/1707 238/325/1710
f 237/324/1709 231/314/1703 238/325/1710
f 228/311/1700 230/313/1702 239/326/1711
f 239/326/1711 230/313/1702 237/324/1709
f 229/312/1701 228/311/1700 239/326/1711
f 240/327/1712 227/308/1699 229/312/1701
f 240/327/1712 229/312/1701 241/328/1713
f 229/312/1701 242/329/1714 241/328/1713
f 242/329/1714 229/312/1701 239/326/1711
f 243/330/1715 225/310/1697 227/308/1699
f 240/327/1712 243/330/1715 227/308/1699
f 245/332/1717 225/310/1697 244/331/1716
f 243/330/1715 244/331/1716 225/310/1697
f 245/333/1717 224/304/1696 225/305/1697
f 247/335/1719 224/304/1696 246/334/1718
f 224/304/1696 245/333/1717 246/334/1718
f 226/307/1698 224/304/1696 247/335/1719
f 248/336/1720 226/307/1698 247/335/1719
f 226/307/1698 248/336/1720 223/301/1695
f 246/334/1718 249/337/1721 247/335/1719
f 249/337/1721 248/336/1720 247/335/1719
f 251/340/1723 246/339/1718 250/338/1722
f 245/332/1717 250/338/1722 246/339/1718
f 251/341/1723 249/337/1721 246/334/1718
f 245/332/1717 244/331/1716 250/338/1722
f 250/338/1722 244/331/1716 252/342/1724
f 252/342/1724 244/331/1716 253/343/1725
f 244/331/1716 254/344/1726 253/343/1725
f 243/330/1715 254/344/1726 244/331/1716
f 243/330/1715 240/327/1712 254/344/1726
f 241/328/1713 254/344/1726 240/327/1712
f 255/345/1727 253/343/1725 241/328/1713
f 253/343/1725 254/344/1726 241/328/1713
f 241/328/1713 242/329/1714 255/345/1727
f 242/329/1714 256/346/1728 255/345/1727
f 242/329/1714 239/326/1711 257/347/1729
f 256/346/1728 242/329/1714 257/347/1729
f 257/347/1729 239/326/1711 258/348/1730
f 239/326/1711 237/324/1709 259/349/1731
f 258/348/1730 239/326/1711 259/349/1731
f 259/349/1731 237/324/1709 238/325/1710
f 238/325/1710 235/321/1707 260/350/1732
f 238/325/1710 260/350/1732 261/351/1733
f 258/348/1730 259/349/1731 262/352/1734
f 262/352/1734 259/349/1731 238/325/1710
f 257/347/1729 258/348/1730 263/353/1735
f 263/353/1735 258/348/1730 262/352/1734
f 256/346/1728 257/347/1729 264/354/1736
f 264/354/1736 257/347/1729 263/353/1735
f 255/345/1727 256/346/1728 264/354/1736
f 265/355/1737 253/343/1725 255/345/1727
f 266/356/1738 253/343/1725 265/355/1737
f 266/356/1738 252/342/1724 253/343/1725
f 267/357/1739 250/338/1722 252/342/1724
f 267/357/1739 252/342/1724 266/356/1738
f 268/358/1740 250/338/1722 267/357/1739
f 268/358/1740 251/340/1723 250/338/1722
f 251/341/1723 269/359/1741 249/337/1721
f 269/362/1741 251/361/1723 268/360/1740
f 270/363/1742 268/358/1740 267/357/1739
f 268/358/1740 270/363/1742 269/364/1741
f 271/365/1743 270/363/1742 267/357/1739
f 271/365/1743 267/357/1739 272/366/1744
f 272/366/1744 267/357/1739 266/356/1738
f 273/367/1745 265/355/1737 255/345/1727
f 255/345/1727 264/354/1736 273/367/1745
f 264/354/1736 275/369/1747 274/368/1746
f 273/367/1745 264/354/1736 274/368/1746
f 264/354/1736 263/353/1735 276/370/1748
f 275/369/1747 264/354/1736 276/370/1748
f 263/353/1735 262/352/1734 277/371/1749
f 276/370/1748 263/353/1735 277/371/1749
f 262/352/1734 238/325/1710 261/351/1733
f 262/352/1734 261/351/1733 278/372/1750
f 278/372/1750 261/351/1733 279/373/1751
f 277/371/1749 262/352/1734 280/374/1752
f 280/374/1752 262/352/1734 278/372/1750
f 276/370/1748 277/371/1749 281/375/1753
f 281/375/1753 277/371/1749 280/374/1752
f 275/369/1747 276/370/1748 281/375/1753
f 282/376/1754 266/356/1738 265/355/1737
f 282/376/1754 265/355/1737 273/367/1745
f 283/377/1755 272/366/1744 266/356/1738
f 283/377/1755 266/356/1738 282/376/1754
f 284/378/1756 272/366/1744 283/377/1755
f 284/378/1756 271/365/1743 272/366/1744
f 285/379/1757 284/378/1756 283/377/1755
f 286/380/1758 282/376/1754 273/367/1745
f 273/367/1745 287/381/1759 286/380/1758
f 288/382/1760 287/381/1759 273/367/1745
f 288/382/1760 273/367/1745 274/368/1746
f 289/383/1761 288/382/1760 274/368/1746
f 274/368/1746 290/384/1762 289/383/1761
f 274/368/1746 275/369/1747 291/385/1763
f 290/384/1762 274/368/1746 291/385/1763
f 275/369/1747 281/375/1753 292/386/1764
f 291/385/1763 275/369/1747 292/386/1764
f 292/386/1764 281/375/1753 293/387/1765
f 281/375/1753 280/374/1752 294/388/1766
f 293/387/1765 281/375/1753 294/388/1766
f 280/374/1752 278/372/1750 295/389/1767
f 294/388/1766 280/374/1752 295/389/1767
f 293/387/1765 294/388/1766 296/390/1768
f 294/388/1766 295/389/1767 297/391/1769
f 296/390/1768 294/388/1766 297/391/1769
f 292/386/1764 293/387/1765 298/392/1770
f 298/392/1770 293/387/1765 296/390/1768
f 291/385/1763 292/386/1764 299/393/1771
f 299/393/1771 292/386/1764 298/392/1770
f 290/384/1762 291/385/1763 300/394/1772
f 300/394/1772 291/385/1763 299/393/1771
f 301/395/1773 290/384/1762 300/394/1772
f 289/383/1761 290/384/1762 302/396/1774
f 290/384/1762 303/397/1775 302/396/1774
f 303/397/1775 290/384/1762 301/395/1773
f 288/382/1760 289/383/1761 287/381/1759
f 302/396/1774 304/398/1776 289/383/1761
f 304/398/1776 287/381/1759 289/383/1761
f 305/399/1777 286/380/1758 287/381/1759
f 306/400/1778 305/399/1777 287/381/1759
f 306/400/1778 287/381/1759 304/398/1776
f 305/399/1777 282/376/1754 286/380/1758
f 283/377/1755 282/376/1754 305/399/1777
f 307/401/1779 285/379/1757 283/377/1755
f 307/401/1779 283/377/1755 305/399/1777
f 307/401/1779 305/399/1777 306/400/1778
f 308/402/1780 307/401/1779 306/400/1778
f 308/402/1780 306/400/1778 309/403/1781
f 309/403/1781 306/400/1778 304/398/1776
f 309/403/1781 304/398/1776 310/404/1782
f 310/404/1782 304/398/1776 302/396/1774
f 311/405/1783 310/404/1782 302/396/1774
f 302/396/1774 303/397/1775 311/405/1783
f 303/408/1775 313/407/1785 312/406/1784
f 311/409/1783 303/408/1775 312/406/1784
f 303/408/1775 301/411/1773 314/410/1786
f 313/407/1785 303/408/1775 314/410/1786
f 300/412/1772 314/410/1786 301/411/1773
f 315/413/1787 314/410/1786 300/412/1772
f 299/415/1771 316/414/1788 300/412/1772
f 316/414/1788 315/413/1787 300/412/1772
f 298/417/1770 317/416/1789 299/415/1771
f 317/416/1789 316/414/1788 299/415/1771
f 296/419/1768 318/418/1790 298/417/1770
f 318/418/1790 317/416/1789 298/417/1770
f 297/391/1769 319/420/1791 296/390/1768
f 319/421/1791 318/418/1790 296/419/1768
f 297/391/1769 295/389/1767 320/422/1792
f 320/422/1792 321/423/1793 297/391/1769
f 321/423/1793 319/420/1791 297/391/1769
f 318/418/1790 319/421/1791 322/424/1794
f 322/424/1794 319/421/1791 323/425/1795
f 319/421/1791 321/426/1793 323/425/1795
f 317/416/1789 318/418/1790 324/427/1796
f 324/427/1796 318/418/1790 322/424/1794
f 316/414/1788 317/416/1789 325/428/1797
f 325/428/1797 317/416/1789 324/427/1796
f 315/413/1787 316/414/1788 326/429/1798
f 326/429/1798 316/414/1788 325/428/1797
f 315/413/1787 327/430/1799 314/410/1786
f 327/430/1799 315/413/1787 326/429/1798
f 314/410/1786 328/431/1800 313/407/1785
f 328/431/1800 314/410/1786 327/430/1799
f 313/407/1785 329/432/1801 312/406/1784
f 328/431/1800 329/432/1801 313/407/1785
f 331/434/1803 330/433/1802 312/406/1784
f 311/409/1783 312/406/1784 330/433/1802
f 312/406/1784 332/435/1804 331/434/1803
f 329/432/1801 332/435/1804 312/406/1784
f 330/436/1802 310/404/1782 311/405/1783
f 333/437/1805 309/403/1781 310/404/1782
f 310/404/1782 330/436/1802 333/437/1805
f 308/402/1780 309/403/1781 333/437/1805
f 334/438/1806 308/402/1780 333/437/1805
f 333/437/1805 335/439/1807 334/438/1806
f 330/436/1802 335/439/1807 333/437/1805
f 335/440/1807 330/433/1802 331/434/1803
f 332/435/1804 336/441/1808 331/434/1803
f 337/444/1809 336/443/1808 332/442/1804
f 338/446/1810 332/442/1804 329/445/1801
f 337/444/1809 332/442/1804 338/446/1810
f 339/448/1811 329/445/1801 328/447/1800
f 338/446/1810 329/445/1801 339/448/1811
f 328/447/1800 340/449/1812 339/448/1811
f 327/450/1799 340/449/1812 328/447/1800
f 327/450/1799 326/451/1798 340/449/1812
f 325/453/1797 341/452/1813 326/451/1798
f 341/452/1813 340/449/1812 326/451/1798
f 324/455/1796 342/454/1814 325/453/1797
f 342/454/1814 341/452/1813 325/453/1797
f 322/457/1794 343/456/1815 324/455/1796
f 343/456/1815 342/454/1814 324/455/1796
f 323/459/1795 344/458/1816 322/457/1794
f 344/458/1816 343/456/1815 322/457/1794
f 323/425/1795 321/426/1793 345/460/1817
f 345/462/1817 346/461/1818 323/459/1795
f 346/461/1818 344/458/1816 323/459/1795
f 347/464/1819 321/426/1793 320/463/1792
f 321/426/1793 347/464/1819 345/460/1817
f 345/460/1817 347/464/1819 348/465/1820
f 348/467/1820 349/466/1821 345/462/1817
f 349/466/1821 346/461/1818 345/462/1817
f 350/468/1822 344/458/1816 346/461/1818
f 41/57/1513 346/461/1818 349/466/1821
f 350/468/1822 346/461/1818 41/57/1513
f 350/468/1822 343/456/1815 344/458/1816
f 351/469/1823 342/454/1814 343/456/1815
f 351/469/1823 343/456/1815 350/468/1822
f 351/469/1823 341/452/1813 342/454/1814
f 352/470/1824 340/449/1812 341/452/1813
f 352/470/1824 341/452/1813 351/469/1823
f 352/470/1824 339/448/1811 340/449/1812
f 353/471/1825 338/446/1810 339/448/1811
f 353/471/1825 339/448/1811 352/470/1824
f 353/471/1825 337/444/1809 338/446/1810
f 354/472/1826 337/444/1809 353/471/1825
f 355/473/1827 336/443/1808 337/444/1809
f 354/472/1826 355/473/1827 337/444/1809
f 356/474/1828 354/472/1826 353/471/1825
f 357/475/1829 354/472/1826 356/474/1828
f 356/474/1828 353/471/1825 358/476/1830
f 103/136/1575 353/471/1825 352/470/1824
f 358/476/1830 353/471/1825 103/136/1575
f 80/108/1552 352/470/1824 351/469/1823
f 103/136/1575 352/470/1824 80/108/1552
f 79/107/1551 351/469/1823 350/468/1822
f 80/108/1552 351/469/1823 79/107/1551
f 79/107/1551 350/468/1822 78/477/1550
f 56/78/1528 350/468/1822 41/57/1513
f 78/477/1550 350/468/1822 56/78/1528
f 349/466/1821 360/479/1832 359/478/1831
f 348/467/1820 360/479/1832 349/466/1821
f 41/57/1513 349/466/1821 359/478/1831
f 360/482/1832 362/481/1834 361/480/1833
f 363/483/1835 360/482/1832 361/480/1833
f 348/465/1820 362/481/1834 360/482/1832
f 359/478/1831 360/479/1832 363/484/1835
f 41/57/1513 359/478/1831 22/31/1494
f 364/485/1836 363/483/1835 361/480/1833
f 365/486/1837 363/483/1835 364/485/1836
f 359/478/1831 363/484/1835 365/487/1837
f 361/480/1833 367/489/1839 366/488/1838
f 362/481/1834 367/489/1839 361/480/1833
f 361/480/1833 366/488/1838 364/485/1836
f 362/481/1834 347/464/1819 367/489/1839
f 348/465/1820 347/464/1819 362/481/1834
f 369/492/1841 368/491/1840 367/490/1839
f 320/422/1792 369/492/1841 367/490/1839
f 367/490/1839 368/491/1840 366/493/1838
f 367/489/1839 347/464/1819 320/463/1792
f 370/494/1842 365/486/1837 364/485/1836
f 371/496/1843 365/487/1837 370/495/1842
f 359/478/1831 365/487/1837 371/496/1843
f 42/59/1514 359/478/1831 371/496/1843
f 22/31/1494 359/478/1831 42/59/1514
f 371/496/1843 370/495/1842 372/497/1844
f 373/498/1845 371/496/1843 372/497/1844
f 42/59/1514 371/496/1843 373/498/1845
f 374/499/1846 370/494/1842 364/485/1836
f 375/500/1847 370/494/1842 374/499/1846
f 372/497/1844 370/495/1842 375/501/1847
f 376/502/1848 364/485/1836 366/488/1838
f 376/502/1848 377/503/1849 364/485/1836
f 364/485/1836 377/503/1849 374/499/1846
f 368/491/1840 378/504/1850 366/493/1838
f 378/504/1850 379/505/1851 366/493/1838
f 376/506/1848 366/493/1838 379/505/1851
f 369/492/1841 279/373/1751 368/491/1840
f 278/372/1750 279/373/1751 369/492/1841
f 295/389/1767 278/372/1750 369/492/1841
f 295/389/1767 369/492/1841 320/422/1792
f 381/508/1853 379/505/1851 380/507/1852
f 379/505/1851 378/504/1850 380/507/1852
f 376/506/1848 379/505/1851 381/508/1853
f 377/509/1849 376/506/1848 381/508/1853
f 382/510/1854 377/509/1849 381/508/1853
f 383/511/1855 377/509/1849 382/510/1854
f 377/503/1849 383/512/1855 374/499/1846
f 374/499/1846 383/512/1855 384/513/1856
f 384/513/1856 375/500/1847 374/499/1846
f 385/514/1857 375/500/1847 384/513/1856
f 386/516/1858 375/501/1847 385/515/1857
f 372/497/1844 375/501/1847 386/516/1858
f 387/517/1859 372/497/1844 386/516/1858
f 373/498/1845 372/497/1844 387/517/1859
f 24/36/1496 42/59/1514 373/498/1845
f 43/60/1515 373/498/1845 387/517/1859
f 24/36/1496 373/498/1845 43/60/1515
f 389/519/1861 387/517/1859 388/518/1860
f 387/517/1859 386/516/1858 388/518/1860
f 43/60/1515 387/517/1859 389/519/1861
f 388/518/1860 386/516/1858 390/520/1862
f 386/516/1858 385/515/1857 390/520/1862
f 391/521/1863 385/514/1857 384/513/1856
f 385/524/1857 391/523/1863 390/522/1862
f 392/525/1864 391/521/1863 384/513/1856
f 393/526/1865 392/525/1864 384/513/1856
f 393/526/1865 384/513/1856 383/512/1855
f 394/527/1866 383/511/1855 382/510/1854
f 383/511/1855 394/527/1866 393/528/1865
f 380/507/1852 395/529/1867 382/510/1854
f 381/508/1853 380/507/1852 382/510/1854
f 382/510/1854 395/529/1867 394/527/1866
f 380/507/1852 378/504/1850 396/530/1868
f 396/530/1868 395/529/1867 380/507/1852
f 378/504/1850 397/531/1869 396/530/1868
f 368/491/1840 398/532/1870 378/504/1850
f 398/532/1870 397/531/1869 378/504/1850
f 279/373/1751 398/532/1870 368/491/1840
f 400/534/1872 399/533/1871 398/532/1870
f 279/373/1751 400/534/1872 398/532/1870
f 397/531/1869 398/532/1870 399/533/1871
f 395/529/1867 401/535/1873 394/527/1866
f 393/528/1865 394/527/1866 402/536/1874
f 394/527/1866 401/535/1873 402/536/1874
f 402/536/1874 392/537/1864 393/528/1865
f 403/538/1875 392/537/1864 402/536/1874
f 392/537/1864 403/538/1875 404/539/1876
f 404/541/1876 391/523/1863 392/540/1864
f 405/542/1877 391/523/1863 404/541/1876
f 405/542/1877 390/522/1862 391/523/1863
f 405/542/1877 406/543/1878 390/522/1862
f 390/522/1862 406/543/1878 388/544/1860
f 405/542/1877 404/541/1876 407/545/1879
f 406/543/1878 405/542/1877 407/545/1879
f 403/538/1875 408/546/1880 404/539/1876
f 407/549/1879 404/548/1876 409/547/1881
f 404/548/1876 408/550/1880 409/547/1881
f 411/552/1883 403/538/1875 410/551/1882
f 410/551/1882 403/538/1875 402/536/1874
f 411/552/1883 408/546/1880 403/538/1875
f 402/536/1874 401/535/1873 410/551/1882
f 401/535/1873 395/529/1867 410/551/1882
f 395/529/1867 396/530/1868 412/553/1884
f 410/551/1882 395/529/1867 413/554/1885
f 395/529/1867 412/553/1884 413/554/1885
f 397/531/1869 414/555/1886 396/530/1868
f 396/530/1868 414/555/1886 412/553/1884
f 413/554/1885 412/553/1884 415/556/1887
f 415/556/1887 411/552/1883 413/554/1885
f 413/554/1885 411/552/1883 410/551/1882
f 417/558/1889 411/552/1883 416/557/1888
f 411/552/1883 415/556/1887 416/557/1888
f 417/558/1889 408/546/1880 411/552/1883
f 417/560/1889 418/559/1890 408/550/1880
f 409/547/1881 408/550/1880 418/559/1890
f 409/547/1881 420/562/1892 419/561/1891
f 418/559/1890 420/562/1892 409/547/1881
f 407/549/1879 409/547/1881 419/561/1891
f 421/563/1893 407/549/1879 419/561/1891
f 421/564/1893 406/543/1878 407/545/1879
f 406/567/1878 422/566/1894 388/565/1860
f 422/566/1894 406/567/1878 421/568/1893
f 421/571/1893 419/570/1891 423/569/1895
f 424/572/1896 421/571/1893 423/569/1895
f 424/573/1896 422/566/1894 421/568/1893
f 419/570/1891 420/575/1892 425/574/1897
f 423/569/1895 419/570/1891 425/574/1897
f 420/562/1892 418/559/1890 426/576/1898
f 420/562/1892 426/576/1898 427/577/1899
f 425/574/1897 420/575/1892 427/578/1899
f 416/579/1888 418/559/1890 417/560/1889
f 416/557/1888 415/556/1887 428/580/1900
f 430/582/1902 429/581/1901 414/555/1886
f 397/531/1869 430/582/1902 414/555/1886
f 414/555/1886 429/581/1901 412/553/1884
f 431/583/1903 430/582/1902 397/531/1869
f 397/586/1869 399/585/1871 431/584/1903
f 399/585/1871 432/587/1904 431/584/1903
f 432/589/1904 433/588/1905 431/583/1903
f 431/583/1903 434/590/1906 430/582/1902
f 433/588/1905 434/590/1906 431/583/1903
f 430/582/1902 434/590/1906 429/581/1901
f 434/590/1906 435/591/1907 429/581/1901
f 429/581/1901 435/591/1907 436/592/1908
f 429/581/1901 436/592/1908 412/553/1884
f 415/556/1887 412/553/1884 437/593/1909
f 412/553/1884 436/592/1908 437/593/1909
f 415/556/1887 437/593/1909 428/580/1900
f 438/595/1910 416/579/1888 428/594/1900
f 416/579/1888 438/595/1910 426/576/1898
f 418/559/1890 416/579/1888 426/576/1898
f 425/574/1897 427/578/1899 439/596/1911
f 440/597/1912 425/574/1897 439/596/1911
f 423/569/1895 425/574/1897 440/597/1912
f 442/600/1914 441/599/1913 439/598/1911
f 439/598/1911 441/599/1913 440/601/1912
f 439/596/1911 427/578/1899 443/602/1915
f 443/603/1915 442/600/1914 439/598/1911
f 426/576/1898 438/595/1910 444/604/1916
f 426/576/1898 444/604/1916 427/577/1899
f 445/605/1917 438/595/1910 428/594/1900
f 438/595/1910 445/605/1917 444/604/1916
f 428/580/1900 437/593/1909 446/606/1918
f 446/607/1918 445/605/1917 428/594/1900
f 437/593/1909 447/608/1919 446/606/1918
f 437/593/1909 436/592/1908 448/609/1920
f 447/608/1919 437/593/1909 448/609/1920
f 435/591/1907 449/610/1921 436/592/1908
f 436/592/1908 449/610/1921 448/609/1920
f 434/590/1906 450/611/1922 435/591/1907
f 450/614/1922 451/613/1923 435/612/1907
f 435/612/1907 451/613/1923 449/615/1921
f 452/616/1924 450/611/1922 434/590/1906
f 433/588/1905 452/616/1924 434/590/1906
f 432/589/1904 453/617/1925 433/588/1905
f 453/617/1925 452/616/1924 433/588/1905
f 455/620/1927 454/619/1926 453/618/1925
f 454/619/1926 456/621/1928 453/618/1925
f 452/616/1924 453/617/1925 456/622/1928
f 432/623/1904 455/620/1927 453/618/1925
f 452/616/1924 456/622/1928 450/611/1922
f 450/614/1922 456/625/1928 457/624/1929
f 458/626/1930 451/613/1923 450/614/1922
f 457/624/1929 458/626/1930 450/614/1922
f 451/613/1923 459/627/1931 449/615/1921
f 458/626/1930 459/627/1931 451/613/1923
f 448/628/1920 449/615/1921 459/627/1931
f 448/631/1920 459/630/1931 460/629/1932
f 447/632/1919 448/631/1920 460/629/1932
f 447/608/1919 460/634/1932 461/633/1933
f 446/606/1918 447/608/1919 461/633/1933
f 461/633/1933 462/635/1934 446/606/1918
f 462/636/1934 445/605/1917 446/607/1918
f 444/604/1916 445/605/1917 463/637/1935
f 445/605/1917 462/636/1934 463/637/1935
f 444/640/1916 463/639/1935 464/638/1936
f 427/578/1899 444/640/1916 464/638/1936
f 427/578/1899 464/638/1936 465/641/1937
f 443/602/1915 427/578/1899 465/641/1937
f 465/641/1937 466/642/1938 443/602/1915
f 466/643/1938 442/600/1914 443/603/1915
f 467/644/1939 442/600/1914 466/643/1938
f 468/645/1940 442/600/1914 467/644/1939
f 466/643/1938 469/646/1941 467/644/1939
f 470/647/1942 469/646/1941 466/643/1938
f 466/642/1938 465/641/1937 470/648/1942
f 471/649/1943 465/641/1937 464/638/1936
f 472/650/1944 465/641/1937 471/649/1943
f 472/650/1944 470/648/1942 465/641/1937
f 464/638/1936 463/639/1935 471/649/1943
f 463/637/1935 462/636/1934 473/651/1945
f 463/639/1935 473/652/1945 471/649/1943
f 475/654/1947 474/653/1946 462/635/1934
f 461/633/1933 475/654/1947 462/635/1934
f 462/635/1934 474/653/1946 473/655/1945
f 461/633/1933 460/634/1932 475/654/1947
f 460/629/1932 459/630/1931 476/656/1948
f 475/659/1947 460/658/1932 476/657/1948
f 458/626/1930 457/624/1929 477/660/1949
f 458/626/1930 477/660/1949 476/657/1948
f 458/626/1930 476/657/1948 459/627/1931
f 457/624/1929 456/625/1928 478/661/1950
f 479/662/1951 457/624/1929 478/661/1950
f 477/660/1949 457/624/1929 479/662/1951
f 478/661/1950 456/625/1928 454/663/1926
f 480/664/1952 478/661/1950 454/663/1926
f 479/662/1951 478/661/1950 481/665/1953
f 482/668/1954 478/667/1950 480/666/1952
f 478/667/1950 482/668/1954 483/669/1955
f 481/670/1953 478/667/1950 483/669/1955
f 481/665/1953 484/671/1956 479/662/1951
f 479/662/1951 484/671/1956 477/660/1949
f 477/660/1949 484/671/1956 485/672/1957
f 477/660/1949 485/672/1957 476/657/1948
f 476/657/1948 485/672/1957 475/659/1947
f 485/672/1957 486/673/1958 475/659/1947
f 475/659/1947 486/673/1958 474/674/1946
f 486/673/1958 487/675/1959 474/674/1946
f 473/655/1945 474/653/1946 488/676/1960
f 474/674/1946 487/675/1959 488/677/1960
f 488/678/1960 471/649/1943 473/652/1945
f 489/679/1961 471/649/1943 488/678/1960
f 489/682/1961 490/681/1962 471/680/1943
f 472/683/1944 471/680/1943 490/681/1962
f 491/684/1963 472/683/1944 490/681/1962
f 470/648/1942 472/650/1944 491/685/1963
f 470/647/1942 491/686/1963 469/646/1941
f 493/689/1965 469/688/1941 492/687/1964
f 469/688/1941 491/690/1963 492/687/1964
f 467/644/1939 469/646/1941 493/691/1965
f 491/690/1963 490/692/1962 492/687/1964
f 489/694/1961 494/693/1966 490/692/1962
f 490/692/1962 494/693/1966 495/695/1967
f 492/687/1964 490/692/1962 495/695/1967
f 494/693/1966 489/694/1961 496/696/1968
f 489/694/1961 488/697/1960 496/696/1968
f 488/677/1960 487/675/1959 496/698/1968
f 486/673/1958 497/699/1969 487/675/1959
f 497/699/1969 496/698/1968 487/675/1959
f 485/672/1957 498/700/1970 486/673/1958
f 498/700/1970 497/699/1969 486/673/1958
f 484/671/1956 498/700/1970 485/672/1957
f 500/703/1972 499/702/1971 484/701/1956
f 484/701/1956 499/702/1971 498/704/1970
f 481/670/1953 500/703/1972 484/701/1956
f 481/670/1953 483/669/1955 500/703/1972
f 501/705/1973 500/703/1972 483/669/1955
f 502/706/1974 483/669/1955 482/668/1954
f 502/706/1974 501/705/1973 483/669/1955
f 503/707/1975 482/668/1954 480/666/1952
f 504/708/1976 482/668/1954 503/707/1975
f 504/708/1976 502/706/1974 482/668/1954
f 505/709/1977 502/706/1974 504/708/1976
f 506/710/1978 501/705/1973 502/706/1974
f 505/709/1977 506/710/1978 502/706/1974
f 506/710/1978 507/711/1979 501/705/1973
f 499/702/1971 500/703/1972 501/705/1973
f 508/712/1980 499/702/1971 501/705/1973
f 507/711/1979 508/712/1980 501/705/1973
f 499/702/1971 509/713/1981 498/704/1970
f 509/713/1981 499/702/1971 508/712/1980
f 498/704/1970 509/713/1981 497/714/1969
f 509/713/1981 494/693/1966 497/714/1969
f 497/714/1969 494/693/1966 496/696/1968
f 494/693/1966 509/713/1981 495/695/1967
f 495/695/1967 509/713/1981 508/712/1980
f 492/687/1964 495/695/1967 508/712/1980
f 507/711/1979 492/687/1964 508/712/1980
f 507/711/1979 493/689/1965 492/687/1964
f 510/715/1982 493/689/1965 507/711/1979
f 511/716/1983 493/689/1965 510/715/1982
f 512/717/1984 467/644/1939 493/691/1965
f 512/717/1984 493/691/1965 511/718/1983
f 510/715/1982 507/711/1979 506/710/1978
f 505/709/1977 513/719/1985 506/710/1978
f 513/719/1985 510/715/1982 506/710/1978
f 514/720/1986 505/709/1977 504/708/1976
f 514/720/1986 515/721/1987 505/709/1977
f 515/721/1987 513/719/1985 505/709/1977
f 516/722/1988 504/708/1976 503/707/1975
f 514/720/1986 504/708/1976 516/722/1988
f 503/707/1975 480/666/1952 517/723/1989
f 518/724/1990 503/707/1975 517/723/1989
f 516/722/1988 503/707/1975 518/724/1990
f 519/725/1991 516/722/1988 518/724/1990
f 520/726/1992 516/722/1988 519/725/1991
f 520/726/1992 514/720/1986 516/722/1988
f 520/726/1992 521/727/1993 514/720/1986
f 521/727/1993 515/721/1987 514/720/1986
f 521/730/1993 522/729/1994 515/728/1987
f 513/731/1985 515/728/1987 522/729/1994
f 523/734/1995 513/733/1985 522/732/1994
f 510/715/1982 513/719/1985 524/735/1996
f 524/736/1996 513/733/1985 523/734/1995
f 524/735/1996 511/716/1983 510/715/1982
f 524/738/1996 525/737/1997 511/718/1983
f 525/737/1997 512/717/1984 511/718/1983
f 526/739/1998 467/644/1939 512/717/1984
f 512/717/1984 525/737/1997 526/739/1998
f 468/645/1940 467/644/1939 526/739/1998
f 527/740/1999 468/645/1940 526/739/1998
f 525/737/1997 528/741/2000 526/739/1998
f 526/739/1998 528/741/2000 527/740/1999
f 524/738/1996 529/742/2001 525/737/1997
f 528/741/2000 525/737/1997 530/743/2002
f 530/743/2002 525/737/1997 529/742/2001
f 523/745/1995 531/744/2003 524/738/1996
f 531/744/2003 532/746/2004 524/738/1996
f 532/746/2004 529/742/2001 524/738/1996
f 523/748/1995 522/729/1994 533/747/2005
f 533/747/2005 531/749/2003 523/748/1995
f 534/750/2006 522/729/1994 521/730/1993
f 522/729/1994 534/750/2006 91/122/1563
f 535/751/2007 522/729/1994 91/122/1563
f 535/751/2007 533/747/2005 522/729/1994
f 137/179/1609 521/727/1993 520/726/1992
f 137/180/1609 534/750/2006 521/730/1993
f 536/752/2008 519/725/1991 518/724/1990
f 520/726/1992 519/725/1991 536/752/2008
f 517/723/1989 537/753/2009 518/724/1990
f 537/753/2009 536/752/2008 518/724/1990
f 537/753/2009 538/754/2010 536/752/2008
f 536/752/2008 538/754/2010 157/202/1629
f 136/178/1608 536/752/2008 157/202/1629
f 136/178/1608 520/726/1992 536/752/2008
f 136/178/1608 137/179/1609 520/726/1992
f 90/121/1562 534/750/2006 137/180/1609
f 90/121/1562 91/122/1563 534/750/2006
f 535/751/2007 91/122/1563 65/89/1537
f 65/89/1537 69/94/1541 535/751/2007
f 533/747/2005 535/751/2007 69/94/1541
f 533/747/2005 69/94/1541 531/749/2003
f 531/749/2003 69/94/1541 68/93/1540
f 531/744/2003 67/92/1539 532/746/2004
f 68/95/1540 67/92/1539 531/744/2003
f 529/742/2001 532/746/2004 530/743/2002
f 532/746/2004 67/92/1539 530/743/2002
f 49/70/1521 528/741/2000 530/743/2002
f 67/92/1539 49/70/1521 530/743/2002
f 527/740/1999 528/741/2000 48/69/1520
f 528/741/2000 49/70/1521 48/69/1520
f 539/755/2011 468/645/1940 48/69/1520
f 48/69/1520 468/645/1940 527/740/1999
f 31/45/1503 539/755/2011 48/69/1520
f 539/755/2011 441/599/1913 468/645/1940
f 539/755/2011 540/756/2012 441/599/1913
f 31/45/1503 540/756/2012 539/755/2011
f 468/645/1940 441/599/1913 442/600/1914
f 441/599/1913 540/756/2012 440/601/1912
f 31/45/1503 47/68/1519 540/756/2012
f 440/601/1912 540/756/2012 541/757/2013
f 540/756/2012 47/68/1519 541/757/2013
f 542/758/2014 47/68/1519 46/64/1518
f 47/68/1519 542/758/2014 541/757/2013
f 541/759/2013 423/569/1895 440/597/1912
f 541/759/2013 424/572/1896 423/569/1895
f 542/761/2014 424/573/1896 541/760/2013
f 46/65/1518 543/762/2015 542/761/2014
f 542/761/2014 543/762/2015 424/573/1896
f 46/65/1518 45/66/1517 389/763/1861
f 543/762/2015 46/65/1518 389/763/1861
f 543/762/2015 389/763/1861 422/566/1894
f 543/762/2015 422/566/1894 424/573/1896
f 388/565/1860 422/566/1894 389/763/1861
f 45/764/1517 43/60/1515 389/519/1861
f 44/62/1516 43/61/1515 45/63/1517
f 92/123/1564 90/121/1562 137/180/1609
f 135/177/1607 136/178/1608 157/202/1629
f 538/754/2010 156/201/1628 157/202/1629
f 156/201/1628 538/754/2010 185/245/1657
f 544/765/2016 185/245/1657 538/754/2010
f 545/767/2017 185/244/1657 544/766/2016
f 545/767/2017 184/243/1656 185/244/1657
f 538/754/2010 537/753/2009 544/765/2016
f 545/767/2017 544/766/2016 546/768/2018
f 517/769/1989 546/768/2018 544/766/2016
f 537/753/2009 517/723/1989 544/765/2016
f 546/768/2018 547/770/2019 545/767/2017
f 184/243/1656 545/767/2017 547/770/2019
f 547/770/2019 234/320/1706 184/243/1656
f 184/243/1656 234/320/1706 183/242/1655
f 547/770/2019 548/771/2020 236/323/1708
f 234/320/1706 547/770/2019 236/323/1708
f 549/772/2021 548/771/2020 547/770/2019
f 546/768/2018 549/772/2021 547/770/2019
f 517/769/1989 549/772/2021 546/768/2018
f 548/771/2020 549/772/2021 550/773/2022
f 550/773/2022 549/772/2021 551/774/2023
f 549/772/2021 552/775/2024 551/774/2023
f 517/769/1989 552/775/2024 549/772/2021
f 236/323/1708 548/771/2020 553/776/2025
f 553/779/2025 548/778/2020 550/777/2022
f 235/322/1707 236/323/1708 553/776/2025
f 235/321/1707 553/779/2025 260/350/1732
f 550/777/2022 260/350/1732 553/779/2025
f 554/781/2026 550/777/2022 551/780/2023
f 260/350/1732 550/777/2022 554/781/2026
f 551/774/2023 552/775/2024 455/782/1927
f 551/780/2023 455/783/1927 432/589/1904
f 554/781/2026 551/780/2023 432/589/1904
f 552/775/2024 454/663/1926 455/782/1927
f 480/664/1952 454/663/1926 552/775/2024
f 517/769/1989 480/664/1952 552/775/2024
f 554/781/2026 432/589/1904 399/533/1871
f 400/534/1872 554/781/2026 399/533/1871
f 400/534/1872 260/350/1732 554/781/2026
f 260/350/1732 400/534/1872 261/351/1733
f 261/351/1733 400/534/1872 279/373/1751
f 555/784/2027 103/136/1575 102/135/1574
f 102/134/1574 104/137/1576 555/785/2027
f 555/784/2027 358/476/1830 103/136/1575
f 556/786/2028 358/476/1830 555/784/2027
f 555/785/2027 557/788/2029 556/787/2028
f 104/137/1576 557/788/2029 555/785/2027
f 557/788/2029 104/137/1576 124/160/1596
f 559/790/2031 558/789/2030 557/788/2029
f 560/793/2032 559/792/2031 557/791/2029
f 560/793/2032 557/791/2029 124/161/1596
f 557/788/2029 558/789/2030 556/787/2028
f 556/786/2028 356/474/1828 358/476/1830
f 561/795/2033 356/794/1828 556/787/2028
f 556/787/2028 558/789/2030 561/795/2033
f 562/796/2034 558/789/2030 559/790/2031
f 563/797/2035 558/789/2030 562/796/2034
f 558/789/2030 563/797/2035 561/795/2033
f 564/798/2036 559/792/2031 145/189/1617
f 562/799/2034 559/792/2031 564/798/2036
f 560/793/2032 565/800/2037 559/792/2031
f 559/792/2031 565/800/2037 145/189/1617
f 565/800/2037 560/793/2032 126/163/1598
f 124/161/1596 126/163/1598 560/793/2032
f 145/189/1617 565/800/2037 125/162/1597
f 125/162/1597 565/800/2037 126/163/1598
f 566/801/2038 145/189/1617 143/187/1615
f 564/798/2036 145/189/1617 566/801/2038
f 567/802/2039 564/798/2036 566/801/2038
f 568/803/2040 564/798/2036 567/802/2039
f 568/803/2040 562/799/2034 564/798/2036
f 569/804/2041 562/799/2034 568/803/2040
f 569/805/2041 563/797/2035 562/796/2034
f 561/795/2033 563/797/2035 570/806/2042
f 561/795/2033 357/807/1829 356/794/1828
f 570/806/2042 357/807/1829 561/795/2033
f 570/806/2042 563/797/2035 571/808/2043
f 570/806/2042 571/808/2043 357/807/1829
f 572/809/2044 571/808/2043 563/797/2035
f 563/797/2035 569/805/2041 572/809/2044
f 573/810/2045 569/804/2041 568/803/2040
f 574/811/2046 569/804/2041 573/810/2045
f 569/805/2041 574/812/2046 572/809/2044
f 575/813/2047 568/803/2040 567/802/2039
f 573/810/2045 568/803/2040 575/813/2047
f 577/815/2049 567/802/2039 576/814/2048
f 575/813/2047 567/802/2039 577/815/2049
f 567/802/2039 566/801/2038 576/814/2048
f 576/814/2048 566/801/2038 169/222/1641
f 566/801/2038 143/187/1615 169/222/1641
f 576/814/2048 169/222/1641 578/816/2050
f 577/815/2049 576/814/2048 578/816/2050
f 579/817/2051 577/815/2049 578/816/2050
f 579/817/2051 575/813/2047 577/815/2049
f 580/818/2052 575/813/2047 579/817/2051
f 580/818/2052 573/810/2045 575/813/2047
f 581/819/2053 573/810/2045 580/818/2052
f 581/819/2053 574/811/2046 573/810/2045
f 582/820/2054 574/811/2046 581/819/2053
f 583/822/2055 574/812/2046 582/821/2054
f 584/823/2056 574/812/2046 583/822/2055
f 584/823/2056 572/809/2044 574/812/2046
f 584/823/2056 585/824/2057 572/809/2044
f 585/824/2057 571/808/2043 572/809/2044
f 357/807/1829 571/808/2043 586/825/2058
f 571/808/2043 585/824/2057 586/825/2058
f 586/826/2058 354/472/1826 357/475/1829
f 586/826/2058 587/827/2059 354/472/1826
f 588/828/2060 587/827/2059 586/826/2058
f 586/825/2058 589/830/2061 588/829/2060
f 585/824/2057 589/830/2061 586/825/2058
f 585/824/2057 584/823/2056 589/830/2061
f 583/822/2055 589/830/2061 584/823/2056
f 590/831/2062 583/822/2055 582/821/2054
f 591/832/2063 583/822/2055 590/831/2062
f 591/832/2063 592/833/2064 583/822/2055
f 589/830/2061 583/822/2055 592/833/2064
f 593/834/2065 582/820/2054 581/819/2053
f 590/835/2062 582/820/2054 593/834/2065
f 593/834/2065 581/819/2053 580/818/2052
f 580/818/2052 579/817/2051 594/836/2066
f 594/836/2066 579/817/2051 595/837/2067
f 579/817/2051 578/816/2050 595/837/2067
f 595/837/2067 578/816/2050 596/838/2068
f 596/838/2068 578/816/2050 171/224/1643
f 578/816/2050 169/222/1641 171/224/1643
f 597/839/2069 596/838/2068 196/263/1668
f 595/837/2067 596/838/2068 597/839/2069
f 596/838/2068 171/224/1643 196/263/1668
f 594/836/2066 595/837/2067 598/840/2070
f 599/841/2071 580/818/2052 594/836/2066
f 599/841/2071 593/834/2065 580/818/2052
f 599/841/2071 590/835/2062 593/834/2065
f 600/842/2072 590/835/2062 599/841/2071
f 591/832/2063 590/831/2062 601/843/2073
f 590/835/2062 600/842/2072 601/844/2073
f 601/843/2073 602/845/2074 591/832/2063
f 592/833/2064 591/832/2063 602/845/2074
f 592/833/2064 603/846/2075 589/830/2061
f 592/833/2064 602/845/2074 603/846/2075
f 589/830/2061 603/846/2075 588/829/2060
f 603/847/2075 587/827/2059 588/828/2060
f 604/848/2076 587/827/2059 603/847/2075
f 603/846/2075 602/845/2074 604/849/2076
f 605/850/2077 602/845/2074 601/843/2073
f 602/845/2074 605/850/2077 604/849/2076
f 606/852/2078 605/851/2077 601/844/2073
f 601/844/2073 600/842/2072 606/852/2078
f 599/841/2071 607/853/2079 600/842/2072
f 607/853/2079 606/852/2078 600/842/2072
f 608/854/2080 607/853/2079 599/841/2071
f 594/836/2066 608/854/2080 599/841/2071
f 609/855/2081 608/854/2080 594/836/2066
f 598/840/2070 609/855/2081 594/836/2066
f 598/840/2070 595/837/2067 610/856/2082
f 595/837/2067 597/839/2069 610/856/2082
f 610/856/2082 597/839/2069 611/857/2083
f 597/839/2069 196/263/1668 611/857/2083
f 613/859/2085 610/856/2082 612/858/2084
f 598/840/2070 610/856/2082 613/859/2085
f 610/856/2082 611/857/2083 612/858/2084
f 609/855/2081 598/840/2070 614/860/2086
f 615/861/2087 609/855/2081 614/860/2086
f 608/854/2080 609/855/2081 615/861/2087
f 616/862/2088 608/854/2080 615/861/2087
f 617/863/2089 608/854/2080 616/862/2088
f 607/853/2079 608/854/2080 617/863/2089
f 606/852/2078 607/853/2079 618/864/2090
f 618/864/2090 607/853/2079 617/863/2089
f 606/852/2078 618/864/2090 605/851/2077
f 618/864/2090 619/865/2091 605/851/2077
f 604/849/2076 605/850/2077 620/866/2092
f 605/869/2077 619/868/2091 620/867/2092
f 604/848/2076 621/870/2093 587/827/2059
f 620/871/2092 621/870/2093 604/848/2076
f 620/871/2092 622/872/2094 621/870/2093
f 623/874/2095 622/873/2094 620/867/2092
f 620/867/2092 619/868/2091 623/874/2095
f 624/875/2096 619/865/2091 618/864/2090
f 625/877/2097 619/868/2091 624/876/2096
f 625/877/2097 623/874/2095 619/868/2091
f 626/878/2098 618/864/2090 617/863/2089
f 624/875/2096 618/864/2090 626/878/2098
f 626/878/2098 617/863/2089 616/862/2088
f 615/861/2087 627/879/2099 616/862/2088
f 628/880/2100 615/861/2087 614/860/2086
f 628/880/2100 627/879/2099 615/861/2087
f 628/880/2100 614/860/2086 629/881/2101
f 598/840/2070 630/882/2102 614/860/2086
f 630/882/2102 598/840/2070 613/859/2085
f 631/883/2103 629/881/2101 614/860/2086
f 614/860/2086 630/882/2102 631/883/2103
f 633/886/2105 629/885/2101 632/884/2104
f 634/887/2106 629/881/2101 631/883/2103
f 634/888/2106 632/884/2104 629/885/2101
f 629/885/2101 633/886/2105 628/889/2100
f 633/886/2105 635/890/2107 628/889/2100
f 627/891/2099 628/889/2100 635/890/2107
f 627/891/2099 636/893/2108 616/892/2088
f 616/892/2088 636/893/2108 626/894/2098
f 636/893/2108 637/895/2109 626/894/2098
f 626/894/2098 637/895/2109 624/896/2096
f 637/895/2109 638/897/2110 624/896/2096
f 625/877/2097 624/876/2096 638/898/2110
f 639/899/2111 625/877/2097 638/898/2110
f 623/874/2095 625/877/2097 639/899/2111
f 623/874/2095 639/899/2111 622/873/2094
f 639/899/2111 638/898/2110 640/900/2112
f 622/873/2094 639/899/2111 640/900/2112
f 638/897/2110 637/895/2109 641/901/2113
f 640/900/2112 638/898/2110 641/902/2113
f 637/895/2109 636/893/2108 642/903/2114
f 641/901/2113 637/895/2109 642/903/2114
f 636/893/2108 644/905/2116 643/904/2115
f 642/903/2114 636/893/2108 643/904/2115
f 636/893/2108 627/891/2099 644/905/2116
f 635/890/2107 644/905/2116 627/891/2099
f 645/906/2117 644/905/2116 635/890/2107
f 635/890/2107 633/886/2105 645/906/2117
f 633/886/2105 646/907/2118 645/906/2117
f 632/884/2104 646/907/2118 633/886/2105
f 632/884/2104 647/908/2119 646/907/2118
f 632/884/2104 634/888/2106 647/908/2119
f 647/908/2119 634/888/2106 648/909/2120
f 634/887/2106 631/883/2103 648/910/2120
f 631/883/2103 649/911/2121 648/910/2120
f 631/883/2103 630/882/2102 649/911/2121
f 651/914/2123 648/913/2120 650/912/2122
f 647/908/2119 648/909/2120 651/915/2123
f 648/918/2120 652/917/2124 650/916/2122
f 648/918/2120 649/919/2121 652/917/2124
f 646/907/2118 647/908/2119 651/915/2123
f 653/920/2125 646/907/2118 651/915/2123
f 645/906/2117 646/907/2118 653/920/2125
f 654/921/2126 645/906/2117 653/920/2125
f 655/922/2127 645/906/2117 654/921/2126
f 656/923/2128 645/906/2117 655/922/2127
f 644/905/2116 645/906/2117 656/923/2128
f 643/904/2115 644/905/2116 657/924/2129
f 642/903/2114 643/904/2115 658/925/2130
f 658/925/2130 643/904/2115 657/924/2129
f 641/901/2113 642/903/2114 659/926/2131
f 659/926/2131 642/903/2114 658/925/2130
f 660/927/2132 640/900/2112 641/902/2113
f 661/928/2133 660/927/2132 641/902/2113
f 661/929/2133 641/901/2113 659/926/2131
f 658/925/2130 662/930/2134 659/926/2131
f 662/930/2134 663/931/2135 659/926/2131
f 661/929/2133 659/926/2131 663/931/2135
f 657/924/2129 662/930/2134 658/925/2130
f 644/905/2116 664/932/2136 657/924/2129
f 664/932/2136 662/930/2134 657/924/2129
f 656/923/2128 664/932/2136 644/905/2116
f 665/933/2137 664/932/2136 656/923/2128
f 655/922/2127 665/933/2137 656/923/2128
f 654/921/2126 666/934/2138 655/922/2127
f 666/934/2138 665/933/2137 655/922/2127
f 666/934/2138 654/921/2126 667/935/2139
f 654/921/2126 653/920/2125 667/935/2139
f 653/938/2125 669/937/2141 668/936/2140
f 670/941/2142 667/940/2139 653/939/2125
f 670/942/2142 653/938/2125 668/936/2140
f 669/937/2141 653/938/2125 651/943/2123
f 651/914/2123 650/912/2122 669/944/2141
f 672/946/2144 669/944/2141 671/945/2143
f 673/947/2145 669/944/2141 672/946/2144
f 673/948/2145 668/936/2140 669/937/2141
f 650/912/2122 671/945/2143 669/944/2141
f 670/942/2142 668/936/2140 674/949/2146
f 674/949/2146 668/936/2140 675/950/2147
f 668/936/2140 673/948/2145 675/950/2147
f 666/951/2138 667/940/2139 670/941/2142
f 676/953/2148 665/952/2137 670/941/2142
f 665/952/2137 666/951/2138 670/941/2142
f 674/955/2146 677/954/2149 670/941/2142
f 670/941/2142 677/954/2149 676/953/2148
f 678/956/2150 665/952/2137 676/953/2148
f 664/957/2136 665/952/2137 678/956/2150
f 679/958/2151 664/957/2136 678/956/2150
f 662/959/2134 664/957/2136 679/958/2151
f 680/960/2152 662/959/2134 679/958/2151
f 663/961/2135 662/959/2134 680/960/2152
f 681/962/2153 663/961/2135 680/960/2152
f 661/963/2133 663/961/2135 681/962/2153
f 681/962/2153 660/964/2132 661/963/2133
f 680/960/2152 682/965/2154 681/962/2153
f 681/962/2153 682/965/2154 660/964/2132
f 679/958/2151 683/966/2155 680/960/2152
f 683/966/2155 682/965/2154 680/960/2152
f 684/967/2156 683/966/2155 679/958/2151
f 678/956/2150 685/968/2157 679/958/2151
f 685/968/2157 684/967/2156 679/958/2151
f 686/969/2158 685/968/2157 678/956/2150
f 676/953/2148 687/970/2159 678/956/2150
f 687/970/2159 686/969/2158 678/956/2150
f 688/971/2160 687/970/2159 676/953/2148
f 677/954/2149 688/971/2160 676/953/2148
f 690/973/2162 677/954/2149 689/972/2161
f 677/954/2149 674/955/2146 689/972/2161
f 688/971/2160 677/954/2149 690/973/2162
f 674/955/2146 675/974/2147 689/972/2161
f 675/977/2147 691/976/2163 689/975/2161
f 675/979/2147 673/947/2145 691/978/2163
f 673/947/2145 672/946/2144 691/978/2163
f 691/978/2163 672/946/2144 692/980/2164
f 672/946/2144 693/981/2165 692/980/2164
f 694/982/2166 693/981/2165 672/946/2144
f 671/945/2143 694/982/2166 672/946/2144
f 694/982/2166 695/983/2167 693/981/2165
f 696/984/2168 695/983/2167 694/982/2166
f 697/985/2169 694/982/2166 671/945/2143
f 698/986/2170 694/982/2166 697/985/2169
f 698/986/2170 696/984/2168 694/982/2166
f 692/980/2164 693/981/2165 699/987/2171
f 693/981/2165 695/983/2167 699/987/2171
f 700/989/2172 691/976/2163 692/988/2164
f 701/990/2173 700/989/2172 692/988/2164
f 701/990/2173 692/988/2164 702/991/2174
f 699/992/2171 702/991/2174 692/988/2164
f 689/975/2161 691/976/2163 700/989/2172
f 689/975/2161 700/989/2172 703/993/2175
f 690/994/2162 689/975/2161 703/993/2175
f 687/970/2159 688/971/2160 690/973/2162
f 704/995/2176 687/970/2159 690/973/2162
f 686/969/2158 687/970/2159 704/995/2176
f 685/968/2157 686/969/2158 704/995/2176
f 705/996/2177 685/968/2157 704/995/2176
f 684/967/2156 685/968/2157 705/996/2177
f 683/966/2155 684/967/2156 705/996/2177
f 705/999/2177 704/998/2176 706/997/2178
f 704/998/2176 690/994/2162 707/1000/2179
f 704/998/2176 707/1000/2179 706/997/2178
f 690/994/2162 703/993/2175 707/1000/2179
f 701/990/2173 703/993/2175 700/989/2172
f 701/990/2173 702/991/2174 285/379/1757
f 703/993/2175 701/990/2173 285/379/1757
f 285/379/1757 702/991/2174 271/365/1743
f 702/991/2174 270/363/1742 271/365/1743
f 270/363/1742 702/991/2174 699/992/2171
f 699/987/2171 695/983/2167 269/359/1741
f 269/364/1741 270/363/1742 699/992/2171
f 695/983/2167 249/337/1721 269/359/1741
f 696/984/2168 708/1001/2180 695/983/2167
f 695/983/2167 708/1001/2180 249/337/1721
f 709/1002/2181 708/1001/2180 696/984/2168
f 709/1002/2181 696/984/2168 698/986/2170
f 697/985/2169 709/1002/2181 698/986/2170
f 708/1001/2180 248/336/1720 249/337/1721
f 248/336/1720 708/1001/2180 709/1002/2181
f 223/301/1695 248/336/1720 709/1002/2181
f 223/301/1695 709/1002/2181 710/1003/2182
f 710/1003/2182 709/1002/2181 697/985/2169
f 222/297/1694 223/301/1695 710/1003/2182
f 221/296/1693 710/1003/2182 697/985/2169
f 221/296/1693 222/297/1694 710/1003/2182
f 711/1004/2183 697/985/2169 671/945/2143
f 711/1004/2183 221/296/1693 697/985/2169
f 712/1006/2184 221/300/1693 711/1005/2183
f 712/1006/2184 199/266/1671 221/300/1693
f 652/1007/2124 711/1004/2183 671/945/2143
f 713/1009/2185 711/1005/2183 652/1008/2124
f 713/1009/2185 712/1006/2184 711/1005/2183
f 652/1007/2124 671/945/2143 650/912/2122
f 649/919/2121 713/1010/2185 652/917/2124
f 649/911/2121 714/1012/2186 713/1011/2185
f 714/1012/2186 715/1013/2187 713/1011/2185
f 713/1009/2185 715/1014/2187 712/1006/2184
f 715/1014/2187 197/268/1669 712/1006/2184
f 712/1006/2184 197/268/1669 199/266/1671
f 714/1012/2186 612/858/2084 715/1013/2187
f 715/1013/2187 198/265/1670 197/264/1669
f 612/858/2084 198/265/1670 715/1013/2187
f 630/882/2102 714/1012/2186 649/911/2121
f 714/1012/2186 630/882/2102 613/859/2085
f 613/859/2085 612/858/2084 714/1012/2186
f 612/858/2084 611/857/2083 198/265/1670
f 611/857/2083 196/263/1668 198/265/1670
f 196/263/1668 171/224/1643 170/223/1642
f 285/379/1757 271/365/1743 284/378/1756
f 307/401/1779 707/1000/2179 285/379/1757
f 285/379/1757 707/1000/2179 703/993/2175
f 707/1000/2179 307/401/1779 706/997/2178
f 307/401/1779 716/1015/2188 706/997/2178
f 716/1015/2188 307/401/1779 308/402/1780
f 706/997/2178 716/1015/2188 717/1016/2189
f 718/1017/2190 717/1016/2189 716/1015/2188
f 719/1018/2191 717/1016/2189 718/1017/2190
f 718/1017/2190 716/1015/2188 308/402/1780
f 720/1019/2192 719/1018/2191 718/1017/2190
f 718/1017/2190 308/402/1780 334/438/1806
f 720/1019/2192 718/1017/2190 334/438/1806
f 721/1020/2193 719/1018/2191 720/1019/2192
f 717/1016/2189 719/1018/2191 722/1021/2194
f 721/1020/2193 722/1021/2194 719/1018/2191
f 723/1022/2195 706/997/2178 717/1016/2189
f 723/1022/2195 717/1016/2189 722/1021/2194
f 705/999/2177 706/997/2178 723/1022/2195
f 724/1023/2196 705/999/2177 723/1022/2195
f 724/1023/2196 723/1022/2195 725/1024/2197
f 725/1024/2197 723/1022/2195 722/1021/2194
f 725/1027/2197 722/1026/2194 726/1025/2198
f 727/1028/2199 726/1025/2198 722/1026/2194
f 721/1029/2193 727/1028/2199 722/1026/2194
f 728/1030/2200 721/1020/2193 720/1019/2192
f 721/1029/2193 728/1031/2200 727/1028/2199
f 334/438/1806 728/1030/2200 720/1019/2192
f 335/439/1807 728/1030/2200 334/438/1806
f 727/1028/2199 728/1031/2200 331/434/1803
f 728/1031/2200 335/440/1807 331/434/1803
f 727/1028/2199 729/1032/2201 726/1025/2198
f 331/434/1803 336/441/1808 727/1028/2199
f 336/441/1808 729/1032/2201 727/1028/2199
f 729/1035/2201 730/1034/2202 726/1033/2198
f 731/1036/2203 724/1023/2196 725/1024/2197
f 731/1037/2203 725/1027/2197 726/1025/2198
f 724/1038/2196 683/966/2155 705/996/2177
f 731/1039/2203 682/965/2154 724/1038/2196
f 682/965/2154 683/966/2155 724/1038/2196
f 733/1041/2205 732/1040/2204 731/1037/2203
f 732/1042/2204 682/965/2154 731/1039/2203
f 733/1041/2205 731/1037/2203 726/1025/2198
f 726/1033/2198 734/1044/2206 733/1043/2205
f 730/1034/2202 734/1044/2206 726/1033/2198
f 735/1045/2207 734/1044/2206 730/1034/2202
f 355/473/1827 730/1034/2202 729/1035/2201
f 735/1045/2207 730/1034/2202 355/473/1827
f 355/473/1827 729/1035/2201 336/443/1808
f 587/827/2059 735/1045/2207 355/473/1827
f 736/1046/2208 734/1044/2206 735/1045/2207
f 587/827/2059 736/1046/2208 735/1045/2207
f 734/1044/2206 737/1047/2209 733/1043/2205
f 736/1046/2208 737/1047/2209 734/1044/2206
f 737/1047/2209 732/1048/2204 733/1043/2205
f 682/965/2154 732/1042/2204 660/964/2132
f 732/1050/2204 737/1049/2209 660/927/2132
f 737/1049/2209 738/1051/2210 660/927/2132
f 738/1052/2210 737/1047/2209 736/1046/2208
f 621/870/2093 738/1052/2210 736/1046/2208
f 621/870/2093 736/1046/2208 587/827/2059
f 660/927/2132 738/1051/2210 640/900/2112
f 738/1051/2210 622/873/2094 640/900/2112
f 622/872/2094 738/1052/2210 621/870/2093
f 587/827/2059 355/473/1827 354/472/1826

# End of Object "CaveWalls4_C"
