# Created with Anim8or 1.00
# Object "CaveWalls4_A":

mtllib CaveWalls4_A.mtl

# Shape "CaveWalls4A":
g CaveWalls4A
# No. points 2830:
v 4.79031 -16.8463 -6.966
v 6.3459 -16.9745 -5.722
v 6.2473 -16.775 -7.209
v 4.33462 -17.085 -5.848
v 3.21502 -16.8081 -6.715
v 3.6358 -16.1527 -7.578
v 5.2121 -15.8935 -8.018
v 4.90969 -16.8508 -4.166
v 2.7718 -17.1159 -5.528
v 1.8307 -15.815 -7.108
v 3.33644 -14.7661 -8.362
v 5.4066 -14.5232 -8.803
v 6.4364 -15.2993 -8.43
v 6.9721 -16.1291 -7.879
v 8.0756 -16.7914 -6.828
v 8.033 -16.9016 -3.672
v 2.2909 -16.7593 -6.514
v 6.9301 -14.5363 -8.867
v 7.7521 -15.3061 -8.417
v 8.4666 -16.0617 -7.792
v 8.63 -16.9154 -5.369
v 5.975 -16.8184 -0.61300
v 2.1341 -16.8403 -3.543
v 1.0852 -17.1319 -5.396
v 1.6093 -16.7781 -6.269
v 4.22386 -13.3007 -9.212
v 6.6814 -13.1596 -9.416
v 8.4501 -14.2898 -8.993
v 9.4214 -15.3711 -8.251
v 10.1715 -16.3069 -7.203
v 9.8128 -16.8872 -6.062
v 11.1102 -17.0851 -4.581
v 11.4214 -16.8929 -1.576
v 11.315 -16.8334 -6.198
v 10.852 -14.335 -8.754
v 9.4342 -12.8154 -9.497
v 7.9733 -11.1956 -10.061
v 4.66767 -11.416 -9.89
v 10.8779 -11.1198 -9.84
v 12.0144 -12.7395 -9.139
v 11.1649 -15.5133 -7.929
v 12.9644 -16.1304 -6.965
v 13.1477 -16.7319 -3.272
v 14.2921 -17.137 -4.461
v 12.8009 -17.0114 -5.701
v 15.3801 -14.4939 -7.605
v 12.6926 -14.9481 -8.044
v 13.0939 -13.9075 -8.464
v 6.463 -9.2644 -10.453
v 9.6835 -9.2566 -10.398
v 12.5335 -9.4652 -9.967
v 13.4925 -11.1344 -9.354
v 14.5421 -12.6909 -8.584
v 14.3721 -16.8448 -5.877
v 15.8261 -16.8513 -2.159
v 17.1951 -17.0712 -3.91
v 15.9401 -16.982 -5.277
v 15.8511 -16.1859 -6.341
v 17.3721 -12.1924 -7.968
v 15.6431 -11.0879 -8.843
v 15.1401 -9.3949 -9.386
v 11.4725 -7.5311 -10.169
v 13.9391 -7.7507 -9.744
v 8.3822 -7.1174 -10.341
v 10.508 -5.844 -9.703
v 13.3173 -5.605 -9.193
v 15.2021 -6.756 -9.175
v 15.6381 -7.8526 -9.304
v 16.0311 -5.447 -8.619
v 10.7753 -4.115 -8.715
v 13.0965 -3.384 -8.179
v 15.1841 -3.761 -8.417
v 17.4471 -3.581 -8.538
v 16.8571 -8.352 -8.992
v 17.4931 -9.8367 -8.649
v 17.7961 -13.7179 -7.29
v 18.5121 -14.996 -6.559
v 18.0771 -16.6506 -5.315
v 20.8481 -16.1903 -5.404
v 19.9301 -17.0755 -4.069
v 16.8141 -6.97 -8.725
v 18.0851 -5.496 -8.334
v 16.3061 -2.524 -8.342
v 19.1801 -3.989 -8.445
v 18.8921 -7.5972 -8.341
v 20.5701 -10.0006 -7.785
v 19.8751 -12.9111 -7.132
v 21.6201 -14.3167 -6.308
v 21.7301 -7.011 -7.945
v 20.4221 -5.201 -8.173
v 19.1541 -2.626 -8.497
v 20.8671 -3.213 -8.388
v 23.3151 -11.9265 -6.888
v 23.4141 -4.253 -7.929
v 20.4931 -1.386 -8.219
v 22.3851 -2.044 -8.163
v 24.2631 -1.59 -7.761
v 24.9321 -7.8733 -7.35
v 24.1521 -13.9614 -6.123
v 25.2471 -12.627 -6.519
v 26.9781 -10.8893 -6.869
v 28.2761 -8.0434 -7.203
v 25.9971 -2.535 -7.425
v 24.5781 0.00600 -7.336
v 26.1351 -0.59000 -7.258
v 22.6141 -0.23900 -7.644
v 23.9591 1.001 -6.843
v 25.8101 1.255 -6.642
v 30.2081 -8.4797 -7.583
v 28.8761 -9.6468 -7.197
v 30.1901 -10.8929 -7.206
v 30.6551 -5.941 -7.604
v 28.1391 -5.458 -7.135
v 26.1851 -4.598 -7.301
v 25.9061 2.426 -5.8
v 27.6201 2.658 -5.731
v 24.3441 2.248 -5.727
v 25.7451 3.605 -5
v 27.9371 0.49400 -6.705
v 27.7361 -1.236 -7.033
v 28.1581 -2.956 -7.105
v 30.5201 -3.307 -7.3
v 30.2391 -0.58800 -6.717
v 29.6601 1.572 -6.096
v 27.4541 5.91 -4.932
v 30.6601 3.978 -5.615
v 31.9951 1.818 -6.231
v 32.3121 0.32700 -6.673
v 33.2821 -0.93300 -7.263
v 33.4681 1.107 -6.777
v 32.8011 3.56 -5.896
v 33.7861 5.253 -5.289
v 31.2011 6.952 -4.919
v 31.6401 10.102 -5.001
v 34.7571 8.492 -5.17
v 34.7551 2.95 -6
v 32.6721 -3.62 -7.75
v 34.9871 1.125 -7.073
v 34.8781 12.182 -5.242
v 36.3881 6.374 -5.446
v 35.7161 4.712 -5.482
v 37.3281 8.297 -5.4
v 37.3131 10.441 -5.258
v 37.7911 12.73 -5.196
v 39.2201 12.884 -4.941
v 39.2291 11.485 -4.83
v 39.4981 9.082 -5.142
v 38.3521 6.928 -5.574
v 36.3881 -0.00800 -7.52
v 35.5091 -2.675 -7.661
v 38.9141 -1.175 -7.197
v 36.8461 1.922 -6.51
v 38.2081 0.96800 -7.03
v 37.8131 4.409 -5.923
v 40.5671 6.393 -5.643
v 40.4611 12.813 -4.266
v 42.7441 12.376 -4.457
v 41.1301 10.889 -4.52
v 42.0691 8.906 -4.841
v 38.6921 2.388 -6.357
v 40.6311 3.441 -6.177
v 42.5001 10.625 -4.571
v 41.4071 14.327 -4.533
v 43.1451 14.48 -4.709
v 39.1861 14.497 -4.894
v 40.5021 15.691 -4.119
v 39.1871 16.187 -4.39
v 42.2131 15.841 -4.317
v 43.0211 6.778 -5.304
v 42.2411 5.04 -5.86
v 43.5721 15.694 -4.577
v 43.2891 16.462 -4.008
v 42.3341 16.694 -3.534
v 41.2161 16.526 -3.672
v 39.7671 16.767 -3.436
v 41.2211 16.838 -2.591
v 43.7211 16.87 -2.748
v 44.5851 16.25 -4.245
v 44.5301 14.913 -4.807
v 44.2251 13.53 -4.827
v 43.7301 10.277 -4.68
v 43.8991 8.4 -4.766
v 45.4271 9.277 -4.6
v 45.1151 11.982 -4.545
v 45.4251 13.891 -4.809
v 45.9171 15.306 -4.69
v 46.0131 16.568 -3.43
v 46.2051 16.814 -0.47500
v 42.1571 16.838 -0.96800
v 46.9201 13.573 -4.665
v 47.2281 15.537 -4.315
v 48.0681 16.515 -3.237
v 48.5721 14.618 -4.288
v 47.2821 10.894 -4.449
v 48.5941 12.617 -4.621
v 50.3111 15.535 -3.671
v 49.8031 13.233 -4.218
v 49.3311 16.788 -1.767
v 50.6501 16.833 0.58800
v 47.4921 16.795 4.393
v 41.6241 16.855 2.347
v 53.0131 16.867 4.282
v 54.1641 16.829 0.74200
v 51.1851 16.598 -2.027
v 52.3221 15.166 -2.998
v 51.5521 12.813 -3.839
v 49.7021 10.353 -4.167
v 51.3531 10.71 -3.537
v 52.8331 13.307 -2.786
v 52.7131 10.695 -2.662
v 52.9581 16.607 -1.583
v 53.4781 14.617 -2.077
v 51.1181 16.6 7.906
v 47.7681 16.738 7.404
v 57.1891 16.849 2.869
v 54.8461 15.789 -1.833
v 54.4091 13.719 -1.617
v 53.5051 12.852 -2.027
v 54.1861 11.647 -1.37
v 56.0011 13.091 -1.877
v 56.1801 16.776 -0.26200
v 56.5581 15.852 -2.026
v 49.6481 13.345 8.392
v 52.8181 13.915 8.506
v 48.6031 15.552 8.332
v 52.3921 11.226 8.14
v 54.5431 15.475 8.256
v 55.9621 12.544 8.177
v 54.1651 17.116 6.956
v 55.7371 17.043 5.598
v 58.2391 16.567 -0.89000
v 57.6511 14.627 -2.247
v 55.3701 9.575 -1.529
v 58.0621 12.52 -1.78
v 56.9891 10.631 -1.622
v 59.3041 14.49 -2.159
v 57.7951 16.976 6.063
v 56.2461 16.742 7.57
v 54.0561 7.905 8.202
v 56.4761 15.044 8.183
v 58.0391 15.823 7.94
v 60.3601 16.953 3.699
v 60.2351 16.742 1.021
v 60.2441 16.027 -1.205
v 60.9771 14.241 -1.422
v 60.0061 11.956 -1.417
v 61.6741 15.798 -0.54200
v 59.1031 16.81 5.003
v 57.2791 14.364 8.267
v 58.5741 13.989 8.087
v 59.2701 15.406 8.041
v 59.9221 16.546 6.861
v 60.2691 16.771 5.308
v 61.7121 16.774 2.305
v 62.3811 16.392 0.87300
v 62.4571 16.828 3.678
v 62.8681 15.829 2.324
v 61.6801 16.781 5.56
v 60.3371 14.723 8.052
v 61.7641 15.31 7.112
v 58.7861 11.843 8.022
v 60.0861 12.934 8.132
v 60.8611 10.703 7.902
v 58.1411 8.681 8.183
v 61.6671 13.208 7.778
v 62.9931 13.786 6.663
v 62.9121 15.452 6.181
v 63.6911 16.285 4.997
v 64.2621 14.624 5.844
v 63.0631 11.359 7.183
v 61.4031 7.02 7.654
v 62.3091 9.488 7.285
v 64.2651 12.646 6.029
v 64.7261 14.764 4.112
v 65.3541 13.486 5.219
v 63.6661 15.728 3.438
v 63.8301 14.743 3.34
v 64.1261 13.701 3.268
v 64.6131 12.847 4.173
v 65.2541 11.721 5.13
v 56.2951 5.19 8.107
v 63.7661 8.577 6.704
v 64.4651 10.876 6.18
v 64.9201 11.521 3.967
v 64.8401 11.997 2.744
v 63.7511 14.367 2.716
v 64.1631 13.592 2.121
v 63.4521 15.049 2.79
v 63.5861 14.728 1.971
v 65.2431 10.731 3.438
v 65.1321 10.309 4.323
v 65.1151 9.616 5.513
v 63.3221 5.632 6.51
v 58.8841 4.789 8.09
v 64.1771 6.853 6.098
v 64.9701 7.585 5.609
v 65.0721 8.536 4.376
v 65.1251 9.453 3.548
v 64.4231 12.417 1.155
v 65.2021 9.879 2.583
v 64.9501 10.522 1.307
v 64.9531 6.069 4.345
v 64.7631 5.501 5.862
v 62.2481 4.519 7.154
v 60.9631 3.571 7.908
v 57.1191 2.452 8.221
v 62.9081 3.529 6.538
v 64.1821 3.15 6.305
v 64.9701 3.516 4.89
v 64.9461 7.658 3.054
v 64.8091 8.326 1.607
v 64.4101 5.844 1.9
v 62.2161 2.374 7.263
v 59.2111 1.67 8.22
v 57.5051 0.09800 8.622
v 61.0221 0.75600 8.039
v 64.8701 3.917 3.675
v 64.7121 5.387 3.1
v 64.3901 3.409 2.535
v 64.9511 0.92300 3.709
v 64.9481 0.83000 5.595
v 63.1021 1.929 6.478
v 59.3231 -1.716 8.519
v 62.6301 -0.16100 7.218
v 64.1211 0.12300 1.577
v 63.8591 0.64600 6.495
v 61.3111 -1.268 8.008
v 63.3801 -2.517 7.244
v 63.5961 -0.83900 6.936
v 64.4651 -1.255 6.422
v 61.0401 -2.933 8.276
v 62.1931 -2.181 8.03
v 64.6761 -3.62 6.454
v 65.2091 -2.416 4.977
v 62.1571 -4.228 8.374
v 59.9391 -5.088 8.625
v 61.6851 -6.841 8.625
v 59.7511 -7.6483 8.678
v 63.5481 -5.766 7.437
v 64.8561 -3.096 3.057
v 65.2451 -4.257 5.69
v 64.9711 -5.836 6.199
v 64.1831 -8.912 6.463
v 62.8561 -8.277 8.066
v 60.9941 -9.5566 8.373
v 58.2011 -9.5767 8.877
v 62.7431 -9.9787 7.809
v 61.7391 -11.5492 7.81
v 65.3031 -7.1651 5.462
v 65.3031 -5.224 4.888
v 65.2121 -4.108 4.115
v 64.1961 -4.007 1.466
v 63.1201 -11.1926 7.137
v 59.6201 -12.3004 8.273
v 65.3911 -8.5455 4.984
v 65.2671 -7.0564 4.481
v 65.2041 -5.747 3.689
v 64.7221 -5.979 2.422
v 64.8731 -8.496 3.41
v 65.2721 -10.8893 4.814
v 62.5051 -13.2522 7.145
v 61.2491 -12.8084 7.925
v 56.5411 -11.9383 8.844
v 57.7341 -14.2768 8.24
v 60.8681 -13.9958 8.122
v 59.4511 -14.2809 8.03
v 63.8981 -11.8934 6.079
v 64.3421 -10.9883 3.303
v 64.3701 -7.9026 1.89
v 64.1191 -6.448 1.301
v 64.0171 -10.228 1.806
v 63.7031 -8.2684 0.69700
v 64.3071 -12.7623 3.833
v 64.6501 -13.1032 5.168
v 63.7281 -13.6017 5.953
v 61.4781 -15.6212 7.116
v 63.1071 -15.0359 6.007
v 60.0531 -15.3148 8.166
v 58.8731 -15.3363 8.18
v 59.1011 -16.2697 7.128
v 60.4741 -16.9846 5.496
v 62.1771 -16.3382 5.748
v 64.1451 -14.4088 5.34
v 64.1971 -14.3243 4.29
v 63.3231 -5.745 0.14100
v 62.7341 -8.2456 -0.51800
v 62.5701 -6.756 -0.68100
v 62.9041 -10.8119 0.03800
v 63.7901 -12.4467 2.455
v 62.9171 -16.0368 5.102
v 61.8911 -16.6298 4.391
v 63.7251 -15.3376 4.833
v 63.0911 -16.1011 4.269
v 61.5241 -10.0871 -1.205
v 61.5241 -7.3637 -1.26
v 62.3701 -5.5 -0.83000
v 59.4671 -9.1697 -1.703
v 59.9951 -6.241 -1.461
v 63.7151 -14.4739 2.968
v 63.6381 -15.4082 3.844
v 62.7281 -16.2562 3.065
v 63.4621 -13.9414 1.517
v 63.2461 -15.4757 1.932
v 63.4851 -12.2341 1.148
v 61.5931 -12.7032 -0.90500
v 59.8341 -12.0934 -1.648
v 57.2811 -11.8037 -2.337
v 58.2791 -7.1205 -1.853
v 56.6561 -7.3732 -2.529
v 57.5141 -9.0631 -2.392
v 62.6371 -15.2404 0.81800
v 62.7371 -13.3933 0.26400
v 62.1921 -16.5194 1.716
v 61.4291 -16.2851 0.71400
v 61.6271 -14.9176 -0.34500
v 58.4121 -13.7853 -1.764
v 57.1121 -13.8308 -2.078
v 57.5131 -14.7969 -1.807
v 55.4521 -9.5497 -3.078
v 54.0891 -12.5442 -3.059
v 55.7861 -13.7949 -2.295
v 56.5251 -14.7662 -1.901
v 58.6031 -15.6177 -1.73
v 56.9461 -15.9251 -1.716
v 60.2511 -14.4046 -1.642
v 59.7471 -16.9702 2.478
v 60.2931 -16.5724 -0.61200
v 57.9241 -17.0807 -0.41500
v 55.3361 -15.3442 -1.711
v 55.8741 -16.8635 -1.004
v 54.3521 -14.2325 -2.13
v 54.5091 -6.719 -3.079
v 52.1931 -9.602 -3.91
v 52.7421 -14.3896 -2.661
v 53.6891 -15.5456 -1.817
v 55.9691 -16.9476 1.141
v 54.6221 -16.8456 -0.47200
v 54.6031 -16.5012 -1.49
v 50.3511 -13.4366 -3.886
v 55.0671 -5.189 -1.938
v 56.1591 -5.589 -2.104
v 52.4741 -15.4989 -2.464
v 53.6871 -16.7441 -1.27
v 53.1171 -16.9156 0.18200
v 52.5141 -16.5285 -1.926
v 51.5961 -15.2229 -2.963
v 52.0031 -15.5171 -2.611
v 52.0651 -15.8559 -2.708
v 50.8831 -16.9862 -1.224
v 51.2051 -16.4568 -2.866
v 50.4131 -16.9136 1.304
v 53.9001 -16.9015 3.697
v 48.5721 -16.9964 -1.049
v 49.5211 -16.8378 -2.804
v 50.2151 -15.592 -3.445
v 48.8211 -10.422 -4.532
v 47.1221 -12.4057 -4.433
v 56.7751 -16.8129 3.2
v 57.4741 -17.0839 5.245
v 46.5251 -16.8992 1.416
v 47.9731 -16.9331 -2.758
v 48.3261 -15.759 -3.858
v 47.3711 -14.2971 -4.448
v 46.1121 -15.6909 -4.336
v 46.8601 -16.6724 -3.501
v 46.5281 -17.0581 -1.942
v 54.9551 -17.1331 7.067
v 57.1591 -16.66 7.292
v 56.2841 -15.8015 8.207
v 54.4011 -15.7035 8.368
v 52.2541 -16.4906 8.118
v 52.4631 -17.2652 6.147
v 50.0441 -16.7756 4.65
v 42.5181 -16.8028 0.20300
v 44.0581 -17.0557 -1.838
v 45.2621 -16.9077 -3.568
v 43.6561 -16.8464 -3.613
v 44.1621 -15.8982 -4.508
v 42.1091 -16.9604 -1.672
v 50.8181 -17.1373 6.876
v 50.1691 -16.5636 8.067
v 41.8521 -16.8996 -3.246
v 42.7051 -16.5482 -4.274
v 41.9051 -16.624 -4.11
v 40.1501 -16.8655 -1.705
v 46.9211 -16.7996 5.225
v 48.9391 -17.0157 7.027
v 49.5131 -14.5264 8.211
v 52.9061 -14.1614 8.381
v 51.6051 -11.6668 8.803
v 49.1821 -16.2048 8.143
v 43.1971 -16.9194 3.906
v 39.4211 -16.929 1.387
v 47.2211 -16.8734 7.055
v 48.0851 -16.1806 7.994
v 47.5821 -10.6528 8.704
v 46.3721 -13.5324 8.356
v 46.9291 -15.2939 8.232
v 46.6071 -16.4604 7.813
v 45.3841 -17.0802 6.707
v 36.7741 -16.7105 -1.501
v 42.9211 -17.0232 7.36
v 39.2751 -16.8557 5.115
v 45.2501 -16.2663 8.269
v 45.3341 -14.9235 8.374
v 43.8361 -15.5716 8.651
v 34.6821 -16.839 2.379
v 33.3511 -16.7751 -1.641
v 44.1781 -14.0305 8.409
v 30.2901 -16.8098 -0.01300
v 29.5041 -16.8185 4.483
v 40.5321 -16.7708 8.098
v 38.4251 -16.7323 7.213
v 42.3521 -16.0921 8.665
v 42.6171 -14.8512 8.52
v 42.4631 -13.4012 8.533
v 41.4831 -15.5406 8.877
v 38.9261 -16.3886 8.563
v 40.1941 -15.4097 9.158
v 41.3531 -14.5071 8.608
v 40.2171 -13.3902 8.759
v 38.3581 -15.0964 9.204
v 37.2791 -16.4974 8.187
v 36.1461 -16.7574 6.224
v 25.3231 -16.8126 0.48800
v 28.2121 -16.8751 -1.896
v 26.0611 -16.8716 -2.769
v 35.7501 -16.56 7.938
v 36.3921 -15.1733 8.755
v 37.6711 -12.8012 8.686
v 35.1091 -13.5808 8.478
v 34.4151 -16.0183 8.621
v 34.5591 -16.9135 7.271
v 33.2201 -16.7839 5.796
v 19.9101 -16.7958 -0.50800
v 22.5901 -17.0417 -2.771
v 33.2831 -16.9338 7.585
v 33.0361 -14.4957 8.807
v 33.3981 -11.567 8.689
v 32.6821 -16.4222 8.612
v 31.5231 -16.9845 7.253
v 29.4721 -16.6941 7.761
v 31.2021 -15.8745 9.001
v 31.0811 -13.457 8.879
v 29.4331 -15.0196 8.983
v 19.1411 -16.9984 -2.646
v 24.3671 -16.8083 5.177
v 28.8921 -13.2763 8.705
v 28.2581 -14.6376 8.577
v 27.9711 -15.8174 8.514
v 27.2961 -17.0612 7.169
v 20.5941 -16.8216 2.632
v 25.3741 -17.0574 7.474
v 23.9491 -16.9533 7.026
v 26.5541 -16.3175 8.336
v 26.4651 -14.5434 8.786
v 27.1951 -11.6339 8.719
v 25.4401 -16.2539 8.484
v 24.4781 -16.6774 7.991
v 15.7551 -16.8415 1.262
v 20.6751 -16.8577 5.207
v 22.3361 -16.8521 6.723
v 23.3531 -16.5445 7.867
v 24.4121 -15.8565 8.702
v 24.4401 -12.6167 8.852
v 24.1751 -14.5362 8.846
v 23.0851 -15.4975 8.238
v 22.3061 -16.2807 7.719
v 21.2941 -16.3697 7.298
v 20.6221 -16.8971 6.548
v 17.7471 -16.922 4.119
v 18.8311 -17.0238 6.173
v 20.0241 -16.701 7.308
v 21.9191 -15.4341 7.635
v 20.6381 -15.7023 7.652
v 22.6501 -14.0813 8.172
v 22.4121 -12.5876 8.366
v 21.1421 -13.4016 7.862
v 21.2171 -14.6538 7.598
v 19.5541 -14.7226 7.984
v 19.5951 -16.0122 7.731
v 18.9451 -16.6373 7.351
v 16.5291 -16.8358 5.6
v 17.5601 -16.6248 7.114
v 14.6981 -16.8281 4.003
v 11.1355 -16.8434 2.334
v 14.6421 -16.6891 5.814
v 16.0581 -16.561 6.519
v 17.6321 -15.3937 7.935
v 18.6871 -16.0225 7.861
v 16.3521 -15.9184 7.199
v 19.5771 -12.7284 8.435
v 21.0721 -12.0215 8.479
v 17.5841 -13.6551 8.246
v 16.3521 -14.8485 7.552
v 15.2731 -16.2641 6.734
v 14.3071 -16.2353 6.665
v 15.0921 -15.4488 7.057
v 18.2371 -12.0898 8.592
v 16.1921 -11.5413 8.36
v 19.5781 -10.3616 8.854
v 14.9391 -13.8797 7.532
v 13.2844 -15.4727 6.846
v 13.3169 -16.59 6.228
v 12.6058 -16.7892 4.923
v 7.5532 -16.8877 3.394
v 10.2556 -16.901 4.978
v 11.9096 -16.5407 6.179
v 11.9038 -13.9074 7.083
v 11.299 -15.5778 6.754
v 10.5636 -16.5306 6.279
v 9.4032 -16.7019 6.002
v 8.2601 -16.9547 5.264
v 8.0397 -16.3672 6.365
v 9.6969 -15.9567 6.681
v 10.0599 -14.8477 6.81
v 8.7619 -15.2324 6.807
v 3.80916 -16.8649 2.925
v 5.9886 -16.9129 5.367
v 8.5504 -13.6417 7.13
v 13.5887 -12.3033 7.75
v 7.2494 -15.303 6.732
v 5.6856 -14.6148 7.123
v 6.569 -16.281 6.416
v -0.66700 -16.8435 -0.55500
v 5.7645 -16.4438 6.292
v 5.7695 -15.753 6.612
v 4.49484 -15.582 6.91
v 4.89129 -12.6561 7.921
v 11.1233 -11.788 7.567
v 8.201 -11.0063 7.747
v 5.1958 -9.7429 8.244
v 4.72093 -16.4748 6.394
v 3.29586 -17.085 5.307
v 0.65860 -16.6806 3.834
v 3.0903 -16.4226 6.876
v 1.4405 -17.1228 5.975
v 3.1013 -14.7698 7.408
v 5.8796 -7.5398 8.212
v 8.164 -8.5575 7.939
v 10.812 -9.5494 7.856
v 13.5024 -10.31 8.072
v 10.7905 -7.1575 7.898
v 12.9015 -8.4471 8.15
v 0.97260 -16.149 7.194
v 0.66270 -14.6584 7.568
v -1.1641 -17.0737 5.91
v -1.0717 -15.4057 7.108
v 5.2444 -5.447 8.218
v 7.9448 -6.32 7.917
v 13.1673 -6.907 8.157
v 9.8512 -5.148 7.637
v 12.2186 -5.067 7.638
v 7.684 -4.048 7.753
v 2.4427 -7.5391 8.513
v 1.1261 -10.9996 8.455
v 1.7166 -13.3903 7.997
v -2.7222 -16.2614 6.841
v -2.8693 -15.0123 7.286
v -4.3513 -17.1195 5.712
v -3.3332 -16.7593 3.035
v -4.4863 -16.0043 7.179
v -1.3402 -13.5115 7.93
v 7.4849 -1.485 7.181
v 10.3645 -3.088 7.081
v -1.4629 -8.6907 8.562
v -3.9084 -11.1581 8.397
v -4.8671 -14.0423 7.734
v 10.0814 -0.47700 6.81
v 4.96567 -2.852 7.998
v 2.1085 -4.266 8.412
v -1.6461 -5.642 8.509
v 12.3568 0.74300 7.073
v 13.8118 2.216 8.192
v 14.6191 0.83800 7.59
v 12.04 2.653 7.867
v 10.2172 1.788 7.181
v 8.1463 0.89000 6.612
v 6.1827 0.41900 6.978
v 4.95717 -0.74200 7.572
v 2.0232 -0.92400 8.065
v -0.63330 -2.776 8.288
v 4.16357 1.429 7.453
v 6.5077 2.436 6.937
v 8.5968 2.842 6.875
v 10.5094 4.249 7.769
v 0.82630 3.147 7.763
v -2.193 -0.04800 7.879
v -3.4469 -2.981 8.175
v -3.8303 4.099 7.533
v 4.51663 4.312 7.352
v 13.5848 4.444 8.688
v 12.2345 6.994 8.484
v 9.6857 6.341 7.577
v 7.6972 4.947 6.906
v -0.97340 6.647 7.16
v 8.1679 7.292 6.979
v 9.9887 8.481 7.805
v 12.3944 10.001 8.327
v -5.2704 0.77800 7.658
v 2.3606 7.154 7.35
v 5.7506 7.172 6.94
v 10.1766 10.355 7.629
v 11.3351 11.634 7.58
v 13.142 11.946 7.98
v 12.233 12.569 7.31
v 7.6189 9.935 6.794
v 11.0253 12.827 6.977
v 13.5411 13.227 7.304
v 12.1619 13.308 6.909
v 9.5031 11.932 7.037
v 9.692 13.712 6.793
v 4.41989 9.699 6.983
v 5.4104 11.972 6.844
v 0.17070 9.537 6.956
v 2.2111 10.006 7.262
v 3.302 12.052 7.196
v 11.3176 14.048 6.72
v 10.4323 15.231 6.744
v 8.6983 14.867 6.865
v 7.5247 13.245 6.714
v 1.1541 11.816 7.279
v -0.30430 11.666 6.95
v 9.2677 15.897 6.649
v 7.9345 16.009 6.431
v 10.1246 16.163 6.415
v 10.7616 16.004 6.386
v 10.7915 16.541 5.792
v 9.2884 16.606 5.929
v 7.9146 16.913 5.198
v 7.5087 14.874 6.795
v 6.6556 14.592 6.717
v 5.5009 14.002 6.994
v -1.1331 10.695 6.747
v -1.8753 9.183 6.81
v -2.2586 11.08 6.902
v 4.49889 13.038 7.1
v 4.73145 15.596 6.843
v 5.9852 15.283 6.661
v 3.80883 14.111 7.388
v 6.8459 15.484 6.529
v 6.2391 16.544 5.986
v 9.7308 16.724 4.483
v 6.5332 16.804 2.897
v 3.89745 16.834 5.5
v 2.7813 15.801 7.363
v 1.934 13.867 7.477
v -1.3974 12.155 6.718
v 1.0444 15.399 7.698
v -0.24930 13.821 7.141
v 0.70780 16.621 5.978
v 2.35 16.776 3.28
v 12.2052 16.805 2.609
v 0.02580 15.685 7.539
v -1.2841 15.821 7.321
v -3.3209 13.492 7.138
v -1.4265 16.759 3.055
v 2.0813 16.732 -0.83000
v -3.1015 16.842 -0.63200
v -1.7867 16.61 5.745
v -2.9183 16.183 6.961
v -4.2751 16.01 7.242
v -4.072 16.877 5.408
v -1.0674 16.837 -3.198
v 1.1153 16.759 -4.781
v -4.3911 16.926 -3.869
v -6.0909 16.813 2.868
v -8.5389 16.838 -1.16
v -1.6412 16.45 -5.943
v -3.9355 16.544 -6.009
v 0.14470 16.188 -6.153
v -0.10220 14.606 -6.258
v -2.1854 13.912 -6.049
v -3.4474 15.165 -6.319
v -5.4619 16.848 -5.596
v -5.2842 15.415 -6.573
v -7.2749 16.875 -4.518
v -9.6849 16.827 -3.95
v -6.8219 16.394 -6.126
v -4.4137 13.418 -6.293
v -6.4089 13.603 -6.572
v -5.7255 12.54 -6.544
v -7.1419 15.051 -6.789
v -7.7569 16.644 -5.667
v -8.2199 15.979 -6.432
v -11.0809 16.748 3.445
v -8.7569 16.827 -5.381
v -9.0999 13.324 -6.624
v -6.8389 11.606 -6.772
v -5.0896 11.386 -6.633
v -5.9839 9.805 -7.312
v -4.0338 9.461 -7.186
v -8.1779 8.951 -7.616
v -9.8209 16.161 -6.299
v -10.1489 16.947 -5.188
v -11.1779 16.699 -4.508
v -12.4409 16.775 -3.086
v -15.4399 16.694 0.22300
v -16.2779 16.862 -3.336
v -14.1319 16.793 -4.55
v -12.3919 16.717 -4.689
v -11.3549 16.881 -5.66
v -11.6159 15.285 -6.649
v -13.1049 16.574 -5.866
v -15.4709 16.827 -4.606
v -15.1719 16.026 -5.62
v -13.7439 14.872 -6.341
v -12.6309 12.781 -6.497
v -11.3729 9.734 -7.31
v -10.3899 6.481 -8.24
v -12.8089 6.969 -7.498
v -13.4279 10.59 -6.642
v -13.4769 8.841 -7
v -14.6829 11.825 -5.945
v -14.6619 13.457 -5.844
v -14.8919 14.708 -5.882
v -15.0289 12.68 -5.623
v -15.1169 9.472 -6.203
v -12.2009 4.512 -7.986
v -14.5549 4.96 -7.388
v -14.8549 7.247 -6.8
v -16.3639 5.656 -6.712
v -16.2289 10.719 -5.423
v -16.5519 9.327 -5.706
v -15.9069 12.668 -5.309
v -15.9709 14.349 -5.525
v -17.4489 15.564 -5.462
v -17.8409 13.535 -5.255
v -17.6789 11.63 -5.359
v -17.9109 9.598 -5.611
v -17.0669 7.604 -5.984
v -18.9359 6.714 -6.255
v -18.2959 5.429 -6.538
v -19.0119 7.967 -6.112
v -19.7739 9.22 -6.346
v -19.2619 10.968 -6.065
v -18.9629 12.276 -5.532
v -19.4139 13.216 -5.4
v -19.8259 12.497 -5.805
v -19.6149 11.9 -5.999
v -17.4109 3.397 -7.161
v -14.1339 2.129 -7.878
v -17.8019 0.22100 -7.38
v -20.8319 1.503 -6.825
v -19.9579 7.006 -6.384
v -20.5069 7.881 -6.453
v -21.6749 8.937 -6.777
v -20.6539 11.691 -6.186
v -20.6759 10.266 -6.563
v -21.7469 7.467 -6.591
v -20.9869 6.801 -6.461
v -20.3879 5.691 -6.512
v -19.8559 3.975 -6.754
v -20.5749 -1.165 -6.909
v -18.8829 -3.248 -7.091
v -22.0159 -3.016 -6.593
v -22.3669 3.948 -6.476
v -22.4199 6.098 -6.472
v -22.1869 10.714 -6.616
v -24.5179 1.677 -6.346
v -23.3939 -1.064 -6.565
v -21.6869 -5.383 -6.299
v -25.7819 -4.503 -6.646
v -19.6119 -5.049 -6.531
v -18.3409 -5.291 -6.836
v -24.1149 -8.0869 -6.148
v -26.6989 -0.78400 -6.53
v -23.2589 7.73 -6.714
v -25.3409 8.08 -6.535
v -24.4149 6.404 -6.378
v -23.8249 5.126 -6.341
v -27.0869 1.451 -6.205
v -24.7759 3.984 -6.157
v -25.0939 5.308 -6.133
v -26.1929 6.287 -5.744
v -25.9809 4.718 -5.698
v -26.4699 3.232 -5.879
v -27.7699 -8.502 -6.284
v -28.5369 2.843 -5.888
v -29.0909 0.50400 -6.359
v -30.2779 -2.341 -6.713
v -30.5389 -6.188 -6.589
v -30.6229 2.339 -6.319
v -31.0469 -9.0453 -6.306
v -29.6249 -10.7912 -6.098
v -27.4809 -10.9835 -5.961
v -25.8729 -9.9724 -6.006
v -28.6009 -12.4834 -5.529
v -27.1019 -12.2972 -5.437
v -31.2539 0.09400 -6.577
v -32.3279 1.662 -6.696
v -32.9169 -4.486 -6.599
v -31.7579 -11.0277 -6.122
v -27.2889 -13.3874 -4.888
v -29.0559 -14.5004 -4.956
v -30.8499 -12.668 -5.626
v -33.2419 -9.9004 -6.492
v -33.9419 -12.8686 -6.367
v -32.8759 -7.7807 -6.467
v -33.0109 -6.285 -6.498
v -33.8229 -2.005 -6.675
v -32.1129 -1.06 -6.727
v -35.4949 -4.249 -6.431
v -34.3449 -5.773 -6.501
v -34.2439 -7.011 -6.623
v -34.7249 -8.4674 -6.866
v -35.1569 -10.4431 -6.951
v -31.6959 -14.6194 -5.499
v -36.1459 -6.78 -6.99
v -37.4869 -5.025 -6.943
v -36.6229 -9.3231 -7.271
v -37.1529 -11.8863 -7.197
v -36.9409 -14.4277 -6.75
v -33.3229 -15.2513 -5.868
v -35.1929 -15.6879 -6.2
v -32.1569 -16.2621 -5.178
v -33.7099 -16.6419 -5.322
v -35.0599 -16.9517 -5.097
v -38.8879 -9.9902 -7.5
v -39.9909 -11.8851 -7.457
v -38.1379 -8.1642 -7.437
v -39.0489 -13.5845 -7.217
v -39.5369 -15.9119 -6.855
v -37.1229 -16.142 -6.362
v -36.2659 -16.887 -5.51
v -36.1389 -16.8461 -3.525
v -34.0879 -16.9188 -4.029
v -32.7749 -16.9161 -4.142
v -32.6549 -16.8691 -2.043
v -31.2459 -16.909 -3.964
v -38.1049 -17.0801 -5.262
v -41.7269 -13.6789 -7.241
v -42.6689 -15.7746 -6.414
v -41.4209 -16.7967 -6.075
v -40.1599 -17.1051 -5.305
v -45.2669 -13.9511 -6.736
v -42.4239 -16.6542 -5.802
v -42.1799 -17.0475 -4.809
v -39.9579 -16.7706 -2.884
v -36.8879 -16.8408 0.57600
v -43.8589 -12.2184 -7.336
v -42.1169 -11.6626 -7.515
v -41.2299 -10.2052 -7.623
v -43.8289 -10.1551 -7.478
v -46.4069 -11.4674 -7.023
v -43.3919 -16.6943 -5.652
v -42.5139 -16.8635 1.141
v -43.8319 -16.8835 -2.788
v -44.2759 -17.0682 -4.733
v -45.4379 -16.2443 -5.883
v -42.2649 -8.9534 -7.623
v -48.3759 -12.9772 -6.489
v -46.6129 -17.166 -4.025
v -50.6159 -10.6059 -6.242
v -46.9279 -8.8259 -7.026
v -51.0249 -13.7068 -5.773
v -48.3949 -15.095 -6.108
v -47.7879 -16.6641 -5.48
v -47.7809 -16.8431 -0.93800
v -48.4509 -17.1055 -3.171
v -48.9319 -17.172 -4.406
v -49.4549 -16.3538 -5.34
v -51.2129 -15.5943 -5.157
v -50.6169 -16.7742 -4.467
v -50.4589 -17.2309 -3.069
v -46.9519 -16.8615 4.743
v -51.7619 -16.934 -1.102
v -51.6869 -16.8752 2.167
v -52.2839 -17.0812 -2.522
v -53.6179 -16.9967 -1.891
v -52.1369 -17.007 -3.48
v -51.3209 -16.9878 -3.867
v -51.9989 -16.5579 -4.258
v -53.0719 -16.6654 -3.762
v -53.3189 -16.9808 -2.988
v -54.6299 -16.8962 -0.19300
v -55.2129 -17.0255 -1.839
v -54.4289 -16.9993 -2.655
v -53.4289 -15.886 -4.351
v -52.8879 -14.6553 -5.059
v -54.2859 -16.6556 -3.475
v -55.4009 -16.7662 -2.842
v -56.4329 -16.9565 -1.102
v -56.4329 -16.8786 -2.214
v -56.1689 -16.544 -2.91
v -55.6299 -15.9958 -3.715
v -54.5239 -14.8733 -4.631
v -54.0359 -13.0917 -5.226
v -56.1939 -14.4564 -4.371
v -57.4849 -15.5513 -3.562
v -57.1349 -16.5664 -2.901
v -58.0289 -16.9958 -1.576
v -55.7509 -16.8741 2.354
v -54.4099 -16.9288 5.292
v -57.5809 -16.9575 0.40400
v -60.0539 -17.046 -0.35200
v -59.5329 -16.7466 -1.893
v -58.5909 -16.3214 -2.733
v -58.1499 -14.1811 -3.804
v -58.8729 -15.3374 -3.199
v -56.8639 -12.5853 -4.536
v -59.3559 -12.4872 -3.536
v -59.8339 -14.4757 -3.012
v -59.8529 -15.8308 -2.552
v -60.7089 -16.4285 -1.671
v -59.5999 -16.6917 1.537
v -60.8049 -16.4856 0.83500
v -61.7599 -16.434 0.22900
v -61.4929 -16.7692 -0.95500
v -58.0109 -16.9496 2.256
v -58.0049 -16.9113 4.337
v -59.0089 -17.0278 2.793
v -60.3829 -17.117 3.18
v -61.2119 -16.7263 1.72
v -61.4729 -16.3363 1.041
v -62.5149 -16.0632 -0.92600
v -63.1819 -15.169 0.32800
v -62.2249 -16.1127 1.339
v -61.7119 -16.1304 -1.623
v -61.0709 -15.1821 -2.075
v -61.1569 -13.5608 -2.381
v -62.1139 -14.5189 -2.042
v -62.1969 -15.4264 -1.698
v -63.0949 -14.8599 -1.371
v -63.8599 -13.6262 -0.69700
v -63.9539 -14.0654 0.36100
v -62.8989 -14.8541 1.939
v -62.1649 -16.0618 2.839
v -60.1349 -16.6899 4.849
v -61.7789 -16.127 4.558
v -59.3099 -15.8918 5.818
v -60.6989 -15.3844 5.583
v -61.6449 -14.7876 5.221
v -62.3279 -14.6868 4.478
v -62.4289 -15.4181 3.855
v -62.8389 -14.4706 3.401
v -63.8429 -13.996 1.286
v -64.3579 -13.0489 0.50500
v -64.3089 -11.9358 -0.44900
v -63.3959 -12.0901 -1.497
v -62.7639 -13.3738 -1.958
v -61.6579 -11.1013 -2.501
v -63.7129 -10.2644 -1.297
v -64.8889 -11.5512 0.80400
v -64.7399 -10.5218 -0.14100
v -64.3269 -12.5644 1.79
v -63.5479 -13.5247 2.545
v -62.7809 -13.359 4.416
v -61.9749 -13.6015 5.162
v -60.9189 -13.7934 5.769
v -63.3109 -13.0569 3.606
v -63.8549 -12.0035 3.084
v -64.6779 -10.7643 2.231
v -65.2209 -9.6971 0.98500
v -64.7659 -8.7852 -0.34900
v -63.6329 -7.9486 -1.332
v -62.5129 -8.9265 -2.118
v -65.3159 -7.4929 0.96800
v -64.6849 -6.568 -0.44300
v -64.8669 -8.5749 2.439
v -63.9729 -9.9262 3.903
v -62.4729 -12.2549 5.185
v -61.6119 -12.6685 5.816
v -62.9889 -10.5579 5.274
v -61.9389 -11.3182 6.181
v -63.2719 -11.8836 4.28
v -64.3379 -7.3799 3.763
v -64.8779 -5.726 2.465
v -65.1679 -5.054 0.79100
v -64.3809 -3.856 -0.53100
v -63.2599 -5.765 -1.363
v -62.4599 -7.2523 -2.078
v -62.4049 -3.228 -1.51
v -61.8319 -5.664 -2.209
v -64.9829 -3.175 0.64100
v -64.8949 -3.2 1.783
v -63.5119 -9.4083 4.984
v -64.8889 -1.492 1.074
v -64.7249 -2.032 0.08800
v -64.0369 -1.072 -0.94800
v -59.9569 -4.144 -2.782
v -60.6039 -1.178 -1.816
v -58.4619 -1.496 -2.645
v -62.3849 -0.61500 -1.414
v -64.8089 -0.45700 0.18300
v -64.5699 -2.925 3.417
v -63.7059 -8.2063 4.868
v -63.9229 -6.21 4.868
v -64.3789 -5.296 3.901
v -64.7869 -0.77000 2.288
v -64.8109 1.026 1.15
v -61.4609 1.041 -1.538
v -59.3829 1.517 -2.499
v -63.1999 1.458 -1.312
v -64.6699 1.325 -0.32100
v -64.0299 -4.009 4.927
v -64.5909 0.29300 3.656
v -64.1989 -1.416 4.817
v -61.6189 4.136 -1.668
v -64.2309 4.023 -0.77300
v -64.7999 2.965 0.48200
v -64.0899 1.57 5.098
v -64.7609 3.295 1.467
v -64.7939 5.069 0.76100
v -64.7529 2.166 2.467
v -64.5239 6.224 -0.33800
v -64.8639 6.99 0.40000
v -63.2699 6.949 -1.202
v -64.4609 8.134 -0.38800
v -64.9689 8.544 0.65300
v -64.7039 3.627 3.766
v -65.0219 5.145 2.335
v -65.2189 7.088 1.321
v -64.5359 9.898 -0.01700
v -64.8269 10.567 1.146
v -63.3599 10.215 -1.205
v -60.4639 8.889 -2.08
v -65.2339 8.805 1.487
v -65.2809 8.127 2.457
v -64.8849 6.706 3.698
v -64.1289 5.45 5.258
v -64.4549 8.512 4.686
v -65.2429 9.632 1.966
v -64.2579 11.798 -0.07300
v -65.2529 10.752 2.145
v -65.3919 9.868 2.657
v -65.1309 9.264 3.564
v -63.6489 8.335 5.884
v -63.9719 10.226 5.319
v -64.7099 10.759 4.44
v -65.1169 11.377 3.161
v -65.0229 12.15 1.954
v -64.6659 12.662 0.85600
v -64.2639 12.973 0.28000
v -63.4929 12.872 -1.016
v -61.5269 12.653 -1.753
v -63.8489 13.166 -0.08100
v -64.0309 14.04 0.55600
v -64.5139 13.847 1.697
v -64.5919 13.34 2.878
v -64.1809 12.863 4.166
v -63.3019 10.12 6.029
v -63.3329 11.489 5.793
v -64.0119 11.779 5.082
v -63.6709 14.517 3.481
v -63.9329 14.687 2.514
v -63.5529 15.269 1.541
v -63.0869 15.618 0.13700
v -63.7429 14.205 -0.46800
v -62.7489 14.719 -1.368
v -62.1309 16.42 1.425
v -61.8539 16.294 0.34100
v -62.7319 15.811 2.823
v -63.1759 13.118 5.296
v -62.6249 11.047 6.433
v -62.7139 9.409 6.541
v -61.7039 10.412 6.843
v -61.5779 8.45 6.668
v -62.5839 12.537 6.277
v -61.7209 12.009 6.845
v -61.8039 16.625 2.432
v -60.6459 17.04 2.065
v -60.3659 16.588 0.44800
v -61.8459 16.62 -0.82900
v -60.9059 15.205 -1.971
v -59.8139 16.858 -1.405
v -58.2999 16.927 1.493
v -57.9809 16.778 -0.39900
v -59.3349 17.278 3.217
v -61.3729 16.8 3.387
v -62.2779 16.033 3.842
v -62.2479 13.711 5.93
v -61.6559 13.415 6.646
v -60.6879 12.948 7.044
v -60.6629 11.446 7.077
v -60.7379 14.004 6.676
v -61.3619 14.664 6.138
v -62.3659 14.572 5.328
v -63.2469 14.437 4.518
v -62.9839 15.372 3.893
v -62.3729 15.469 4.576
v -61.5359 16.159 4.314
v -60.2189 16.678 4.688
v -57.9879 16.894 4.414
v -57.0829 16.777 2.911
v -54.3659 16.778 0.69200
v -58.3329 16.698 -1.726
v -55.1579 16.78 4.313
v -57.1539 16.877 5.697
v -58.8399 16.201 5.604
v -60.2419 15.599 5.749
v -61.3649 15.572 5.123
v -60.2459 14.695 6.307
v -59.6499 13.994 6.758
v -59.4799 12.414 7.067
v -59.7159 10.977 6.8
v -60.5999 9.938 6.709
v -58.8739 11.524 6.933
v -59.2489 15.223 6.277
v -58.0239 16.096 6.384
v -58.6479 15.734 6.158
v -56.8819 16.346 6.904
v -55.4289 16.757 6.247
v -55.6609 16.013 7.364
v -56.6579 15.266 7.336
v -57.7719 15.461 6.993
v -58.4909 15.485 6.561
v -58.5259 14.686 6.78
v -58.5069 13.584 7.081
v -58.2279 12.385 7.12
v -57.9599 11.148 6.907
v -58.8489 10.468 6.499
v -59.6789 9.82 6.357
v -57.9859 9.753 6.769
v -58.9259 9.113 6.159
v -56.9749 12.117 7.21
v -56.8889 10.486 7.206
v -57.4739 13.323 7.192
v -57.5009 14.373 7.12
v -55.8039 15.1 7.582
v -56.0629 13.86 7.473
v -54.2229 16.476 7.194
v -54.7489 15.175 7.629
v -53.4019 16.913 5.929
v -53.1129 16.721 7.019
v -52.7429 15.844 8.091
v -53.9589 13.517 8.078
v -55.3049 11.434 7.729
v -56.0279 9.128 7.775
v -57.1829 9.043 7.161
v -58.1249 8.167 6.758
v -59.0509 7.587 6.126
v -60.1399 8.367 6.134
v -56.9599 7.448 7.407
v -58.3719 5.689 6.605
v -54.3639 9.21 8.685
v -52.0479 16.859 6.608
v -50.3619 16.855 4.433
v -50.5649 16.698 7.461
v -53.2099 11.252 8.764
v -56.6759 5.152 7.768
v -51.6199 13.233 8.772
v -50.7569 15.325 8.859
v -48.9259 15.879 8.808
v -48.2209 16.856 7.086
v -49.3359 13.811 9.002
v -49.7989 12.017 9.427
v -55.4469 7.084 8.396
v -57.4979 2.64 7.197
v -56.3419 3.651 7.902
v -55.0759 4.251 8.529
v -53.0859 6.643 9.32
v -52.5419 9.218 9.361
v -51.1889 10.675 9.486
v -47.2719 14.346 8.965
v -47.1099 16.077 8.509
v -46.1499 16.692 7.492
v -45.8729 16.829 5.643
v -46.1999 15.17 8.676
v -45.8929 15.901 8.249
v -48.9799 10.047 9.947
v -50.7649 8.252 9.874
v -52.7639 3.059 9.217
v -47.5189 12.036 9.647
v -45.6749 14.275 8.872
v -45.0879 15.099 8.413
v -44.8819 14.302 8.637
v -48.3299 7.431 10.345
v -50.4209 5.329 9.97
v -54.9589 1.195 8.458
v -49.9309 1.601 9.743
v -45.9619 13.092 9.338
v -44.3789 13.358 8.96
v -44.2429 14.357 8.318
v -44.8599 16.162 7.878
v -43.6319 15.298 8.228
v -42.8989 13.969 8.388
v -44.6589 11.322 9.756
v -46.4529 9.449 10.22
v -56.0849 2.46 7.985
v -52.9949 -1.199 8.991
v -47.7039 4.478 10.422
v -45.5969 6.78 10.453
v -43.2209 8.561 10.025
v -42.7699 10.414 9.652
v -42.6219 14.879 8.214
v -42.3839 11.992 9.046
v -40.9109 9.795 9.323
v -43.3159 6.089 10.141
v -44.6959 3.845 10.208
v -47.0549 1.67 10.043
v -48.3849 -0.20200 9.601
v -50.0309 -2.085 9.355
v -46.6509 -0.54900 9.455
v -44.8699 0.83600 9.792
v -41.6939 14.611 8.335
v -41.0819 13.36 8.434
v -39.8599 11.622 8.551
v -45.1129 -1.157 9.364
v -47.9899 -2.146 9.339
v -46.3759 -2.514 8.961
v -42.7709 1.895 10.025
v -41.5799 4.286 10.054
v -41.6559 6.59 9.996
v -39.1559 13.286 8.478
v -36.9239 11.285 8.135
v -38.8259 9.967 8.624
v -38.7979 8.017 9.142
v -40.7939 7.839 9.771
v -42.8309 -1.111 9.741
v -47.5979 -4.207 9.11
v -44.7729 -2.611 8.831
v -37.5959 9.142 8.265
v -39.7509 6.102 9.919
v -36.3079 8.892 8.032
v -43.6139 -3.864 8.543
v -39.0409 4.016 9.897
v -37.2669 5.594 9.353
v -36.9019 7.477 8.311
v -34.5759 9.078 7.962
v -37.1599 2.757 9.588
v -39.9099 1.418 9.924
v -41.6049 -3.722 9.037
v -39.5599 -1.921 9.492
v -34.7999 3.944 8.611
v -35.6409 6.199 8.403
v -35.4599 7.629 8.075
v -33.9029 6.654 7.956
v -37.3879 0.12900 9.44
v -39.8999 -4.116 8.921
v -35.5109 1.346 9.04
v -31.7719 8.639 7.539
v -35.5009 -0.59400 8.835
v -37.0039 -2.264 8.959
v -38.4569 -3.662 8.936
v -31.2709 4.575 7.521
v -27.8799 7.844 7.397
v -33.1559 0.56200 8.024
v -34.7869 -2.679 8.181
v -27.4039 3.479 7.414
v -30.0519 1.118 7.403
v -31.1989 -0.80500 7.814
v -32.5729 -2.247 8.165
v -29.7329 -0.81600 8.083
v -30.7769 -2.342 8.419
v -27.8039 0.15100 7.982
v -24.0789 8.56 7.112
v -25.1979 5.611 7.32
v -22.0359 4.825 6.955
v -24.4789 3.232 7.414
v -25.5139 1.222 7.776
v -22.1089 0.81000 7.602
v -19.8979 8.625 6.681
v -22.9349 12.413 7.023
v -19.5829 12.26 6.639
v -28.5889 -2.166 8.559
v -25.3819 -1.65 8.377
v -19.3019 2.634 6.962
v -17.7019 10.658 6.472
v -17.2039 8.778 6.39
v -15.9819 9.9 6.14
v -22.1099 -2.202 8.058
v -14.6599 9.376 5.724
v -15.6099 8.102 5.848
v -17.1239 6.917 6.409
v -18.7199 5.179 6.54
v -17.4689 3.449 6.44
v -13.4979 7.753 6.002
v -13.4569 10.561 6.001
v -10.9769 9.215 6.504
v -15.1639 6.175 5.739
v -16.4919 4.783 6.111
v -19.8869 -1.388 7.701
v -18.5199 0.29400 7.382
v -17.0149 1.866 6.718
v -9.5499 6.603 6.562
v -7.9299 9.17 6.764
v -11.6069 6.01 6.382
v -13.4469 5.296 5.931
v -14.8009 4.318 5.566
v -15.9179 3.076 5.877
v -15.8689 0.33000 7.378
v -16.9239 -1.97 7.956
v -19.8129 -3.641 7.9
v -16.3269 -5.055 8.243
v -15.1019 1.737 6.455
v -14.3519 2.944 5.935
v -13.5849 3.851 5.963
v -12.3579 3.963 6.38
v -9.9529 3.435 6.807
v -12.3469 2.254 6.911
v -13.2559 2.991 6.366
v -13.6949 2.053 6.404
v -11.1319 0.28800 7.524
v -7.2709 5.545 6.886
v -13.7029 0.97100 7.224
v -14.1849 -3.168 8.306
v -13.8659 -1 7.923
v -8.6729 0.91000 7.311
v -7.0109 2.437 7.284
v -7.3669 11.585 6.854
v -5.592 10.935 6.992
v -5.2347 7.793 6.977
v -3.5935 9.971 7.074
v -3.13 7.493 7.105
v -6.6539 13.468 6.92
v -5.4662 15.069 7.195
v -7.0879 15.651 6.994
v -9.2219 12.52 6.578
v -5.7891 16.706 6.747
v -7.2829 16.96 6.295
v -6.3499 16.972 5.212
v -8.5319 16.387 6.535
v -8.2559 16.978 4.974
v -8.4859 14.674 6.872
v -12.0279 12.548 6.472
v -9.8439 16.729 5.707
v -9.7819 15.558 6.716
v -9.5699 14.277 6.847
v -14.9299 10.706 5.772
v -13.6369 12.483 5.865
v -14.6159 11.829 5.734
v -10.7729 14.344 6.779
v -11.3339 16.177 6.3
v -13.5729 16.314 5.876
v -15.6779 16.745 3.908
v -12.6329 14.723 6.782
v -13.4689 13.7 6.156
v -15.0039 13.527 5.863
v -16.0589 11.848 6.179
v -16.7059 13.599 6.464
v -14.2259 14.8 6.485
v -16.3179 15.678 6.494
v -17.6919 12.615 6.473
v -18.5739 14.327 6.838
v -16.4229 16.551 -4.793
v -17.6819 16.645 -4.555
v -19.0889 16.109 6.456
v -19.8189 15.246 6.708
v -20.9569 14.457 6.908
v -20.6189 15.83 6.513
v -20.9139 16.827 5.219
v -18.2339 16.771 5.04
v -19.2049 16.738 2.907
v -22.2169 15.857 6.39
v -21.0419 16.709 0.48400
v -19.7029 16.828 -1.958
v -19.1229 16.821 -3.828
v -19.2079 16.249 -5.094
v -21.1509 16.896 -3.473
v -20.6409 16.484 -4.613
v -22.5909 16.945 -1.311
v -23.4609 16.775 3.022
v -23.3889 16.74 5.402
v -22.8689 14.626 6.963
v -24.3229 15.86 6.875
v -23.8609 14.304 7.194
v -25.2519 16.792 -0.21700
v -22.2029 17.046 -2.587
v -21.9599 16.257 -4.246
v -23.0039 16.718 -3.687
v -24.4899 16.995 -2.578
v -25.9089 16.987 5.128
v -25.3659 14.235 7.587
v -26.9529 16.346 7.282
v -26.3389 11.618 7.379
v -27.9299 14.208 7.646
v -29.1089 16.051 7.49
v -29.4289 16.849 5.283
v -27.6999 16.802 2.343
v -24.6019 16.359 -4.053
v -23.3499 15.443 -4.604
v -25.7899 15.037 -4.645
v -26.2689 16.53 -3.793
v -27.1719 16.88 -2.406
v -29.8409 11.959 7.496
v -30.0209 14.631 7.635
v -31.2259 16.283 7.265
v -32.5389 16.778 2.231
v -29.6239 16.822 -1.095
v -27.8419 16.609 -3.744
v -27.5419 15.602 -4.325
v -27.4859 14.378 -4.777
v -26.8199 13.162 -5.32
v -28.9829 16.069 -4.351
v -28.7849 14.809 -4.882
v -29.2459 16.831 -3.246
v -32.5909 16.704 5.385
v -32.0619 14.268 7.821
v -34.1319 16.077 7.389
v -33.4939 11.883 7.877
v -35.6139 16.829 4.803
v -31.3859 16.793 -3.423
v -30.3919 16.497 -4.354
v -30.1929 15.322 -4.989
v -31.3089 16.675 -4.427
v -31.4699 15.956 -4.912
v -34.0839 16.786 -2.236
v -38.3819 16.812 1.397
v -33.9699 14.206 8.13
v -32.0709 16.585 -4.553
v -31.5589 14.533 -5.5
v -32.3039 16.051 -4.889
v -32.5639 15.484 -5.445
v -32.9449 16.832 -4.112
v -33.0269 16.35 -5.096
v -34.9009 14.867 8.02
v -34.2649 16.905 -4.873
v -34.1829 15.453 -5.907
v -33.0099 14.251 -5.819
v -32.2319 12.152 -5.701
v -34.6689 13.398 -6.057
v -35.9609 16.35 -5.827
v -36.1179 14.791 -6.284
v -35.8789 17.183 -4.361
v -37.8339 16.712 -3.056
v -35.1319 10.893 -6.671
v -37.4489 17.049 -5.227
v -41.9469 16.845 -2.521
v -39.5799 17.08 -5.096
v -38.1319 15.731 -6.611
v -37.5269 13.074 -6.714
v -38.0349 10.389 -7.244
v -39.8569 14.403 -6.843
v -40.6349 16.01 -6.586
v -41.7009 16.939 -5.337
v -43.1509 16.845 -4.638
v -42.9439 16.574 -5.769
v -42.1699 16.082 -6.277
v -42.1229 14.687 -6.543
v -40.8099 12.45 -7.142
v -40.0039 5.78 -7.664
v -37.6579 6.029 -7.52
v -39.0179 8.009 -7.556
v -40.5969 9.952 -7.514
v -42.1939 7.859 -7.598
v -44.0659 13.29 -6.851
v -43.8299 14.951 -6.183
v -43.1259 15.7 -6.035
v -44.5779 16.352 -5.718
v -44.6069 16.793 -3.802
v -47.2229 16.803 -4.655
v -43.0329 4.706 -7.39
v -40.4429 3.74 -7.465
v -38.1719 3.978 -7.512
v -41.6989 2.473 -6.919
v -43.1449 10.715 -7.403
v -46.0999 11.275 -7.122
v -45.1709 14.813 -6.163
v -46.8899 13.755 -6.409
v -45.0139 8.879 -7.428
v -43.8209 2.045 -6.245
v -42.2929 1.246 -6.242
v -40.9759 1.113 -6.715
v -44.5499 6.878 -7.481
v -46.3429 7.264 -7.357
v -47.6829 8.941 -7.124
v -49.4209 11.425 -6.404
v -48.3019 6.291 -7.053
v -50.5339 7.843 -6.418
v -46.0979 5.272 -7.313
v -45.5529 3.105 -6.882
v -43.5569 0.35300 -6.127
v -44.4669 1.014 -6.037
v -48.4009 3.163 -6.641
v -50.2219 5.171 -6.428
v -45.9659 0.57900 -6.295
v -48.7359 0.65200 -6.228
v -51.7849 11.932 -5.561
v -51.7699 9.984 -5.886
v -50.3819 1.394 -6.087
v -51.3529 3.15 -6.013
v -52.3419 5.465 -5.903
v -53.1049 7.971 -5.546
v -53.6939 10.826 -4.871
v -55.2179 8.194 -4.364
v -53.5949 3.302 -5.097
v -52.5179 0.74600 -4.989
v -50.3749 -0.34300 -5.563
v -54.4669 5.654 -4.93
v -51.7959 -1.152 -4.748
v -52.9309 -0.95000 -4.157
v -52.7459 -2.72 -4.26
v -50.3459 -2.325 -5.244
v -54.9689 1.409 -3.94
v -55.2519 3.784 -4.091
v -57.0049 2.958 -3.407
v -53.9239 -0.20000 -3.988
v -53.9219 -1.459 -3.542
v -55.0579 -2.574 -3.515
v -54.7409 -4.958 -4.648
v -57.0089 0.29800 -3.269
v -55.2469 -0.71300 -3.305
v -55.8489 -7.4364 -4.995
v -52.9749 -7.5649 -5.713
v -55.2799 -10.1879 -5.221
v -57.8159 -6.041 -4.17
v -57.8479 -8.7126 -4.381
v -57.1209 -3.473 -3.497
v -56.5879 -1.622 -3.111
v -60.5859 -7.7931 -3.089
v -57.7929 -10.8871 -4.336
v -59.4489 -10.2358 -3.635
v -58.8039 5.24 -2.791
v -56.3439 5.703 -3.728
v -57.4919 8.419 -3.279
v -55.9529 10.895 -3.583
v -58.1509 11.184 -3.04
v -56.6999 13.221 -3.355
v -59.7139 12.102 -2.491
v -54.7309 13.209 -3.765
v -58.5119 13.524 -3.221
v -59.9599 13.869 -2.541
v -58.8709 15.637 -2.655
v -57.2809 14.952 -3.337
v -52.7939 13.784 -4.833
v -55.6479 15.102 -3.585
v -56.6709 16.572 -2.224
v -54.0469 16.501 -2.874
v -54.1109 15.088 -4.227
v -52.5519 15.968 -4.347
v -51.5649 15.334 -5.073
v -50.8659 13.883 -5.704
v -49.9189 16 -5.436
v -49.0739 14.229 -6.157
v -51.2639 16.392 -4.583
v -50.6129 16.714 -2.745
v -47.9339 15.461 -6.024
v -46.3899 15.646 -6.047
v -49.2639 16.832 0.54300
v -44.7099 16.757 1.982
v -46.3859 16.806 -1.852
v -42.0839 16.78 5.372
v -44.8849 16.775 7.008
v -44.0959 16.839 6.397
v -43.3809 16.709 7.482
v -42.2509 15.67 8.191
v -41.3959 16.689 7.663
v -40.1209 16.915 6.847
v -38.6409 16.912 5.458
v -38.6769 16.811 7.213
v -39.6799 16.367 8.052
v -40.7749 15.486 8.4
v -39.2689 14.978 8.564
v -40.3919 14.353 8.455
v -37.9809 15.842 8.041
v -36.8689 16.622 6.949
v -36.1199 15.267 7.88
v -37.4449 14.082 8.394
v -35.4349 13.642 8.151
v -49.7389 -7.6149 -6.429
v -50.8179 -4.883 -5.765
v -48.0879 -3.393 -5.999
v -47.0389 -5.8 -6.756
v -48.2719 -1.151 -5.846
v -46.1409 -1.96 -5.781
v -45.9099 -3.779 -6.178
v -44.2419 -2.859 -5.924
v -44.4389 -1.099 -6.01
v -42.5909 -1.671 -6.419
v -44.1619 -4.676 -6.703
v -43.4399 -7.1873 -7.452
v -41.9429 -4.841 -7.077
v -41.6159 -0.05100 -6.494
v -40.5989 -1.52 -6.706
v -42.7349 -3.461 -6.474
v -40.7569 -6.244 -7.446
v -40.4189 -8.2114 -7.611
v -38.7089 -6.493 -7.371
v -41.1439 -3.135 -6.704
v -39.8649 -0.10200 -6.871
v -39.0939 -1.585 -6.695
v -39.6359 -2.737 -6.844
v -39.6129 -4.485 -7.092
v -37.7649 -2.984 -6.592
v -37.3599 -0.52600 -6.836
v -39.2899 1.807 -7.251
v -36.0269 -2.211 -6.424
v -36.5289 1.903 -7.297
v -35.3969 4.518 -7.415
v -35.5689 -1.228 -6.736
v -35.0759 -0.02200 -6.959
v -34.1309 1.957 -7.049
v -35.8799 7.829 -7.325
v -32.9219 8.679 -6.537
v -33.6729 6.254 -7.176
v -32.5429 4.013 -6.813
v -33.1049 0.04800 -6.81
v -31.9469 6.388 -6.631
v -30.9759 7.758 -5.919
v -30.0039 5.288 -5.832
v -30.9779 9.711 -5.425
v -30.2719 8.654 -5.373
v -29.4249 11.617 -5.286
v -29.4489 9.428 -5.161
v -29.5719 7.743 -5.257
v -27.5599 4.798 -5.231
v -28.0749 6.797 -5.032
v -28.1409 8.548 -5.339
v -28.1559 10.147 -5.693
v -27.6129 11.573 -5.73
v -30.0949 13.687 -5.325
v -28.4809 13.366 -5.083
v -28.1359 12.421 -5.397
v -26.9369 9.175 -6.214
v -26.9929 7.783 -5.827
v -26.8819 10.522 -6.229
v -25.8639 11.692 -6.116
v -25.4939 10.03 -6.637
v -24.3249 13.382 -5.434
v -24.0639 11.314 -6.408
v -23.7309 9.454 -6.878
v -22.3289 12.42 -5.954
v -21.8379 14.22 -5.183
v -21.5369 15.537 -4.841
v -20.9049 15.035 -5.097
v -20.4509 15.664 -5.125
v -19.7309 14.621 -5.295
v -20.6379 13.143 -5.591
v -7.1209 0.32500 7.447
v -8.2189 -1.434 7.732
v -6.4069 -0.74200 7.451
v -4.9788 -1.355 7.701
v -6.4349 -1.693 7.562
v -11.3749 -2.499 8.277
v -6.1039 -2.872 8.023
v -5.0464 -4.776 8.42
v -8.4189 -4.551 8.48
v -12.4329 -5.106 8.545
v -10.1849 -7.5453 8.553
v -5.5772 -7.6547 8.582
v -8.1929 -10.2215 8.366
v -14.0399 -7.3686 8.393
v -12.2139 -9.6938 8.272
v -15.6099 -9.2907 8.044
v -7.0869 -12.3407 8.078
v -10.5049 -12.2189 7.868
v -14.0219 -11.2668 7.812
v -17.1009 -11.0648 7.301
v -15.3279 -12.4195 7.114
v -13.1739 -13.104 7.354
v -11.3189 -14.483 7.083
v -8.2469 -14.3655 7.348
v -13.3599 -14.3461 6.726
v -12.6749 -15.1782 6.573
v -14.7079 -13.5578 6.586
v -16.0599 -13.2256 6.574
v -17.0469 -12.5281 6.748
v -19.1399 -12.3655 6.629
v -17.5769 -13.7923 6.497
v -15.8319 -14.0067 6.222
v -14.6659 -14.5246 6.059
v -13.6899 -15.0413 6.269
v -9.7689 -15.7297 6.889
v -13.3189 -15.6643 6.197
v -14.5789 -15.5029 5.878
v -16.3539 -15.1153 6.211
v -18.4849 -15.2761 6.533
v -20.1059 -14.3419 6.689
v -17.6199 -16.3691 6.27
v -19.5769 -16.3393 6.435
v -19.7019 -15.4269 6.671
v -15.7509 -16.2909 6.003
v -13.9819 -16.3446 5.948
v -11.7679 -16.2569 6.369
v -10.1429 -16.5038 6.531
v -10.0039 -16.8788 5.818
v -11.5359 -17.024 4.983
v -13.1589 -16.9832 5.171
v -15.0639 -16.9724 4.994
v -16.8769 -16.8709 5.379
v -18.8399 -16.9616 5.295
v -20.6729 -15.5886 6.642
v -21.1939 -16.3831 6.219
v -20.5829 -16.7997 5.525
v -21.5189 -15.0963 6.658
v -21.7929 -15.7717 6.408
v -22.3529 -15.3832 6.644
v -21.1199 -16.8102 4.075
v -17.4279 -16.8638 3.909
v -13.3559 -16.7768 2.687
v -9.2189 -16.8904 4.343
v -22.1439 -16.7036 5.569
v -22.1569 -16.2482 6.116
v -22.6869 -16.0268 6.475
v -22.8379 -16.44 6.077
v -23.1499 -16.7317 5.839
v -23.7259 -16.9033 5.079
v -25.5889 -16.8488 2.647
v -19.5469 -16.7574 1.068
v -23.9699 -16.7978 -1.278
v -19.8399 -16.8671 -2.837
v -15.3279 -16.8475 -1.877
v -22.6569 -16.7166 -3.12
v -28.4139 -16.855 -0.62700
v -26.9559 -16.8642 -2.63
v -29.5959 -16.8838 -2.864
v -28.2439 -16.7047 -3.832
v -26.7159 -16.4967 -3.825
v -24.7549 -16.5414 -3.55
v -23.0709 -16.3048 -3.887
v -21.6549 -16.428 -4.177
v -20.2159 -16.6212 -4.501
v -18.9259 -16.7283 -4.694
v -19.6529 -15.9954 -5.234
v -20.9529 -15.7747 -5.168
v -21.9639 -15.5319 -4.676
v -22.6399 -15.7804 -4.284
v -23.7309 -15.6208 -4.183
v -24.9029 -15.4814 -4.214
v -26.0819 -15.705 -4.18
v -27.6419 -15.7529 -4.413
v -28.9719 -16.042 -4.583
v -29.6899 -16.6839 -4.134
v -30.4029 -15.9567 -4.859
v -26.9359 -14.6749 -4.388
v -25.6149 -14.8094 -4.148
v -24.2859 -14.3865 -4.386
v -22.8109 -14.8905 -4.411
v -21.6399 -14.462 -4.931
v -19.9159 -14.5269 -5.344
v -25.7989 -13.697 -4.436
v -31.5649 -16.8276 2.171
v -29.1749 -16.8689 4.909
v -26.2199 -16.9056 5.859
v -32.0569 -16.868 5.071
v -30.8369 -16.5623 6.757
v -28.5389 -16.5795 7.023
v -26.7469 -16.2773 7.472
v -25.3439 -16.2906 7.228
v -23.9019 -16.526 6.493
v -23.1319 -15.5857 6.834
v -24.1949 -15.3172 7.145
v -25.8059 -15.0397 7.495
v -27.6839 -15.0131 7.688
v -29.8279 -15.1226 7.655
v -31.8739 -15.2618 7.64
v -33.2279 -16.4159 6.871
v -35.0639 -16.8878 4.782
v -32.7529 -14.3778 7.886
v -31.1509 -13.4414 7.723
v -28.6679 -13.3949 7.66
v -26.4399 -13.4589 7.45
v -24.3879 -13.7257 7.155
v -22.5169 -14.3946 6.837
v -33.2369 -15.3257 7.765
v -33.2609 -13.202 7.99
v -29.3199 -11.3058 8.183
v -27.1849 -11.9639 7.953
v -24.4719 -11.499 7.621
v -22.7769 -12.625 6.839
v -21.1629 -13.0813 6.734
v -22.6769 -11.545 6.925
v -34.0099 -14.6055 7.851
v -35.5159 -13.807 8.06
v -34.1079 -11.4803 7.952
v -31.9009 -11.4349 8.169
v -21.2849 -11.7224 6.557
v -22.0459 -10.4523 7.097
v -26.7289 -9.9725 8.352
v -28.7219 -9.242 8.545
v -30.6199 -9.564 8.526
v -32.7749 -9.5467 8.418
v -36.2939 -11.1699 8.128
v -34.6159 -9.5099 8.043
v -29.5229 -8.0188 8.663
v -27.0359 -7.2893 8.614
v -23.2009 -8.4087 7.989
v -23.6689 -4.786 8.357
v -29.5509 -6.223 8.769
v -27.4629 -4.363 8.719
v -30.0649 -4.125 8.757
v -31.3179 -7.7548 8.718
v -33.6009 -7.3446 8.447
v -36.3199 -8.053 8.152
v -31.6459 -5.774 8.775
v -20.1049 -6.16 7.886
v -17.4529 -7.5224 7.983
v -20.0129 -8.1091 7.632
v -18.5099 -9.276 7.486
v -20.7469 -9.3174 7.317
v -19.7789 -10.6185 6.834
v -31.9739 -3.929 8.613
v -33.1629 -5.262 8.592
v -33.4789 -3.922 8.29
v -34.7109 -5.378 8.061
v -36.9719 -4.942 8.282
v -38.7939 -7.3322 8.306
v -38.7579 -10.6327 8.443
v -38.9999 -5.196 8.533
v -40.8899 -6.04 8.294
v -40.9499 -9.0901 8.354
v -42.6039 -5.303 8.04
v -42.9619 -7.6308 7.931
v -42.9919 -10.7506 7.949
v -41.3449 -12.28 8.313
v -44.3859 -9.3784 7.8
v -44.1349 -5.711 7.598
v -45.7239 -4.915 8.365
v -45.2269 -7.3312 8.118
v -46.1369 -9.8849 8.369
v -44.6969 -11.0832 7.739
v -42.9759 -12.9107 8.011
v -44.1969 -12.7458 7.657
v -45.6819 -12.4708 8.16
v -47.5129 -12.3041 8.518
v -48.8409 -9.3647 8.645
v -47.0559 -6.851 8.725
v -45.9839 -6.383 8.481
v -49.7679 -12.5779 8.426
v -50.7999 -10.5692 8.409
v -46.4529 -14.4776 8.709
v -48.3929 -14.8021 8.848
v -45.0079 -14.2371 8.34
v -43.8289 -14.2593 8.162
v -42.6209 -14.3303 8.46
v -43.6549 -15.497 8.327
v -44.4999 -15.4158 8.386
v -45.5569 -15.9247 8.345
v -47.0649 -16.5724 8.027
v -50.4119 -15.0877 8.564
v -49.2719 -16.9365 7.581
v -51.2449 -13.6231 8.36
v -51.3469 -12.1805 8.326
v -49.4629 -5.485 9.126
v -51.8159 -7.9365 8.574
v -52.4939 -10.8117 8.093
v -52.6379 -13.2523 8.031
v -52.0639 -14.9997 8.274
v -51.7769 -16.7091 7.635
v -51.0689 -16.9665 5.548
v -46.0259 -16.7858 7.163
v -44.5799 -16.6763 7.422
v -54.6579 -12.0725 7.742
v -52.6939 -16.9901 6.378
v -53.4429 -16.7628 7.114
v -52.9799 -15.951 8.001
v -53.1919 -14.857 8.006
v -53.9519 -9.1667 7.984
v -54.0289 -14.1647 7.802
v -54.1919 -15.8199 7.852
v -54.4179 -16.8273 6.967
v -55.0379 -5.891 8.242
v -55.4399 -14.6117 7.841
v -55.4839 -16.5432 7.281
v -56.9129 -13.1861 7.509
v -57.0309 -15.5081 7.311
v -56.2299 -11.5152 7.413
v -55.8269 -9.5989 7.555
v -51.9959 -4.424 8.994
v -48.8179 -3.45 9.321
v -56.5869 -6.268 7.569
v -57.3219 -4.973 7.401
v -57.4119 -7.9274 7.13
v -57.4879 -11.0121 7.038
v -58.8549 -11.7068 6.285
v -58.2939 -12.7373 6.828
v -58.6189 -10.088 6.396
v -58.9519 -8.6723 6.18
v -59.0039 -6.565 6.121
v -58.9539 -3.56 6.423
v -60.1869 -5.038 5.806
v -60.7279 -6.783 6.198
v -60.1559 -8.4584 6.218
v -59.7779 -10.101 6.195
v -59.4049 -11.0036 6.139
v -60.3419 -11.992 6.424
v -60.9649 -10.0604 6.661
v -61.3489 -8.4294 6.666
v -61.6569 -7.2231 6.686
v -60.9689 -5.542 6.085
v -61.5439 -5.919 6.551
v -55.9619 -2.03 8.203
v -56.7149 0.30700 7.743
v -57.6939 -1.977 7.371
v -60.1969 -3.303 5.806
v -61.2609 -4.215 6.192
v -62.6349 -5.115 6.398
v -62.3409 -6.674 6.559
v -62.4049 -8.0358 6.487
v -62.2709 -9.6178 6.411
v -63.0969 -8.8572 5.717
v -63.1849 -6.934 5.882
v -63.5219 -5.294 5.668
v -61.0219 -1.845 6.046
v -59.6759 -1.562 5.97
v -58.6919 -1.332 6.624
v -57.9459 0.02600 7.026
v -59.0619 0.74700 6.203
v -60.4669 0.13900 5.849
v -62.5859 -2.5 6.272
v -63.3669 -3.897 5.873
v -63.6419 -2.502 5.641
v -62.1429 0.71300 6.187
v -63.4889 -0.52300 5.818
v -59.0229 3.265 6.225
v -60.5409 2.609 6.019
v -63.3239 1.185 5.855
v -63.2299 2.973 5.841
v -59.7699 4.639 5.898
v -60.9469 5.141 6.053
v -62.0339 3.798 6.091
v -63.0249 5.023 6.036
v -62.1169 6.253 6.407
v -59.9039 6.452 5.711
v -60.9159 6.925 6.28
v -63.2249 6.57 6.149
v -62.7369 7.798 6.522
v -60.0839 -13.3295 6.091
v -59.2399 -13.1146 6.049
v -59.8149 -14.3812 6.015
v -58.4569 -14.4662 6.653
v -58.0759 -16.1965 6.273
v -56.7279 -16.878 6.235
v -42.6159 -16.2262 8.098
v -42.7919 -16.7951 5.585
v -40.6489 -16.7797 7.606
v -39.0919 -16.8395 4.867
v -41.0909 -14.79 8.649
v -39.2489 -15.2168 8.633
v -38.6439 -16.7305 7.558
v -36.8139 -16.8064 6.976
v -37.2809 -15.4458 8.35
v -39.7169 -13.2683 8.486
v -37.8249 -13.2637 8.465
v -35.8889 -15.6833 7.908
v -35.0239 -16.3449 7.14
v -34.9179 -15.2533 7.784
v -34.1139 -15.597 7.487
v -26.1259 -12.7415 -5.034
v -25.8819 -11.606 -5.615
v -24.3709 -12.6801 -5.028
v -22.8769 -13.6304 -4.75
v -24.0519 -10.6971 -5.783
v -22.3089 -9.7196 -5.901
v -21.5229 -12.2114 -5.578
v -20.1899 -9.8201 -6.1
v -21.2519 -7.9607 -6
v -19.2629 -8.1756 -6.272
v -18.8939 -11.3887 -6.037
v -19.0319 -13.0488 -5.447
v -19.5819 -6.497 -6.217
v -17.5179 -7.005 -6.633
v -18.3859 -14.3111 -5.195
v -17.7639 -12.3841 -5.704
v -17.4849 -9.4058 -6.487
v -16.8299 -11.4263 -6.297
v -16.4919 -12.7586 -5.826
v -17.5179 -13.4811 -5.272
v -18.2009 -15.6095 -5.335
v -17.1519 -14.6773 -5.202
v -16.1619 -13.9333 -5.532
v -15.4379 -12.061 -6.423
v -15.2769 -13.1364 -6.079
v -14.8049 -10.4892 -7
v -14.6949 -7.5138 -7.157
v -16.2069 -4.839 -7.35
v -14.6989 -1.575 -7.798
v -12.8999 -4.497 -7.642
v -12.7029 -9.1329 -7.637
v -14.6459 -14.4849 -6.072
v -16.0089 -14.9407 -5.424
v -16.7279 -15.6268 -5.351
v -16.7029 -16.8553 -4.617
v -15.5399 -15.8117 -5.609
v -13.8159 -12.5367 -6.885
v -11.2959 -7.0209 -7.878
v -12.5889 -10.903 -7.468
v -11.4589 -12.3474 -7.384
v -12.7469 -14.069 -6.897
v -13.4969 -15.3102 -6.497
v -14.3759 -15.8364 -6.064
v -14.6369 -16.6431 -5.315
v -14.4449 -16.9995 -4.128
v -13.4149 -16.8913 -4.89
v -13.2269 -16.4157 -6.004
v -12.1819 -15.4955 -6.835
v -10.8489 -14.2788 -7.035
v -10.9319 -3.607 -7.987
v -10.6729 -4.871 -7.743
v -9.0849 -5.506 -8.226
v -10.4029 -9.9144 -8.057
v -8.5049 -12.6856 -7.678
v -10.9169 -15.7495 -6.87
v -11.7379 -16.7214 -6.352
v -12.3579 -16.8729 -5.242
v -12.3929 -16.9462 -3.792
v -10.8949 -16.8526 -5.23
v -10.3859 -16.6618 -6.546
v -9.4149 -15.3957 -7.071
v -9.5649 -3.997 -8.133
v -8.5779 -7.6101 -8.573
v -7.8099 -9.7753 -8.482
v -6.8449 -15.4043 -7.144
v -5.4481 -13.0764 -7.812
v -8.9409 -16.8526 -5.975
v -9.3079 -16.9149 -3.802
v -6.5589 -17.0738 -4.972
v -4.5013 -14.5504 -7.264
v -5.7807 -10.6705 -8.466
v -5.7609 -7.9426 -9.013
v -7.1379 -5.782 -8.776
v -7.6809 -3.571 -8.624
v -3.5703 -13.3633 -7.802
v -3.8632 -16.3254 -6.362
v -2.7433 -14.5658 -7.186
v -6.1509 -16.8961 -1.759
v -3.6655 -17.2781 -3.753
v -4.6806 -4.465 -9.095
v -0.84570 -3.835 -9.211
v -1.9758 -7.9683 -9.377
v -4.2272 -9.4661 -8.883
v -3.2393 -11.3107 -8.544
v -1.7415 -13.1868 -8.073
v -1.0293 -14.4424 -7.339
v -1.4046 -15.5886 -6.425
v 0.04050 -15.1481 -7.009
v 0.71210 -13.876 -8.233
v -0.09170 -11.3325 -9.122
v 2.1171 -0.94900 -8.599
v 2.3101 -4.405 -9.414
v 0.88760 -6.35 -9.731
v 1.6363 -12.4735 -9.117
v 0.36010 -16.2468 -6.167
v -0.94090 -17.2101 -4.872
v 2.4683 -8.9771 -10.083
v 3.0721 -6.464 -9.974
v 2.5512 -13.383 -8.907
v 4.37912 -3.109 -9.056
v 4.73262 -1.295 -8.505
v 4.99774 0.89000 -8.347
v 2.2576 -11.3345 -9.627
v 3.0164 -12.3791 -9.386
v 4.64658 -5.252 -9.727
v 6.1928 -2.36 -8.634
v 3.0999 2.188 -8.276
v 6.0395 -0.84400 -8.211
v 6.4406 -4.108 -9.284
v 5.2657 -7.1977 -10.34
v 6.6489 -5.728 -9.917
v 8.2904 -3.087 -8.619
v 7.4393 -1.394 -8.103
v 7.1833 0.40200 -7.999
v 2.1626 5.153 -7.551
v 4.90281 4.02 -7.936
v 1.2748 2.136 -8.107
v 7.0412 2.921 -7.817
v 9.2077 1.421 -7.318
v 8.4463 -0.41600 -7.662
v 8.7506 -1.676 -7.795
v 8.5071 -5.049 -9.52
v 10.0498 -2.44 -7.779
v 9.7299 -0.76400 -7.231
v 11.6232 -2.794 -7.763
v 11.3723 -1.461 -7.12
v 11.0369 0.49300 -6.783
v 10.381 1.545 -6.781
v 11.1843 1.851 -6.524
v 10.4116 2.689 -6.679
v 9.3779 4.63 -6.925
v 10.9757 3.908 -6.596
v 11.3668 5.499 -6.522
v 11.5307 2.833 -6.481
v 12.7869 1.878 -6.519
v 13.0012 -0.33500 -7.36
v 12.8015 -1.991 -7.614
v 14.8281 -1.726 -7.927
v 15.5431 1.01 -7.15
v 12.406 3.915 -6.41
v 10.3998 6.904 -6.658
v 8.8106 7.569 -6.937
v 10.5937 9.055 -6.729
v 11.8865 7.694 -6.803
v 13.1451 5.738 -6.766
v 13.7109 7.778 -7.028
v 14.5841 3.856 -6.455
v 12.2411 9.592 -6.947
v 14.4041 9.815 -6.881
v 15.5601 7.579 -6.842
v 11.5783 8.814 -6.874
v 15.2331 12.001 -6.473
v 16.5861 9.626 -6.56
v 14.6721 6.025 -6.931
v 16.2841 5.424 -6.668
v 17.8791 12.25 -5.816
v 17.4691 7.178 -6.54
v 17.0471 3.266 -6.512
v 18.2291 5.11 -6.219
v 18.8521 8.969 -5.966
v 19.7541 10.639 -5.283
v 19.7901 12.469 -4.992
v 20.9151 13.32 -4.761
v 21.0761 11.595 -4.626
v 21.0811 9.544 -4.66
v 20.0921 9.111 -5.268
v 19.1611 6.652 -6.13
v 20.7531 7.329 -5.232
v 22.8411 10.592 -4.534
v 22.7451 12.96 -4.608
v 19.5611 14.552 -5.071
v 21.7051 14.833 -4.764
v 15.6521 14.264 -6.186
v 17.5791 15.058 -5.649
v 18.5361 15.919 -5.14
v 19.3731 16.265 -4.631
v 20.7711 16.04 -4.495
v 21.9371 16.054 -4.273
v 23.2241 14.599 -4.575
v 22.9241 15.755 -4.312
v 22.6321 16.576 -3.741
v 21.6861 16.623 -3.639
v 20.2531 16.742 -3.311
v 17.5091 16.695 -3.97
v 19.3731 16.799 -0.94900
v 22.9401 16.782 -2.124
v 25.3511 11.834 -4.352
v 24.2801 13.862 -4.445
v 24.4941 15.486 -4.352
v 23.6931 16.607 -3.757
v 27.0381 16.797 -0.97400
v 23.4471 16.733 2.163
v 17.8291 16.774 2.511
v 25.5301 16.751 -3.326
v 28.6191 11.045 -4.767
v 27.9971 13.562 -4.759
v 25.8991 14.337 -4.453
v 27.6001 15.459 -4.583
v 26.1101 15.827 -4.272
v 27.1561 16.837 -2.684
v 27.3271 16.502 -3.689
v 26.7901 16.765 5.622
v 23.4551 16.825 5.739
v 29.8921 16.793 2.877
v 31.9421 16.785 -0.89300
v 28.8091 16.892 -2.666
v 28.9421 16.66 -4.209
v 29.6861 15.469 -4.862
v 31.4031 13.485 -5.038
v 30.0501 16.552 -4.438
v 30.8931 16.846 -3.486
v 25.0041 16.914 6.875
v 28.5861 16.765 7.057
v 30.4361 16.795 6.396
v 30.8381 16.447 -4.618
v 31.6211 15.621 -4.958
v 32.0831 16.679 -4.444
v 27.2351 16.82 7.417
v 26.2221 16.828 6.982
v 27.2791 16.149 8.317
v 25.8261 16.697 8.02
v 28.5801 16.448 8.136
v 29.7161 16.768 7.724
v 30.9291 16.712 8.063
v 33.9831 16.809 5.712
v 33.9101 16.745 -3.383
v 32.7221 16.879 7.847
v 31.6291 15.626 8.993
v 30.0731 15.998 8.591
v 28.4551 15.133 8.919
v 26.1421 15.245 8.751
v 26.1101 12.741 9.348
v 30.2781 15.224 9.015
v 30.4271 13.547 9.366
v 30.6601 15.668 8.952
v 34.1731 15.592 8.779
v 33.2631 14.073 9.175
v 35.6451 16.823 2.423
v 36.5171 16.752 6.919
v 38.5061 16.831 5.433
v 35.0771 16.684 7.827
v 36.1801 13.712 9.102
v 29.7191 10.28 10.031
v 36.3481 15.54 8.521
v 36.9001 16.523 8.034
v 38.4051 16.866 7.567
v 38.3181 15.941 8.711
v 37.6571 14.794 8.762
v 33.6831 11.818 9.774
v 27.8001 7.509 10.1
v 30.7751 7.306 10.227
v 28.9001 6.497 9.971
v 39.0261 14.795 8.789
v 40.6311 16.73 7.3
v 39.8431 16.55 8.39
v 29.4311 5.225 9.911
v 27.5791 5.826 9.809
v 26.5531 6.499 9.998
v 27.0901 3.642 9.382
v 25.5541 5.499 9.766
v 33.2981 9.258 10.247
v 40.4971 15.295 8.819
v 40.0391 14.11 8.786
v 38.6141 13.809 8.95
v 34.1351 6.884 10.363
v 35.5791 8.54 10.253
v 32.0811 4.794 10.135
v 30.0401 3.12 9.519
v 35.3351 4.118 10.037
v 32.6381 2.158 9.293
v 37.3531 6.802 10.14
v 35.4391 10.173 10.117
v 36.6591 11.483 9.86
v 38.4441 12.443 9.471
v 40.1901 12.874 9.009
v 41.8401 13.653 8.597
v 40.0091 11.365 9.562
v 38.5111 11.016 9.847
v 37.6201 9.534 10.092
v 30.4301 1.324 8.989
v 28.3041 1.451 8.983
v 26.2051 1.392 9
v 29.3311 -0.21200 8.704
v 39.4521 10.029 9.917
v 41.2021 9.871 9.589
v 39.8031 8.27 9.96
v 26.4171 -0.86300 8.802
v 29.8631 -2.954 8.791
v 26.2271 -3.818 9.04
v 31.5211 -0.16900 8.62
v 38.0921 4.328 9.925
v 40.4981 5.479 9.777
v 42.2631 7.731 9.476
v 37.5211 2.122 9.774
v 35.2101 1.342 9.349
v 33.5841 0.24200 8.825
v 33.1451 -1.763 8.983
v 34.9641 -0.60800 9.221
v 36.8921 -0.29900 9.659
v 39.7081 2.94 9.744
v 39.8291 0.05100 9.865
v 35.6991 -2.785 9.464
v 33.0901 -4.4 8.918
v 27.6201 -5.946 8.94
v 30.7441 -6.851 8.821
v 25.3401 -5.701 9.383
v 42.5671 2.392 9.562
v 43.2211 5.32 9.179
v 35.2631 -5.727 9.11
v 33.3901 -6.623 8.784
v 27.8151 -8.7657 8.82
v 25.3661 -7.5971 9.352
v 25.1071 -10.0753 9.11
v 30.3971 -10.5725 8.795
v 34.6321 -7.6633 8.718
v 32.9421 -8.7336 8.702
v 38.0811 -2.11 9.837
v 45.2691 3.945 8.753
v 36.6811 -8.0446 8.857
v 38.0801 -4.868 9.672
v 40.1731 -2.806 9.838
v 43.9391 -2.341 9.592
v 45.4751 1.042 9.126
v 34.7841 -9.3527 8.501
v 39.8071 -7.9371 9.319
v 41.2421 -5.204 9.658
v 41.9971 -7.2088 9.394
v 35.9781 -10.9911 8.454
v 38.0461 -10.123 8.738
v 43.1521 -9.2915 8.856
v 43.8171 -6.37 9.392
v 40.0951 -10.8523 8.789
v 42.0331 -11.7414 8.505
v 45.2311 7.461 8.635
v 47.3941 5.236 8.216
v 49.4271 8.31 8.249
v 47.8501 2.377 8.454
v 47.5511 -0.68900 8.979
v 44.3061 -12.0558 8.383
v 45.8271 -7.9853 9.071
v 46.3881 -5.686 9.263
v 47.8781 -3.57 9.157
v 49.9011 0.53700 8.344
v 50.0861 -2.032 8.847
v 50.0331 2.732 8.164
v 49.2721 4.6 8.153
v 51.6741 4.52 8.139
v 51.4661 1.895 8.086
v 52.3311 -0.38600 8.677
v 51.9761 -2.896 9.224
v 50.4831 -4.635 9.218
v 48.7751 -5.974 9.148
v 47.9441 -7.7167 9.098
v 53.3431 2.249 8.299
v 54.0861 4.466 8.251
v 54.0221 -2.431 9.388
v 52.8451 -5.008 9.576
v 50.9561 -7.8971 9.313
v 55.2101 -4.678 9.54
v 55.2111 0.34000 8.761
v 56.5171 -2.16 9.145
v 55.2301 2.87 8.312
v 57.5331 -4.58 9.123
v 54.2441 -7.1093 9.615
v 56.1741 -6.413 9.411
v 54.2721 -9.9942 9.357
v 56.1771 -8.4255 9.351
v 57.9551 -7.0157 9.067
v 56.3011 -10.0342 9.19
v 54.1361 -12.4012 8.898
v 55.3461 -14.0705 8.496
v 57.8541 -15.7616 7.913
v 45.3011 12.51 8.386
v 43.2691 9.89 8.903
v 47.3201 14.498 8.338
v 47.1341 15.709 8.047
v 42.0041 11.713 8.891
v 45.8491 15.144 8.406
v 46.0731 16.448 7.733
v 45.9481 16.734 6.568
v 44.4271 16.425 8.129
v 44.9651 16.711 7.152
v 44.6651 14.877 8.552
v 42.9861 15.233 8.644
v 43.3561 16.85 6.107
v 42.5831 16.776 7.928
v 41.3341 16.376 8.454
v 37.9451 16.781 -1.497
v 38.2611 16.828 -3.701
v 36.4601 16.69 -3.916
v 37.7541 16.243 -5.102
v 35.9721 16.094 -5.277
v 36.6831 14.53 -5.513
v 34.7381 16.471 -4.798
v 34.2111 14.961 -5.338
v 33.1801 16.204 -5.001
v 32.5971 15.11 -5.164
v 29.0031 8.538 -4.748
v 26.5521 8.958 -4.333
v 24.7131 7.252 -4.381
v 24.8651 5.374 -4.733
v 24.3851 9.372 -4.371
v 22.7021 8.3 -4.394
v 22.8291 5.971 -4.636
v 23.7081 3.893 -4.694
v 21.9861 4.326 -5.192
v 22.6621 2.806 -5.231
v 21.5181 5.663 -5.345
v 20.3121 4.991 -5.817
v 21.0551 2.939 -5.587
v 22.1801 1.511 -6.354
v 20.2241 1.747 -6.301
v 20.3221 0.31800 -7.316
v 19.1831 3.19 -6.093
v 18.3571 1.349 -6.825
v 17.7871 -1.1 -8.011
v 22.6041 -11.084 8.986
v 22.6721 -8.6824 9.312
v 19.9421 -6.607 9.154
v 23.2331 -6.301 9.412
v 24.0491 -4.628 9.406
v 21.9541 -4.41 9.23
v 15.8691 -8.0548 8.658
v 23.7881 -2.759 9.191
v 21.5641 -2.412 8.892
v 23.0001 -0.63300 8.64
v 21.3711 -1.324 8.576
v 24.4601 0.49800 8.958
v 23.6301 0.18700 8.651
v 24.4701 2.109 9.062
v 23.3851 0.73000 8.547
v 16.7651 -4.619 8.679
v 19.5701 -3.655 9.005
v 20.0101 -1.717 8.633
v 20.9451 -0.49700 8.286
v 21.9961 0.65100 8.06
v 22.8571 1.632 8.515
v 24.4231 3.989 9.274
v 22.7811 2.89 8.846
v 21.4881 1.854 8.328
v 20.2921 0.69400 8.236
v 17.7491 -2.034 8.308
v 14.4121 -5.704 8.285
v 14.3801 -3.966 7.678
v 15.8361 -2.763 7.622
v 19.2081 -0.49700 8.33
v 19.7861 1.812 8.684
v 20.9131 3.027 8.989
v 22.4221 4.47 9.598
v 24.0131 4.986 9.738
v 23.6151 5.996 10.219
v 18.6551 0.80900 8.419
v 17.6561 -0.23400 8.008
v 15.9211 -0.79800 7.256
v 12.699 -3.318 6.926
v 14.2301 -2.255 6.802
v 16.8371 1.391 8.443
v 18.4691 1.776 8.783
v 19.1041 2.715 9.115
v 19.7761 4.185 9.58
v 20.9991 6.074 10.183
v 23.1171 7.978 10.434
v 25.4171 7.202 10.282
v 25.8281 9.443 10.225
v 22.7581 10.459 9.913
v 19.8281 8.315 9.998
v 17.1341 5.571 9.412
v 17.6871 3.199 9.163
v 17.9811 2.248 8.971
v 15.1471 1.822 8.381
v 13.8586 -0.60100 6.784
v 12.2229 -1.566 6.49
v 15.6271 3.052 8.917
v 15.7071 8.901 9.159
v 19.0161 11.233 9.34
v 22.2421 13.315 8.873
v 24.1001 13.626 8.961
v 14.6031 6.5 8.936
v 23.5861 14.12 8.743
v 24.5071 14.439 8.836
v 23.7971 14.464 8.74
v 23.3391 14.811 8.568
v 24.5331 15.787 8.671
v 23.3631 15.93 8.259
v 22.8371 15.354 8.154
v 22.0601 14.997 8.153
v 22.5261 15.841 7.847
v 24.1831 16.801 7.909
v 23.0851 16.564 7.638
v 23.6911 16.974 7.042
v 22.2401 16.466 7.406
v 22.7651 16.91 6.969
v 21.3681 15.99 7.666
v 19.9951 15.072 8.071
v 19.3301 13.455 8.603
v 16.3151 11.441 9.008
v 17.2471 13.188 8.517
v 20.0311 16.494 7.219
v 21.5221 16.895 6.71
v 20.8331 16.787 4.772
v 19.9871 17.048 6.143
v 18.5161 16.323 7.552
v 18.8821 16.938 6.558
v 18.1781 15.287 8.067
v 18.3941 14.337 8.25
v 15.0381 12.6 8.294
v 14.4981 11.088 8.729
v 15.5241 14.279 7.332
v 17.2571 14.575 7.889
v 16.9211 15.66 7.458
v 17.2471 16.775 6.434
v 18.4851 16.903 5.183
v 15.7761 16.785 4.708
v 15.1681 16.085 6.506
v 13.9005 14.217 6.77
v 14.2111 15.062 6.787
v 13.1265 15.817 6.441
v 13.3786 16.681 5.191
v 14.5981 16.822 -1.417
v 13.2285 14.819 6.674
v 12.6858 14.024 6.605
v 12.1003 14.968 6.61
v 11.5716 15.843 6.296
v 12.146 16.437 5.748
v 11.6778 16.684 4.747
v 14.7231 16.728 -4.284
v 12.3591 16.769 -4.026
v 8.4608 16.784 -2.252
v 13.6013 16.008 -6.213
v 10.485 16.441 -5.912
v 15.8641 16.021 -5.605
v 13.8778 13.763 -6.565
v 11.9499 14.291 -7.172
v 8.2235 16.707 -5.512
v 9.975 14.379 -6.96
v 13.0275 11.931 -6.756
v 10.4978 11.998 -6.923
v 9.3656 13.317 -7.056
v 8.757 15.698 -7.065
v 8.7601 14.197 -7.155
v 6.3459 16.8 -5.3
v 7.0564 16.289 -6.909
v 7.4907 14.608 -7.49
v 8.2257 12.656 -7.144
v 8.6061 10.168 -6.926
v 5.7675 15.079 -7.689
v 6.2003 13.003 -7.374
v 5.5703 16.452 -6.84
v 4.20737 16.769 -4.223
v 4.56105 16.771 -6.06
v 4.21784 15.657 -7.171
v 4.18921 13.41 -7.354
v 6.6799 10.863 -7.164
v 4.84325 11.185 -7.214
v 3.34358 11.458 -6.95
v 2.7135 16.326 -6.382
v 2.9117 14.628 -7.126
v 1.0476 15.912 -6.4
v 1.5402 14.565 -6.65
v 2.2807 12.847 -6.669
v 6.8903 8.498 -7.181
v 5.345 9.327 -7.234
v 0.83870 13.177 -6.045
v -0.75850 11.963 -5.988
v 1.0061 11.741 -6.131
v 1.9208 10.416 -6.506
v 0.39290 10.263 -6.038
v 3.31614 8.904 -6.985
v 4.93177 6.987 -7.398
v 6.9906 5.812 -7.351
v 1.9969 8.924 -6.607
v 1.7214 7.643 -6.774
v 0.98870 8.739 -6.206
v -0.86750 10.048 -6.084
v -0.37650 8.799 -6.221
v -3.1514 11.698 -6.17
v -2.1747 10.112 -6.228
v -1.4509 9.084 -6.312
v -1.321 8.042 -6.694
v -0.24100 6.681 -6.765
v -2.3969 8.485 -7.041
v -1.9802 6.979 -7.295
v -3.5777 7.027 -7.84
v -0.15700 4.486 -7.51
v 0.64410 3.569 -7.834
v -2.3823 4.636 -7.985
v -0.69330 2.397 -7.895
v -4.9533 5.083 -8.393
v -5.7638 7.52 -7.963
v -7.5479 4.921 -8.605
v -4.5844 2.986 -8.68
v -3.073 1.564 -8.468
v -4.7223 1.615 -8.752
v -5.9249 3.647 -8.761
v -6.6509 1.58 -8.754
v -8.6649 2.681 -8.782
v -10.1139 3.689 -8.554
v -10.5649 0.65300 -8.394
v -4.6295 0.35400 -8.675
v -3.0559 -1.264 -8.889
v -1.4982 0.33700 -8.327
v 0.08890 0.45600 -8.113
v -0.66290 -1.066 -8.701
v -5.7435 -1.424 -8.881
v -8.0849 -1.056 -8.628
v -11.7039 2.763 -8.172
v -11.7789 -2.277 -8.056
v -9.7789 -2.385 -8.37
v -4.3485 -16.8724 0.55500
v -7.6099 -16.7768 1.615
v -6.2419 -16.9442 4.09
v -10.7559 -16.8439 -1.225
v -6.9579 -17.0134 5.481
v -5.9309 -16.8359 6.624
v -8.5459 -16.9608 5.773
v -7.5209 -16.7945 6.608
v -6.5229 -15.7674 7.25
v -8.2179 -15.9128 7.046
v -9.0319 -16.6112 6.558
v 21.6191 -16.9431 -4.272
v 23.0321 -16.5994 -4.661
v 22.9761 -15.3782 -5.6
v 25.1891 -15.4765 -5.192
v 24.7961 -16.8939 -4.081
v 26.6301 -13.5796 -6.144
v 27.9671 -15.2561 -5.31
v 26.7891 -16.5504 -4.464
v 28.1941 -16.2897 -4.642
v 28.3101 -16.8477 -3.736
v 28.4201 -12.4714 -6.617
v 28.6941 -13.7738 -6.202
v 30.6931 -14.5142 -6.102
v 29.6621 -16.2477 -4.827
v 30.7231 -17.114 -3.128
v 29.7961 -12.9326 -6.712
v 32.0901 -16.2258 -5.079
v 31.1691 -12.6828 -7.035
v 31.6841 -8.9092 -7.727
v 32.9141 -9.8822 -7.589
v 32.3911 -11.5573 -7.124
v 32.9541 -13.12 -6.92
v 33.5991 -14.9379 -6.206
v 34.7661 -16.4219 -4.979
v 33.1291 -17.0516 -3.755
v 34.9151 -16.9937 -3.197
v 36.3341 -14.7525 -6.002
v 35.1491 -13.3081 -6.646
v 34.8821 -11.1954 -7.145
v 33.3651 -7.85 -7.859
v 31.8321 -7.3569 -7.844
v 33.5901 -5.562 -7.884
v 35.2351 -6.722 -7.869
v 35.2881 -8.631 -7.76
v 38.0151 -12.3016 -6.311
v 37.1061 -16.1985 -5.185
v 36.6891 -17.0657 -3.942
v 39.5751 -15.1407 -5.159
v 38.3471 -16.6796 -4.606
v 41.0711 -10.1963 -6.056
v 41.1431 -12.5774 -5.38
v 38.1901 -9.3404 -7.234
v 37.6381 -6.722 -7.674
v 36.3491 -4.84 -7.845
v 38.9601 -4.194 -7.495
v 39.6691 -16.6511 -4.31
v 38.6241 -17.1464 -3.303
v 42.8341 -11.2274 -5.116
v 41.8791 -6.64 -6.566
v 41.9291 -2.717 -6.713
v 37.4121 -3.209 -7.67
v 43.1401 -12.7453 -4.868
v 42.3811 0.97200 -6.424
v 44.9491 -0.94000 -6.252
v 39.8131 1.327 -6.635
v 42.8151 3.494 -6.102
v 44.5811 -4.298 -6.207
v 43.8621 -5.815 -5.983
v 44.1851 -9.2637 -5.112
v 45.2701 -6.558 -5.667
v 44.8431 1.381 -6.156
v 44.3971 3.04 -6.062
v 43.9731 5 -5.684
v 44.8991 6.862 -4.767
v 45.8701 4.668 -5.021
v 45.9301 2.682 -5.797
v 46.4821 1.135 -5.953
v 47.0911 -8.5697 -5.006
v 46.8541 -4.743 -5.838
v 48.0511 -6.233 -5.424
v 46.9431 -2.47 -5.945
v 47.0901 -0.39600 -5.922
v 47.4401 3.123 -4.852
v 47.3941 7.271 -4.337
v 47.1901 4.959 -4.337
v 47.9311 1.02 -5.562
v 48.9431 -0.65200 -5.422
v 49.0391 -3.721 -5.288
v 50.8271 -1.697 -4.639
v 49.0691 1.931 -4.651
v 48.1381 5.085 -4.115
v 48.8771 3.919 -3.972
v 50.6281 0.99600 -4.099
v 50.2341 3.424 -3.758
v 49.8891 6.301 -3.956
v 51.3661 8.854 -3.477
v 51.5511 6.77 -3.388
v 51.2581 5.018 -3.546
v 51.6081 3.095 -3.294
v 51.8671 1.294 -3.176
v 51.7951 -0.28900 -3.723
v 52.7401 0.18500 -2.69
v 52.8101 2.665 -2.408
v 52.6401 5.648 -2.601
v 52.3591 8.081 -2.906
v 53.0741 8.292 -2.165
v 54.0461 4.542 -1.44
v 53.9761 7.371 -1.503
v 53.7491 9.528 -1.568
v 55.3691 6.607 -1.578
v 57.0111 7.647 -1.714
v 55.9981 3.894 -1.613
v 58.4901 9.853 -1.613
v 58.7281 7.32 -1.647
v 57.9831 4.911 -1.708
v 57.3601 2.442 -1.733
v 58.7541 2.739 -1.594
v 59.9491 5.144 -1.442
v 60.1191 8.731 -1.366
v 61.6341 12.734 -0.85200
v 61.5961 10.437 -0.87900
v 61.8221 7.253 -0.89000
v 61.7291 4.032 -1.02
v 60.3541 0.81700 -1.366
v 57.9631 0.34400 -1.676
v 62.3371 13.144 -0.34600
v 62.9031 12.056 -0.46100
v 62.7511 5.429 -0.61400
v 62.9061 3.632 -0.58800
v 62.3981 1.451 -0.96700
v 63.4391 1.924 0.14600
v 63.5561 4.858 0.22300
v 63.3601 7.19 -0.20900
v 63.1511 9.569 -0.58600
v 64.2101 11.143 0.01400
v 64.2831 8.969 0.36000
v 64.0821 6.78 0.81100
v 63.9801 5.365 1.04
v 63.9371 3.614 1.253
v 63.5751 -0.22100 0.42700
v 63.0651 -0.49500 -0.35800
v 61.9391 -1.275 -1.111
v 63.6711 12.725 0.15600
v 63.8551 13.966 0.86900
v 63.0231 13.595 -0.03100
v 63.2541 12.821 -0.20700
v 63.4951 15.303 0.95200
v 63.1771 14.479 0.56900
v 62.7201 15.043 0.11600
v 62.1271 14.14 -0.62200
v 63.5011 -2.395 0.28300
v 62.8031 -2.378 -0.61700
v 62.0081 -3.616 -1.01
v 62.9391 -3.968 -0.48800
v 60.4471 -3.303 -1.256
v 58.5901 -2.26 -1.669
v 61.3011 -5.223 -1.221
v 58.6891 -4.875 -1.589
v 56.6511 -2.07 -1.73
v 57.2661 -4.2 -1.609
v 55.4131 -2.867 -1.383
v 55.9001 -4.066 -1.38
v 57.4001 -5.85 -1.874
v 55.3921 -1.611 -1.693
v 56.0261 0.46700 -1.672
v 54.5991 -4.062 -1.232
v 54.4111 -2.377 -1.171
v 54.6841 -0.75200 -1.462
v 54.1131 1.294 -1.447
v 53.5381 -1.3 -2.002
v 53.5291 -3.539 -2.385
v 54.2091 -5.009 -2.347
v 53.4351 -5.12 -3.163
v 52.5031 -2.136 -3.538
v 52.6271 -4.204 -3.606
v 52.0021 -6.2 -4.022
v 51.2181 -3.979 -4.392
v 49.7501 -7.8694 -4.765
v 50.0301 -5.613 -4.826
v 46.3261 -10.4813 -4.574
v 44.7291 -11.6677 -4.752
v 44.7641 -14.0169 -4.649
v 43.4611 -14.9757 -4.623
v 42.2831 -14.3157 -4.79
v 42.6631 -15.5922 -4.57
v 41.4321 -15.3944 -4.593
v 41.8381 -16.0795 -4.328
v 40.8921 -15.8503 -4.532
v 41.2651 -16.468 -4.176
v 40.4061 -16.1536 -4.394
v 40.6651 -16.6495 -3.938
v 40.2011 -16.993 -3.344

# No. normals 8486:
vn 0.02606 -0.99055 -0.13464
vn 0.06537 -0.98097 -0.18281
vn -0.06049 -0.97085 -0.23194
vn -0.11994 -0.76156 -0.63690
vn -0.07908 -0.72288 -0.68643
vn -0.07214 -0.72469 -0.68529
vn 0.04684 -0.99142 0.12205
vn 0.04470 -0.99143 0.12279
vn -0.03482 -0.96418 -0.26296
vn -0.30104 -0.68298 -0.66552
vn -0.15209 -0.51115 -0.84593
vn -0.30498 -0.51779 -0.79930
vn -0.05463 -0.49049 -0.86973
vn -0.00901 -0.55717 -0.83035
vn -0.12875 -0.47912 -0.86826
vn -0.03720 -0.69907 -0.71408
vn 0.01904 -0.99077 -0.13421
vn 0.12167 -0.77713 -0.61746
vn -0.02512 -0.99811 0.05616
vn -0.11305 -0.95073 -0.28868
vn -0.20126 -0.58997 -0.78194
vn -0.04099 -0.47648 -0.87823
vn 0.00597 -0.49990 -0.86607
vn 0.00540 -0.55073 -0.83467
vn 0.07343 -0.59350 -0.80148
vn 0.07047 -0.80889 -0.58372
vn 0.02331 -0.999594 0.01636
vn 0.04118 -0.99412 -0.10014
vn -0.01858 -0.99972 0.01467
vn -0.00161 -0.999953 0.00958
vn 0.02919 -0.98876 0.14661
vn 0.02069 -0.98937 0.14396
vn -0.02148 -0.92200 -0.38660
vn -0.08275 -0.94940 -0.30298
vn -0.25565 -0.60097 -0.75729
vn -0.13902 -0.43254 -0.89083
vn -0.05617 -0.36522 -0.92923
vn -0.04211 -0.37664 -0.92540
vn -0.01643 -0.37292 -0.92772
vn 0.00880 -0.49763 -0.86735
vn 0.06396 -0.52495 -0.84873
vn 0.05546 -0.60473 -0.79450
vn 0.14923 -0.68211 -0.71586
vn 0.08369 -0.81057 -0.57963
vn -0.02115 -0.99683 -0.07669
vn 0.13364 -0.89968 -0.41559
vn -0.06372 -0.99787 -0.01427
vn -0.03575 -0.99419 -0.10150
vn -0.03941 -0.99692 0.06783
vn 0.02174 -0.98828 -0.15108
vn -0.00936 -0.89010 -0.45568
vn 0.07508 -0.51748 -0.85239
vn 0.01371 -0.33161 -0.94332
vn 0.08494 -0.37258 -0.92410
vn 0.01202 -0.31912 -0.94764
vn -0.05965 -0.32543 -0.94368
vn -0.02981 -0.29413 -0.95530
vn 0.08002 -0.26264 -0.96157
vn 0.13962 -0.30917 -0.94070
vn 0.13931 -0.32704 -0.93469
vn 0.10793 -0.55081 -0.82762
vn 0.06906 -0.71908 -0.69149
vn 0.10343 -0.73876 -0.66599
vn 0.09917 -0.83059 -0.54799
vn 0.14012 -0.98893 0.04873
vn -0.02684 -0.95383 0.29914
vn -0.01304 -0.99628 -0.08520
vn -0.06402 -0.98481 -0.16140
vn 0.08933 -0.82249 -0.56172
vn 0.22767 -0.62732 -0.74474
vn 0.18058 -0.64005 -0.74681
vn 0.13857 -0.54306 -0.82818
vn 0.18644 -0.35672 -0.91542
vn 0.19613 -0.43111 -0.88073
vn 0.01723 -0.18594 -0.98241
vn 0.07987 -0.23865 -0.96782
vn 0.13156 -0.20606 -0.96965
vn 0.17566 -0.24887 -0.95248
vn 0.17357 -0.28606 -0.94236
vn 0.20802 -0.33815 -0.91781
vn 0.20923 -0.31660 -0.92519
vn 0.21638 -0.43602 -0.87354
vn 0.24041 -0.37451 -0.89551
vn 0.02331 -0.82157 -0.56962
vn 0.08153 -0.97701 -0.19698
vn -0.00358 -0.99517 -0.09813
vn -0.12897 -0.96995 0.20633
vn -0.00102 -0.99230 0.12384
vn 0.04218 -0.99373 -0.10359
vn -0.00816 -0.97925 -0.20251
vn 0.12703 -0.74573 -0.65402
vn 0.16097 -0.78377 -0.59983
vn 0.16466 -0.56048 -0.81164
vn 0.25896 -0.36517 -0.89420
vn 0.25522 -0.32257 -0.91149
vn 0.22640 -0.30496 -0.92506
vn 0.21779 -0.22376 -0.95000
vn 0.22951 -0.23476 -0.94457
vn 0.16890 -0.01028 -0.98558
vn 0.21860 -0.05248 -0.97440
vn 0.14791 -0.02213 -0.98875
vn 0.06420 0.06559 -0.99578
vn 0.14029 0.33733 -0.93088
vn 0.18769 0.29498 -0.93689
vn 0.09473 0.31500 -0.94435
vn 0.18929 0.29533 -0.93646
vn 0.25690 0.21304 -0.94266
vn 0.24897 -0.02892 -0.96808
vn 0.18254 0.28419 -0.94123
vn 0.11718 0.47900 -0.86996
vn -0.02925 0.41273 -0.91038
vn 0.19054 0.21060 -0.95882
vn 0.07639 0.42038 -0.90413
vn -0.06023 0.08886 -0.99422
vn 0.23815 -0.02528 -0.97090
vn 0.25207 -0.22684 -0.94075
vn 0.28014 -0.10055 -0.95468
vn 0.28528 -0.27967 -0.91673
vn 0.22858 -0.34163 -0.91161
vn 0.18193 -0.55548 -0.81138
vn 0.23812 -0.37824 -0.89456
vn 0.11198 -0.79116 -0.60127
vn 0.21672 -0.62242 -0.75208
vn 0.14675 -0.96916 -0.19799
vn 0.07636 -0.61193 -0.78722
vn -0.01880 -0.95452 -0.29754
vn 0.12807 -0.86487 -0.48539
vn 0.31559 0.18945 -0.92979
vn 0.28955 0.22458 -0.93044
vn 0.13578 -0.06011 -0.98891
vn -0.06227 0.11658 -0.99123
vn 0.03086 -0.09571 -0.99493
vn 0.28886 0.21347 -0.93327
vn 0.13936 0.13988 -0.98031
vn 0.23393 0.19144 -0.95322
vn 0.32937 -0.07632 -0.94111
vn 0.26843 -0.03529 -0.96265
vn 0.24556 -0.28083 -0.92781
vn 0.20506 -0.34935 -0.91428
vn 0.21900 -0.38909 -0.89479
vn 0.15170 -0.35292 -0.92327
vn 0.17528 -0.48547 -0.85650
vn 0.23580 -0.26601 -0.93468
vn 0.16049 -0.11474 -0.98035
vn 0.14255 -0.02164 -0.98955
vn 0.06514 0.02834 -0.99747
vn 0.20498 0.08197 -0.97533
vn 0.04481 -0.03723 -0.99830
vn 0.05079 -0.03711 -0.99802
vn 0.09197 -0.12739 -0.98758
vn 0.08499 -0.13447 -0.98727
vn 0.13906 -0.24829 -0.95865
vn 0.16311 -0.34037 -0.92604
vn 0.09821 -0.05420 -0.99369
vn 0.12259 -0.13379 -0.98340
vn 0.06599 0.10529 -0.99225
vn 0.16670 -0.02676 -0.98564
vn 0.10134 0.11218 -0.98851
vn 0.21058 -0.00546 -0.97756
vn 0.15240 -0.11169 -0.98199
vn 0.18610 -0.18425 -0.96510
vn 0.06056 -0.32933 -0.94227
vn 0.11235 -0.30885 -0.94445
vn 0.04184 -0.12961 -0.99068
vn 0.08300 -0.27557 -0.95769
vn 0.03677 -0.13301 -0.99043
vn 0.19081 0.00109 -0.98163
vn 0.13622 0.22973 -0.96367
vn 0.22512 0.06748 -0.97199
vn 0.12226 0.23279 -0.96481
vn 0.14254 0.25677 -0.95590
vn 0.07702 0.48071 -0.87349
vn 0.03319 0.46022 -0.88718
vn 0.17625 0.33953 -0.92394
vn 0.15822 -0.09090 -0.98321
vn -0.21020 -0.08230 -0.97419
vn -0.13538 -0.05436 -0.98930
vn -0.10391 -0.10243 -0.98930
vn -0.15036 -0.15150 -0.97695
vn -0.18752 0.02489 -0.98195
vn 0.04536 0.02867 -0.99856
vn -0.18020 0.01632 -0.98350
vn 0.21262 -0.06676 -0.97485
vn 0.07810 -0.01496 -0.99683
vn 0.21625 -0.03893 -0.97556
vn -0.04670 0.58568 -0.80920
vn -0.10435 0.58623 -0.80339
vn -0.01104 0.66873 -0.74342
vn -0.10134 0.54908 -0.82960
vn -0.04201 0.55705 -0.82941
vn 0.12452 0.42235 -0.89784
vn 0.09011 0.32965 -0.93980
vn 0.20039 0.15997 -0.96657
vn 0.16745 0.07254 -0.98321
vn 0.16138 0.08077 -0.98358
vn 0.13736 -0.04695 -0.98941
vn 0.08956 0.01126 -0.99592
vn -0.08042 0.01256 -0.99668
vn -0.16274 0.10489 -0.98108
vn 0.10764 0.06793 -0.99187
vn -0.05033 0.20441 -0.97759
vn 0.07806 0.17695 -0.98112
vn 0.05970 0.41696 -0.90696
vn 0.13988 0.30804 -0.94103
vn -0.06502 0.23496 -0.96983
vn -0.05782 0.21876 -0.97406
vn -0.25685 0.21821 -0.94150
vn -0.08006 0.22730 -0.97053
vn -0.08255 0.25486 -0.96345
vn -0.09618 0.26405 -0.95970
vn -0.12908 0.33728 -0.93251
vn -0.15217 0.19215 -0.96950
vn -0.23930 0.22885 -0.94359
vn -0.25017 0.24591 -0.93645
vn -0.08342 0.22527 -0.97072
vn -0.05116 0.36330 -0.93027
vn 0.00929 0.22626 -0.97402
vn -0.06289 0.23825 -0.96916
vn -0.06299 -0.01720 -0.99787
vn -0.09870 0.06607 -0.99292
vn 0.04713 0.31271 -0.94868
vn 0.00585 0.18623 -0.98249
vn -0.11074 0.45076 -0.88575
vn -0.17020 0.21301 -0.96211
vn -0.18922 0.10301 -0.97652
vn -0.17301 0.48276 -0.85850
vn -0.06309 -0.01740 -0.99786
vn -0.08696 0.06260 -0.99424
vn -0.08394 0.05549 -0.99492
vn -0.01461 0.28934 -0.95711
vn -0.18828 0.24382 -0.95137
vn -0.08403 0.06486 -0.99435
vn -0.02004 -0.01885 -0.999621
vn -0.08400 0.06527 -0.99433
vn 0.01113 0.02475 -0.999632
vn 0.18315 -0.07659 -0.98010
vn 0.22909 -0.02148 -0.97317
vn 0.14093 0.14297 -0.97964
vn 0.09406 0.06645 -0.99335
vn 0.05648 0.16735 -0.98428
vn -0.08296 0.06434 -0.99447
vn -0.14167 0.20675 -0.96808
vn -0.10814 0.08799 -0.99023
vn 0.13102 0.00923 -0.99134
vn 0.07784 0.44769 -0.89079
vn -0.01156 0.46578 -0.88482
vn 0.18797 0.13771 -0.97247
vn 0.04137 0.51030 -0.85900
vn -0.19116 0.09845 -0.97661
vn -0.10887 0.15924 -0.98122
vn 0.01504 0.18892 -0.98188
vn 0.47380 -0.06662 -0.87811
vn -0.06206 0.10939 -0.99206
vn 0.21905 0.20218 -0.95454
vn 0.20434 0.14850 -0.96757
vn 0.12817 0.21733 -0.96765
vn 0.12872 0.23086 -0.96444
vn 0.00218 0.13678 -0.99060
vn -0.14396 0.35057 -0.92541
vn -0.10288 0.26621 -0.95841
vn 0.02519 0.22035 -0.97509
vn -0.03613 0.43803 -0.89824
vn -0.02775 0.17735 -0.98376
vn -0.01884 0.20208 -0.97919
vn -0.00656 0.15677 -0.98761
vn -0.02397 0.06827 -0.99738
vn -0.09141 -0.10123 -0.99065
vn -0.10367 -0.10956 -0.98856
vn 0.13620 -0.25398 -0.95757
vn 0.47908 0.03565 -0.87705
vn 0.17220 0.03232 -0.98453
vn 0.17675 0.39138 -0.90310
vn 0.29194 0.27318 -0.91660
vn -0.11617 0.20062 -0.97276
vn -0.13040 0.20773 -0.96946
vn 0.09079 0.26624 -0.95962
vn 0.01660 0.17833 -0.98383
vn 0.09362 0.25148 -0.96332
vn -0.16811 0.16481 -0.97189
vn -0.18765 0.67853 -0.71020
vn -0.09451 0.56992 -0.81625
vn -0.01091 0.67703 -0.73587
vn -0.14352 0.55966 -0.81620
vn -0.05557 0.50775 -0.85971
vn 0.38329 0.66722 -0.63868
vn -0.10956 0.95513 -0.27517
vn 0.11379 0.95440 -0.27599
vn -0.02379 0.98369 -0.17829
vn 0.06621 0.94240 -0.32786
vn 0.09208 0.93764 -0.33519
vn -0.05327 0.58171 -0.81165
vn 0.09126 0.38269 -0.91936
vn -0.11561 0.14747 -0.98229
vn -0.08055 0.03217 -0.99623
vn -0.18015 -0.08306 -0.98013
vn -0.06720 0.07414 -0.99498
vn -0.04065 0.16498 -0.98546
vn 0.05487 0.05063 -0.99721
vn 0.11077 0.25836 -0.95968
vn 0.07795 0.05263 -0.99557
vn -0.02101 0.09586 -0.99517
vn 0.06328 0.02758 -0.99761
vn -0.07250 -0.21894 -0.97304
vn 0.01140 0.01195 -0.999864
vn 0.05877 -0.14611 -0.98752
vn -0.03238 0.38843 -0.92091
vn 0.06686 0.06051 -0.99593
vn 0.00953 0.92579 -0.37792
vn 0.24636 0.67532 -0.69516
vn 0.00338 0.999775 0.02094
vn 0.10397 0.99057 -0.08922
vn -0.01235 0.999898 0.00712
vn 0.10563 0.04681 -0.99330
vn 0.07907 0.70132 -0.70845
vn 0.25113 0.13151 -0.95898
vn 0.03367 0.99580 -0.08509
vn 0.08436 0.70439 -0.70478
vn 0.37335 0.52351 -0.76587
vn 0.12562 0.15493 -0.97991
vn 0.06384 -0.14687 -0.98709
vn 0.05774 0.02695 -0.99797
vn 0.00409 -0.07982 -0.99680
vn 0.11954 0.16426 -0.97915
vn -0.02133 -0.08321 -0.99630
vn 0.04772 0.49374 -0.86830
vn 0.24764 0.17192 -0.95348
vn 0.23677 0.16202 -0.95796
vn -0.04994 0.98879 -0.14073
vn 0.29595 0.86076 -0.41413
vn 0.00034 0.999814 -0.01930
vn -0.00556 0.99997 0.00537
vn 0.00976 0.999951 0.00132
vn -0.01306 0.999914 -0.00085
vn 0.00159 0.999947 -0.01022
vn 0.09191 0.99327 -0.07046
vn 0.00920 0.83748 -0.54640
vn 0.33924 0.69741 -0.63129
vn 0.34507 0.21373 -0.91392
vn 0.24787 0.17185 -0.95343
vn 0.20608 -0.02455 -0.97823
vn 0.32903 -0.02825 -0.94390
vn 0.07923 -0.15858 -0.98416
vn 0.38278 -0.16671 -0.90867
vn 0.61455 0.07942 -0.78487
vn 0.64865 -0.06579 -0.75823
vn 0.53192 -0.16948 -0.82966
vn 0.18217 0.64681 -0.74058
vn 0.67944 0.33907 -0.65069
vn 0.64671 0.09141 -0.75724
vn 0.01652 0.99615 -0.08614
vn 0.03886 0.999127 0.01535
vn -0.01166 0.99766 0.06741
vn 0.00076 0.999945 -0.01049
vn 0.00542 0.99519 -0.09784
vn 0.35278 0.89633 -0.26858
vn -0.02725 0.23413 -0.97182
vn 0.30657 -0.16258 -0.93786
vn 0.42806 -0.01905 -0.90355
vn 0.74648 -0.00743 -0.66537
vn 0.72717 -0.06584 -0.68329
vn 0.66896 -0.02695 -0.74281
vn 0.52841 -0.15635 -0.83447
vn -0.18511 -0.06325 -0.98068
vn -0.19689 -0.09513 -0.97580
vn -0.18018 0.89456 -0.40902
vn -0.08593 0.87487 -0.47668
vn -0.11083 -0.03125 -0.99335
vn -0.06713 0.17693 0.98193
vn 0.13036 0.08857 0.98750
vn -0.09888 0.56911 0.81630
vn -0.01172 -0.13303 0.99104
vn -0.03562 0.19642 0.97987
vn 0.11689 0.02983 0.99270
vn 0.04190 -0.14126 0.98909
vn 0.13033 0.63394 0.76233
vn -0.17225 0.98490 -0.01751
vn -0.02469 0.99632 -0.08214
vn -0.02399 0.99621 -0.08358
vn 0.01264 0.999545 -0.02738
vn 0.08552 0.99504 -0.05076
vn -0.05483 0.87962 -0.47250
vn 0.35326 0.46196 -0.81351
vn -0.20947 -0.01051 -0.97776
vn -0.22750 -0.05540 -0.97220
vn -0.01479 -0.21912 -0.97559
vn 0.02055 -0.09492 -0.99527
vn 0.00802 -0.09992 -0.99496
vn 0.08990 0.55242 -0.82871
vn 0.03463 -0.20982 -0.97713
vn 0.04331 0.99791 -0.04790
vn 0.14334 0.98319 0.11308
vn -0.00203 0.98847 0.15140
vn -0.12606 0.59800 0.79152
vn -0.01456 0.01137 0.999829
vn 0.11335 0.35092 0.92952
vn 0.03557 -0.00971 0.99932
vn -0.02157 0.33690 0.94129
vn 0.32654 0.82371 0.46354
vn -0.01229 0.99688 -0.07797
vn -0.01247 0.99685 -0.07827
vn 0.20417 0.93228 -0.29863
vn 0.00736 0.52410 -0.85163
vn 0.42160 0.27790 -0.86315
vn 0.37745 -0.16239 -0.91168
vn 0.10644 -0.25215 -0.96182
vn 0.28190 0.91381 -0.29238
vn 0.44037 0.28421 -0.85165
vn -0.04896 0.99687 0.06213
vn 0.08167 0.99514 -0.05506
vn 0.05794 0.18950 0.98017
vn -0.09044 0.01621 0.99577
vn 0.17300 0.12873 0.97647
vn 0.10176 -0.12246 0.98724
vn -0.06068 0.06215 0.99622
vn -0.02530 0.85034 0.52563
vn 0.16444 0.66244 0.73084
vn 0.17524 0.98255 0.06236
vn -0.00416 0.98979 0.14247
vn 0.00378 0.99363 0.11261
vn 0.04859 0.99555 -0.08071
vn 0.14514 0.97077 -0.19115
vn 0.11591 0.89384 -0.43314
vn 0.05864 0.99575 -0.07098
vn 0.59592 0.72191 -0.35174
vn 0.62957 0.77192 0.08821
vn -0.02684 0.99347 0.11086
vn 0.05993 0.99697 0.04964
vn -0.03138 0.99015 0.13644
vn 0.27621 0.56894 0.77460
vn 0.35503 0.56661 0.74358
vn 0.37305 0.68339 0.62754
vn 0.00796 0.02854 0.999561
vn 0.04849 -0.02545 0.99850
vn -0.05455 -0.03561 0.99788
vn 0.07688 0.03505 0.99642
vn 0.00147 -0.10205 0.99478
vn 0.06409 0.03770 0.99723
vn 0.00131 0.04449 0.999009
vn 0.45927 0.24897 0.85269
vn 0.21628 0.01331 0.97624
vn 0.56790 0.22468 0.79184
vn 0.41487 0.67149 0.61399
vn 0.59089 0.25059 0.76684
vn 0.34940 0.64255 0.68195
vn 0.27309 0.95225 0.13653
vn 0.49440 0.52372 0.69375
vn 0.38753 0.27354 0.88034
vn 0.58352 0.18619 0.79047
vn 0.22228 -0.02327 0.97471
vn 0.32544 -0.05800 0.94378
vn 0.00393 0.00377 0.999985
vn 0.13679 -0.04650 0.98951
vn 0.33142 -0.08232 0.93989
vn 0.38854 -0.00487 0.92142
vn 0.50202 0.08129 0.86103
vn 0.56794 0.18806 0.80130
vn 0.86190 0.43184 0.26581
vn 0.55541 0.07827 0.82789
vn 0.76370 0.59409 0.25262
vn 0.73217 0.63760 -0.23955
vn 0.61704 0.73786 -0.27352
vn 0.63954 0.18082 -0.74719
vn 0.63203 0.23066 -0.73982
vn 0.85099 -0.06674 -0.52092
vn 0.83292 -0.06658 -0.54938
vn 0.63160 -0.07470 0.77169
vn 0.82094 -0.01773 -0.57073
vn 0.00976 -0.02692 0.99959
vn 0.32571 -0.07990 0.94209
vn 0.37167 0.00236 0.92836
vn 0.60691 0.13539 0.78315
vn 0.58357 0.00765 0.81203
vn 0.73438 0.13965 0.66422
vn 0.91540 0.25972 -0.30756
vn 0.90630 0.41058 -0.10025
vn 0.91674 0.28010 -0.28484
vn 0.87729 0.47965 -0.01728
vn 0.92149 0.38833 -0.00717
vn 0.85529 0.19035 -0.48192
vn 0.84249 0.40758 -0.35226
vn 0.89009 0.45519 0.02344
vn 0.91551 0.40222 -0.00786
vn 0.93887 0.33713 0.06980
vn 0.97475 0.22215 0.02270
vn 0.95405 0.08224 -0.28814
vn 0.94508 0.23272 0.22951
vn 0.77241 0.06397 0.63189
vn 0.99713 -0.07075 -0.02696
vn 0.67798 -0.03883 0.73405
vn 0.43984 -0.12490 0.88935
vn 0.16390 0.00772 0.98645
vn 0.00295 -0.02332 0.999724
vn 0.58579 -0.14089 0.79812
vn 0.60546 -0.13156 0.78492
vn 0.66715 -0.01242 0.74482
vn 0.999407 -0.03399 -0.00552
vn 0.99715 -0.06984 0.02862
vn 0.99286 -0.08442 0.08427
vn 0.99908 -0.03299 0.02742
vn 0.92970 0.33377 -0.15576
vn 0.95719 0.18078 -0.22605
vn 0.95078 0.24969 -0.18351
vn 0.97890 0.17529 -0.10499
vn 0.99526 -0.08842 0.04038
vn 0.99780 -0.04870 0.04498
vn 0.48481 0.05779 0.87271
vn 0.99196 -0.08742 0.09151
vn 0.41151 0.01931 0.91120
vn 0.51297 0.00170 0.85841
vn 0.12051 0.05761 0.99104
vn 0.50671 -0.00115 0.86211
vn 0.01364 0.04569 0.99886
vn 0.58945 -0.10537 0.80090
vn 0.17379 -0.02110 0.98456
vn 0.41434 0.06861 0.90753
vn 0.98986 0.03593 0.13743
vn 0.88014 -0.13156 0.45611
vn 0.99367 -0.10781 0.03169
vn 0.99536 -0.08951 -0.03542
vn 0.96650 -0.09465 -0.23857
vn 0.97619 -0.14646 -0.16003
vn 0.96901 -0.17621 -0.17309
vn 0.99685 -0.04729 -0.06361
vn 0.48520 0.03715 0.87361
vn 0.11828 0.05373 0.99153
vn 0.01669 0.04339 0.99892
vn 0.06709 0.17823 0.98170
vn 0.12364 0.04872 0.99113
vn 0.49499 0.05074 0.86742
vn 0.70240 0.02567 0.71132
vn 0.99624 -0.01169 -0.08586
vn 0.98553 -0.10425 -0.13366
vn 0.97874 0.02560 -0.20348
vn 0.95441 -0.10401 -0.27980
vn 0.92774 -0.04520 -0.37048
vn 0.95926 -0.07865 -0.27137
vn 0.99696 0.02614 -0.07343
vn 0.91817 0.02035 -0.39566
vn 0.85245 0.12619 0.50736
vn 0.67740 0.05462 0.73359
vn 0.14479 0.09179 0.98520
vn 0.14743 0.09184 0.98480
vn 0.48219 0.06324 0.87378
vn 0.68739 0.09949 0.71944
vn 0.17538 -0.01565 0.98438
vn 0.999968 -0.00787 0.00120
vn 0.92713 0.03293 -0.37329
vn 0.08660 0.06427 0.99417
vn 0.63928 -0.02414 0.76859
vn 0.37484 0.23306 0.89732
vn 0.24465 0.02009 0.96940
vn 0.47872 0.05493 0.87625
vn 0.35724 0.12394 0.92575
vn 0.39875 0.19546 0.89599
vn 0.55428 0.14522 0.81956
vn 0.61155 0.16524 0.77376
vn 0.53706 0.08492 0.83926
vn 0.22178 0.11967 0.96773
vn 0.11920 0.13884 0.98311
vn 0.29019 0.30222 0.90799
vn 0.57913 0.19310 0.79204
vn 0.55679 0.06088 0.82842
vn 0.88284 -0.01837 0.46931
vn 0.91239 0.08681 0.40002
vn 0.99685 0.07911 0.00549
vn 0.10299 0.16308 0.98122
vn 0.57227 0.12611 0.81031
vn 0.06217 0.12853 0.98976
vn 0.18454 0.06454 0.98070
vn 0.01935 0.01927 0.999627
vn 0.08110 0.08078 0.99343
vn 0.61515 0.07841 0.78450
vn 0.54490 -0.01790 0.83831
vn 0.56648 0.07802 0.82037
vn 0.98309 0.00645 -0.18303
vn 0.92614 0.03897 -0.37517
vn 0.85831 0.19983 0.47263
vn 0.65638 0.00057 0.75443
vn 0.81808 0.04291 0.57350
vn 0.65009 -0.10191 0.75300
vn 0.76019 -0.04718 0.64799
vn 0.50435 0.07646 0.86011
vn 0.07335 -0.11064 0.99115
vn 0.26379 -0.15546 0.95197
vn 0.17772 -0.04138 0.98321
vn 0.26531 -0.16901 0.94923
vn 0.26743 -0.16123 0.94999
vn 0.77619 -0.14620 0.61332
vn 0.97460 -0.10542 0.19760
vn 0.95613 0.08307 0.28091
vn 0.99892 0.03239 0.03319
vn 0.96935 0.11288 -0.21820
vn 0.99718 0.03548 -0.06617
vn 0.91770 0.02732 -0.39633
vn 0.73190 -0.14902 0.66492
vn 0.47976 -0.30618 0.82224
vn 0.73030 -0.14298 0.66799
vn 0.26699 -0.16828 0.94889
vn 0.17707 -0.12425 0.97632
vn 0.78359 -0.15810 0.60083
vn 0.999218 -0.01121 -0.03791
vn 0.99690 0.07340 -0.02845
vn 0.99574 0.01862 -0.09034
vn 0.99666 -0.00144 -0.08166
vn 0.96268 0.06367 -0.26303
vn 0.93181 0.03623 -0.36112
vn 0.91287 0.04689 -0.40554
vn 0.96847 -0.09316 -0.23106
vn 0.93647 -0.07805 -0.34197
vn 0.94929 -0.02677 -0.31325
vn 0.78188 -0.08450 0.61768
vn 0.94934 -0.02548 -0.31322
vn 0.46195 -0.13453 0.87664
vn 0.21104 0.00715 0.97745
vn 0.49479 -0.11386 0.86152
vn 0.16595 -0.13031 0.97749
vn 0.16042 -0.16932 0.97242
vn -0.04062 -0.11827 0.99215
vn 0.23364 0.08572 0.96854
vn 0.12005 -0.13099 0.98409
vn 0.52086 -0.02556 0.85326
vn 0.71551 -0.21107 0.66596
vn 0.74418 -0.15483 0.64979
vn 0.72821 -0.15558 0.66746
vn 0.84548 -0.15824 -0.51002
vn 0.93712 -0.07737 -0.34032
vn 0.87990 0.00436 -0.47514
vn 0.88607 -0.03429 -0.46228
vn 0.92567 -0.12765 -0.35616
vn 0.87750 -0.04202 -0.47772
vn 0.88170 -0.11734 -0.45698
vn 0.93613 -0.18665 -0.29803
vn 0.84432 -0.16861 -0.50862
vn 0.70844 -0.08704 0.70039
vn 0.90162 -0.30271 -0.30895
vn 0.68063 -0.12103 0.72256
vn 0.67493 -0.12085 0.72792
vn 0.57932 -0.26060 0.77232
vn 0.60641 -0.27203 0.74717
vn -0.08125 0.08334 0.99320
vn 0.52414 -0.29724 0.79807
vn 0.12124 0.07428 0.98984
vn 0.00928 0.13572 0.99070
vn 0.22397 -0.81092 0.54059
vn 0.02149 -0.74552 0.66613
vn 0.22361 -0.80958 0.54275
vn 0.59698 -0.54364 0.58998
vn 0.22738 -0.80991 0.54069
vn 0.63854 -0.24907 0.72817
vn 0.69143 -0.17510 0.70090
vn 0.94786 -0.14915 -0.28162
vn 0.93329 -0.35871 0.01735
vn 0.82438 -0.00058 -0.56604
vn 0.82780 0.01180 -0.56089
vn 0.73345 0.00637 -0.67972
vn 0.78148 -0.01972 -0.62362
vn 0.77833 -0.08327 -0.62231
vn 0.85816 -0.14174 -0.49343
vn 0.93750 -0.18258 -0.29626
vn 0.62380 -0.24212 0.74313
vn 0.66003 -0.56890 0.49063
vn 0.44683 -0.88936 0.09689
vn 0.33498 -0.93323 0.12989
vn 0.65743 -0.57020 0.49261
vn 0.67819 -0.70817 0.19634
vn 0.41143 -0.89812 0.15528
vn 0.65957 -0.56737 0.49301
vn 0.90875 -0.41717 0.01143
vn 0.91818 -0.12992 -0.37424
vn 0.62694 -0.12507 -0.76896
vn 0.51347 -0.01733 -0.85793
vn 0.50134 -0.03939 -0.86436
vn 0.71731 0.03165 -0.69603
vn 0.49489 -0.02424 -0.86862
vn 0.16706 0.05124 -0.98461
vn 0.22696 -0.01966 -0.97370
vn 0.93309 -0.15995 -0.32210
vn 0.91845 -0.12863 -0.37404
vn 0.89555 -0.44244 -0.04720
vn 0.77762 -0.62830 -0.02356
vn 0.40283 -0.91527 -0.00360
vn 0.73527 -0.66395 -0.13619
vn 0.89432 -0.34303 -0.28725
vn 0.97547 -0.08723 -0.20210
vn 0.95066 -0.19836 -0.23855
vn 0.78457 -0.45728 -0.41875
vn 0.87432 -0.48045 0.06878
vn 0.95304 -0.17068 -0.25016
vn 0.85320 -0.05617 -0.51856
vn 0.64707 -0.06999 -0.75921
vn 0.24030 0.01190 -0.97063
vn 0.35855 -0.09701 -0.92846
vn 0.26209 0.01475 -0.96493
vn 0.20065 0.04469 -0.97864
vn 0.36724 0.11159 -0.92341
vn 0.33616 0.12657 -0.93326
vn 0.33005 -0.04698 -0.94280
vn 0.96946 -0.06421 -0.23668
vn 0.82550 -0.25272 -0.50466
vn 0.83330 -0.12749 -0.53792
vn 0.80341 -0.21054 -0.55696
vn 0.71102 -0.68733 -0.14839
vn 0.66396 -0.57046 -0.48346
vn 0.56507 -0.59667 -0.56980
vn 0.54047 -0.56267 -0.62554
vn 0.69903 -0.23989 -0.67365
vn 0.82147 -0.10226 -0.56100
vn 0.67810 -0.10752 -0.72707
vn 0.24334 -0.13870 -0.95997
vn 0.23710 -0.14255 -0.96097
vn 0.23699 -0.16995 -0.95653
vn 0.29889 0.07463 -0.95136
vn 0.32522 -0.04660 -0.94449
vn 0.24496 -0.11760 -0.96237
vn 0.26303 -0.21731 -0.93999
vn 0.15632 -0.13799 -0.97802
vn 0.14818 -0.27286 -0.95058
vn 0.08475 -0.23635 -0.96797
vn 0.06138 -0.01212 -0.99804
vn 0.09012 -0.12499 -0.98806
vn 0.00716 -0.08397 -0.99644
vn 0.06953 0.00995 -0.99753
vn 0.06215 -0.01204 -0.99799
vn 0.40903 0.07144 -0.90972
vn 0.08593 -0.95364 -0.28842
vn 0.31629 -0.94637 -0.06595
vn 0.71093 -0.49204 -0.50247
vn 0.64911 -0.17712 -0.73979
vn 0.57368 -0.34242 -0.74407
vn 0.63852 -0.17946 -0.74839
vn 0.33879 -0.39842 -0.85234
vn 0.08777 -0.68812 -0.72027
vn 0.12282 -0.69434 -0.70909
vn -0.06853 -0.18150 -0.98100
vn 0.13136 -0.69007 -0.71172
vn -0.17036 -0.46468 -0.86894
vn 0.02547 -0.35907 -0.93296
vn 0.04431 -0.47631 -0.87816
vn -0.00004 -0.35271 -0.93573
vn 0.27295 0.09059 -0.95775
vn 0.24531 0.08138 -0.96602
vn 0.24740 -0.11871 -0.96161
vn 0.32109 -0.41768 -0.84997
vn 0.09532 -0.27610 -0.95639
vn -0.09542 -0.99483 -0.03478
vn -0.02505 -0.99823 0.05393
vn 0.20181 -0.97529 -0.08990
vn -0.03034 -0.99882 -0.03782
vn -0.14706 -0.93778 -0.31455
vn 0.25232 -0.33337 -0.90840
vn 0.09183 -0.24265 -0.96576
vn 0.32332 -0.37078 -0.87062
vn 0.28773 -0.39790 -0.87114
vn 0.24215 -0.12234 -0.96249
vn 0.08695 0.57498 -0.81353
vn 0.32216 0.30335 -0.89677
vn 0.44607 -0.25986 -0.85644
vn -0.10782 -0.41265 -0.90449
vn 0.17070 -0.93237 -0.31865
vn 0.01393 -0.99711 -0.07469
vn -0.00577 -0.99281 -0.11958
vn -0.09493 -0.98358 -0.15349
vn 0.39672 -0.38169 -0.83482
vn 0.41681 -0.40821 -0.81218
vn 0.41577 -0.25546 -0.87285
vn 0.38271 -0.19939 -0.90210
vn 0.27224 0.31056 -0.91073
vn 0.67579 -0.32058 -0.66374
vn 0.17214 -0.95895 -0.22536
vn 0.14712 -0.94946 -0.27729
vn 0.48465 -0.50602 -0.71349
vn 0.01209 -0.999447 0.03097
vn -0.01358 -0.999883 0.00705
vn 0.00083 -0.999992 0.00384
vn 0.00669 -0.999528 0.02997
vn -0.00252 -0.99581 -0.09139
vn 0.20357 -0.94278 -0.26406
vn 0.28901 -0.16570 -0.94288
vn 0.07903 -0.49055 -0.86782
vn 0.36810 -0.18823 -0.91053
vn 0.73973 0.30682 -0.59888
vn 0.26540 -0.56638 -0.78024
vn 0.11829 -0.15030 -0.98154
vn 0.03937 -0.99798 0.04988
vn -0.03369 -0.99635 0.07837
vn 0.00739 -0.99098 -0.13383
vn -0.00263 -0.999302 0.03725
vn 0.05967 -0.99654 -0.05783
vn 0.02072 -0.68686 -0.72650
vn 0.22495 -0.54196 -0.80974
vn 0.37150 -0.20855 -0.90471
vn 0.22647 -0.20894 -0.95134
vn 0.17657 0.03105 -0.98380
vn 0.24240 -0.22274 -0.94426
vn 0.19667 -0.25375 -0.94707
vn 0.15700 -0.56779 -0.80806
vn 0.27576 -0.70003 -0.65872
vn 0.05458 -0.99693 -0.05606
vn -0.05843 -0.96610 -0.25147
vn 0.00949 -0.99884 0.04730
vn -0.02455 -0.99784 -0.06089
vn 0.18229 -0.95688 0.22617
vn 0.02899 -0.66661 0.74484
vn 0.07477 -0.69054 0.71942
vn 0.14434 -0.63484 0.75904
vn -0.08244 -0.93047 0.35697
vn 0.08790 -0.99153 -0.09566
vn -0.07932 -0.97823 -0.19177
vn -0.02305 -0.99899 0.03864
vn -0.00252 -0.99916 0.04091
vn -0.04988 -0.99507 0.08568
vn 0.00100 -0.99888 0.04729
vn -0.00472 -0.99607 -0.08848
vn 0.15100 -0.96662 -0.20699
vn 0.12018 -0.58855 -0.79948
vn -0.03486 -0.99341 -0.10923
vn -0.00572 -0.68478 -0.72873
vn 0.13312 -0.59382 -0.79351
vn -0.04076 -0.99488 0.09253
vn -0.12783 -0.98504 -0.11560
vn 0.09340 -0.92321 0.37276
vn 0.02056 -0.89631 0.44296
vn -0.05137 -0.99822 -0.03017
vn 0.00522 -0.99297 -0.11825
vn -0.04498 -0.93327 -0.35635
vn 0.22134 -0.72925 -0.64746
vn 0.02833 -0.95282 -0.30221
vn -0.04973 -0.99429 0.09444
vn 0.01225 -0.999616 0.02486
vn -0.07475 -0.98808 -0.13455
vn -0.02462 -0.90583 0.42292
vn -0.02167 -0.07743 0.99676
vn -0.03890 -0.10136 0.99409
vn -0.02969 -0.18176 0.98289
vn 0.05793 -0.05182 0.99697
vn -0.23066 -0.76261 0.60434
vn -0.01188 -0.99430 -0.10596
vn 0.02377 -0.999438 0.02366
vn -0.01537 -0.999471 -0.02866
vn -0.04782 -0.99838 -0.03076
vn 0.02681 -0.99898 -0.03638
vn 0.03615 -0.999274 -0.01198
vn -0.08299 -0.99620 -0.02655
vn -0.09894 -0.79466 0.59894
vn -0.05437 -0.77894 0.62473
vn -0.13487 -0.01354 0.99077
vn -0.06389 -0.15728 0.98549
vn 0.00694 -0.12285 0.99240
vn 0.02648 -0.06186 0.99773
vn 0.06214 -0.18237 0.98126
vn -0.05427 -0.32425 0.94441
vn 0.09373 -0.84040 0.53381
vn 0.00712 -0.87566 0.48287
vn 0.12292 -0.99060 -0.06008
vn 0.07192 -0.99098 -0.11305
vn -0.04776 -0.99835 -0.03175
vn -0.03176 -0.99896 -0.03256
vn -0.02611 -0.999143 -0.03211
vn 0.02924 -0.88542 0.46387
vn 0.10336 -0.87842 0.46658
vn 0.24357 -0.38673 0.88945
vn 0.07812 -0.04540 0.99591
vn 0.06945 -0.08209 0.99420
vn 0.21847 -0.08965 0.97172
vn -0.09852 -0.62594 0.77362
vn -0.02918 -0.99838 -0.04878
vn 0.01977 -0.999553 -0.02242
vn 0.12730 0.12624 0.98380
vn 0.02554 -0.00612 0.999655
vn -0.01029 -0.999762 0.01925
vn -0.01500 -0.999706 0.01906
vn 0.00246 -0.999858 -0.01670
vn -0.00510 -0.999983 -0.00282
vn -0.08519 -0.99430 0.06419
vn -0.03668 -0.99836 0.04387
vn 0.26138 -0.72822 0.63354
vn 0.10447 -0.78749 0.60741
vn -0.01280 0.15789 0.98737
vn -0.03382 0.12312 0.99182
vn 0.07163 -0.00134 0.99743
vn 0.26936 0.05483 0.96148
vn -0.09236 -0.48075 0.87198
vn -0.14031 -0.94580 0.29287
vn 0.11363 -0.59272 0.79735
vn 0.08819 -0.59830 0.79640
vn 0.13877 0.26576 0.95400
vn 0.23126 0.27220 0.93404
vn 0.06902 -0.00161 0.99761
vn 0.09990 -0.03283 0.99446
vn 0.30273 0.18141 0.93565
vn 0.05745 0.19288 0.97954
vn -0.05696 -0.46364 0.88419
vn -0.16223 -0.49480 0.85373
vn 0.00838 -0.96979 0.24380
vn -0.06105 -0.98430 0.16561
vn -0.01234 -0.99848 0.05373
vn -0.02106 -0.999351 0.02922
vn 0.00365 -0.999525 0.03061
vn -0.00821 -0.999834 0.01625
vn 0.02124 -0.99264 0.11922
vn -0.17655 -0.48556 0.85619
vn -0.12429 -0.46034 0.87900
vn 0.02462 0.22709 0.97356
vn -0.22570 0.14970 0.96263
vn -0.10669 0.08634 0.99054
vn -0.10473 0.08793 0.99061
vn 0.18512 -0.56106 0.80681
vn -0.05874 -0.83486 0.54733
vn 0.19896 -0.96729 0.15736
vn 0.02511 -0.99361 -0.11008
vn 0.00631 -0.999803 0.01881
vn 0.00314 -0.999843 0.01746
vn 0.00037 -0.999998 -0.00186
vn -0.01890 -0.99613 0.08588
vn 0.04892 -0.99838 0.02917
vn -0.00464 -0.99651 -0.08333
vn 0.15018 -0.81652 0.55745
vn 0.15016 0.01524 0.98854
vn 0.14739 0.02162 0.98884
vn 0.01911 -0.10416 0.99438
vn 0.19061 -0.82959 0.52483
vn -0.05315 -0.90588 0.42019
vn 0.04472 -0.99538 -0.08498
vn 0.04086 -0.99515 -0.08944
vn -0.13127 -0.99068 0.03630
vn -0.18035 -0.84498 0.50346
vn 0.01387 -0.84294 0.53783
vn 0.20457 -0.13572 0.96940
vn 0.05453 0.03347 0.99795
vn 0.06515 0.05355 0.99644
vn 0.01454 0.05112 0.99859
vn -0.28315 -0.56965 0.77157
vn -0.00896 -0.99519 0.09756
vn -0.00191 -0.999998 0.00053
vn -0.06727 0.13673 0.98832
vn -0.31003 0.05514 0.94913
vn -0.31864 0.02692 0.94749
vn 0.06169 -0.58742 0.80693
vn -0.06865 -0.71505 0.69570
vn 0.15590 -0.98700 0.03896
vn -0.01588 -0.99456 -0.10293
vn -0.00166 -0.999968 -0.00788
vn -0.01786 -0.99482 -0.10005
vn -0.04497 -0.99509 -0.08820
vn 0.19380 -0.76684 0.61189
vn 0.08965 -0.81311 0.57516
vn 0.11126 -0.07996 0.99057
vn -0.03434 -0.24733 0.96832
vn 0.10721 -0.14245 0.98398
vn 0.02456 0.01686 0.999556
vn 0.11446 -0.23884 0.96429
vn 0.03769 -0.78321 0.62061
vn 0.02636 -0.78313 0.62129
vn -0.18018 -0.91522 0.36044
vn 0.00256 -0.999996 0.00144
vn 0.00686 -0.999929 -0.00973
vn 0.01233 -0.999919 0.00311
vn -0.02876 -0.99410 0.10458
vn 0.00986 -0.999947 0.00306
vn 0.01327 -0.999808 -0.01444
vn -0.04582 -0.99503 -0.08838
vn 0.01330 -0.999853 -0.01085
vn -0.14756 -0.92663 0.34582
vn -0.12566 -0.92436 0.36024
vn -0.09485 -0.65610 0.74869
vn -0.15876 -0.65366 0.73995
vn 0.11265 -0.23784 0.96475
vn 0.04395 0.01198 0.99896
vn 0.02617 -0.00674 0.999635
vn 0.02572 -0.10382 0.99426
vn -0.36510 -0.16546 0.91615
vn -0.39662 -0.39513 0.82859
vn -0.22183 -0.37563 0.89983
vn -0.27754 -0.83692 0.47174
vn -0.12832 -0.86190 0.49057
vn -0.04012 -0.80009 0.59854
vn 0.02910 -0.99918 -0.02815
vn 0.02747 -0.999512 -0.01488
vn 0.01504 -0.99914 -0.03864
vn 0.07602 -0.99676 -0.02623
vn 0.05000 -0.99587 -0.07574
vn 0.23317 -0.88138 0.41084
vn 0.01388 -0.96551 0.25999
vn 0.09433 -0.39255 0.91488
vn -0.37679 -0.08068 0.92278
vn 0.10686 -0.38190 0.91801
vn -0.46113 -0.12360 0.87868
vn -0.42461 -0.08843 0.90105
vn -0.46134 -0.10062 0.88150
vn -0.39093 0.05110 0.91900
vn -0.23218 -0.16157 0.95916
vn -0.26988 -0.16618 0.94845
vn -0.28833 -0.21404 0.93330
vn -0.28798 -0.21483 0.93323
vn 0.00281 0.04989 0.99875
vn 0.22843 -0.07616 0.97058
vn 0.19287 -0.42346 0.88515
vn 0.00316 -0.52188 0.85301
vn -0.04345 -0.94801 0.31527
vn -0.13514 -0.96461 0.22643
vn -0.06268 -0.94648 0.31663
vn -0.07957 -0.99680 -0.00741
vn -0.03198 -0.99898 0.03186
vn -0.03052 -0.99951 -0.00688
vn 0.00341 -0.999911 0.01291
vn -0.06891 -0.99486 0.07421
vn -0.04481 -0.96320 0.26501
vn -0.12925 -0.96629 0.22265
vn -0.25653 -0.52582 0.81099
vn -0.25096 -0.52686 0.81206
vn -0.13175 -0.66511 0.73503
vn -0.31168 -0.61965 0.72034
vn 0.11971 -0.60368 0.78819
vn 0.12931 -0.18694 0.97382
vn 0.14132 -0.18625 0.97229
vn 0.22944 -0.18761 0.95507
vn 0.16065 -0.39603 0.90407
vn -0.09687 -0.41031 0.90679
vn 0.25232 -0.21622 0.94318
vn 0.01012 -0.22068 0.97529
vn 0.03602 -0.17501 0.98391
vn 0.00978 -0.10066 0.99487
vn -0.38536 -0.28913 0.87630
vn -0.34968 -0.17431 0.92051
vn -0.07561 -0.70820 0.70195
vn -0.17822 -0.84104 0.51077
vn 0.00170 -0.999983 0.00555
vn -0.01158 -0.999863 0.01181
vn -0.05883 -0.89027 0.45162
vn -0.24977 -0.40406 0.87997
vn -0.07718 -0.38198 0.92094
vn -0.21840 -0.30576 0.92672
vn 0.00962 -0.21965 0.97553
vn -0.12636 -0.05213 0.99061
vn -0.15171 -0.15258 0.97658
vn -0.22363 -0.30707 0.92504
vn -0.23839 -0.20815 0.94860
vn -0.22035 -0.30223 0.92742
vn -0.10680 -0.29760 0.94870
vn -0.10352 -0.35900 0.92758
vn -0.20550 -0.47826 0.85384
vn 0.09039 -0.86354 0.49611
vn -0.02286 -0.98636 0.16300
vn 0.01530 -0.99692 0.07697
vn -0.00751 -0.999654 0.02521
vn -0.01006 -0.999741 0.02040
vn 0.00649 -0.999782 -0.01984
vn 0.04738 -0.99886 -0.00599
vn 0.00657 -0.999786 -0.01959
vn -0.04049 -0.98421 0.17228
vn 0.05151 -0.97386 0.22123
vn -0.04739 -0.48453 0.87349
vn -0.13865 -0.26670 0.95375
vn -0.03599 -0.18056 0.98291
vn -0.01218 -0.51836 0.85508
vn 0.06127 -0.48282 0.87357
vn 0.01290 -0.96249 0.27100
vn 0.08142 -0.96349 0.25506
vn 0.02064 -0.99884 -0.04359
vn 0.06028 -0.96925 0.23859
vn 0.02846 -0.67933 0.73329
vn -0.08324 -0.65303 0.75274
vn -0.09680 -0.88604 0.45339
vn 0.07676 -0.49169 0.86738
vn -0.05742 -0.17287 0.98327
vn -0.01945 -0.10924 0.99383
vn 0.03531 -0.12687 0.99129
vn -0.10596 -0.30161 0.94752
vn -0.00413 -0.999869 -0.01565
vn -0.01966 -0.999404 -0.02838
vn -0.00408 -0.999863 -0.01603
vn 0.00517 -0.88182 0.47156
vn 0.05456 -0.19173 0.97993
vn -0.00750 -0.26522 0.96416
vn -0.13937 -0.25183 0.95768
vn 0.10178 -0.30644 0.94643
vn -0.03899 -0.20382 0.97823
vn -0.03035 -0.34593 0.93777
vn 0.01433 -0.31645 0.94850
vn -0.03144 -0.84835 0.52850
vn 0.00368 -0.999934 -0.01087
vn 0.10498 -0.87643 0.46994
vn 0.02062 -0.32037 0.94707
vn -0.05478 -0.41937 0.90616
vn 0.04947 -0.40603 0.91252
vn 0.15865 -0.39463 0.90504
vn 0.11176 -0.33574 0.93530
vn -0.12631 -0.26483 0.95599
vn -0.00409 -0.22407 0.97457
vn -0.00104 -0.22809 0.97364
vn 0.15346 -0.20592 0.96646
vn 0.11221 -0.12108 0.98628
vn 0.14108 -0.46836 0.87220
vn 0.10065 -0.41879 0.90249
vn 0.07166 -0.88245 0.46492
vn 0.04745 -0.89628 0.44093
vn 0.06531 -0.99482 -0.07786
vn -0.04385 -0.99777 0.05028
vn -0.08987 -0.98977 -0.11083
vn 0.08817 -0.91348 0.39721
vn 0.16300 -0.90111 0.40179
vn -0.04685 -0.98151 -0.18559
vn 0.24175 -0.43893 0.86539
vn 0.15888 -0.30346 0.93950
vn 0.10998 -0.01970 0.99374
vn 0.13172 -0.07551 0.98841
vn 0.00198 -0.07814 0.99694
vn 0.02788 -0.12417 0.99187
vn -0.11943 -0.14344 0.98243
vn -0.10689 -0.16307 0.98081
vn -0.12969 -0.01857 0.99138
vn -0.10057 -0.07398 0.99218
vn 0.02484 -0.01733 0.999541
vn 0.12350 -0.35604 0.92627
vn 0.05309 -0.23262 0.97112
vn 0.10270 -0.30539 0.94667
vn -0.00767 -0.78274 0.62231
vn -0.03021 -0.78659 0.61674
vn -0.01353 -0.98021 -0.19749
vn -0.23641 -0.55814 0.79535
vn -0.13751 -0.26785 0.95360
vn 0.12303 -0.33124 0.93549
vn 0.12158 0.03406 0.99200
vn 0.12843 0.02233 0.99147
vn 0.00985 0.01080 0.999893
vn -0.10982 0.01444 0.99385
vn -0.00475 0.12662 0.99194
vn -0.12758 0.20777 0.96982
vn 0.05139 0.15222 0.98701
vn 0.09498 0.08251 0.99205
vn 0.13812 0.08707 0.98658
vn 0.08724 -0.01261 0.99611
vn 0.06442 -0.04122 0.99707
vn 0.08798 -0.11885 0.98901
vn 0.06346 -0.17263 0.98294
vn 0.09422 -0.30944 0.94624
vn 0.04515 -0.35360 0.93431
vn 0.02037 -0.33340 0.94257
vn 0.17248 -0.58090 0.79549
vn -0.02800 -0.77595 0.63017
vn 0.02202 -0.99190 -0.12508
vn 0.04843 -0.98830 -0.14462
vn 0.13337 -0.31862 0.93845
vn -0.00007 -0.79609 0.60517
vn -0.00835 -0.31422 0.94931
vn -0.06723 -0.40519 0.91176
vn -0.01392 -0.19145 0.98140
vn 0.15963 0.22682 0.96077
vn 0.16271 0.21911 0.96204
vn -0.00940 0.26275 0.96482
vn 0.08723 0.02362 0.99591
vn 0.01969 -0.02424 0.999512
vn -0.00970 -0.05714 0.99832
vn -0.00500 -0.19988 0.97981
vn 0.00384 -0.39763 0.91754
vn 0.00974 -0.40268 0.91529
vn 0.09734 0.11318 0.98879
vn 0.18635 0.22777 0.95572
vn 0.13193 0.09780 0.98642
vn 0.09685 0.09440 0.99081
vn 0.07615 0.03852 0.99635
vn 0.01399 0.03227 0.999381
vn 0.00729 0.01782 0.999815
vn -0.02155 -0.21717 0.97590
vn -0.17640 -0.47901 0.85991
vn -0.26097 -0.40715 0.87529
vn -0.15005 -0.40063 0.90387
vn -0.02830 -0.15993 0.98672
vn -0.20253 -0.14646 0.96826
vn 0.05449 0.21826 0.97437
vn 0.13422 0.19537 0.97150
vn 0.21952 0.25066 0.94286
vn 0.20553 0.19447 0.95913
vn 0.15064 0.19623 0.96892
vn 0.09145 0.10515 0.99024
vn 0.01130 0.10355 0.99456
vn -0.00278 0.07786 0.99696
vn 0.30199 0.16189 0.93947
vn 0.15794 0.11151 0.98113
vn 0.18553 -0.00992 0.98259
vn 0.22144 -0.01586 0.97504
vn -0.23304 -0.07683 0.96943
vn 0.05776 -0.14638 0.98754
vn -0.26331 -0.19450 0.94490
vn -0.29898 -0.18803 0.93555
vn 0.15159 0.11738 0.98145
vn -0.03049 0.06503 0.99742
vn -0.01457 0.14010 0.99003
vn -0.04673 0.09321 0.99455
vn -0.04863 0.12085 0.99148
vn -0.03507 0.06934 0.99698
vn 0.21156 0.00833 0.97733
vn 0.10376 0.02213 0.99436
vn -0.26887 -0.19999 0.94219
vn -0.28134 -0.07243 0.95687
vn -0.32552 -0.04147 0.94462
vn -0.30019 -0.03070 0.95339
vn -0.32431 -0.15235 0.93360
vn 0.03003 -0.00189 0.999547
vn -0.01562 0.16196 0.98667
vn 0.15016 -0.05895 0.98690
vn -0.34450 0.03995 0.93793
vn -0.32220 -0.05507 0.94507
vn -0.24991 0.06373 0.96617
vn -0.38938 -0.04289 0.92008
vn -0.05509 0.06140 0.99659
vn 0.08911 0.06830 0.99368
vn -0.07626 0.13108 0.98843
vn 0.12058 0.09039 0.98858
vn 0.11909 0.09104 0.98870
vn -0.01473 -0.02816 0.999495
vn -0.28099 0.11763 0.95247
vn -0.25159 0.26288 0.93145
vn -0.25115 0.26318 0.93148
vn -0.26846 0.49623 0.82564
vn -0.32594 0.12074 0.93765
vn -0.40244 -0.01953 0.91524
vn -0.01936 0.06581 0.99764
vn -0.15933 0.41207 0.89711
vn -0.25383 0.51210 0.82056
vn -0.14287 0.46139 0.87562
vn -0.22164 0.44851 0.86586
vn -0.04345 0.14020 0.98917
vn -0.20000 0.40012 0.89437
vn -0.23734 0.25093 0.93846
vn -0.33385 0.20298 0.92051
vn 0.05626 0.03650 0.99775
vn 0.05798 0.01354 0.99823
vn 0.11970 0.04616 0.99174
vn -0.07153 0.09838 0.99258
vn 0.13035 0.03740 0.99076
vn -0.15332 0.02245 0.98792
vn 0.16425 -0.01126 0.98636
vn 0.12082 -0.03241 0.99215
vn 0.00144 0.20564 0.97863
vn -0.03178 0.21315 0.97650
vn 0.04248 0.01152 0.999031
vn 0.07002 -0.00195 0.99754
vn -0.01935 -0.07878 0.99670
vn -0.06669 0.14245 0.98755
vn -0.14837 0.01967 0.98874
vn 0.03725 0.01237 0.999229
vn -0.12876 -0.08448 0.98807
vn -0.21540 -0.04531 0.97547
vn 0.04608 0.02545 0.99861
vn 0.02860 0.18999 0.98137
vn -0.13283 0.27323 0.95273
vn 0.13631 0.36948 0.91919
vn 0.13395 0.36891 0.91976
vn 0.20983 0.72001 0.66148
vn -0.02982 0.71264 0.70090
vn 0.08812 0.80698 0.58396
vn -0.05459 0.71225 0.69980
vn -0.13416 0.79814 0.58734
vn -0.05369 0.32315 0.94482
vn -0.05896 -0.05015 0.99700
vn -0.07445 -0.05025 0.99596
vn 0.10793 -0.07804 0.99109
vn 0.17724 0.11218 0.97775
vn -0.19293 -0.04028 0.98038
vn -0.08525 0.08322 0.99288
vn -0.08886 0.10510 0.99048
vn 0.12900 -0.02201 0.99140
vn 0.16021 -0.09886 0.98212
vn 0.18113 -0.08050 0.98016
vn 0.18539 0.18099 0.96585
vn 0.23445 0.20323 0.95065
vn 0.12879 0.20361 0.97055
vn 0.21781 -0.11990 0.96860
vn -0.16591 0.23714 0.95720
vn 0.10711 0.18311 0.97724
vn -0.07428 0.32970 0.94116
vn 0.09932 0.80324 0.58731
vn -0.11185 0.40160 0.90896
vn 0.15179 0.98029 0.12644
vn -0.18543 0.98051 0.06487
vn 0.06865 0.99373 -0.08829
vn 0.05182 0.99394 0.09696
vn -0.05552 0.71671 0.69516
vn 0.23258 0.42217 0.87617
vn 0.02629 0.46765 0.88352
vn 0.10330 0.99028 0.09319
vn 0.27100 0.17876 0.94584
vn 0.23577 0.78310 0.57547
vn 0.04213 0.04039 0.99830
vn 0.06111 -0.10757 0.99232
vn 0.19141 -0.13774 0.97180
vn -0.21601 -0.01971 0.97619
vn 0.15208 0.04714 0.98724
vn 0.05099 -0.11516 0.99204
vn 0.19553 -0.02788 0.98030
vn -0.14371 -0.22255 0.96427
vn -0.15122 -0.03786 0.98778
vn -0.07335 0.80618 0.58711
vn 0.01560 0.87046 0.49200
vn -0.06387 0.99779 0.01845
vn -0.00854 0.99976 -0.02017
vn 0.00216 0.99894 0.04603
vn -0.19995 -0.17629 0.96382
vn 0.14365 0.81981 0.55433
vn -0.21141 -0.08093 0.97404
vn -0.24090 -0.07958 0.96728
vn -0.17964 -0.17999 0.96713
vn 0.00818 -0.08544 0.99631
vn 0.02730 -0.26363 0.96424
vn 0.00322 0.85701 0.51529
vn -0.00764 0.99858 0.05272
vn -0.00763 0.999919 -0.01021
vn 0.02170 0.999685 0.01265
vn -0.00388 0.999938 -0.01045
vn -0.04679 0.88717 0.45907
vn -0.00945 0.99849 0.05404
vn -0.19444 0.09332 0.97647
vn 0.10795 0.90233 0.41731
vn 0.21176 -0.00236 0.97732
vn 0.19843 0.03474 0.97950
vn -0.02741 0.90490 0.42474
vn 0.05296 0.92577 0.37436
vn 0.10571 0.99199 0.06910
vn 0.02180 0.999645 0.01533
vn 0.03454 0.999402 -0.00162
vn 0.02341 0.999588 0.01661
vn 0.01299 0.999285 -0.03551
vn 0.01087 0.999787 0.01757
vn -0.00339 0.999622 0.02729
vn 0.05692 0.98689 -0.15103
vn 0.04514 0.98505 -0.16623
vn -0.05719 0.99017 -0.12764
vn 0.08110 0.89854 -0.43133
vn -0.10450 0.08209 -0.99113
vn -0.12183 0.06748 -0.99025
vn 0.20606 -0.00332 -0.97853
vn 0.03746 0.23177 -0.97205
vn 0.15649 0.97754 -0.14118
vn 0.16809 0.27246 -0.94737
vn -0.11434 0.54991 -0.82736
vn -0.01859 0.999819 0.00402
vn -0.00873 0.999173 -0.03971
vn -0.00142 0.999974 0.00707
vn -0.01900 0.999812 0.00386
vn -0.18146 0.92694 -0.32840
vn 0.12644 0.56945 -0.81224
vn 0.12527 -0.08400 -0.98856
vn 0.12705 -0.08498 -0.98825
vn 0.13060 -0.08161 -0.98807
vn 0.14425 0.06673 -0.98729
vn 0.01841 0.43906 -0.89827
vn 0.13091 -0.08180 -0.98801
vn 0.13416 0.95914 -0.24911
vn 0.07014 0.42809 -0.90101
vn -0.09573 0.77921 -0.61941
vn -0.01150 0.999847 0.01319
vn -0.02350 0.999608 -0.01524
vn 0.10812 0.96489 -0.23935
vn -0.04288 0.76672 -0.64054
vn -0.20285 0.13735 -0.96953
vn 0.03281 -0.13186 -0.99073
vn 0.14548 0.06753 -0.98705
vn 0.00910 0.09771 -0.99517
vn 0.09457 0.12825 -0.98722
vn 0.10067 0.13153 -0.98619
vn 0.11648 0.33558 -0.93478
vn 0.11934 0.33404 -0.93497
vn 0.12247 0.24405 -0.96200
vn 0.01762 0.29482 -0.95539
vn 0.03835 0.78717 -0.61554
vn -0.07162 0.09554 -0.99285
vn 0.09413 0.99369 0.06104
vn -0.01010 0.81491 -0.57950
vn -0.13890 0.97934 0.14699
vn -0.04908 0.99410 -0.09672
vn -0.01781 0.999836 0.00337
vn -0.01950 0.999787 0.00680
vn 0.01988 0.99890 0.04247
vn 0.02364 0.999608 -0.01502
vn 0.04083 0.99856 -0.03488
vn 0.02011 0.999166 -0.03554
vn -0.00882 0.98750 0.15737
vn -0.12122 0.97743 0.17304
vn 0.16479 0.82748 -0.53677
vn -0.09791 0.53573 -0.83869
vn 0.12153 0.14340 -0.98217
vn -0.17092 0.98515 -0.01615
vn 0.00789 0.52579 -0.85058
vn 0.03207 0.98968 -0.13967
vn 0.02585 0.999604 -0.01112
vn 0.04562 0.79039 -0.61091
vn -0.27893 0.88805 -0.36546
vn -0.19788 0.33172 -0.92239
vn -0.19772 0.33167 -0.92244
vn -0.14283 -0.00218 -0.98974
vn -0.02836 -0.04911 -0.99839
vn -0.07028 0.22998 -0.97066
vn -0.04136 0.21273 -0.97623
vn -0.02675 0.26730 -0.96324
vn -0.25144 0.19505 -0.94802
vn -0.24718 0.15323 -0.95678
vn -0.22592 0.20142 -0.95310
vn -0.33386 0.18265 -0.92476
vn -0.33714 -0.10969 -0.93504
vn -0.28646 0.06285 -0.95603
vn -0.38180 0.10151 -0.91865
vn -0.35799 -0.09404 -0.92898
vn -0.60093 0.05707 -0.79726
vn -0.34930 0.16555 -0.92227
vn -0.36641 0.19642 -0.90948
vn -0.21694 0.17793 -0.95983
vn -0.26817 0.12340 -0.95543
vn -0.21919 0.13761 -0.96593
vn -0.29150 0.20215 -0.93497
vn -0.27201 0.20600 -0.93999
vn -0.30212 0.14292 -0.94250
vn -0.36452 0.20104 -0.90924
vn -0.33937 0.26240 -0.90332
vn -0.42551 0.17582 -0.88771
vn -0.39253 0.11820 -0.91211
vn -0.33166 0.21199 -0.91927
vn -0.33342 -0.10887 -0.93647
vn -0.31912 -0.13273 -0.93837
vn -0.28836 -0.08199 -0.95400
vn -0.34548 0.11182 -0.93174
vn -0.06394 -0.02605 -0.99761
vn -0.10816 -0.08020 -0.99089
vn -0.08594 -0.13019 -0.98776
vn -0.00358 0.05421 -0.99852
vn -0.00668 0.05949 -0.99821
vn 0.03128 0.11949 -0.99234
vn -0.02746 0.20527 -0.97832
vn -0.03507 0.16940 -0.98492
vn -0.33932 0.24783 -0.90743
vn -0.30780 0.21259 -0.92740
vn -0.30259 0.23592 -0.92346
vn 0.03155 0.22993 -0.97270
vn -0.12124 0.30880 -0.94337
vn 0.10590 0.22597 -0.96836
vn 0.08715 0.11818 -0.98916
vn 0.35888 0.04413 -0.93234
vn 0.35875 0.04480 -0.93236
vn 0.38147 0.07075 -0.92167
vn 0.16669 0.06788 -0.98367
vn 0.27735 0.30751 -0.91023
vn 0.05716 0.16567 -0.98452
vn 0.35608 0.29534 -0.88656
vn 0.36820 0.40249 -0.83812
vn 0.47084 0.23848 -0.84937
vn -0.23387 0.29268 -0.92717
vn -0.11547 0.24485 -0.96266
vn -0.15735 0.14566 -0.97674
vn -0.17965 0.08967 -0.97964
vn -0.14429 0.08574 -0.98581
vn 0.15838 0.12144 -0.97988
vn 0.22462 -0.04518 -0.97340
vn 0.21867 0.06040 -0.97393
vn 0.22749 -0.04681 -0.97265
vn 0.10009 0.33932 -0.93533
vn 0.15098 0.12661 -0.98039
vn 0.21051 0.24699 -0.94588
vn 0.30305 0.06408 -0.95082
vn 0.22256 -0.01032 -0.97486
vn 0.15288 -0.13142 -0.97947
vn 0.12659 -0.04892 -0.99075
vn 0.08019 -0.02826 -0.99638
vn 0.05902 0.07757 -0.99524
vn 0.13932 0.05071 -0.98895
vn 0.01575 0.22253 -0.97480
vn 0.00539 0.14128 -0.98995
vn -0.10086 0.25122 -0.96266
vn -0.17433 0.01421 -0.98458
vn -0.15005 -0.03556 -0.98804
vn -0.15999 -0.04380 -0.98615
vn -0.14398 0.08516 -0.98591
vn -0.11052 0.07211 -0.99125
vn -0.01174 0.03957 -0.999148
vn 0.06570 -0.11842 -0.99079
vn 0.10864 0.25268 -0.96143
vn 0.06717 0.10921 -0.99175
vn -0.01940 0.00138 -0.999811
vn -0.11055 0.10510 -0.98830
vn -0.12572 0.06240 -0.99010
vn -0.12041 0.01965 -0.99253
vn -0.12338 -0.07290 -0.98968
vn -0.16575 -0.14421 -0.97557
vn 0.00657 0.01898 -0.999798
vn 0.05933 -0.11492 -0.99160
vn -0.06342 -0.27282 -0.95997
vn -0.26287 -0.18786 -0.94637
vn 0.06049 -0.10972 -0.99212
vn -0.12757 0.02690 -0.99146
vn -0.00395 0.07804 -0.99694
vn 0.06049 -0.11591 -0.99142
vn 0.05825 -0.12812 -0.99005
vn -0.11013 -0.15284 -0.98209
vn -0.07434 -0.18356 -0.98019
vn -0.05532 -0.05440 -0.99699
vn -0.09254 -0.00043 -0.99571
vn -0.06593 0.13237 -0.98901
vn -0.00811 0.02918 -0.999541
vn -0.13184 -0.04972 -0.99002
vn -0.13001 0.06651 -0.98928
vn -0.17606 -0.10961 -0.97826
vn -0.16474 -0.02169 -0.98610
vn -0.30957 -0.25680 -0.91554
vn -0.33572 -0.00258 -0.94196
vn -0.39632 -0.07861 -0.91474
vn -0.39536 -0.08025 -0.91501
vn -0.18727 0.05938 -0.98051
vn -0.07150 0.20350 -0.97646
vn 0.04994 -0.11464 -0.99215
vn -0.24277 0.19562 -0.95016
vn -0.03159 0.19054 -0.98117
vn 0.00743 0.14516 -0.98938
vn -0.00364 0.12497 -0.99215
vn 0.03388 0.03950 -0.99865
vn -0.00058 -0.03218 -0.999482
vn 0.02424 -0.10207 -0.99448
vn -0.02019 0.20196 -0.97919
vn 0.16319 0.15747 -0.97395
vn 0.02370 -0.10271 -0.99443
vn 0.02319 -0.09962 -0.99476
vn 0.05230 -0.12290 -0.99104
vn 0.04974 -0.12322 -0.99113
vn 0.03401 -0.29998 -0.95334
vn 0.09999 -0.34361 -0.93377
vn 0.08282 0.09077 -0.99242
vn 0.19345 0.05818 -0.97938
vn 0.08321 0.08879 -0.99257
vn -0.01798 -0.03099 -0.999358
vn 0.02232 -0.10033 -0.99470
vn 0.11140 -0.46215 -0.87978
vn 0.23324 -0.31406 -0.92031
vn 0.06472 -0.28618 -0.95599
vn 0.06449 -0.28277 -0.95702
vn 0.04060 -0.26854 -0.96241
vn 0.18062 -0.08387 -0.97997
vn 0.23978 -0.15697 -0.95805
vn 0.13779 -0.14042 -0.98046
vn 0.01731 -0.10160 -0.99468
vn 0.08561 -0.00303 -0.99632
vn -0.03461 -0.05422 -0.99793
vn -0.03584 -0.02394 -0.999071
vn -0.01410 -0.03576 -0.999261
vn 0.06438 0.08136 -0.99460
vn -0.01360 -0.03040 -0.999445
vn -0.07006 -0.05609 -0.99596
vn -0.06535 -0.00348 -0.99786
vn -0.01889 -0.05506 -0.99830
vn 0.04112 0.10131 -0.99400
vn 0.10722 -0.01093 -0.99417
vn 0.17171 0.10669 -0.97935
vn 0.22027 -0.02653 -0.97508
vn 0.23568 -0.00972 -0.97178
vn 0.25900 -0.10153 -0.96053
vn 0.20569 -0.15209 -0.96673
vn 0.24000 -0.16629 -0.95642
vn 0.20140 0.11232 -0.97305
vn 0.19988 0.09667 -0.97504
vn 0.16785 0.17125 -0.97083
vn 0.18408 0.16660 -0.96869
vn 0.17539 0.07556 -0.98160
vn 0.21038 -0.00394 -0.97761
vn 0.16674 -0.06288 -0.98399
vn 0.21152 -0.12736 -0.96904
vn 0.20313 -0.15316 -0.96710
vn 0.26723 -0.13053 -0.95475
vn 0.20646 -0.14889 -0.96706
vn 0.31013 -0.26542 -0.91289
vn 0.18169 -0.40278 -0.89708
vn 0.25190 -0.41361 -0.87491
vn 0.02474 -0.65588 -0.75446
vn 0.19963 -0.14598 -0.96894
vn 0.09094 -0.07547 -0.99299
vn 0.11577 -0.05257 -0.99188
vn 0.16685 0.07732 -0.98295
vn 0.10291 -0.00795 -0.99466
vn 0.15256 -0.15884 -0.97545
vn 0.17296 -0.23486 -0.95652
vn 0.14302 -0.18132 -0.97297
vn 0.13552 -0.23238 -0.96314
vn 0.22184 -0.62782 -0.74608
vn 0.20963 -0.62180 -0.75460
vn -0.02272 -0.99842 0.05144
vn 0.19733 -0.96883 -0.14975
vn -0.06189 -0.99778 0.02451
vn -0.01641 -0.97671 -0.21392
vn 0.25249 -0.87908 -0.40431
vn 0.00205 -0.999751 0.02224
vn 0.00395 -0.999747 0.02213
vn 0.06286 -0.86044 -0.50566
vn -0.02484 -0.99877 0.04288
vn 0.10623 -0.99425 0.01368
vn -0.00863 -0.75704 -0.65332
vn 0.05218 -0.78236 -0.62063
vn 0.01437 -0.15662 -0.98756
vn -0.14340 -0.46487 -0.87369
vn -0.14588 -0.30572 -0.94088
vn 0.02234 -0.79653 -0.60419
vn 0.14692 -0.81147 -0.56562
vn 0.09083 -0.08973 -0.99182
vn 0.01355 -0.13246 -0.99110
vn -0.10940 -0.32193 -0.94042
vn -0.28836 -0.59969 -0.74647
vn -0.08737 -0.96589 -0.24377
vn -0.21657 -0.92471 -0.31306
vn 0.00921 -0.99065 0.13611
vn 0.00528 -0.99064 0.13643
vn 0.00235 -0.99140 0.13086
vn -0.00665 -0.999978 0.00010
vn -0.11933 -0.23691 -0.96418
vn 0.01321 -0.13213 -0.99114
vn 0.05750 -0.05609 -0.99677
vn 0.01829 -0.08495 -0.99622
vn -0.08072 -0.06727 -0.99446
vn -0.05642 -0.03959 -0.99762
vn -0.05527 -0.14494 -0.98790
vn -0.14078 -0.06594 -0.98784
vn -0.17521 -0.19200 -0.96563
vn -0.10018 -0.58690 -0.80343
vn -0.01789 -0.93107 -0.36440
vn 0.00184 -0.999758 -0.02191
vn -0.02017 -0.999794 -0.00238
vn 0.03159 -0.99381 0.10651
vn 0.01315 -0.99571 0.09159
vn -0.00468 -0.92468 -0.38072
vn -0.04651 -0.61537 -0.78687
vn -0.13581 -0.86521 -0.48266
vn -0.12162 -0.33806 -0.93323
vn -0.05654 -0.04675 -0.99731
vn -0.13182 -0.17329 -0.97601
vn 0.02901 -0.999568 -0.00466
vn 0.06570 -0.99467 0.07949
vn -0.11522 -0.85893 -0.49897
vn -0.19877 -0.08607 -0.97626
vn -0.15778 -0.03224 -0.98695
vn -0.18993 -0.03858 -0.98104
vn -0.22929 -0.11593 -0.96643
vn -0.21287 -0.17115 -0.96197
vn -0.13214 -0.17436 -0.97578
vn -0.06236 -0.34387 -0.93695
vn -0.08541 -0.39852 -0.91317
vn 0.09597 -0.91452 -0.39299
vn -0.00677 -0.99995 0.00735
vn 0.04674 -0.99150 0.12140
vn 0.01890 -0.99363 0.11108
vn -0.00670 -0.99839 0.05634
vn 0.06329 -0.92658 -0.37075
vn -0.19582 -0.78937 -0.58185
vn -0.15297 -0.41764 -0.89564
vn -0.26320 -0.27552 -0.92456
vn -0.24413 -0.34692 -0.90556
vn -0.33342 -0.59574 -0.73070
vn -0.16389 -0.78569 -0.59651
vn -0.21075 -0.93599 -0.28197
vn 0.06377 -0.99755 0.02885
vn 0.06693 -0.99307 0.09660
vn -0.00275 -0.999992 -0.00284
vn 0.01596 -0.98706 0.15957
vn 0.00506 -0.999979 -0.00398
vn -0.01210 -0.99413 0.10753
vn -0.04551 -0.99178 0.11957
vn -0.10916 -0.98963 -0.09339
vn -0.07788 -0.97403 -0.21259
vn 0.02168 -0.94961 -0.31269
vn -0.20938 -0.57029 -0.79431
vn -0.20910 -0.81761 -0.53647
vn -0.22565 -0.82583 -0.51681
vn -0.15318 -0.84380 -0.51433
vn -0.19570 -0.88475 -0.42298
vn -0.05783 -0.99462 -0.08590
vn -0.08028 -0.99611 -0.03635
vn 0.02210 -0.999603 0.01746
vn -0.00743 -0.999808 0.01815
vn 0.00687 -0.99798 0.06320
vn 0.02032 -0.99726 0.07118
vn 0.01755 -0.99973 -0.01525
vn 0.01341 -0.999851 -0.01086
vn -0.26183 -0.65534 -0.70850
vn -0.21464 -0.56693 -0.79531
vn -0.21377 -0.28377 -0.93476
vn -0.26936 -0.38852 -0.88119
vn -0.10267 -0.90929 -0.40329
vn -0.18085 -0.64435 -0.74304
vn -0.10479 -0.91054 -0.39991
vn -0.13930 -0.90438 -0.40335
vn -0.18906 -0.95871 -0.21244
vn -0.00750 -0.99669 0.08099
vn -0.09821 -0.99273 -0.06955
vn -0.04216 -0.96919 -0.24269
vn -0.20296 -0.85027 -0.48565
vn -0.26456 -0.75645 -0.59815
vn -0.16441 -0.76059 -0.62807
vn -0.18284 -0.64295 -0.74376
vn -0.17381 -0.43255 -0.88470
vn -0.22222 -0.47560 -0.85113
vn -0.21246 -0.25669 -0.94285
vn -0.24680 -0.45503 -0.85559
vn -0.21102 -0.25715 -0.94305
vn -0.17808 -0.44026 -0.88003
vn -0.20450 -0.58270 -0.78654
vn 0.01402 -0.83079 -0.55641
vn 0.01690 -0.90366 -0.42792
vn 0.04532 -0.99653 -0.06982
vn -0.07170 -0.93363 -0.35099
vn 0.00013 -0.999962 0.00872
vn -0.00111 -0.999836 -0.01810
vn 0.02472 -0.999504 0.01954
vn 0.02439 -0.999542 0.01793
vn 0.02027 -0.999685 0.01479
vn 0.03209 -0.999412 0.01211
vn -0.11268 -0.96757 -0.22609
vn -0.04161 -0.87185 -0.48801
vn -0.19750 -0.88562 -0.42031
vn -0.18908 -0.58080 -0.79179
vn -0.30458 -0.30707 -0.90163
vn -0.28430 -0.29887 -0.91096
vn -0.29045 -0.47628 -0.82994
vn -0.26320 -0.17786 -0.94820
vn -0.29786 -0.18917 -0.93568
vn -0.37378 -0.12062 -0.91964
vn -0.38084 -0.23040 -0.89547
vn -0.40079 -0.14216 -0.90507
vn -0.42358 -0.28585 -0.85958
vn -0.30387 -0.47751 -0.82441
vn -0.34342 -0.62466 -0.70133
vn -0.30465 -0.62415 -0.71946
vn -0.29942 -0.91256 -0.27854
vn -0.02281 -0.98159 0.18962
vn -0.30047 -0.92175 0.24512
vn -0.23410 -0.92794 0.29004
vn -0.26746 -0.94126 0.20613
vn 0.00435 -0.90482 -0.42576
vn 0.03289 -0.999389 0.01186
vn -0.14696 -0.98869 -0.02994
vn 0.00010 -0.999826 -0.01865
vn 0.03261 -0.999301 0.01831
vn 0.08770 -0.99598 0.01809
vn -0.05088 -0.97048 -0.23575
vn -0.00891 -0.96701 -0.25457
vn -0.00809 -0.96712 -0.25421
vn -0.00957 -0.96377 -0.26656
vn -0.31184 -0.87073 -0.38026
vn -0.16315 -0.97103 0.17456
vn -0.64605 -0.74065 0.18454
vn -0.66579 -0.74341 -0.06369
vn -0.21002 -0.95912 0.18969
vn -0.56318 -0.81963 0.10501
vn -0.49937 -0.70209 -0.50765
vn -0.24968 -0.73943 -0.62522
vn -0.50988 -0.39567 -0.76385
vn -0.14641 -0.34324 -0.92777
vn -0.47468 -0.27694 -0.83545
vn -0.48905 -0.11044 -0.86524
vn -0.52422 -0.18471 -0.83131
vn -0.15219 -0.19109 -0.96970
vn -0.25182 -0.27240 -0.92864
vn -0.23594 -0.32550 -0.91563
vn -0.59758 -0.48008 -0.64219
vn -0.87350 -0.46912 -0.13008
vn -0.55988 -0.51104 -0.65220
vn -0.87293 -0.47014 -0.13023
vn -0.78710 -0.54179 -0.29484
vn -0.80015 -0.54642 0.24737
vn -0.53112 -0.84582 0.04995
vn -0.38965 -0.85531 -0.34149
vn -0.86997 -0.49041 0.05144
vn -0.51770 -0.85304 0.06567
vn -0.03960 -0.96660 0.25321
vn 0.07262 -0.99697 0.02797
vn -0.35503 -0.89165 0.28090
vn -0.51961 -0.85022 0.08441
vn 0.06213 -0.79570 0.60250
vn -0.33459 -0.56751 0.75232
vn -0.32783 -0.56663 0.75595
vn -0.51488 -0.33837 0.78766
vn -0.83058 -0.29021 0.47531
vn -0.73035 -0.24294 0.63842
vn -0.80084 -0.57769 0.15790
vn -0.91947 -0.39303 0.01009
vn -0.89044 -0.42991 0.14932
vn -0.74055 -0.62301 0.25187
vn -0.80938 -0.57037 0.13992
vn -0.91348 -0.38265 0.13833
vn -0.91686 -0.33326 -0.21980
vn -0.93506 -0.20605 -0.28844
vn -0.73655 -0.12382 -0.66496
vn -0.75742 -0.10668 -0.64415
vn -0.74149 -0.09708 -0.66390
vn -0.49722 -0.22069 -0.83909
vn -0.47660 -0.27316 -0.83561
vn -0.26228 -0.07833 -0.96181
vn -0.52066 0.04975 -0.85231
vn -0.26419 -0.10062 -0.95921
vn -0.75701 -0.06017 -0.65063
vn -0.50330 0.00727 -0.86408
vn -0.91119 -0.19918 -0.36064
vn -0.90527 -0.25279 -0.34145
vn -0.73659 -0.07819 -0.67180
vn -0.92052 -0.35772 0.15709
vn -0.91660 -0.36629 0.16022
vn -0.84292 -0.40832 0.35036
vn -0.75216 -0.53962 0.37825
vn -0.85487 -0.49218 0.16419
vn -0.89965 -0.20443 0.38581
vn -0.69736 -0.20585 0.68653
vn -0.73672 -0.17245 0.65384
vn -0.88678 -0.28557 0.36342
vn -0.50938 -0.09920 0.85481
vn -0.44117 -0.16415 0.88228
vn -0.83975 -0.34158 0.42207
vn -0.87376 -0.34189 0.34592
vn -0.89517 -0.29808 0.33138
vn -0.83378 -0.32612 0.44549
vn -0.85943 -0.27342 0.43200
vn -0.92902 -0.24835 0.27432
vn -0.94926 -0.19413 0.24741
vn -0.94342 -0.13957 -0.30079
vn -0.93246 -0.05670 -0.35680
vn -0.73424 -0.09156 -0.67269
vn -0.66011 0.01145 -0.75109
vn -0.57016 0.00728 -0.82150
vn -0.52132 -0.05498 -0.85159
vn -0.91675 0.01657 -0.39911
vn -0.93623 -0.04304 -0.34875
vn -0.65180 -0.00834 -0.75835
vn -0.96343 -0.03948 0.26504
vn -0.94242 -0.11131 0.31536
vn -0.89232 -0.11841 0.43560
vn -0.84758 -0.23561 0.47549
vn -0.69657 -0.26897 0.66516
vn -0.51386 -0.34931 0.78354
vn -0.64786 -0.25187 0.71891
vn -0.73129 -0.25553 0.63239
vn -0.65674 -0.34088 0.67268
vn -0.77384 -0.20220 0.60024
vn -0.77419 -0.26554 0.57457
vn -0.85091 -0.24011 0.46722
vn -0.86631 -0.22685 0.44503
vn -0.88830 -0.10272 0.44763
vn -0.92640 -0.00701 0.37647
vn -0.95771 -0.00632 0.28768
vn -0.97724 0.07374 0.19890
vn -0.91907 0.02724 -0.39316
vn -0.88809 0.08489 -0.45176
vn -0.57433 0.08655 -0.81404
vn -0.55605 0.03539 -0.83039
vn -0.57045 0.08585 -0.81684
vn -0.55197 0.03738 -0.83303
vn -0.46851 0.10708 -0.87694
vn -0.51225 0.12339 -0.84992
vn -0.51213 0.13250 -0.84863
vn -0.87684 0.04814 -0.47837
vn -0.99147 0.10390 0.07868
vn -0.98124 0.04407 0.18768
vn -0.86684 -0.22472 0.44507
vn -0.83738 -0.20206 0.50791
vn -0.83724 -0.25947 0.48136
vn -0.99635 0.03569 0.07756
vn -0.96867 0.11123 -0.22204
vn -0.89312 -0.01589 -0.44953
vn -0.84274 0.02357 -0.53781
vn -0.42103 -0.08326 -0.90322
vn -0.40643 0.16240 -0.89913
vn -0.32157 0.22909 -0.91876
vn -0.38877 0.20755 -0.89765
vn -0.28086 0.03738 -0.95902
vn -0.20873 0.03750 -0.97725
vn -0.82852 -0.01042 -0.55986
vn -0.98912 -0.04429 -0.14026
vn -0.98123 0.04409 0.18774
vn -0.89496 -0.10444 0.43376
vn -0.89620 -0.10300 0.43153
vn -0.89352 -0.09712 0.43840
vn -0.93994 -0.04093 0.33888
vn -0.91901 -0.04402 0.39176
vn -0.94376 -0.00856 0.33051
vn -0.99738 0.03071 0.06554
vn -0.99736 0.02889 0.06662
vn -0.99812 0.03249 -0.05188
vn -0.20720 0.04243 -0.97738
vn -0.41090 -0.04461 -0.91059
vn -0.36884 -0.06783 -0.92701
vn -0.25731 -0.05369 -0.96484
vn -0.12936 -0.00207 -0.99160
vn -0.84372 -0.08413 -0.53016
vn -0.56190 0.06728 -0.82447
vn -0.94345 -0.00835 0.33140
vn -0.92219 -0.05509 0.38280
vn -0.98088 0.00316 0.19456
vn -0.99498 0.05373 -0.08445
vn -0.95859 -0.02731 0.28346
vn -0.95111 -0.04905 0.30492
vn -0.98767 -0.01799 0.15549
vn -0.40783 -0.05909 -0.91114
vn -0.14020 -0.04870 -0.98893
vn -0.55529 -0.04874 -0.83023
vn -0.32601 0.06711 -0.94298
vn -0.99443 -0.02925 -0.10126
vn -0.93422 0.09438 -0.34400
vn -0.94568 0.00393 0.32508
vn -0.99918 -0.00251 0.04040
vn -0.99928 0.01730 0.03377
vn -0.92539 0.05242 -0.37537
vn -0.999312 0.00939 0.03588
vn -0.95051 -0.06656 -0.30347
vn -0.93831 -0.09659 -0.33203
vn -0.59602 0.07859 -0.79911
vn -0.32271 -0.03270 -0.94593
vn -0.90072 0.01835 -0.43401
vn -0.56622 -0.00290 -0.82425
vn -0.89687 0.01138 -0.44215
vn -0.999434 0.01806 0.02838
vn -0.99021 0.00296 0.13958
vn -0.93115 -0.04351 0.36204
vn -0.99625 -0.03636 0.07847
vn -0.99076 -0.09381 -0.09798
vn -0.98786 -0.08340 0.13106
vn -0.98747 -0.07387 -0.13947
vn -0.97663 -0.16860 -0.13333
vn -0.93196 -0.09948 -0.34864
vn -0.93324 -0.00457 -0.35923
vn -0.88795 0.05820 -0.45624
vn -0.93762 0.14304 -0.31688
vn -0.72105 0.11311 -0.68359
vn -0.57539 -0.01661 -0.81771
vn -0.29297 -0.00895 -0.95608
vn -0.29088 -0.01224 -0.95668
vn -0.92816 0.14834 -0.34134
vn -0.95086 0.02156 -0.30888
vn -0.99869 -0.00379 -0.05104
vn -0.99583 -0.08754 0.02572
vn -0.97445 -0.09300 0.20445
vn -0.98541 -0.05436 0.16131
vn -0.91264 -0.04468 0.40631
vn -0.92209 -0.02519 0.38615
vn -0.90506 -0.01698 0.42494
vn -0.99913 0.01222 -0.03987
vn -0.94197 0.16053 -0.29484
vn -0.94207 0.12871 -0.30975
vn -0.71936 0.08493 -0.68943
vn -0.91465 0.05582 -0.40037
vn -0.97530 0.02634 -0.21930
vn -0.97947 -0.03974 -0.19763
vn -0.97128 -0.08735 0.22133
vn -0.97286 -0.08223 0.21628
vn -0.87190 -0.05838 0.48619
vn -0.82847 0.01637 0.55980
vn -0.82762 0.02616 0.56068
vn -0.86862 -0.04455 0.49348
vn -0.94037 0.06973 0.33293
vn -0.94619 0.06667 0.31667
vn -0.98499 0.17050 0.02697
vn -0.98564 0.16621 0.02969
vn -0.90935 0.09424 -0.40522
vn -0.95485 0.03250 -0.29530
vn -0.91102 0.01296 -0.41215
vn -0.84684 0.14906 -0.51054
vn -0.34577 0.04935 -0.93702
vn -0.28851 0.00170 -0.95747
vn -0.77964 0.00552 -0.62620
vn -0.69476 0.20369 -0.68979
vn -0.87293 0.25857 -0.41368
vn -0.70211 0.31811 -0.63706
vn -0.85079 0.29779 -0.43299
vn -0.88559 0.33896 -0.31755
vn -0.94809 0.25575 -0.18900
vn -0.95318 0.29558 0.06394
vn -0.95771 0.27034 0.09855
vn -0.87545 0.28989 0.38672
vn -0.87110 0.27225 0.40874
vn -0.77103 -0.01781 0.63655
vn -0.71849 0.08358 0.69049
vn -0.71573 0.10287 0.69076
vn -0.70173 0.08978 0.70677
vn -0.73778 0.08323 0.66990
vn -0.83602 0.27224 0.47641
vn -0.80775 0.42028 0.41340
vn -0.81947 0.48390 0.30710
vn -0.87341 0.46575 0.14226
vn -0.82786 0.56080 0.01213
vn -0.81369 0.52180 -0.25619
vn -0.86492 0.47237 -0.16966
vn -0.96253 -0.00280 -0.27116
vn -0.86502 0.47312 -0.16705
vn -0.93748 -0.03340 -0.34644
vn -0.35425 -0.03539 -0.93448
vn -0.70547 0.15225 -0.69219
vn -0.70328 0.52958 -0.47428
vn -0.62986 0.77654 -0.01603
vn -0.44210 0.87101 -0.21421
vn -0.62409 0.77815 0.07068
vn -0.69584 0.70267 0.14855
vn -0.69162 0.65579 0.30268
vn -0.63427 0.28088 0.72029
vn -0.73458 0.36747 0.57040
vn -0.62390 0.11902 0.77239
vn -0.59385 0.08502 0.80007
vn -0.61629 0.05599 0.78553
vn -0.35834 0.08079 0.93009
vn -0.19310 -0.09947 0.97613
vn -0.50176 0.10372 0.85877
vn -0.40985 -0.00551 0.91214
vn -0.63307 0.09782 0.76789
vn -0.75224 0.25753 0.60648
vn -0.64538 0.76192 0.05446
vn -0.25407 0.91918 -0.30093
vn -0.35704 0.93118 -0.07363
vn -0.18036 0.97068 -0.15892
vn -0.20515 0.94318 0.26140
vn -0.49684 0.83687 0.22978
vn -0.74637 0.48404 -0.45676
vn -0.37991 0.41488 -0.82677
vn -0.30955 -0.00590 -0.95086
vn -0.08194 0.98942 0.11976
vn -0.29099 0.47633 -0.82972
vn -0.02008 0.96198 -0.27238
vn -0.11321 0.98883 -0.09696
vn -0.03092 0.99035 0.13509
vn -0.22378 0.97316 0.05361
vn -0.00169 0.97970 -0.20048
vn -0.34227 0.93944 -0.01768
vn -0.61960 0.77268 0.13804
vn -0.61273 0.78364 0.10227
vn -0.67495 0.38010 0.63243
vn -0.62936 0.38041 0.67763
vn -0.48073 0.14463 0.86486
vn -0.31452 0.14727 0.93776
vn -0.20496 0.01809 0.97860
vn -0.21598 -0.00352 0.97639
vn -0.29681 0.41890 0.85815
vn -0.22942 0.31059 0.92244
vn -0.60786 0.41774 0.67528
vn -0.59668 0.40331 0.69377
vn -0.67213 0.36020 0.64691
vn -0.66179 0.35413 0.66078
vn -0.74419 0.30918 0.59210
vn -0.83240 0.41074 0.37203
vn -0.80373 0.46998 0.36488
vn -0.79246 0.60673 0.06229
vn -0.67125 0.72779 0.14051
vn -0.44788 0.73604 0.50760
vn -0.59707 0.67157 0.43875
vn -0.42627 0.77737 0.46259
vn -0.43551 0.77442 0.45892
vn -0.19916 0.94342 0.26512
vn -0.04714 0.93450 0.35284
vn 0.22447 0.97267 0.05944
vn 0.20692 0.97553 -0.07439
vn 0.05041 0.99679 0.06218
vn 0.02255 0.99695 -0.07471
vn 0.08913 0.99252 -0.08348
vn -0.00100 0.999999 -0.00077
vn 0.03824 0.99777 -0.05464
vn -0.37200 0.89291 0.25364
vn 0.03980 0.999128 -0.01263
vn -0.02417 0.87132 0.49011
vn -0.22288 0.68591 0.69271
vn -0.38092 0.65239 0.65520
vn -0.43561 0.68229 0.58714
vn -0.39355 0.70253 0.59293
vn -0.43440 0.57667 0.69191
vn -0.62720 0.49750 0.59926
vn -0.66606 0.53487 0.51988
vn -0.51884 0.63637 0.57082
vn -0.36328 0.69385 0.62178
vn -0.14197 0.52039 0.84205
vn -0.14050 0.54236 0.82831
vn -0.06809 0.32544 0.94311
vn -0.00939 0.02181 0.999718
vn 0.06919 0.19864 0.97763
vn 0.16813 -0.22706 0.95926
vn 0.17831 -0.20798 0.96174
vn 0.01642 -0.23640 0.97152
vn -0.04101 -0.17601 0.98353
vn -0.06034 0.50328 0.86201
vn -0.19092 0.41115 0.89135
vn -0.24528 0.50999 0.82447
vn -0.18100 0.60777 0.77321
vn -0.34996 0.80751 0.47482
vn -0.54508 0.53834 0.64271
vn -0.40105 0.62718 0.66769
vn -0.37949 0.81231 0.44288
vn -0.06912 0.90731 0.41473
vn 0.06282 0.99781 0.02067
vn 0.01679 0.83055 0.55669
vn -0.25932 0.31184 0.91406
vn -0.22699 0.32075 0.91956
vn -0.44554 0.52125 0.72787
vn -0.42204 0.53467 0.73213
vn -0.55526 0.59325 0.58287
vn -0.45222 0.66919 0.58964
vn -0.41577 0.25731 0.87231
vn -0.28017 0.42775 0.85938
vn -0.21279 0.16544 0.96299
vn -0.17653 0.25652 0.95028
vn -0.04575 -0.17912 0.98276
vn -0.04176 0.02277 0.99887
vn -0.13008 -0.37954 0.91599
vn -0.04574 -0.17913 0.98276
vn 0.09892 -0.37626 0.92122
vn 0.11585 -0.35193 0.92883
vn 0.29914 -0.33284 0.89428
vn -0.43671 -0.19552 0.87810
vn -0.36107 -0.08514 0.92864
vn 0.02517 -0.24465 0.96929
vn -0.11110 -0.19197 0.97509
vn -0.27862 -0.01705 0.96025
vn -0.31766 -0.08748 0.94416
vn -0.10485 0.00795 0.99446
vn -0.07508 -0.01618 0.99705
vn -0.23434 0.25239 0.93882
vn -0.09015 0.06583 0.99375
vn -0.30496 0.03513 0.95172
vn -0.49251 0.25006 0.83361
vn -0.28762 0.04006 0.95691
vn -0.22052 0.25907 0.94035
vn -0.28130 -0.02557 0.95928
vn -0.24087 -0.00737 0.97053
vn 0.01153 0.31288 0.94972
vn -0.06027 0.24074 0.96872
vn -0.20783 0.83347 0.51199
vn -0.02407 0.94963 0.31244
vn -0.07656 0.99706 0.00113
vn -0.17780 0.96001 0.21625
vn -0.33388 0.41755 0.84509
vn -0.06621 0.76097 0.64540
vn -0.26428 0.13277 0.95526
vn -0.25269 0.13890 0.95752
vn -0.03873 -0.07947 0.99608
vn -0.21730 0.06121 0.97418
vn -0.17397 -0.05731 0.98308
vn -0.30356 -0.01834 0.95264
vn -0.38437 0.13872 0.91270
vn -0.47223 0.06881 0.87879
vn -0.39989 0.05294 0.91504
vn -0.41678 0.03023 0.90851
vn -0.56464 0.04377 0.82418
vn -0.57603 0.02952 0.81690
vn 0.08972 -0.17884 0.97978
vn -0.00769 -0.02099 0.99975
vn -0.44990 0.07436 0.88998
vn -0.48906 -0.00511 0.87224
vn -0.56608 0.00553 0.82433
vn -0.47225 0.06950 0.87872
vn -0.47938 0.16748 0.86148
vn -0.29332 0.00923 0.95597
vn -0.27392 0.01589 0.96162
vn 0.12959 0.78892 0.60068
vn -0.05481 0.98077 0.18729
vn 0.02936 0.99935 0.02092
vn -0.01393 0.99766 -0.06698
vn -0.01554 0.999871 -0.00395
vn 0.07548 0.99554 0.05668
vn -0.19076 0.84945 0.49198
vn -0.43028 0.12833 0.89353
vn -0.41950 0.20284 0.88480
vn -0.55084 0.06272 0.83225
vn -0.25602 0.20167 0.94540
vn -0.26688 0.13413 0.95435
vn -0.33611 0.09970 0.93653
vn -0.08061 0.71665 0.69276
vn -0.19694 0.71287 0.67307
vn 0.02164 0.86573 0.50004
vn -0.05958 0.99708 0.04770
vn -0.00056 0.09351 0.99562
vn -0.10018 -0.00005 0.99497
vn -0.16324 0.26712 0.94974
vn -0.48074 0.12695 0.86763
vn -0.52587 0.10689 0.84382
vn -0.53471 0.06631 0.84243
vn -0.49875 -0.03366 0.86609
vn -0.43630 -0.01490 0.89968
vn -0.43726 -0.01703 0.89917
vn -0.36511 -0.00411 0.93096
vn -0.35514 0.05405 0.93325
vn -0.34406 0.15863 0.92545
vn -0.34748 0.05851 0.93586
vn -0.27334 0.21561 0.93744
vn -0.28400 0.18298 0.94120
vn -0.00671 0.09472 0.99548
vn 0.13204 0.24094 0.96152
vn -0.01461 0.87222 0.48889
vn -0.02880 0.86716 0.49720
vn 0.06248 0.99458 0.08305
vn 0.00753 0.999951 -0.00645
vn 0.24685 0.40939 0.87833
vn 0.06986 0.24800 0.96624
vn 0.24376 0.71072 0.65989
vn -0.18629 0.23490 0.95400
vn -0.14698 0.19487 0.96975
vn -0.16786 0.12717 0.97757
vn -0.21600 0.11742 0.96931
vn -0.25751 0.03903 0.96549
vn -0.31082 -0.05519 0.94887
vn -0.09555 0.21672 0.97155
vn -0.09502 0.25263 0.96289
vn 0.06739 0.25100 0.96564
vn 0.23441 0.41505 0.87908
vn 0.23699 0.33844 0.91065
vn 0.25880 0.32277 0.91041
vn -0.05761 0.28835 0.95579
vn -0.15234 0.11155 0.98201
vn -0.18655 0.01031 0.98239
vn -0.23497 0.00427 0.97199
vn -0.26036 -0.05110 0.96416
vn -0.30096 -0.03366 0.95304
vn -0.22580 -0.08875 0.97012
vn -0.00184 0.28334 0.95902
vn 0.06998 0.35086 0.93381
vn 0.24343 0.42759 0.87058
vn 0.16742 0.32591 0.93046
vn 0.39602 0.34188 0.85222
vn 0.36196 0.46860 0.80585
vn 0.05382 0.43968 0.89654
vn 0.21823 0.40098 0.88971
vn 0.12411 0.01431 0.99217
vn -0.02048 0.10836 0.99390
vn 0.10823 0.52698 0.84295
vn 0.16410 0.33953 0.92617
vn 0.02474 0.24698 0.96870
vn 0.01867 0.22354 0.97452
vn -0.06037 0.19208 0.97952
vn -0.07564 0.13158 0.98841
vn -0.42226 -0.03721 0.90571
vn -0.43200 -0.03040 0.90136
vn -0.30047 -0.03429 0.95317
vn -0.20272 -0.04093 0.97838
vn -0.16705 -0.00971 0.98590
vn -0.18920 -0.08444 0.97830
vn -0.02020 0.08052 0.99655
vn -0.03505 0.01862 0.999212
vn 0.10001 0.14795 0.98392
vn 0.09146 0.11568 0.98907
vn 0.13284 0.16442 0.97741
vn 0.08135 0.16324 0.98323
vn 0.18946 0.33482 0.92304
vn 0.19945 0.30840 0.93011
vn 0.25964 0.29021 0.92107
vn 0.21796 0.14134 0.96567
vn 0.14750 0.04070 0.98822
vn 0.12188 -0.04535 0.99151
vn 0.05706 -0.06564 0.99621
vn 0.04454 -0.12351 0.99134
vn -0.09880 -0.15550 0.98288
vn -0.09854 -0.16182 0.98189
vn -0.15052 -0.09945 0.98359
vn -0.02979 -0.10384 0.99415
vn 0.03130 -0.25069 0.96756
vn 0.06005 -0.14011 0.98831
vn 0.01427 -0.25369 0.96718
vn 0.20498 0.35675 0.91144
vn -0.06744 0.20714 0.97598
vn 0.00144 0.07959 0.99683
vn 0.08862 0.33526 0.93795
vn 0.21846 0.21764 0.95127
vn -0.02400 -0.20711 0.97802
vn 0.05911 -0.12153 0.99083
vn 0.00380 -0.13281 0.99113
vn 0.17546 -0.21687 0.96030
vn -0.04119 -0.24902 0.96762
vn -0.04207 -0.13444 0.99003
vn 0.04944 -0.00059 0.99878
vn 0.05489 -0.03944 0.99771
vn 0.07377 0.04392 0.99631
vn 0.07869 0.02768 0.99651
vn 0.22307 0.26774 0.93731
vn -0.02079 0.05259 0.99840
vn 0.13856 -0.01518 0.99024
vn 0.15462 0.13974 0.97804
vn 0.29311 0.22412 0.92944
vn 0.28923 0.24964 0.92414
vn 0.27375 0.23026 0.93383
vn 0.16863 0.22963 0.95856
vn 0.12966 0.08842 0.98761
vn -0.06358 -0.09261 0.99367
vn -0.15634 -0.18912 0.96943
vn 0.21282 -0.06783 0.97473
vn 0.05627 -0.33201 0.94160
vn -0.14415 -0.37012 0.91773
vn 0.41635 0.23901 0.87723
vn 0.26487 -0.02458 0.96397
vn 0.07276 0.12796 0.98911
vn 0.04720 0.02669 0.99853
vn 0.27184 0.24258 0.93127
vn 0.17870 0.00365 0.98390
vn -0.15638 -0.35638 0.92116
vn 0.06287 0.01087 0.99796
vn 0.26308 0.24744 0.93250
vn 0.23517 0.06982 0.96944
vn 0.44177 0.20825 0.87262
vn 0.19743 0.10921 0.97421
vn 0.04376 -0.03171 0.99854
vn 0.45866 0.36054 0.81219
vn 0.21902 0.08875 0.97168
vn 0.13847 -0.03603 0.98971
vn 0.06066 -0.00992 0.99811
vn 0.03070 -0.02741 0.999153
vn 0.01939 -0.09442 0.99534
vn -0.20150 -0.34208 0.91781
vn 0.01023 -0.25584 0.96667
vn 0.04487 -0.12355 0.99132
vn 0.34179 0.09038 0.93542
vn 0.34571 0.40214 0.84780
vn 0.42235 0.23819 0.87458
vn 0.14656 0.13178 0.98038
vn 0.13701 0.20495 0.96914
vn 0.03421 0.05694 0.99779
vn 0.09024 0.02259 0.99566
vn 0.19593 0.19561 0.96091
vn 0.15396 -0.06887 0.98567
vn 0.13089 -0.11370 0.98485
vn 0.00740 -0.25282 0.96748
vn 0.25496 -0.07641 0.96393
vn 0.35771 0.05603 0.93215
vn 0.15527 0.04066 0.98704
vn 0.26889 -0.09984 0.95798
vn 0.24830 -0.15244 0.95661
vn 0.17990 -0.16602 0.96957
vn 0.17466 -0.19741 0.96464
vn 0.20483 0.16538 0.96473
vn 0.17639 0.01739 0.98417
vn 0.26902 0.14123 0.95273
vn 0.03648 0.00007 0.999335
vn 0.36723 -0.09587 0.92518
vn 0.38906 -0.15177 0.90862
vn 0.29239 -0.19362 0.93649
vn 0.40684 0.03936 0.91265
vn 0.29841 -0.02056 0.95422
vn 0.02968 0.00713 0.999534
vn 0.01998 -0.02707 0.999434
vn 0.19027 0.03360 0.98116
vn 0.17728 0.10344 0.97871
vn 0.16368 0.08331 0.98299
vn -0.00246 0.04962 0.99876
vn -0.16862 0.32059 0.93209
vn -0.11439 0.33651 0.93470
vn -0.16987 0.30182 0.93811
vn -0.16947 0.18556 0.96791
vn -0.10795 0.31386 0.94331
vn 0.06623 0.04517 0.99678
vn 0.03512 0.00772 0.999353
vn 0.12058 0.02424 0.99241
vn 0.13378 0.07946 0.98782
vn 0.00342 0.04051 0.999173
vn 0.01436 0.17006 0.98533
vn 0.01059 0.16699 0.98590
vn 0.08247 0.15709 0.98413
vn 0.06775 0.14294 0.98741
vn 0.11389 0.00161 0.99349
vn 0.10265 -0.00750 0.99469
vn 0.10231 0.01415 0.99465
vn -0.08381 0.26744 0.95992
vn -0.08298 0.26810 0.95981
vn -0.00758 0.20449 0.97884
vn 0.01714 0.23614 0.97157
vn 0.12229 0.15573 0.98020
vn 0.09146 0.00358 0.99580
vn 0.19306 0.00835 0.98115
vn 0.10821 -0.01469 0.99402
vn 0.07495 0.20755 0.97535
vn 0.12075 0.14855 0.98150
vn 0.26170 -0.10173 0.95977
vn 0.28359 -0.09627 0.95410
vn 0.10655 0.01473 0.99420
vn 0.12399 0.00179 0.99228
vn 0.10842 0.13844 0.98442
vn 0.22737 0.10847 0.96775
vn 0.09189 -0.00933 0.99573
vn 0.33089 0.02385 0.94337
vn -0.05008 0.13368 0.98976
vn -0.22782 0.00367 0.97370
vn -0.19709 0.00323 0.98038
vn -0.08498 -0.07586 0.99349
vn 0.33126 0.02332 0.94325
vn 0.17370 -0.08556 0.98108
vn 0.20388 0.09108 0.97475
vn 0.10343 0.14885 0.98344
vn 0.08919 0.20476 0.97474
vn 0.07844 0.12385 0.98920
vn 0.17594 0.21900 0.95973
vn 0.17980 0.23168 0.95603
vn 0.30922 -0.04110 0.95010
vn -0.08535 -0.02451 0.99605
vn -0.08084 -0.02204 0.99648
vn -0.19596 0.00119 0.98061
vn -0.22590 -0.03282 0.97360
vn -0.12688 -0.03128 0.99142
vn -0.17317 -0.12486 0.97695
vn 0.29903 -0.03040 0.95376
vn 0.29909 -0.03017 0.95375
vn 0.33790 -0.01538 0.94106
vn 0.38475 0.26559 0.88399
vn -0.00394 0.39230 0.91983
vn -0.00186 0.24453 0.96964
vn -0.04104 0.21827 0.97502
vn -0.06874 0.08554 0.99396
vn 0.12520 0.09137 0.98792
vn -0.06547 0.07986 0.99465
vn 0.15126 0.46802 0.87068
vn -0.01432 0.25497 0.96684
vn -0.00063 0.39599 0.91825
vn -0.29289 0.04912 0.95488
vn -0.24356 0.17653 0.95368
vn -0.27305 0.09924 0.95687
vn -0.32559 0.05200 0.94408
vn -0.11278 0.09087 0.98946
vn -0.16205 0.05849 0.98505
vn -0.10401 0.29450 0.94998
vn -0.31675 0.27958 0.90637
vn -0.33152 0.29336 0.89668
vn -0.36181 0.27850 0.88968
vn -0.06341 0.42784 0.90163
vn 0.15114 0.48329 0.86231
vn -0.36568 0.20790 0.90722
vn -0.08160 0.25037 0.96471
vn -0.13690 0.00845 0.99055
vn -0.09944 0.08929 0.99103
vn -0.37149 0.21050 0.90426
vn -0.36300 0.56450 0.74133
vn -0.10629 0.60108 0.79209
vn -0.11734 0.58865 0.79982
vn -0.09446 0.07408 0.99277
vn -0.03266 0.33646 0.94113
vn -0.07727 0.27619 0.95799
vn -0.03891 0.27545 0.96053
vn -0.02071 0.33569 0.94174
vn 0.03129 0.21088 0.97701
vn -0.12044 0.11618 0.98590
vn -0.11219 0.13951 0.98385
vn -0.08390 -0.01757 0.99632
vn -0.08616 -0.01455 0.99617
vn -0.06799 0.02121 0.99746
vn -0.04580 -0.00998 0.99890
vn -0.06054 0.00116 0.99817
vn -0.04121 0.13337 0.99021
vn -0.14628 0.09263 0.98490
vn -0.13689 0.11455 0.98394
vn -0.04663 0.18043 0.98248
vn 0.02200 0.12061 0.99246
vn 0.17158 0.04441 0.98417
vn 0.03289 0.14811 0.98842
vn 0.14331 -0.01903 0.98950
vn 0.15199 -0.02972 0.98794
vn -0.06527 0.00100 0.99787
vn -0.04795 -0.01444 0.99875
vn -0.07930 -0.00491 0.99684
vn -0.06389 -0.12272 0.99038
vn -0.14474 -0.06225 0.98751
vn -0.14829 -0.00228 0.98894
vn -0.02673 0.25896 0.96552
vn -0.19066 0.44015 0.87745
vn -0.00525 -0.04325 0.99905
vn -0.21073 0.21915 0.95266
vn 0.25420 0.86319 0.43621
vn 0.13008 0.98385 0.12297
vn 0.02729 0.98658 0.16099
vn -0.04371 0.46552 0.88396
vn -0.35677 0.89282 0.27494
vn 0.00159 0.999921 0.01245
vn -0.21179 0.18317 0.96000
vn -0.05568 -0.04488 0.99744
vn -0.09382 -0.10310 0.99024
vn -0.13841 0.01770 0.99022
vn -0.03777 -0.00232 0.999284
vn -0.08467 0.02266 0.99615
vn 0.01143 0.99773 -0.06642
vn 0.04695 0.99694 -0.06244
vn -0.02492 0.99431 -0.10352
vn 0.01826 0.93399 0.35684
vn -0.12086 0.98988 0.07441
vn 0.01381 0.19337 0.98103
vn -0.30099 0.61329 0.73026
vn -0.05672 0.09228 0.99412
vn 0.03044 -0.14538 0.98891
vn -0.23144 -0.06366 0.97076
vn -0.15979 -0.06798 0.98481
vn -0.35395 0.03299 0.93468
vn -0.16775 0.05394 0.98435
vn -0.14606 0.07422 0.98649
vn -0.06475 -0.16354 0.98441
vn -0.03878 -0.14197 0.98911
vn -0.05101 0.09324 0.99434
vn -0.17984 0.19682 0.96380
vn 0.05831 0.65342 0.75475
vn -0.28478 0.94452 0.16367
vn -0.01905 0.999778 0.00902
vn 0.02247 0.97995 0.19798
vn 0.01895 0.98072 0.19451
vn 0.05626 0.26851 0.96163
vn -0.14333 0.42443 0.89404
vn -0.02874 -0.14888 0.98844
vn -0.38296 -0.23390 0.89366
vn -0.34145 -0.17373 0.92370
vn -0.16065 -0.20850 0.96474
vn -0.07157 -0.09181 0.99320
vn 0.29462 -0.00528 0.95560
vn 0.29373 -0.04983 0.95459
vn 0.33405 -0.00567 0.94254
vn 0.31038 0.02872 0.95018
vn 0.33164 -0.03093 0.94290
vn -0.18672 -0.39724 0.89852
vn -0.13423 -0.36761 0.92024
vn -0.14630 0.42284 0.89432
vn -0.00206 0.9999 -0.01397
vn -0.14719 -0.36015 0.92121
vn 0.13751 0.31802 0.93806
vn 0.32920 -0.07502 0.94127
vn 0.12355 -0.11478 0.98568
vn 0.17655 -0.00140 0.98429
vn 0.18424 -0.01239 0.98280
vn 0.08763 -0.00096 0.99615
vn 0.14367 -0.13500 0.98037
vn 0.11444 -0.15040 0.98198
vn -0.13629 0.92722 0.34885
vn -0.24122 0.95371 -0.17957
vn -0.09766 0.76674 -0.63448
vn 0.03289 0.97677 -0.21177
vn -0.09926 0.62694 -0.77271
vn -0.18673 0.67678 -0.71211
vn 0.17828 -0.04746 0.98283
vn 0.02007 0.21510 0.97639
vn 0.06646 0.22747 0.97152
vn 0.02336 -0.10710 0.99397
vn 0.03928 0.19193 0.98062
vn -0.02742 0.28260 0.95885
vn -0.01807 0.29431 0.95554
vn -0.11784 0.77346 0.62280
vn 0.12816 0.86648 0.48248
vn 0.04851 0.89326 0.44691
vn 0.19268 0.88935 0.41464
vn 0.00276 0.999856 -0.01673
vn 0.00191 0.999904 -0.01371
vn 0.01927 0.999521 -0.02423
vn -0.06852 0.29137 0.95415
vn -0.03401 0.78792 0.61483
vn 0.00205 0.999907 -0.01352
vn 0.00507 0.99866 0.05145
vn 0.00827 0.99894 0.04521
vn -0.01306 0.999884 -0.00779
vn 0.02004 0.98009 -0.19755
vn -0.09310 0.90967 -0.40476
vn 0.09650 0.65189 -0.75215
vn 0.03838 0.99923 0.00816
vn -0.02670 0.93625 -0.35031
vn 0.01099 0.91097 -0.41233
vn 0.05834 0.99505 0.08048
vn 0.00820 0.999801 -0.01818
vn 0.00780 0.999435 -0.03270
vn 0.02155 0.75801 0.65188
vn -0.03397 0.999299 0.01572
vn 0.06123 0.39437 0.91691
vn 0.21326 0.31718 0.92408
vn 0.13214 0.81181 0.56878
vn 0.03105 0.02616 0.999175
vn 0.11132 -0.05189 0.99243
vn 0.14560 0.24000 0.95979
vn 0.22063 0.01986 0.97516
vn 0.02075 0.999765 -0.00622
vn -0.00252 0.99118 0.13249
vn 0.06208 0.99330 0.09750
vn 0.09932 0.99378 -0.05032
vn -0.26825 0.86139 -0.43132
vn -0.06515 0.96827 -0.24128
vn -0.00052 0.77102 -0.63681
vn -0.02195 0.99714 0.07225
vn -0.02253 0.96243 -0.27058
vn 0.02631 0.85074 0.52493
vn 0.09628 0.99529 0.01172
vn 0.23267 0.26115 0.93684
vn 0.19770 0.28417 0.93817
vn 0.22434 0.89895 0.37625
vn 0.25098 0.03543 0.96734
vn 0.13256 -0.12741 0.98295
vn 0.10597 -0.00850 0.99433
vn 0.02105 0.15845 0.98714
vn 0.02384 -0.08801 0.99583
vn 0.07713 0.13298 0.98811
vn -0.09369 0.93186 0.35052
vn -0.02564 0.96147 0.27369
vn -0.04090 0.99836 -0.04002
vn 0.01890 0.99675 -0.07837
vn 0.00607 0.99998 0.00189
vn -0.02545 0.99667 0.07748
vn -0.11725 0.91515 -0.38570
vn 0.05876 0.57232 -0.81792
vn -0.06037 0.45264 -0.88965
vn 0.03201 0.91692 -0.39779
vn -0.08836 0.47216 -0.87707
vn -0.03802 0.99658 0.07341
vn -0.05905 0.95812 -0.28022
vn 0.02476 -0.08746 0.99586
vn 0.03256 -0.00853 0.999433
vn 0.07997 -0.02790 0.99641
vn 0.01356 0.09295 0.99558
vn -0.01598 -0.05302 0.99847
vn -0.08740 0.15659 0.98379
vn 0.06803 0.94135 0.33051
vn -0.00453 0.999816 -0.01865
vn 0.00641 0.999977 0.00223
vn -0.00147 0.999139 0.04145
vn 0.04215 0.97491 -0.21857
vn -0.00191 0.49932 -0.86642
vn 0.00134 0.49596 -0.86834
vn -0.06046 0.34335 -0.93726
vn -0.07297 0.37306 -0.92493
vn 0.18737 0.53218 -0.82564
vn 0.18960 0.34775 -0.91821
vn 0.14711 0.40367 -0.90300
vn 0.07107 0.97010 -0.23208
vn -0.07671 0.81219 -0.57833
vn -0.02363 0.999721 0.00003
vn -0.00516 0.999949 0.00871
vn -0.03659 0.96919 0.24360
vn -0.04507 0.99873 0.02269
vn 0.04393 0.24875 0.96757
vn 0.02300 0.25704 0.96613
vn -0.05738 0.96453 0.25765
vn 0.09861 -0.04507 0.99410
vn 0.10447 -0.03939 0.99375
vn -0.01575 0.95765 0.28751
vn 0.03668 0.999038 0.02404
vn -0.01784 0.99984 0.00105
vn 0.00750 0.95525 -0.29571
vn 0.25130 0.82374 -0.50823
vn 0.21600 0.40781 -0.88715
vn 0.15056 0.48963 -0.85883
vn 0.19724 0.97529 -0.09950
vn 0.19286 0.49159 -0.84920
vn 0.16833 0.52505 -0.83426
vn -0.00936 0.999944 0.00503
vn -0.00606 0.999951 -0.00787
vn 0.00585 0.999983 -0.00023
vn 0.13632 0.37496 0.91696
vn 0.16177 -0.07403 0.98405
vn 0.10460 -0.04797 0.99336
vn -0.09624 0.98767 -0.12346
vn 0.07343 0.54635 -0.83433
vn 0.12915 0.37178 -0.91929
vn 0.03582 0.52097 -0.85282
vn 0.05804 0.68527 -0.72597
vn 0.28335 0.35105 -0.89246
vn 0.13883 0.95556 -0.26005
vn 0.03050 0.89662 -0.44174
vn 0.39173 0.36146 -0.84611
vn 0.01117 0.999448 0.03129
vn 0.15863 0.37540 0.91319
vn 0.03045 0.99861 0.04297
vn 0.30029 0.84648 -0.43966
vn 0.42781 0.52519 -0.73563
vn 0.23413 0.46848 -0.85188
vn 0.11505 0.58052 -0.80608
vn 0.16592 0.23080 -0.95875
vn 0.21039 0.02304 -0.97735
vn 0.11961 0.04411 -0.99184
vn 0.26601 0.19041 -0.94498
vn 0.14328 -0.00253 -0.98968
vn 0.25275 0.57067 -0.78132
vn 0.09379 0.27135 -0.95790
vn 0.18166 0.02878 -0.98294
vn 0.17952 0.98323 0.03205
vn -0.00684 0.86959 -0.49373
vn -0.07191 0.96772 0.24154
vn -0.01443 0.999602 -0.02422
vn 0.00739 0.999912 -0.01099
vn 0.23630 0.18990 -0.95294
vn -0.15267 0.98033 0.12510
vn 0.19936 0.84716 -0.49252
vn 0.02988 0.999377 -0.01877
vn 0.04968 0.98947 0.13597
vn 0.02404 0.98722 0.15751
vn 0.05083 0.71058 -0.70178
vn -0.03123 0.73146 -0.68117
vn 0.26628 0.24635 -0.93188
vn 0.19724 0.08278 -0.97685
vn 0.21639 0.06636 -0.97405
vn 0.19813 0.19865 -0.95984
vn 0.16413 0.16105 -0.97320
vn 0.08854 0.05871 -0.99434
vn 0.08094 0.78156 -0.61856
vn 0.00818 0.16177 -0.98679
vn -0.06939 0.99722 0.02723
vn 0.01328 0.80771 -0.58943
vn -0.05079 0.99829 0.02889
vn -0.18730 0.94695 -0.26118
vn -0.09419 0.75864 -0.64466
vn 0.02060 0.73368 -0.67918
vn -0.18617 0.17798 -0.96626
vn -0.11816 0.10078 -0.98787
vn 0.09438 0.17557 -0.97993
vn 0.05889 0.02231 -0.99802
vn 0.08858 0.09342 -0.99168
vn 0.01175 0.03115 -0.999446
vn 0.01116 0.04347 -0.99899
vn 0.11040 0.09755 -0.98909
vn -0.10394 0.19988 -0.97429
vn -0.02317 0.24587 -0.96902
vn -0.13282 0.38600 -0.91288
vn -0.35595 0.33914 -0.87079
vn -0.30463 0.16849 -0.93745
vn -0.13799 0.95715 -0.25460
vn -0.07094 0.30392 -0.95005
vn -0.02691 0.999521 0.01530
vn -0.16274 0.96099 -0.22365
vn 0.07628 0.97193 -0.22255
vn -0.08734 0.27149 -0.95847
vn -0.14719 0.32308 -0.93486
vn 0.07767 0.15332 -0.98512
vn -0.07378 -0.04609 -0.99621
vn -0.06016 -0.08408 -0.99464
vn 0.06334 -0.01977 -0.99780
vn -0.01067 -0.09481 -0.99544
vn -0.13172 -0.27930 -0.95113
vn 0.00105 0.14738 -0.98908
vn -0.02562 0.05960 -0.99789
vn -0.03677 0.19687 -0.97974
vn -0.05727 0.18964 -0.98018
vn -0.05279 0.37905 -0.92387
vn -0.04442 0.29325 -0.95500
vn -0.08675 0.35718 -0.93000
vn -0.11107 0.24176 -0.96396
vn -0.07699 0.09189 -0.99279
vn -0.04037 0.05468 -0.99769
vn -0.22523 -0.32806 -0.91742
vn -0.20479 -0.39499 -0.89557
vn -0.34875 -0.31767 -0.88174
vn -0.02491 -0.05921 -0.99794
vn -0.05526 0.01363 -0.99838
vn -0.06664 0.01097 -0.99772
vn -0.11109 0.07620 -0.99088
vn -0.11192 0.04847 -0.99253
vn -0.19733 0.21230 -0.95707
vn -0.20329 0.13871 -0.96924
vn -0.15846 0.01056 -0.98731
vn -0.27125 0.08803 -0.95847
vn -0.25220 0.03300 -0.96711
vn -0.07567 -0.03132 -0.99664
vn -0.13457 -0.03842 -0.99016
vn -0.03761 -0.06804 -0.99697
vn -0.06328 -0.20997 -0.97566
vn 0.08018 -0.41392 -0.90678
vn -0.03744 -0.07533 -0.99646
vn -0.16558 -0.09430 -0.98168
vn -0.08669 -0.21527 -0.97270
vn -0.17228 -0.12327 -0.97730
vn -0.29317 -0.03066 -0.95557
vn -0.24386 -0.11905 -0.96248
vn 0.19438 -0.25208 -0.94798
vn 0.25496 -0.34220 -0.90437
vn 0.09117 0.25653 -0.96223
vn -0.08669 -0.21203 -0.97341
vn -0.02805 -0.15859 -0.98695
vn -0.30226 0.15460 -0.94060
vn -0.26454 0.08595 -0.96054
vn -0.14756 -0.14132 -0.97890
vn -0.20699 -0.08432 -0.97470
vn -0.24777 -0.05990 -0.96697
vn -0.24355 -0.02481 -0.96957
vn -0.31848 0.05134 -0.94654
vn -0.41045 0.14699 -0.89996
vn -0.41914 0.12611 -0.89912
vn -0.47665 0.10793 -0.87244
vn -0.31928 0.03768 -0.94691
vn -0.38244 -0.11985 -0.91617
vn -0.38218 -0.19916 -0.90237
vn -0.20721 -0.07347 -0.97553
vn -0.37446 -0.26918 -0.88731
vn -0.20790 -0.28327 -0.93624
vn -0.40408 -0.18570 -0.89568
vn -0.41610 0.00285 -0.90931
vn -0.42131 -0.09214 -0.90223
vn -0.48337 0.05181 -0.87388
vn -0.36848 -0.25373 -0.89434
vn -0.48210 -0.28844 -0.82728
vn -0.46136 0.00341 -0.88720
vn -0.36943 -0.06468 -0.92701
vn -0.43346 -0.21957 -0.87401
vn -0.54010 -0.11734 -0.83338
vn -0.54367 -0.14284 -0.82705
vn -0.32126 -0.09816 -0.94189
vn -0.43842 -0.25907 -0.86063
vn -0.39271 -0.32619 -0.85987
vn -0.38175 -0.30917 -0.87102
vn -0.52529 -0.00539 -0.85090
vn -0.28073 0.26367 -0.92286
vn -0.26078 0.38589 -0.88492
vn -0.28780 -0.04919 -0.95643
vn -0.33056 -0.04840 -0.94254
vn -0.16977 -0.26205 -0.95001
vn -0.37905 -0.21936 -0.89900
vn -0.33610 -0.31497 -0.88760
vn -0.12083 0.09918 -0.98771
vn -0.22585 0.23339 -0.94579
vn -0.21347 0.00435 -0.97694
vn -0.24101 0.02984 -0.97006
vn -0.33796 0.07812 -0.93791
vn -0.22954 0.23486 -0.94454
vn -0.30271 0.01567 -0.95295
vn -0.25125 0.30844 -0.91746
vn -0.18302 0.40203 -0.89715
vn -0.11004 0.23317 -0.96619
vn -0.20181 0.08956 -0.97532
vn -0.07678 -0.09848 -0.99217
vn -0.33419 -0.05657 -0.94081
vn -0.24759 -0.13326 -0.95966
vn -0.21669 0.25870 -0.94134
vn -0.30173 0.31728 -0.89905
vn -0.44052 0.15039 -0.88505
vn -0.40427 0.07682 -0.91141
vn -0.32516 -0.02778 -0.94525
vn -0.42560 0.00416 -0.90490
vn -0.39933 -0.02906 -0.91635
vn -0.28536 0.20949 -0.93525
vn -0.36498 -0.01625 -0.93087
vn -0.34619 -0.01973 -0.93796
vn -0.35177 -0.02472 -0.93576
vn -0.35346 -0.02424 -0.93514
vn -0.53609 -0.14785 -0.83111
vn -0.35656 0.00374 -0.93427
vn -0.37257 0.01132 -0.92794
vn -0.37407 0.01052 -0.92734
vn -0.43313 -0.03418 -0.90068
vn -0.53854 0.02842 -0.84212
vn -0.48923 0.11679 -0.86430
vn -0.41405 0.14707 -0.89829
vn -0.23631 0.02763 -0.97128
vn -0.37539 -0.00936 -0.92682
vn -0.23744 0.01895 -0.97122
vn -0.35085 -0.03779 -0.93567
vn -0.48222 0.18735 -0.85579
vn -0.20358 0.03054 -0.97858
vn -0.08847 -0.09038 -0.99197
vn -0.39635 -0.13143 -0.90864
vn -0.44031 -0.08659 -0.89366
vn -0.39683 -0.08112 -0.91430
vn -0.38425 -0.02835 -0.92279
vn -0.47355 0.04007 -0.87985
vn -0.38332 0.17766 -0.90637
vn -0.34374 0.15197 -0.92669
vn -0.07627 -0.01524 -0.99697
vn -0.31427 0.19545 -0.92900
vn -0.51363 0.16709 -0.84159
vn -0.40498 0.13484 -0.90433
vn -0.14654 -0.03891 -0.98844
vn -0.17368 0.60126 -0.77995
vn -0.09199 0.58717 -0.80422
vn -0.15767 0.69456 -0.70194
vn -0.08432 0.68027 -0.72810
vn -0.36937 0.51000 -0.77683
vn 0.05327 0.99582 -0.07417
vn 0.02787 0.99534 -0.09235
vn 0.00797 0.99702 -0.07673
vn -0.17714 0.59943 -0.78058
vn -0.28078 0.67039 -0.68683
vn -0.38430 -0.09888 -0.91790
vn -0.20388 -0.00568 -0.97898
vn -0.46760 -0.06250 -0.88173
vn -0.20535 0.23421 -0.95025
vn -0.46983 0.24103 -0.84922
vn -0.41233 0.18894 -0.89123
vn -0.41376 0.12884 -0.90122
vn -0.31928 0.08119 -0.94418
vn -0.28163 0.24348 -0.92812
vn -0.30472 0.25257 -0.91834
vn -0.26458 0.11706 -0.95723
vn -0.30649 0.47044 -0.82750
vn -0.36842 0.47495 -0.79918
vn -0.32085 0.94570 -0.05203
vn -0.04314 0.92465 -0.37837
vn -0.41125 0.64006 -0.64900
vn -0.05861 0.99486 -0.08252
vn 0.14214 0.96522 -0.21944
vn -0.19228 0.93510 -0.29769
vn -0.01171 0.71710 -0.69687
vn -0.19990 0.28613 -0.93711
vn -0.07517 0.17552 -0.98160
vn -0.09288 0.09877 -0.99077
vn -0.09813 0.73567 -0.67019
vn -0.03827 0.19763 -0.97953
vn -0.01149 0.999449 -0.03116
vn -0.01084 0.999901 -0.00897
vn 0.01683 0.999858 -0.00116
vn -0.01552 0.999444 -0.02950
vn -0.02298 0.999719 0.00579
vn -0.15348 0.71283 -0.68434
vn 0.07827 0.24897 -0.96534
vn 0.02969 0.18036 -0.98315
vn 0.00462 0.999986 -0.00245
vn 0.01442 0.999875 0.00648
vn 0.01022 0.999813 -0.01642
vn -0.00643 0.999858 0.01559
vn -0.01135 0.999791 -0.01702
vn 0.01179 0.999804 -0.01592
vn -0.03941 0.99691 0.06796
vn -0.03227 0.99750 0.06282
vn 0.01025 0.999248 -0.03740
vn -0.00870 0.999962 -0.00005
vn -0.00730 0.99986 0.01506
vn 0.06731 0.99492 0.07485
vn 0.00768 0.99345 0.11397
vn -0.14508 0.80685 0.57267
vn 0.16316 0.80871 0.56513
vn 0.07675 0.70227 0.70776
vn 0.06856 0.45674 0.88695
vn -0.07323 0.50658 0.85908
vn -0.10580 0.47942 0.87119
vn 0.00663 0.999267 0.03770
vn -0.12596 0.98903 0.07711
vn -0.03723 0.99843 -0.04183
vn -0.03762 0.99893 -0.02700
vn 0.05695 0.99666 0.05853
vn 0.08467 0.91833 0.38664
vn -0.04306 0.90341 0.42661
vn -0.10782 0.47829 0.87156
vn -0.06028 0.49864 0.86471
vn -0.13194 0.06510 0.98912
vn 0.02169 0.01889 0.999586
vn -0.10649 0.07877 0.99119
vn 0.01607 0.35000 0.93661
vn -0.10386 0.01317 0.99451
vn -0.08811 0.01856 0.99594
vn 0.12177 0.37481 0.91907
vn 0.22728 0.72182 0.65369
vn 0.17391 0.70895 0.68348
vn 0.11236 0.99189 0.05939
vn 0.05475 0.99032 0.12755
vn 0.02239 0.99948 -0.02318
vn 0.26038 0.64039 0.72257
vn 0.15702 0.23996 0.95800
vn 0.21272 0.25402 0.94352
vn 0.07030 -0.04595 0.99647
vn -0.06606 -0.05505 0.99630
vn -0.08433 0.03754 0.99573
vn -0.02304 -0.00514 0.999721
vn 0.08427 -0.07630 0.99352
vn 0.16627 0.23000 0.95888
vn 0.10406 -0.07247 0.99193
vn -0.06896 0.13575 0.98834
vn -0.02233 0.55774 0.82971
vn 0.04174 0.44100 0.89654
vn 0.16255 0.96853 0.18849
vn -0.03200 0.12006 0.99225
vn 0.08539 -0.06069 0.99450
vn 0.05183 -0.09762 0.99387
vn 0.07477 0.00138 0.99720
vn 0.14513 -0.02601 0.98907
vn 0.03495 -0.00739 0.999362
vn -0.44875 0.10423 -0.88756
vn -0.39435 0.14433 -0.90756
vn -0.46645 0.03588 -0.88382
vn -0.44241 -0.01602 -0.89667
vn -0.45305 -0.01163 -0.89141
vn -0.43800 -0.05754 -0.89713
vn -0.47452 -0.13907 -0.86919
vn -0.40809 -0.05693 -0.91116
vn -0.37395 -0.09593 -0.92247
vn -0.31627 -0.06153 -0.94667
vn -0.25372 -0.10704 -0.96134
vn -0.22086 -0.09295 -0.97087
vn -0.20121 -0.12049 -0.97211
vn -0.22449 -0.26498 -0.93776
vn -0.21600 0.00229 -0.97639
vn -0.21132 0.15124 -0.96564
vn -0.27183 0.20038 -0.94125
vn -0.25955 0.38492 -0.88570
vn -0.40238 0.25342 -0.87970
vn -0.20803 0.23192 -0.95023
vn -0.19884 0.21412 -0.95636
vn -0.21689 0.14883 -0.96478
vn -0.17346 0.08121 -0.98149
vn -0.20784 -0.00022 -0.97816
vn 0.05797 0.07270 -0.99567
vn -0.29958 0.04046 -0.95321
vn -0.42634 -0.14982 -0.89207
vn -0.19132 -0.15870 -0.96861
vn -0.02926 -0.21438 -0.97631
vn -0.04426 -0.19529 -0.97975
vn -0.22524 -0.25707 -0.93978
vn -0.04349 0.20775 -0.97721
vn -0.02743 0.28900 -0.95694
vn 0.02909 0.21667 -0.97581
vn -0.03263 -0.19615 -0.98003
vn -0.10320 -0.06007 -0.99285
vn 0.05833 -0.11534 -0.99161
vn -0.20277 0.04435 -0.97822
vn -0.07543 0.39011 -0.91767
vn -0.11186 0.33051 -0.93715
vn -0.08478 0.26232 -0.96125
vn -0.15868 0.08197 -0.98392
vn -0.13329 0.02615 -0.99073
vn -0.10988 0.02311 -0.99368
vn -0.14342 0.24477 -0.95892
vn -0.17360 0.05897 -0.98305
vn -0.33740 0.00679 -0.94134
vn -0.16357 0.10520 -0.98091
vn -0.14559 0.04186 -0.98846
vn -0.23725 -0.07389 -0.96863
vn -0.17885 0.38103 -0.90710
vn -0.32286 0.05500 -0.94485
vn -0.13273 0.33191 -0.93393
vn -0.06800 0.19961 -0.97751
vn -0.02549 0.07953 -0.99651
vn -0.02561 0.07918 -0.99653
vn 0.00488 0.00403 -0.99998
vn 0.05390 -0.01591 -0.99842
vn 0.04756 0.09159 -0.99466
vn -0.15148 0.04253 -0.98755
vn -0.19582 0.29611 -0.93486
vn -0.14601 0.04805 -0.98812
vn -0.21190 -0.06859 -0.97488
vn -0.21061 -0.00473 -0.97756
vn 0.00222 -0.11671 -0.99316
vn 0.01254 0.12246 -0.99239
vn -0.10098 0.03285 -0.99435
vn -0.12752 0.13768 -0.98223
vn -0.04170 0.23201 -0.97182
vn -0.04022 0.22221 -0.97417
vn 0.05577 0.16200 -0.98521
vn 0.07457 0.06478 -0.99511
vn 0.07600 0.00319 -0.99710
vn 0.15652 0.09231 -0.98335
vn 0.11605 0.18776 -0.97534
vn 0.16176 0.14973 -0.97540
vn 0.15039 0.14081 -0.97855
vn 0.11504 0.18356 -0.97625
vn -0.00666 -0.12126 -0.99260
vn -0.01842 -0.18985 -0.98164
vn -0.25843 -0.11313 -0.95938
vn -0.19925 -0.24813 -0.94801
vn -0.00850 -0.11504 -0.99332
vn -0.19282 -0.22086 -0.95606
vn 0.14119 0.06137 -0.98808
vn 0.17436 0.18991 -0.96620
vn 0.08490 0.02558 -0.99606
vn -0.02289 -0.09502 -0.99521
vn 0.14910 -0.12198 -0.98127
vn -0.01001 -0.18314 -0.98303
vn -0.01263 -0.11294 -0.99352
vn 0.03752 -0.01330 -0.999208
vn 0.04760 -0.06558 -0.99671
vn -0.05560 -0.27843 -0.95885
vn -0.08457 -0.26543 -0.96041
vn -0.11076 -0.02550 -0.99352
vn -0.01412 -0.17623 -0.98425
vn -0.03947 -0.16606 -0.98533
vn -0.01273 -0.18224 -0.98317
vn 0.10446 -0.08991 -0.99046
vn 0.07529 0.03359 -0.99660
vn 0.07135 0.03750 -0.99675
vn 0.07863 0.09758 -0.99212
vn 0.16278 0.16779 -0.97229
vn 0.21279 0.15400 -0.96489
vn 0.20110 0.19090 -0.96079
vn 0.09647 0.04111 -0.99449
vn 0.19588 -0.05978 -0.97880
vn 0.19918 -0.04146 -0.97908
vn 0.10452 -0.09493 -0.98998
vn 0.07803 -0.08245 -0.99354
vn 0.07833 -0.09267 -0.99261
vn 0.00733 -0.06817 -0.99765
vn 0.18870 -0.02150 -0.98180
vn 0.12464 0.01008 -0.99215
vn 0.12391 0.03666 -0.99162
vn 0.18703 -0.03176 -0.98184
vn 0.30128 -0.00254 -0.95353
vn 0.28586 0.16042 -0.94475
vn 0.38100 0.19919 -0.90286
vn 0.44498 0.14398 -0.88389
vn 0.22631 -0.02776 -0.97366
vn 0.31996 0.08861 -0.94328
vn 0.36974 -0.02160 -0.92888
vn 0.39044 0.22614 -0.89243
vn 0.40210 0.22491 -0.88754
vn 0.44123 0.12621 -0.88848
vn 0.24001 0.18186 -0.95359
vn 0.13854 -0.04071 -0.98952
vn 0.15942 -0.05802 -0.98550
vn 0.18296 0.07398 -0.98033
vn 0.21381 0.04000 -0.97606
vn 0.41886 0.20934 -0.88359
vn 0.42375 0.13521 -0.89563
vn 0.17161 0.12535 -0.97716
vn 0.26923 0.18320 -0.94549
vn 0.25515 0.17771 -0.95043
vn 0.26632 0.16318 -0.94997
vn -0.09259 0.06337 -0.99369
vn 0.03984 -0.17110 -0.98445
vn -0.35643 -0.04937 -0.93302
vn -0.26954 -0.21056 -0.93969
vn -0.23601 0.06471 -0.96959
vn 0.15188 0.03055 -0.98793
vn 0.14306 0.04303 -0.98878
vn 0.14911 0.20761 -0.96678
vn 0.23435 0.20915 -0.94939
vn 0.17956 0.17273 -0.96846
vn 0.15430 0.03134 -0.98753
vn -0.22608 0.23183 -0.94612
vn -0.22618 0.23201 -0.94605
vn -0.51030 -0.19045 -0.83864
vn -0.49919 -0.21340 -0.83980
vn -0.47887 -0.16909 -0.86145
vn -0.40307 -0.26416 -0.87621
vn -0.35335 0.00209 -0.93549
vn -0.28609 -0.06668 -0.95588
vn -0.26824 0.20298 -0.94173
vn -0.06088 0.34517 -0.93656
vn -0.38920 0.00563 -0.92114
vn -0.41791 0.13583 -0.89828
vn -0.11425 0.30128 -0.94667
vn -0.10181 0.28001 -0.95458
vn -0.08726 0.36595 -0.92654
vn 0.13350 0.16426 -0.97734
vn -0.22502 0.28576 -0.93151
vn -0.22457 0.34702 -0.91057
vn -0.34670 -0.23577 -0.90786
vn -0.34605 -0.23836 -0.90743
vn -0.28175 0.00082 -0.95949
vn -0.24240 -0.06964 -0.96767
vn -0.18824 0.25538 -0.94834
vn -0.07929 0.43430 -0.89727
vn -0.07522 0.37408 -0.92434
vn -0.05003 0.39337 -0.91802
vn -0.09664 0.27807 -0.95569
vn -0.05892 0.41926 -0.90595
vn -0.15559 -0.06377 -0.98576
vn -0.05580 0.23520 -0.97034
vn -0.10548 -0.12275 -0.98682
vn -0.03092 0.23966 -0.97036
vn 0.07681 0.11189 -0.99075
vn 0.02695 -0.08735 -0.99581
vn -0.03233 0.42253 -0.90577
vn 0.01266 0.36265 -0.93184
vn -0.04368 0.40340 -0.91398
vn -0.03808 0.38874 -0.92056
vn -0.13867 0.27849 -0.95037
vn 0.02935 0.36373 -0.93104
vn -0.15918 0.28207 -0.94610
vn -0.13497 0.58287 -0.80128
vn -0.15220 0.60397 -0.78234
vn -0.31092 0.49022 -0.81425
vn -0.27454 0.46270 -0.84293
vn -0.26652 0.14999 -0.95209
vn -0.14512 0.06078 -0.98755
vn -0.09121 0.20720 -0.97404
vn -0.09943 0.25371 -0.96216
vn 0.03291 0.38592 -0.92194
vn 0.03667 0.37858 -0.92484
vn 0.14708 0.10667 -0.98335
vn 0.11309 0.43765 -0.89201
vn 0.05721 0.37802 -0.92403
vn -0.03869 0.13468 -0.99013
vn -0.20629 0.48340 -0.85075
vn -0.03354 -0.09502 -0.99491
vn -0.13981 0.16545 -0.97626
vn 0.07315 0.09073 -0.99319
vn -0.12512 0.09144 0.98792
vn -0.13297 0.08315 0.98763
vn -0.05713 0.07978 0.99517
vn -0.02117 0.17277 0.98474
vn 0.03857 0.18388 0.98219
vn -0.09810 -0.06192 0.99325
vn 0.12103 0.08470 0.98903
vn -0.17408 -0.00395 0.98472
vn -0.12160 0.11860 0.98547
vn 0.11037 0.11202 0.98756
vn 0.01879 0.25926 0.96563
vn 0.08096 0.25339 0.96397
vn -0.16321 0.31920 0.93353
vn 0.14382 0.39514 0.90729
vn -0.06877 0.01071 0.99758
vn -0.13612 0.15691 0.97819
vn -0.04565 0.23970 0.96977
vn -0.04893 0.17776 0.98286
vn 0.02383 0.23184 0.97246
vn 0.03209 0.22106 0.97473
vn 0.09089 0.22687 0.96968
vn -0.03234 0.17849 0.98341
vn -0.01557 0.10850 0.99397
vn 0.00209 0.10142 0.99484
vn 0.01396 0.01614 0.999772
vn -0.00563 0.02769 0.999601
vn 0.02125 0.05227 0.99841
vn 0.00694 0.12916 0.99160
vn -0.01129 0.05826 0.99824
vn 0.00938 0.01794 0.999795
vn -0.00807 -0.07568 0.99710
vn -0.04311 -0.03645 0.99841
vn -0.07651 0.05361 0.99563
vn -0.07747 -0.01195 0.99692
vn -0.04531 -0.08737 0.99515
vn -0.08006 -0.11440 0.99020
vn -0.03588 -0.09621 0.99471
vn -0.00957 -0.05727 0.99831
vn -0.02092 -0.06265 0.99782
vn -0.04116 -0.15561 0.98696
vn -0.04776 -0.18924 0.98077
vn -0.06642 -0.16832 0.98349
vn -0.07081 -0.20414 0.97638
vn -0.08772 -0.18540 0.97874
vn -0.17451 -0.25199 0.95187
vn -0.17568 -0.35659 0.91759
vn -0.09109 -0.28026 0.95559
vn -0.20618 -0.32523 0.92288
vn -0.08374 -0.29943 0.95044
vn -0.06919 -0.30303 0.95047
vn -0.07032 -0.30411 0.95004
vn -0.01652 -0.21878 0.97563
vn -0.08026 -0.29706 0.95148
vn -0.18360 -0.42150 0.88805
vn -0.18404 -0.32225 0.92859
vn -0.25553 -0.51787 0.81640
vn -0.31759 -0.38954 0.86452
vn -0.12378 -0.47224 0.87274
vn -0.17335 -0.35375 0.91914
vn -0.15944 -0.44540 0.88102
vn -0.08053 -0.35496 0.93141
vn 0.02716 -0.20561 0.97826
vn -0.06886 -0.16643 0.98365
vn -0.11501 -0.43584 0.89265
vn 0.09730 -0.38516 0.91771
vn -0.35335 -0.45952 0.81485
vn -0.09105 -0.47967 0.87271
vn -0.31196 -0.41405 0.85513
vn -0.38045 -0.37509 0.84532
vn -0.07416 -0.24271 0.96726
vn -0.31025 -0.28941 0.90553
vn -0.30589 -0.19944 0.93094
vn -0.26852 -0.26687 0.92557
vn 0.11106 -0.06214 0.99187
vn 0.14636 -0.16737 0.97497
vn 0.14578 -0.07843 0.98620
vn 0.15423 -0.07047 0.98552
vn 0.08119 -0.02551 0.99637
vn 0.07733 -0.00753 0.99698
vn 0.15673 -0.11208 0.98126
vn 0.08014 -0.17280 0.98169
vn 0.13777 -0.23030 0.96332
vn 0.10966 0.02435 0.99367
vn 0.14481 -0.09990 0.98440
vn 0.16479 -0.08927 0.98228
vn -0.25640 -0.10192 0.96118
vn 0.03414 0.10686 0.99369
vn -0.24175 -0.37271 0.89590
vn -0.17673 -0.18181 0.96732
vn -0.18089 -0.32749 0.92738
vn -0.15337 -0.33533 0.92953
vn -0.14614 -0.35620 0.92291
vn -0.17742 -0.88485 0.43078
vn -0.16578 -0.87431 0.45617
vn -0.07859 -0.80938 0.58201
vn 0.03469 -0.87193 0.48841
vn -0.00796 -0.83115 0.55600
vn -0.05986 -0.80132 0.59523
vn 0.08172 -0.79920 0.59548
vn 0.11411 -0.82188 0.55811
vn 0.02834 -0.86958 0.49298
vn 0.01841 -0.86449 0.50231
vn 0.01251 -0.24879 0.96848
vn -0.10985 -0.41004 0.90543
vn -0.04145 -0.87234 0.48714
vn -0.02013 -0.88299 0.46896
vn -0.02551 -0.02608 0.999335
vn -0.00239 -0.03659 0.999328
vn 0.11754 -0.38631 0.91485
vn -0.15029 -0.28899 0.94546
vn -0.12387 -0.40184 0.90730
vn -0.08724 -0.99540 0.03954
vn 0.04706 -0.99864 -0.02248
vn -0.01847 -0.99586 -0.08903
vn -0.05272 -0.99850 0.01492
vn 0.00205 -0.99655 -0.08300
vn -0.00522 -0.99608 -0.08834
vn -0.03428 -0.99620 -0.08009
vn 0.02271 -0.99192 -0.12480
vn 0.06989 -0.99654 0.04504
vn -0.03992 -0.87182 0.48819
vn -0.06059 -0.99772 0.02969
vn -0.15510 -0.42731 0.89070
vn -0.17341 -0.75895 0.62764
vn 0.16361 -0.32911 0.93001
vn 0.23574 -0.63229 0.73799
vn 0.17630 -0.75447 0.63222
vn 0.16232 -0.71465 0.68039
vn 0.19448 -0.73659 0.64778
vn 0.07239 -0.98327 0.16717
vn 0.08490 -0.98804 0.12872
vn 0.02090 -0.999043 -0.03843
vn -0.01567 -0.999545 -0.02576
vn 0.01220 -0.999863 -0.01118
vn 0.00827 -0.999015 -0.04360
vn 0.01315 -0.999885 -0.00756
vn -0.00600 -0.999575 0.02853
vn -0.00810 -0.999787 0.01899
vn -0.00166 -0.999601 0.02821
vn -0.04555 -0.99604 -0.07640
vn 0.01166 -0.999899 -0.00817
vn 0.01515 -0.999763 0.01563
vn 0.00658 -0.999934 0.00940
vn 0.02094 -0.98792 -0.15353
vn 0.13118 -0.95465 -0.26726
vn 0.08575 -0.98630 -0.14096
vn 0.01893 -0.95671 -0.29043
vn -0.06458 -0.99386 -0.08987
vn 0.02609 -0.87482 -0.48374
vn -0.02277 -0.95875 -0.28335
vn -0.16015 -0.90312 -0.39840
vn -0.15650 -0.98157 -0.10970
vn -0.10042 -0.98729 -0.12321
vn -0.16312 -0.68498 -0.71007
vn -0.15311 -0.69042 -0.70702
vn -0.24282 -0.72196 -0.64792
vn -0.46879 -0.54762 -0.69307
vn -0.21615 -0.47017 -0.85570
vn -0.26641 -0.53744 -0.80012
vn -0.10684 -0.47993 -0.87078
vn -0.15326 -0.51331 -0.84441
vn -0.04125 -0.53455 -0.84413
vn 0.11116 -0.47938 -0.87054
vn 0.07448 -0.52191 -0.84974
vn 0.07941 -0.55549 -0.82772
vn 0.14304 -0.49806 -0.85527
vn 0.22940 -0.60872 -0.75950
vn -0.00116 -0.999908 0.01349
vn 0.01854 -0.98746 -0.15680
vn 0.14262 -0.66949 -0.72900
vn 0.17112 -0.22288 -0.95971
vn 0.10693 -0.64745 -0.75457
vn 0.17180 -0.22282 -0.95960
vn 0.14956 -0.07508 -0.98590
vn 0.24564 -0.13862 -0.95940
vn -0.03943 0.05620 -0.99764
vn 0.17305 -0.05510 -0.98337
vn -0.15503 -0.06747 -0.98560
vn 0.00718 -0.15913 -0.98723
vn -0.08439 -0.19854 -0.97645
vn -0.11442 -0.16187 -0.98016
vn -0.43222 -0.20827 -0.87739
vn -0.37028 -0.10777 -0.92265
vn -0.45092 -0.07542 -0.88937
vn -0.06510 -0.08613 -0.99416
vn -0.23067 0.05467 -0.97149
vn -0.08825 -0.26331 -0.96067
vn 0.15208 -0.22407 -0.96263
vn 0.12377 -0.97879 -0.16322
vn 0.02202 -0.69496 -0.71871
vn 0.00097 -0.999769 0.02145
vn -0.00052 -0.99995 0.00999
vn 0.00005 -0.999952 0.00984
vn -0.00251 -0.999914 -0.01290
vn -0.00397 -0.999978 0.00532
vn -0.00631 -0.999801 -0.01892
vn -0.00112 -0.9999 -0.01412
vn -0.02391 -0.98948 0.14266
vn 0.00933 -0.98508 0.17182
vn -0.06159 -0.98622 0.15355
vn 0.06063 -0.92324 0.37940
vn 0.05709 -0.92385 0.37848
vn 0.04570 -0.92184 0.38487
vn 0.08427 -0.96008 0.26672
vn -0.00494 -0.999814 -0.01865
vn -0.04498 -0.96659 0.25236
vn 0.14737 -0.44164 0.88501
vn 0.37370 -0.36854 0.85119
vn 0.18745 -0.13834 0.97248
vn 0.16817 -0.14598 0.97489
vn 0.10044 -0.09477 0.99042
vn -0.18467 -0.29694 0.93687
vn 0.00595 -0.39352 0.91930
vn -0.10483 -0.47238 0.87514
vn 0.03090 -0.54446 0.83822
vn 0.00531 -0.55880 0.82928
vn -0.04963 -0.97583 0.21281
vn 0.00779 -0.99989 -0.01261
vn 0.00669 -0.999879 -0.01407
vn -0.01607 -0.97217 0.23372
vn 0.16393 -0.10981 0.98034
vn -0.00434 -0.04383 0.99903
vn 0.02574 -0.02017 0.999465
vn -0.01578 0.00770 0.999846
vn 0.09572 0.07538 0.99255
vn 0.10296 0.06954 0.99225
vn 0.15311 0.08942 0.98415
vn 0.21555 0.02001 0.97629
vn 0.17266 0.01475 0.98487
vn 0.24791 -0.13042 0.95996
vn 0.26910 -0.14135 0.95268
vn 0.31258 -0.38968 0.86628
vn 0.21014 -0.48081 0.85127
vn 0.30354 -0.71620 0.62843
vn 0.28518 -0.77037 0.57027
vn 0.09805 -0.17512 0.97965
vn 0.10015 -0.63042 0.76977
vn 0.12153 -0.03523 0.99196
vn 0.02904 -0.23421 0.97175
vn 0.03286 -0.23306 0.97191
vn 0.08206 -0.28084 0.95624
vn 0.15873 -0.24288 0.95698
vn 0.11400 -0.19938 0.97327
vn 0.30857 -0.18368 0.93330
vn 0.17611 0.02476 0.98406
vn 0.06739 0.00877 0.99769
vn 0.35706 -0.10695 0.92794
vn -0.01092 -0.09278 0.99563
vn -0.00516 -0.12403 0.99227
vn 0.02217 0.03296 0.999211
vn 0.06649 -0.13341 0.98883
vn -0.09729 -0.02590 0.99492
vn 0.10353 -0.17879 0.97843
vn 0.00546 -0.21503 0.97659
vn 0.24248 -0.09930 0.96506
vn 0.10298 0.13756 0.98513
vn 0.21358 -0.27107 0.93856
vn 0.15673 -0.22841 0.96087
vn 0.04198 -0.20552 0.97775
vn 0.02893 -0.18082 0.98309
vn 0.00419 -0.19020 0.98174
vn -0.05069 -0.15360 0.98683
vn -0.09288 -0.17231 0.98065
vn 0.07995 -0.00211 0.99680
vn -0.20051 -0.09672 0.97490
vn 0.07651 -0.02631 0.99672
vn 0.02043 -0.17847 0.98373
vn 0.04013 -0.06987 0.99675
vn 0.06334 -0.08981 0.99394
vn 0.13734 -0.08068 0.98723
vn 0.18360 -0.19036 0.96439
vn 0.30057 -0.23373 0.92468
vn 0.33367 -0.33159 0.88245
vn 0.13677 -0.08261 0.98715
vn 0.00570 -0.09233 0.99571
vn 0.03676 -0.05831 0.99762
vn 0.09250 -0.02222 0.99546
vn 0.04940 -0.02862 0.99837
vn 0.01547 0.00951 0.999835
vn 0.02197 -0.05857 0.99804
vn 0.01585 -0.09947 0.99491
vn -0.05066 -0.12470 0.99090
vn -0.12850 -0.06123 0.98982
vn -0.20051 -0.08806 0.97573
vn -0.06726 -0.15244 0.98602
vn 0.05770 -0.00721 0.99831
vn -0.12649 -0.04946 0.99073
vn -0.00342 -0.02933 0.999564
vn 0.00432 0.00678 0.999968
vn -0.07560 0.15649 0.98478
vn 0.02223 0.08394 0.99622
vn 0.04138 0.09365 0.99474
vn 0.10022 0.04840 0.99379
vn 0.10547 0.05128 0.99310
vn 0.10184 0.05350 0.99336
vn -0.09569 0.00556 0.99540
vn 0.12347 -0.01983 0.99215
vn 0.09702 -0.08817 0.99137
vn -0.07310 -0.07146 0.99476
vn -0.10456 -0.13337 0.98554
vn 0.12182 -0.12261 0.98495
vn -0.08127 -0.22613 0.97070
vn 0.13542 -0.32616 0.93556
vn -0.06973 -0.21178 0.97483
vn 0.13250 -0.33266 0.93369
vn -0.06230 -0.38775 0.91966
vn 0.08956 -0.28737 0.95362
vn -0.18725 -0.16174 0.96891
vn -0.18444 -0.24375 0.95214
vn -0.20792 -0.26126 0.94261
vn -0.11502 -0.08574 0.98966
vn -0.11684 -0.05119 0.99183
vn -0.19875 -0.18562 0.96231
vn 0.08289 -0.34745 0.93403
vn -0.07619 -0.14365 0.98669
vn 0.00559 0.12965 0.99154
vn 0.04971 0.00603 0.99875
vn 0.06093 0.01546 0.99802
vn 0.06397 -0.16029 0.98500
vn 0.04679 -0.18392 0.98183
vn -0.06731 0.07539 0.99488
vn -0.05748 0.16374 0.98483
vn -0.09612 0.07009 0.99290
vn -0.13327 -0.04092 0.99024
vn -0.12574 0.21328 0.96887
vn -0.20549 0.18289 0.96142
vn -0.20608 0.16864 0.96389
vn -0.33048 0.13266 0.93444
vn -0.32463 0.00242 0.94584
vn -0.13691 0.11582 0.98379
vn -0.12783 -0.04765 0.99065
vn 0.08922 -0.04173 0.99514
vn 0.09304 -0.02210 0.99542
vn -0.00817 0.07881 0.99686
vn 0.28317 -0.23188 0.93062
vn 0.05323 -0.03055 0.99811
vn 0.07431 0.04217 0.99634
vn 0.21309 -0.23707 0.94784
vn 0.15424 -0.30176 0.94082
vn 0.13365 -0.09197 0.98675
vn 0.07783 -0.27900 0.95713
vn 0.02345 -0.32065 0.94691
vn -0.07504 -0.11252 0.99081
vn -0.01147 0.04135 0.999079
vn 0.12539 -0.00659 0.99209
vn 0.00632 0.01954 0.999789
vn 0.07229 -0.26157 0.96247
vn -0.00619 -0.30696 0.95170
vn -0.29067 -0.37220 0.88147
vn -0.15591 -0.02226 0.98752
vn -0.18966 0.02304 0.98158
vn -0.20047 0.00758 0.97967
vn -0.04562 -0.00719 0.99893
vn -0.20449 0.01274 0.97879
vn -0.09976 0.00670 0.99499
vn -0.27677 -0.00243 0.96093
vn -0.18541 -0.43767 0.87981
vn -0.14773 -0.41714 0.89675
vn 0.17000 -0.48644 0.85702
vn 0.43350 -0.00295 0.90115
vn 0.11083 0.23521 0.96560
vn 0.06491 -0.12708 0.98977
vn 0.31384 -0.01853 0.94930
vn -0.11960 -0.01370 0.99273
vn 0.33221 -0.09419 0.93849
vn -0.19199 0.02674 0.98103
vn -0.10629 -0.08084 0.99104
vn -0.27518 0.02555 0.96105
vn 0.39793 -0.00413 0.91741
vn 0.32908 0.05246 0.94284
vn 0.10215 0.00317 0.99476
vn 0.18762 -0.04629 0.98115
vn 0.31083 -0.01736 0.95031
vn 0.08377 -0.09106 0.99232
vn 0.27810 -0.14169 0.95005
vn 0.42792 -0.00437 0.90381
vn -0.09499 -0.04039 0.99466
vn -0.03363 -0.05830 0.99773
vn 0.20474 0.18433 0.96130
vn -0.05859 0.15100 0.98680
vn 0.05225 0.11268 0.99226
vn 0.34981 0.22613 0.90912
vn 0.21517 0.17992 0.95986
vn -0.23732 0.25506 0.93735
vn 0.14647 0.34496 0.92712
vn -0.26267 0.23065 0.93691
vn -0.21871 0.24412 0.94476
vn -0.23306 0.09624 0.96769
vn 0.15039 0.10319 0.98323
vn 0.08261 0.14309 0.98626
vn 0.25931 -0.08151 0.96235
vn -0.04762 0.01845 0.99870
vn 0.12362 -0.33967 0.93239
vn -0.07753 -0.28809 0.95446
vn -0.15158 0.09300 0.98406
vn -0.05226 -0.49374 0.86804
vn -0.09754 -0.47800 0.87293
vn -0.10128 0.08051 0.99159
vn -0.07009 -0.02757 0.99716
vn -0.05833 0.01940 0.99811
vn 0.10469 -0.10581 0.98886
vn -0.08913 -0.13661 0.98661
vn -0.06582 -0.08770 0.99397
vn -0.16464 -0.12486 0.97842
vn -0.18505 0.01220 0.98265
vn -0.21307 -0.01225 0.97696
vn -0.22813 0.00682 0.97361
vn -0.21277 0.06568 0.97489
vn -0.17069 0.04005 0.98451
vn -0.17970 -0.37077 0.91117
vn -0.02479 -0.48119 0.87627
vn 0.14403 -0.98532 0.09170
vn -0.08805 -0.99182 0.09246
vn 0.02420 -0.999685 -0.00664
vn 0.24905 -0.82715 0.50378
vn -0.13437 -0.98751 0.08231
vn 0.25807 -0.59720 0.75944
vn -0.04703 -0.79839 0.60030
vn -0.00290 -0.60738 0.79440
vn 0.07511 -0.99717 0.00245
vn 0.01952 -0.999342 -0.03056
vn -0.15088 -0.01621 0.98842
vn 0.09225 -0.98396 0.15266
vn -0.00793 -0.999004 -0.04391
vn -0.00937 -0.999636 -0.02529
vn -0.04723 -0.96694 0.25060
vn -0.13744 -0.97718 0.16196
vn 0.07204 -0.33860 0.93817
vn -0.20260 -0.66743 0.71659
vn -0.22329 0.06193 0.97278
vn -0.23688 -0.05034 0.97023
vn -0.20242 -0.11497 0.97253
vn -0.13111 -0.05060 0.99008
vn -0.19548 0.05223 0.97932
vn -0.12503 -0.02876 0.99174
vn -0.19801 0.04907 0.97897
vn -0.16144 -0.68460 0.71082
vn -0.07121 -0.64925 0.75723
vn 0.05679 -0.99654 0.06063
vn -0.18845 -0.13905 0.97219
vn -0.15144 -0.01718 0.98832
vn 0.01693 0.03375 0.999287
vn 0.01864 0.02835 0.999424
vn -0.26293 -0.26314 0.92824
vn 0.04252 -0.66476 0.74584
vn -0.14259 0.08237 0.98635
vn -0.28097 -0.06736 0.95735
vn -0.16313 -0.27130 0.94857
vn -0.16158 0.12231 0.97925
vn -0.21405 -0.02734 0.97644
vn -0.21667 -0.02863 0.97582
vn -0.19017 -0.13959 0.97178
vn -0.10308 -0.12330 0.98700
vn -0.08576 -0.08121 0.99300
vn -0.05855 -0.07682 0.99532
vn -0.37724 -0.09460 0.92127
vn -0.34628 -0.07523 0.93511
vn -0.38754 -0.05084 0.92045
vn -0.35237 -0.09747 0.93077
vn -0.28023 -0.02172 0.95969
vn -0.28935 -0.01008 0.95717
vn -0.22757 0.14831 0.96240
vn -0.53383 0.14806 0.83253
vn -0.41822 0.08531 0.90433
vn -0.48677 0.01107 0.87346
vn -0.50188 -0.01343 0.86483
vn -0.52701 0.00570 0.84984
vn -0.52874 0.01072 0.84872
vn -0.56930 -0.05788 0.82009
vn -0.55882 -0.07371 0.82601
vn -0.18044 -0.12589 0.97550
vn -0.13371 -0.04050 0.99019
vn -0.21020 -0.06421 0.97555
vn -0.36008 -0.08735 0.92882
vn 0.01653 0.21427 0.97663
vn 0.04132 0.02603 0.99881
vn 0.03666 0.02887 0.99891
vn 0.03030 -0.00702 0.999516
vn -0.17104 0.10917 0.97920
vn -0.16801 -0.13006 0.97717
vn -0.28519 -0.02412 0.95817
vn 0.24905 0.04289 0.96754
vn 0.36554 0.00369 0.93079
vn 0.36662 0.07138 0.92763
vn 0.35213 0.08005 0.93252
vn 0.35131 0.13101 0.92705
vn 0.42760 0.09427 0.89904
vn 0.25370 0.13647 0.95761
vn 0.44415 0.05409 0.89432
vn 0.54519 0.18042 0.81867
vn -0.24367 -0.04853 0.96864
vn -0.37252 -0.07981 0.92458
vn -0.25767 0.00374 0.96623
vn -0.38028 0.00732 0.92484
vn -0.39891 0.05167 0.91553
vn -0.43173 0.03828 0.90119
vn -0.43368 -0.04484 0.89995
vn -0.55085 -0.06006 0.83244
vn -0.44504 -0.00257 0.89551
vn 0.33955 0.00196 0.94059
vn 0.33703 -0.00175 0.94149
vn 0.60088 0.06800 0.79644
vn 0.01310 0.20405 0.97887
vn -0.07399 0.08863 0.99331
vn -0.09487 0.11064 0.98932
vn -0.21451 -0.04151 0.97584
vn -0.19020 -0.06481 0.97960
vn -0.18962 -0.06313 0.97983
vn -0.20445 -0.05113 0.97754
vn -0.24239 -0.17637 0.95401
vn -0.22555 -0.18999 0.95553
vn -0.27011 -0.31166 0.91099
vn -0.72607 -0.22944 0.64821
vn -0.68925 -0.09290 0.71854
vn -0.73634 -0.21396 0.64190
vn -0.62340 -0.01204 0.78181
vn -0.68907 -0.09319 0.71868
vn -0.61861 -0.03561 0.78489
vn -0.63174 -0.02873 0.77465
vn 0.32121 0.02593 0.94665
vn -0.43650 0.04598 0.89853
vn 0.08056 -0.11735 0.98982
vn -0.59990 -0.00163 0.80007
vn -0.55182 -0.01034 0.83390
vn -0.51553 0.08205 0.85294
vn -0.56853 0.06966 0.81971
vn -0.56305 0.06660 0.82373
vn -0.56413 0.06626 0.82302
vn -0.22895 -0.03727 0.97272
vn 0.03764 0.08831 0.99538
vn 0.12285 0.04867 0.99123
vn 0.11886 0.04556 0.99186
vn -0.52490 0.05078 0.84965
vn -0.62954 -0.04398 0.77572
vn -0.81926 0.00676 0.57338
vn -0.86575 -0.05542 0.49741
vn -0.83757 -0.10208 0.53671
vn -0.83491 -0.09075 0.54286
vn -0.83921 -0.08449 0.53720
vn -0.83895 -0.08351 0.53777
vn -0.77811 -0.20415 0.59403
vn -0.51256 0.04159 0.85765
vn -0.81362 -0.06429 0.57783
vn -0.48244 0.04283 0.87488
vn -0.50831 0.03082 0.86062
vn -0.49096 -0.04531 0.87001
vn 0.14020 0.00686 0.99010
vn -0.32256 0.06945 0.94400
vn -0.51254 -0.03710 0.85786
vn -0.82077 0.01237 0.57112
vn -0.84754 -0.03277 0.52972
vn 0.21011 0.03823 0.97693
vn -0.57398 0.04488 0.81764
vn -0.53721 0.00095 0.84345
vn -0.13166 -0.00662 0.99127
vn -0.21366 -0.07345 0.97414
vn -0.26874 0.00510 0.96320
vn -0.68895 0.05089 0.72302
vn -0.80404 -0.02655 0.59398
vn 0.17676 -0.06231 0.98228
vn -0.26264 0.02136 0.96466
vn -0.69154 0.04200 0.72112
vn -0.18807 0.12946 0.97359
vn -0.53425 0.01097 0.84526
vn -0.43700 -0.02359 0.89915
vn -0.56601 -0.00218 0.82440
vn 0.13399 0.00818 0.99095
vn 0.04299 -0.00652 0.999054
vn 0.07080 0.02853 0.99708
vn -0.22975 0.03838 0.97249
vn -0.15177 -0.07855 0.98529
vn -0.58092 -0.01931 0.81373
vn -0.61644 -0.03863 0.78645
vn 0.18175 -0.11949 0.97606
vn -0.21665 -0.13183 0.96731
vn -0.48289 0.05446 0.87398
vn 0.17733 0.11393 0.97753
vn -0.48617 0.04630 0.87264
vn -0.15881 -0.23157 0.95977
vn 0.44304 -0.12073 0.88834
vn 0.43338 -0.14313 0.88977
vn 0.17446 -0.12727 0.97640
vn -0.25344 -0.10302 0.96185
vn -0.60522 -0.13554 0.78443
vn -0.27149 -0.17933 0.94559
vn -0.57984 -0.01700 0.81456
vn -0.66933 -0.04949 0.74131
vn 0.19316 -0.16234 0.96764
vn -0.06810 -0.10120 0.99253
vn 0.34218 -0.08944 0.93537
vn 0.31921 -0.24190 0.91629
vn 0.32583 -0.23936 0.91463
vn -0.11944 -0.01000 0.99279
vn -0.57380 -0.00147 0.81899
vn 0.08483 -0.08312 0.99292
vn -0.31608 -0.23315 0.91964
vn -0.20965 -0.27412 0.93857
vn 0.10458 -0.22123 0.96960
vn 0.06377 -0.05570 0.99641
vn -0.28661 -0.14178 0.94750
vn 0.12883 -0.19812 0.97167
vn 0.04528 0.23691 0.97048
vn -0.64653 0.04919 0.76130
vn -0.63104 -0.01900 0.77552
vn -0.41121 0.16260 0.89692
vn -0.42418 -0.25512 0.86890
vn -0.29076 -0.15067 0.94486
vn -0.23482 -0.20248 0.95072
vn -0.39208 -0.27887 0.87664
vn -0.29806 -0.62952 0.71754
vn -0.56912 -0.29397 0.76791
vn -0.42367 -0.85468 0.30005
vn -0.33547 -0.88766 0.31546
vn -0.45409 -0.04724 0.88970
vn -0.45013 -0.05313 0.89138
vn -0.40111 -0.61905 0.67519
vn 0.07092 -0.97140 0.22661
vn -0.01158 -0.999612 0.02533
vn -0.24126 -0.96876 0.05753
vn 0.11666 -0.08773 0.98929
vn 0.00729 -0.01843 0.999804
vn 0.31716 -0.14646 0.93699
vn 0.06533 -0.22366 0.97248
vn 0.34733 -0.06502 0.93549
vn 0.09369 -0.12435 0.98781
vn 0.09385 -0.12459 0.98776
vn 0.20469 0.04102 0.97797
vn 0.02018 -0.20620 0.97830
vn -0.17285 -0.51074 0.84218
vn 0.14976 -0.96653 0.20832
vn 0.00238 -0.99776 0.06689
vn 0.01268 -0.999789 0.01618
vn -0.20992 -0.95032 0.22984
vn -0.00872 -0.99982 0.01687
vn -0.17507 -0.18510 0.96700
vn 0.09745 -0.44500 0.89021
vn 0.08472 -0.18666 0.97877
vn -0.10359 -0.47973 0.87128
vn 0.03365 -0.56972 0.82115
vn 0.02540 -0.99902 0.03625
vn -0.00912 -0.999849 0.01481
vn -0.02711 -0.99862 0.04497
vn -0.01138 -0.999543 0.02799
vn 0.05286 -0.56408 0.82402
vn 0.20252 -0.66056 0.72294
vn 0.01088 0.07782 0.99691
vn 0.14036 -0.01718 0.98995
vn 0.02760 0.08179 0.99627
vn -0.02640 0.13001 0.99116
vn -0.08495 0.12375 0.98867
vn -0.07860 0.04485 0.99590
vn 0.01107 0.01229 0.999863
vn 0.13893 0.05753 0.98863
vn 0.17896 0.02744 0.98347
vn 0.17061 -0.00939 0.98529
vn 0.27935 -0.13257 0.95099
vn 0.11077 -0.68711 0.71806
vn 0.11147 -0.68739 0.71769
vn 0.22531 -0.95028 0.21496
vn -0.01210 -0.999909 -0.00593
vn 0.00430 -0.999988 0.00250
vn -0.00491 -0.97448 0.22444
vn 0.32527 -0.50373 0.80028
vn 0.10614 -0.52186 0.84640
vn 0.09601 -0.51268 0.85319
vn 0.17540 -0.11409 0.97786
vn 0.04741 -0.16829 0.98460
vn 0.18623 -0.35576 0.91584
vn -0.19493 -0.31994 0.92717
vn -0.04876 -0.63359 0.77213
vn 0.24151 -0.76948 -0.59125
vn 0.21461 -0.24498 -0.94548
vn 0.20583 -0.25335 -0.94522
vn 0.22394 -0.29885 -0.92765
vn 0.14868 -0.46499 -0.87274
vn 0.21918 -0.30041 -0.92829
vn 0.16054 -0.48357 -0.86045
vn 0.06423 -0.35368 -0.93316
vn 0.14238 -0.47494 -0.86842
vn 0.01908 -0.45867 -0.88840
vn 0.02128 -0.52515 -0.85074
vn -0.13110 -0.35481 -0.92570
vn -0.05134 -0.35391 -0.93387
vn 0.02639 -0.23283 -0.97216
vn 0.09779 -0.36781 -0.92474
vn 0.11870 -0.23175 -0.96551
vn 0.05073 -0.12196 -0.99124
vn 0.06667 -0.13660 -0.98838
vn 0.01048 -0.13823 -0.99034
vn 0.00421 -0.12724 -0.99186
vn -0.12513 -0.33538 -0.93374
vn -0.10353 -0.42573 -0.89891
vn -0.10629 -0.26351 -0.95878
vn -0.30993 -0.26210 -0.91392
vn -0.09978 -0.15880 -0.98226
vn -0.09349 0.00015 -0.99562
vn 0.05534 -0.08923 -0.99447
vn -0.13817 -0.02567 -0.99008
vn -0.30196 -0.24886 -0.92027
vn -0.23427 -0.25733 -0.93749
vn -0.06130 -0.32972 -0.94209
vn 0.02419 -0.08388 -0.99618
vn -0.12636 -0.14382 -0.98150
vn -0.02445 -0.11926 -0.99256
vn -0.13476 0.00686 -0.99085
vn 0.05598 -0.10571 -0.99282
vn -0.19892 -0.00569 -0.98000
vn 0.11519 -0.13745 -0.98379
vn -0.01614 -0.33364 -0.94256
vn -0.24633 -0.22979 -0.94155
vn -0.26571 -0.20956 -0.94100
vn -0.07467 -0.21281 -0.97424
vn -0.16207 -0.06212 -0.98482
vn -0.13768 -0.02595 -0.99014
vn -0.11949 -0.13821 -0.98317
vn -0.12626 -0.13337 -0.98299
vn -0.12033 -0.43511 -0.89230
vn -0.19621 -0.37070 -0.90779
vn -0.20295 -0.39786 -0.89472
vn 0.00313 -0.36581 -0.93069
vn 0.06755 -0.16197 -0.98448
vn 0.07974 0.11809 -0.98980
vn -0.04718 -0.08301 -0.99543
vn 0.08395 -0.53577 -0.84018
vn -0.02528 -0.06611 -0.99749
vn 0.02731 0.11101 -0.99344
vn -0.27664 -0.30573 -0.91104
vn -0.22718 -0.12602 -0.96566
vn -0.28985 -0.33069 -0.89813
vn -0.28462 -0.30723 -0.90808
vn -0.25335 -0.37893 -0.89007
vn -0.25152 -0.17112 -0.95261
vn -0.20538 -0.26331 -0.94260
vn -0.20496 -0.04402 -0.97778
vn -0.19297 -0.06220 -0.97923
vn -0.19598 -0.17248 -0.96532
vn -0.13824 -0.07171 -0.98780
vn -0.07719 -0.10048 -0.99194
vn -0.18816 -0.20413 -0.96069
vn -0.21204 -0.18905 -0.95880
vn -0.26545 -0.04101 -0.96325
vn -0.38926 -0.18683 -0.90198
vn -0.38122 -0.15560 -0.91130
vn -0.21917 -0.13685 -0.96604
vn -0.17301 0.07683 -0.98192
vn -0.00896 0.15112 -0.98848
vn 0.00160 -0.49790 -0.86723
vn -0.01535 -0.51308 -0.85820
vn -0.05326 -0.99351 -0.10046
vn 0.00419 -0.999991 0.00074
vn -0.19600 0.10162 -0.97532
vn -0.25738 -0.49949 -0.82720
vn -0.41997 -0.03351 -0.90692
vn -0.41048 -0.19670 -0.89040
vn -0.34727 -0.33248 -0.87685
vn -0.32395 -0.20831 -0.92285
vn -0.21150 0.02942 -0.97694
vn -0.07565 -0.11424 -0.99057
vn -0.20222 -0.03701 -0.97864
vn -0.22453 -0.10693 -0.96858
vn -0.23342 -0.16656 -0.95800
vn -0.18725 -0.20239 -0.96124
vn -0.19549 -0.12877 -0.97222
vn -0.34413 -0.23296 -0.90956
vn -0.38595 -0.06338 -0.92034
vn -0.39885 -0.08509 -0.91306
vn -0.36439 -0.07829 -0.92795
vn -0.22196 -0.53039 -0.81818
vn -0.30389 -0.59357 -0.74521
vn -0.07213 -0.99663 0.03903
vn 0.00112 -0.95770 -0.28775
vn -0.10008 -0.95729 -0.27126
vn -0.04725 -0.91577 -0.39892
vn -0.26738 -0.60775 -0.74776
vn -0.17382 -0.43618 -0.88291
vn -0.26558 -0.14660 -0.95288
vn -0.28125 -0.44730 -0.84901
vn -0.09355 -0.20558 -0.97416
vn -0.08057 -0.07511 -0.99392
vn -0.07859 -0.20445 -0.97572
vn -0.03309 0.07218 -0.99684
vn -0.24054 0.13010 -0.96188
vn -0.17764 0.00605 -0.98408
vn -0.21351 -0.10647 -0.97112
vn -0.17348 -0.19190 -0.96596
vn -0.12091 -0.21337 -0.96946
vn -0.04938 -0.10910 -0.99280
vn -0.28902 -0.43970 -0.85037
vn -0.10498 -0.39721 -0.91170
vn -0.11971 -0.90563 -0.40682
vn -0.25354 -0.92934 -0.26842
vn 0.04015 -0.99539 -0.08713
vn 0.00058 -0.99873 -0.05047
vn 0.01424 -0.99864 -0.05013
vn 0.01478 -0.99178 -0.12707
vn 0.02444 -0.99065 -0.13420
vn -0.11384 -0.39067 -0.91347
vn -0.10734 -0.10595 -0.98856
vn -0.04120 -0.35558 -0.93374
vn -0.15406 -0.16641 -0.97395
vn -0.12111 -0.21547 -0.96897
vn -0.30477 -0.03829 -0.95166
vn -0.16531 -0.21948 -0.96151
vn -0.22480 0.10558 -0.96867
vn -0.25129 -0.01769 -0.96775
vn -0.15594 -0.09663 -0.98303
vn -0.14528 -0.23108 -0.96203
vn -0.07249 -0.23467 -0.96937
vn -0.02846 -0.20936 -0.97742
vn 0.25071 -0.52857 -0.81103
vn -0.02461 -0.60609 -0.79501
vn -0.06376 -0.98384 -0.16732
vn 0.00996 -0.99846 -0.05458
vn -0.01164 -0.999463 -0.03063
vn -0.07517 -0.99632 -0.04127
vn 0.18733 -0.76674 -0.61402
vn 0.06474 -0.31094 -0.94822
vn -0.09951 -0.24282 -0.96496
vn -0.07675 -0.27141 -0.95940
vn -0.16504 -0.09978 -0.98123
vn -0.07852 -0.19545 -0.97757
vn -0.25790 0.09640 -0.96135
vn -0.15306 0.01084 -0.98816
vn -0.24807 -0.01922 -0.96855
vn -0.27193 -0.00063 -0.96232
vn -0.05277 -0.37759 -0.92447
vn 0.03588 -0.44245 -0.89608
vn 0.10675 -0.41966 -0.90138
vn -0.08843 -0.79533 -0.59969
vn -0.03245 -0.99771 0.05930
vn -0.09850 -0.99285 0.06742
vn 0.08033 -0.93433 -0.34725
vn 0.03608 -0.43586 -0.89929
vn -0.13919 0.01989 -0.99007
vn -0.14563 0.03221 -0.98881
vn -0.03850 0.05061 -0.99798
vn -0.09568 0.00625 -0.99539
vn -0.09538 -0.17956 -0.97911
vn -0.11072 -0.19463 -0.97461
vn -0.09831 -0.27367 -0.95679
vn -0.04587 -0.33305 -0.94179
vn -0.10822 -0.32248 -0.94037
vn -0.07998 -0.49749 -0.86377
vn -0.03866 -0.52055 -0.85295
vn -0.02563 -0.61812 -0.78567
vn 0.12283 -0.48391 -0.86645
vn -0.02517 -0.98716 0.15774
vn -0.14243 -0.58818 -0.79609
vn -0.21433 -0.58070 -0.78540
vn -0.18266 -0.62991 -0.75489
vn -0.17054 -0.36585 -0.91492
vn -0.16388 -0.37124 -0.91396
vn -0.08638 -0.22464 -0.97061
vn -0.02137 0.22834 -0.97335
vn -0.03029 0.18232 -0.98277
vn -0.16991 0.08588 -0.98171
vn -0.06976 -0.21633 -0.97383
vn -0.17903 -0.17367 -0.96839
vn -0.25485 -0.38983 -0.88492
vn -0.12072 -0.62570 -0.77066
vn -0.11348 -0.93601 -0.33318
vn 0.17712 -0.65386 -0.73559
vn 0.05802 -0.99504 0.08081
vn -0.16275 -0.70634 -0.68891
vn -0.27611 -0.63393 -0.72242
vn -0.26306 -0.59321 -0.76086
vn -0.19443 -0.18195 -0.96389
vn -0.14700 0.04395 -0.98816
vn -0.09588 0.22804 -0.96892
vn -0.10675 0.06867 -0.99191
vn -0.21200 -0.41730 -0.88370
vn -0.19673 -0.45410 -0.86896
vn -0.23690 -0.58618 -0.77477
vn 0.02379 0.23072 -0.97273
vn 0.04464 0.06666 -0.99678
vn 0.07110 0.27719 -0.95818
vn -0.20731 -0.16790 -0.96376
vn -0.20024 -0.30733 -0.93030
vn -0.15880 -0.33003 -0.93052
vn -0.15378 -0.36656 -0.91760
vn -0.14916 -0.36866 -0.91752
vn -0.14126 -0.43132 -0.89107
vn -0.11350 -0.30090 -0.94688
vn -0.10433 -0.31481 -0.94340
vn -0.11271 -0.17898 -0.97737
vn -0.03953 0.24859 -0.96780
vn -0.02046 0.29642 -0.95484
vn 0.11157 0.26885 -0.95670
vn 0.02705 0.09399 -0.99521
vn 0.20413 0.04594 -0.97787
vn 0.11852 0.27797 -0.95325
vn 0.06963 0.35635 -0.93176
vn 0.04168 0.30328 -0.95199
vn -0.06587 0.28071 -0.95753
vn -0.13922 0.07627 -0.98732
vn -0.09215 0.00106 -0.99574
vn -0.10303 -0.17046 -0.97996
vn -0.03535 -0.22528 -0.97365
vn -0.02067 0.29444 -0.95545
vn -0.00192 0.36373 -0.93150
vn 0.13202 0.36187 -0.92283
vn 0.18322 0.28135 -0.94195
vn 0.12692 0.34702 -0.92923
vn 0.16149 0.01964 -0.98668
vn 0.10497 0.07240 -0.99184
vn -0.04412 0.22411 -0.97357
vn 0.05297 0.13159 -0.98989
vn -0.09606 0.20767 -0.97347
vn 0.12302 0.13287 -0.98347
vn 0.17429 0.08074 -0.98138
vn 0.27906 0.08485 -0.95652
vn 0.29209 0.05770 -0.95465
vn 0.31630 0.09971 -0.94340
vn 0.25868 0.16297 -0.95212
vn 0.29118 0.40984 -0.86443
vn 0.09007 0.42383 -0.90125
vn 0.06273 0.37021 -0.92683
vn 0.06516 0.36474 -0.92883
vn -0.00760 0.28318 -0.95904
vn 0.14171 0.42600 -0.89356
vn 0.25922 0.42261 -0.86845
vn 0.19210 0.54082 -0.81891
vn 0.35715 0.18294 -0.91596
vn 0.21120 0.33995 -0.91642
vn 0.32797 0.04080 -0.94381
vn 0.12671 0.52514 -0.84153
vn 0.20607 0.33942 -0.91778
vn 0.10994 0.44854 -0.88697
vn 0.29581 0.03268 -0.95469
vn 0.14730 0.19260 -0.97016
vn 0.38284 0.24039 -0.89199
vn 0.24673 0.15565 -0.95650
vn 0.27671 0.07800 -0.95778
vn 0.40900 0.07018 -0.90983
vn 0.38993 0.09153 -0.91628
vn 0.28932 0.10123 -0.95186
vn 0.19205 -0.02207 -0.98114
vn 0.20011 -0.00362 -0.97977
vn 0.17659 -0.01920 -0.98410
vn 0.17601 -0.01443 -0.98428
vn -0.00009 0.18735 -0.98229
vn 0.00239 0.04291 -0.999076
vn -0.12963 0.34125 -0.93099
vn -0.22992 0.12695 -0.96489
vn -0.16143 0.40395 -0.90042
vn -0.26221 0.17712 -0.94862
vn -0.17205 0.16959 -0.97038
vn -0.10514 0.34436 -0.93293
vn 0.12905 -0.03938 -0.99086
vn 0.01214 0.05569 -0.99837
vn 0.12887 0.01444 -0.99156
vn 0.18495 0.03221 -0.98222
vn 0.18574 0.03184 -0.98208
vn 0.15384 -0.04645 -0.98700
vn -0.08369 -0.02534 -0.99617
vn -0.03349 -0.11911 -0.99232
vn -0.12242 -0.09746 -0.98768
vn -0.11757 -0.09435 -0.98857
vn -0.11533 -0.14514 -0.98267
vn -0.02523 -0.18174 -0.98302
vn -0.01928 0.04983 -0.99857
vn -0.16490 0.18120 -0.96952
vn -0.07489 0.29048 -0.95394
vn 0.02386 0.06388 -0.99767
vn 0.10389 0.03637 -0.99392
vn -0.11983 -0.05283 -0.99139
vn -0.02693 -0.07062 -0.99714
vn -0.17092 -0.10911 -0.97923
vn 0.15494 0.12417 -0.98009
vn 0.15041 0.06055 -0.98677
vn 0.10006 -0.00019 -0.99498
vn -0.08772 -0.10292 -0.99081
vn -0.06565 -0.21135 -0.97520
vn 0.07797 -0.21672 -0.97312
vn 0.15031 -0.02929 -0.98821
vn 0.22335 0.16245 -0.96111
vn 0.15017 -0.02934 -0.98822
vn 0.16671 0.05209 -0.98463
vn 0.03722 0.24889 -0.96782
vn -0.04399 -0.08749 -0.99519
vn 0.21314 -0.07290 -0.97430
vn 0.22640 0.00964 -0.97399
vn 0.27743 0.09226 -0.95631
vn 0.28611 0.12826 -0.94958
vn 0.39325 0.15803 -0.90575
vn 0.37877 0.13807 -0.91513
vn 0.23953 -0.05351 -0.96941
vn 0.35777 0.13978 -0.92329
vn 0.43570 0.01598 -0.89995
vn 0.48907 0.09968 -0.86653
vn 0.47968 0.09755 -0.87200
vn 0.26441 0.10313 -0.95888
vn 0.21345 -0.07278 -0.97424
vn 0.47072 0.15707 -0.86819
vn 0.44761 0.12239 -0.88581
vn 0.06150 0.01669 -0.99797
vn 0.06914 -0.07142 -0.99505
vn 0.03514 -0.02979 -0.99894
vn 0.15169 -0.08116 -0.98509
vn 0.07519 -0.04123 -0.99632
vn 0.21116 -0.01385 -0.97735
vn 0.39510 0.00860 -0.91860
vn 0.23314 0.07975 -0.96917
vn 0.29962 0.08851 -0.94994
vn 0.23573 0.08277 -0.96829
vn 0.31978 0.19296 -0.92763
vn 0.41692 0.26878 -0.86829
vn 0.09856 0.28852 -0.95239
vn 0.13491 0.26037 -0.95604
vn 0.17201 0.33922 -0.92485
vn 0.46699 0.15564 -0.87046
vn 0.12112 -0.01541 -0.99252
vn 0.15832 0.25793 -0.95310
vn 0.07238 0.36024 -0.93005
vn -0.03623 0.73657 -0.67539
vn 0.15073 0.60002 -0.78565
vn 0.11246 0.76123 -0.63866
vn -0.04972 0.84942 -0.52538
vn 0.18426 0.87870 -0.44037
vn 0.07633 0.92039 -0.38348
vn -0.00544 0.83114 -0.55603
vn -0.25606 0.68678 -0.68027
vn -0.01040 0.999554 -0.02800
vn -0.00363 0.999669 -0.02548
vn 0.04904 0.98832 -0.14432
vn 0.03489 0.99052 -0.13283
vn 0.08589 -0.02764 -0.99592
vn 0.11318 -0.01307 -0.99349
vn 0.01377 0.22521 -0.97421
vn 0.14760 0.03715 -0.98835
vn -0.02892 0.56378 -0.82542
vn 0.06428 0.50331 -0.86171
vn -0.03081 0.99223 -0.12054
vn -0.00710 0.9999 0.01227
vn 0.00821 0.999912 0.01046
vn 0.00797 0.99991 0.01078
vn -0.04760 0.99062 -0.12811
vn 0.15071 0.54534 -0.82455
vn 0.10108 0.00776 -0.99485
vn -0.13298 -0.02971 -0.99067
vn -0.11979 0.06683 -0.99055
vn -0.14711 -0.00770 -0.98909
vn 0.00736 -0.04193 -0.999094
vn -0.02257 0.06012 -0.99794
vn -0.10699 0.67769 -0.72752
vn 0.02443 0.11714 -0.99281
vn 0.00223 0.999777 -0.02098
vn -0.06036 0.99799 0.01918
vn 0.07007 0.94987 -0.30470
vn -0.04693 0.70005 -0.71255
vn 0.01708 0.999522 -0.02575
vn -0.00928 0.999957 -0.00028
vn -0.01027 0.99991 0.00865
vn 0.00246 0.999997 -0.00078
vn -0.03348 0.999218 0.02106
vn -0.02802 0.94687 -0.32039
vn -0.14684 0.97623 -0.15944
vn -0.30133 0.57385 -0.76151
vn 0.00241 0.65115 -0.75894
vn -0.12244 0.41724 -0.90051
vn -0.13260 0.06402 -0.98910
vn -0.08122 0.01811 -0.99653
vn -0.08201 -0.01710 -0.99648
vn -0.14738 0.40314 -0.90319
vn -0.03792 0.98769 -0.15177
vn 0.02697 0.94815 -0.31669
vn 0.00149 0.99834 0.05761
vn 0.02702 0.999556 0.01258
vn 0.01447 0.99511 -0.09770
vn -0.01120 0.999839 0.01402
vn -0.00838 0.999965 0.00073
vn 0.04909 0.94124 -0.33415
vn -0.15216 0.40424 -0.90191
vn -0.07204 0.32049 -0.94451
vn -0.05286 0.04276 -0.99769
vn -0.12935 0.93716 -0.32404
vn 0.04858 0.41922 -0.90658
vn 0.03049 0.99881 -0.03816
vn 0.02354 0.999058 -0.03645
vn 0.07184 0.99728 -0.01619
vn 0.17999 0.79281 0.58229
vn -0.03951 0.99312 0.11026
vn -0.09962 0.79538 0.59787
vn 0.11358 0.95307 0.28064
vn -0.16608 0.94637 0.27711
vn -0.01110 0.999836 0.01431
vn 0.03511 0.99861 0.03934
vn -0.00394 0.999992 0.00004
vn 0.03311 0.9994 0.01011
vn 0.03749 0.99129 -0.12623
vn -0.08362 0.99373 0.07421
vn -0.01158 0.999149 -0.03960
vn 0.02880 0.66082 0.74999
vn -0.16077 0.70417 0.69159
vn -0.04907 0.63123 0.77404
vn 0.02647 0.75282 0.65769
vn -0.10356 0.51611 0.85024
vn 0.00200 0.51147 0.85930
vn -0.04095 0.47382 0.87967
vn -0.01416 0.44717 0.89434
vn -0.05927 0.23223 0.97085
vn -0.06969 0.46501 0.88256
vn -0.04493 0.21886 0.97472
vn -0.06145 0.19924 0.97802
vn -0.31225 0.39147 0.86559
vn 0.00371 0.74108 0.67140
vn 0.07303 0.63766 0.76685
vn 0.08477 0.20350 0.97540
vn 0.03767 0.15532 0.98714
vn -0.00508 0.999986 0.00169
vn -0.00562 0.999971 -0.00518
vn -0.00172 0.99871 0.05078
vn 0.08265 0.99645 0.01614
vn -0.00749 0.99799 0.06286
vn 0.05859 0.62801 0.77600
vn 0.05192 0.22269 0.97351
vn -0.04385 0.20093 0.97862
vn -0.03434 0.16930 0.98497
vn -0.04295 0.20821 0.97714
vn 0.10831 0.60081 0.79202
vn 0.11956 0.29073 0.94931
vn -0.05859 0.46939 0.88105
vn 0.06639 0.98164 0.17881
vn -0.00475 0.999987 0.00186
vn -0.14225 0.95883 0.24579
vn -0.05379 0.99837 -0.01892
vn 0.01829 0.77680 0.62948
vn -0.18597 0.51805 0.83489
vn -0.11793 0.11183 0.98670
vn -0.00270 0.30313 0.95295
vn 0.05703 0.26622 0.96222
vn 0.01688 0.25963 0.96556
vn -0.01512 0.20258 0.97915
vn -0.03906 0.05190 0.99789
vn -0.05447 -0.18430 0.98136
vn -0.01973 0.05576 0.99825
vn 0.05936 0.99814 -0.01356
vn 0.08603 0.97112 0.22256
vn -0.17968 0.77159 0.61022
vn -0.09760 -0.08751 0.99137
vn -0.03675 -0.16557 0.98551
vn -0.08088 -0.08062 0.99346
vn 0.06400 -0.17818 0.98191
vn -0.10828 -0.16735 0.97993
vn 0.01876 -0.24371 0.96967
vn 0.01052 -0.19414 0.98092
vn -0.04611 0.04938 0.99771
vn -0.00716 0.18273 0.98314
vn 0.05727 0.34952 0.93518
vn -0.03591 0.04576 0.99831
vn -0.01258 -0.02298 0.999657
vn 0.08737 0.12487 0.98832
vn -0.01956 0.16908 0.98541
vn 0.05125 0.23505 0.97063
vn 0.01432 0.05384 0.99845
vn -0.03588 0.03615 0.99870
vn -0.04808 -0.06151 0.99695
vn -0.09799 -0.08725 0.99136
vn -0.08161 -0.20524 0.97530
vn -0.11684 -0.21439 0.96973
vn 0.00615 -0.11442 0.99341
vn -0.03600 -0.31097 0.94974
vn -0.03225 -0.31030 0.95009
vn 0.06928 0.00585 0.99758
vn 0.06662 -0.08823 0.99387
vn -0.01916 0.18444 0.98266
vn 0.02414 0.08503 0.99609
vn 0.00910 0.32369 0.94612
vn -0.00605 0.19793 0.98020
vn 0.04441 0.35118 0.93525
vn 0.02966 0.32752 0.94438
vn 0.07353 0.18577 0.97984
vn 0.16327 0.33378 0.92840
vn 0.08861 -0.06193 0.99414
vn 0.15080 0.19334 0.96948
vn 0.16726 0.32149 0.93202
vn 0.12216 0.25825 0.95832
vn 0.07164 0.25728 0.96368
vn 0.04185 0.13842 0.98949
vn 0.05352 0.14401 0.98813
vn 0.03663 0.08606 0.99562
vn -0.02320 -0.28759 0.95747
vn -0.01984 -0.28694 0.95774
vn -0.08468 -0.22374 0.97096
vn 0.01282 -0.17227 0.98497
vn -0.01313 -0.17333 0.98478
vn 0.13789 0.20026 0.96999
vn 0.06011 0.12752 0.99001
vn 0.19659 0.17442 0.96485
vn 0.18925 0.06172 0.97999
vn 0.08400 0.04110 0.99562
vn 0.06670 0.01101 0.99771
vn 0.07364 0.01032 0.99723
vn 0.06186 -0.12787 0.98986
vn 0.02541 0.03663 0.999006
vn 0.01050 -0.08648 0.99620
vn 0.04990 0.07699 0.99578
vn 0.04160 -0.21097 0.97661
vn 0.03753 0.03896 0.99854
vn -0.03350 -0.26280 0.96427
vn 0.04602 -0.07283 0.99628
vn 0.09757 -0.04090 0.99439
vn 0.08967 -0.05961 0.99419
vn 0.20316 0.04909 0.97791
vn 0.18939 -0.01721 0.98175
vn 0.04656 -0.08021 0.99569
vn -0.09844 -0.23521 0.96695
vn -0.09574 -0.23539 0.96717
vn -0.11196 -0.28761 0.95118
vn -0.04456 -0.25775 0.96518
vn -0.11881 0.10383 0.98747
vn -0.10175 0.12120 0.98740
vn -0.20408 0.12124 0.97142
vn -0.29057 -0.02613 0.95650
vn -0.21577 -0.03683 0.97575
vn -0.18097 0.00030 0.98349
vn 0.07927 -0.03761 0.99614
vn 0.04336 -0.07939 0.99590
vn -0.00192 0.04177 0.999126
vn -0.06636 -0.03013 0.99734
vn -0.16362 0.05471 0.98501
vn -0.19283 -0.02016 0.98103
vn -0.04986 -0.02357 0.99848
vn 0.06876 -0.00187 0.99763
vn 0.04310 0.01743 0.99892
vn 0.19877 0.08423 0.97642
vn -0.03992 -0.00133 0.999202
vn 0.07201 0.04475 0.99640
vn 0.05760 -0.03089 0.99786
vn 0.21821 0.07850 0.97274
vn -0.22633 0.03225 0.97352
vn -0.14611 -0.09681 0.98452
vn -0.13475 -0.07773 0.98783
vn 0.01892 -0.05761 0.99816
vn 0.02626 -0.04069 0.99883
vn 0.18932 -0.01346 0.98182
vn 0.19947 -0.02789 0.97951
vn 0.15941 -0.11244 0.98079
vn 0.00450 -0.00741 0.999962
vn -0.08977 -0.16944 0.98144
vn 0.01747 -0.04252 0.99894
vn 0.01764 -0.04255 0.99894
vn -0.15366 -0.00377 0.98812
vn -0.07561 0.04825 0.99597
vn 0.24851 0.07085 0.96603
vn 0.04455 -0.01113 0.99895
vn -0.01299 -0.03239 0.999391
vn 0.13701 -0.06442 0.98847
vn -0.01557 -0.02461 0.999576
vn 0.03568 0.00116 0.999362
vn -0.09760 -0.16682 0.98114
vn -0.13807 -0.05910 0.98866
vn -0.16736 -0.09329 0.98147
vn -0.00377 -0.00990 0.999944
vn -0.02034 -0.05970 0.99801
vn 0.08400 0.03066 0.99599
vn 0.06537 -0.00156 0.99786
vn 0.20974 0.13923 0.96779
vn 0.17367 0.05658 0.98318
vn -0.13621 -0.18949 0.97239
vn -0.09205 -0.13500 0.98656
vn 0.06735 -0.12115 0.99035
vn 0.11299 0.01363 0.99350
vn -0.07838 0.01044 0.99687
vn 0.04871 0.04061 0.99799
vn -0.13720 -0.18904 0.97234
vn -0.00371 -0.07650 0.99706
vn -0.00823 -0.11883 0.99288
vn 0.07046 -0.04340 0.99657
vn 0.00841 -0.12744 0.99181
vn -0.11038 -0.10878 0.98792
vn 0.08351 0.03229 0.99598
vn -0.08788 -0.11437 0.98954
vn 0.04243 -0.22776 0.97279
vn 0.05225 -0.11101 0.99244
vn 0.09333 -0.20018 0.97530
vn 0.07937 -0.05182 0.99550
vn -0.13963 -0.14776 0.97912
vn -0.13597 -0.00020 0.99071
vn -0.09308 0.04045 0.99484
vn 0.09576 -0.02291 0.99514
vn -0.09084 -0.18681 0.97819
vn -0.03027 -0.01517 0.999427
vn 0.06634 -0.17213 0.98284
vn 0.06568 -0.17085 0.98310
vn 0.14282 -0.00483 0.98974
vn -0.03174 -0.01334 0.999407
vn 0.10023 0.04274 0.99405
vn 0.22475 0.03511 0.97378
vn 0.10771 -0.08187 0.99081
vn 0.18012 0.11010 0.97746
vn 0.19669 0.13867 0.97061
vn 0.19166 0.14746 0.97032
vn 0.13309 0.07570 0.98821
vn 0.03144 -0.15581 0.98729
vn 0.01019 -0.18269 0.98312
vn 0.06368 -0.05140 0.99665
vn 0.07679 -0.10156 0.99186
vn 0.13289 0.07614 0.98820
vn 0.10278 -0.02256 0.99445
vn 0.18514 0.14829 0.97146
vn 0.15664 0.20063 0.96706
vn 0.08963 0.07155 0.99340
vn 0.11949 0.07400 0.99007
vn 0.06484 0.09305 0.99355
vn 0.12257 0.05577 0.99089
vn 0.02442 -0.02688 0.99934
vn 0.00496 -0.02607 0.999648
vn 0.00611 0.00838 0.999946
vn 0.04071 -0.02339 0.99890
vn 0.09810 0.07547 0.99231
vn -0.06316 0.18738 0.98025
vn -0.09099 0.22432 0.97026
vn -0.14189 0.11843 0.98277
vn 0.03674 0.14650 0.98853
vn -0.02942 -0.01472 0.999459
vn 0.04991 0.01488 0.99864
vn -0.00988 -0.14267 0.98972
vn -0.02062 -0.17698 0.98400
vn -0.00222 -0.08268 0.99657
vn 0.00430 -0.13352 0.99104
vn 0.04220 -0.04875 0.99792
vn -0.04381 0.23497 0.97101
vn -0.11064 -0.01130 0.99380
vn -0.14691 0.19552 0.96963
vn -0.04607 0.01383 0.99884
vn -0.04553 0.03687 0.99828
vn -0.12929 0.22857 0.96491
vn -0.10653 0.12066 0.98696
vn -0.13196 0.10989 0.98514
vn -0.07089 0.00519 0.99747
vn -0.07799 -0.12314 0.98932
vn -0.05719 0.02078 0.99815
vn 0.00537 0.07032 0.99751
vn -0.09297 0.25752 0.96179
vn 0.07478 0.18944 0.97904
vn 0.08432 0.11156 0.99017
vn -0.07111 0.16835 0.98316
vn -0.01574 0.02692 0.999514
vn 0.06023 0.01475 0.99808
vn 0.04250 0.06856 0.99674
vn -0.06431 0.17485 0.98249
vn 0.07950 0.19179 0.97821
vn 0.19448 0.13978 0.97090
vn 0.20541 0.07737 0.97561
vn 0.17371 0.06399 0.98272
vn -0.06062 -0.14406 0.98771
vn -0.14873 0.00723 0.98885
vn 0.01155 0.02624 0.999589
vn 0.17563 0.02441 0.98415
vn 0.10972 -0.01293 0.99388
vn 0.08565 0.17347 0.98111
vn 0.06125 0.05992 0.99632
vn 0.07839 0.17989 0.98056
vn -0.08271 -0.03658 0.99590
vn -0.06980 -0.08953 0.99353
vn -0.10895 -0.15167 0.98241
vn 0.11556 -0.02943 0.99286
vn 0.07567 -0.08809 0.99323
vn 0.19319 0.01092 0.98110
vn 0.18008 -0.02904 0.98322
vn 0.20531 0.01307 0.97861
vn 0.21637 0.07014 0.97379
vn 0.19874 -0.05351 0.97859
vn 0.18164 -0.08406 0.97977
vn 0.07985 -0.09317 0.99244
vn -0.08947 -0.18169 0.97928
vn 0.07755 -0.16878 0.98260
vn 0.05861 -0.19019 0.98000
vn 0.19605 -0.15134 0.96885
vn 0.19312 -0.05413 0.97968
vn 0.21322 0.00457 0.97699
vn 0.05914 -0.19300 0.97942
vn -0.09914 -0.21602 0.97134
vn -0.03587 -0.25848 0.96535
vn -0.04508 -0.05211 0.99762
vn -0.08301 -0.08884 0.99258
vn 0.09626 -0.11295 0.98893
vn 0.07820 -0.12280 0.98935
vn 0.08653 -0.20753 0.97439
vn 0.18529 -0.19705 0.96273
vn 0.15700 -0.64085 0.75144
vn 0.21037 -0.95039 0.22915
vn 0.19330 -0.65466 0.73079
vn -0.15822 -0.22455 0.96153
vn 0.12738 -0.72805 0.67358
vn -0.00305 -0.91691 0.39908
vn 0.03416 -0.999332 -0.01300
vn -0.07791 -0.99144 -0.10473
vn 0.20304 -0.97770 -0.05358
vn 0.25221 -0.96121 -0.11162
vn 0.21197 -0.97158 0.10537
vn -0.05602 -0.09655 0.99375
vn 0.02148 0.01177 0.9997
vn 0.07513 0.00826 0.99714
vn 0.05796 0.03185 0.99781
vn 0.00803 -0.02425 0.999674
vn 0.22607 0.03511 0.97348
vn 0.08187 0.04796 0.99549
vn 0.27172 -0.01058 0.96232
vn 0.28083 0.12180 0.95200
vn 0.19055 0.04572 0.98061
vn 0.01232 0.02484 0.999616
vn 0.06743 -0.03128 0.99723
vn 0.00411 -0.02857 0.999583
vn 0.21236 -0.03591 0.97653
vn -0.00747 0.03172 0.999469
vn -0.01271 0.02116 0.999695
vn -0.16505 0.20640 0.96445
vn 0.31238 0.10502 0.94414
vn 0.30559 0.21816 0.92683
vn 0.12814 0.09541 0.98716
vn 0.15538 0.25331 0.95483
vn 0.03927 -0.01576 0.999105
vn -0.09739 0.56987 0.81594
vn 0.08456 0.49004 0.86759
vn 0.05055 0.45117 0.89101
vn -0.11628 0.96161 0.24855
vn -0.01137 0.999736 0.01997
vn 0.20667 0.42046 0.88346
vn 0.06171 0.94822 0.31155
vn 0.11141 0.96782 0.22564
vn 0.05728 0.27134 0.96078
vn 0.12999 -0.03457 0.99091
vn 0.27285 0.23474 0.93298
vn 0.11204 0.15814 0.98104
vn 0.16663 0.16150 0.97270
vn 0.25523 0.30556 0.91733
vn 0.04223 -0.05860 0.99739
vn 0.04115 -0.05952 0.99738
vn 0.11119 0.27783 0.95417
vn 0.02893 0.99571 0.08790
vn 0.03524 0.99797 0.05300
vn 0.01163 0.999924 -0.00403
vn -0.07391 0.96734 0.24247
vn -0.01977 0.41658 0.90888
vn 0.17382 0.97821 0.11354
vn 0.21695 0.45695 0.86263
vn 0.07421 0.26697 0.96084
vn 0.06796 -0.07888 0.99456
vn -0.13982 0.91955 0.36726
vn -0.03221 0.999118 0.02693
vn 0.00643 0.999971 -0.00410
vn -0.00438 0.999985 0.00335
vn -0.01355 0.99750 0.06938
vn -0.00306 0.32203 0.94673
vn 0.10278 0.96680 0.23396
vn -0.00532 0.999983 0.00240
vn -0.01263 0.999895 -0.00716
vn -0.01459 0.999858 0.00841
vn -0.02884 0.99899 -0.03431
vn 0.03581 0.999009 0.02644
vn -0.07760 0.99693 0.01013
vn -0.00553 0.999887 -0.01396
vn -0.02591 0.92577 -0.37719
vn -0.03874 0.92036 -0.38915
vn 0.13356 0.80870 -0.57286
vn 0.25706 0.85517 -0.45011
vn 0.43808 0.25667 -0.86151
vn 0.24028 0.08184 -0.96725
vn 0.08076 0.18452 -0.97951
vn 0.10662 0.89618 -0.43068
vn -0.04786 0.12773 -0.99065
vn -0.22435 0.39663 -0.89014
vn 0.01213 0.99891 -0.04503
vn -0.02109 0.97917 -0.20195
vn -0.00044 0.99994 -0.01097
vn -0.00103 0.999857 -0.01688
vn -0.12988 0.95650 -0.26122
vn 0.06949 0.31433 -0.94677
vn -0.07980 -0.05354 -0.99537
vn 0.23971 -0.02337 -0.97056
vn 0.04332 -0.14735 -0.98813
vn -0.07839 -0.05320 -0.99550
vn -0.06436 -0.01542 -0.99781
vn -0.08762 0.19232 -0.97741
vn -0.10704 0.00156 -0.99425
vn 0.19298 0.90108 -0.38835
vn -0.10140 0.19926 -0.97469
vn -0.21013 0.49994 -0.84018
vn -0.17855 0.05502 -0.98239
vn -0.08239 -0.01667 -0.99646
vn -0.08352 -0.02034 -0.99630
vn -0.08741 -0.01375 -0.99608
vn -0.01907 0.08101 -0.99653
vn -0.14126 -0.06551 -0.98780
vn -0.17249 -0.03388 -0.98443
vn -0.13983 0.15094 -0.97860
vn -0.12014 0.15709 -0.98025
vn -0.11130 0.17437 -0.97837
vn 0.01768 0.00078 -0.999843
vn 0.01900 0.00765 -0.99979
vn 0.08490 -0.02563 -0.99606
vn 0.05449 -0.06417 -0.99645
vn 0.00970 0.00622 -0.999934
vn 0.06191 0.10649 -0.99238
vn 0.00737 0.18480 -0.98275
vn -0.09705 0.10116 -0.99013
vn -0.04500 0.00885 -0.99895
vn -0.13687 0.08093 -0.98728
vn -0.05557 0.51548 -0.85510
vn 0.31071 0.15759 -0.93735
vn 0.31163 0.16261 -0.93618
vn -0.08523 0.50603 -0.85830
vn 0.46366 0.06115 -0.88390
vn 0.34320 0.11557 -0.93212
vn 0.41458 0.24972 -0.87508
vn 0.11106 -0.06730 -0.99153
vn 0.30336 0.19589 -0.93252
vn 0.26626 0.18641 -0.94571
vn 0.35586 0.01764 -0.93437
vn 0.35843 0.02518 -0.93322
vn 0.22442 0.12461 -0.96649
vn -0.00484 0.65617 -0.75460
vn 0.22081 0.59078 -0.77603
vn -0.01250 0.66897 -0.74318
vn -0.05543 0.58350 -0.81022
vn 0.03618 0.49484 -0.86823
vn 0.04803 0.58060 -0.81277
vn 0.03071 0.59800 -0.80091
vn 0.25910 -0.01443 -0.96574
vn 0.28751 0.33666 -0.89666
vn 0.19109 0.03056 -0.98110
vn 0.44118 0.13864 -0.88665
vn 0.18612 -0.05588 -0.98094
vn 0.20314 0.28172 -0.93775
vn 0.10288 0.58068 -0.80760
vn -0.01298 0.46719 -0.88406
vn -0.01864 0.46670 -0.88422
vn 0.11893 0.26041 -0.95815
vn -0.04596 0.26553 -0.96301
vn -0.09966 0.21979 -0.97044
vn 0.00339 0.43522 -0.90032
vn 0.19424 0.28595 -0.93835
vn 0.19348 0.03179 -0.98059
vn 0.08608 0.21757 -0.97224
vn 0.05313 0.42520 -0.90354
vn 0.02170 0.20488 -0.97855
vn -0.09385 0.31698 -0.94378
vn -0.08913 0.29359 -0.95177
vn -0.16078 0.20438 -0.96560
vn -0.18646 0.33510 -0.92355
vn -0.07082 0.22178 -0.97252
vn -0.12168 0.35083 -0.92850
vn 0.00403 0.58295 -0.81250
vn 0.11115 0.48005 -0.87017
vn 0.06010 0.36512 -0.92902
vn 0.01697 0.03695 -0.999173
vn -0.00170 0.05361 -0.99856
vn 0.09209 -0.12446 0.98794
vn -0.00960 -0.09850 0.99509
vn -0.22327 -0.34708 0.91087
vn -0.07889 -0.37139 0.92512
vn -0.11691 -0.31780 0.94092
vn 0.05338 -0.17410 0.98328
vn 0.00518 -0.13465 0.99088
vn -0.07464 -0.13206 0.98843
vn 0.03227 -0.17424 0.98417
vn -0.10955 -0.06861 0.99161
vn -0.07592 -0.02397 0.99683
vn 0.00228 -0.04249 0.999094
vn 0.02543 -0.09979 0.99468
vn 0.01480 -0.00363 0.999884
vn 0.01834 -0.01609 0.999702
vn -0.08183 0.04049 0.99582
vn -0.09602 -0.07003 0.99291
vn -0.07928 0.04224 0.99596
vn 0.11725 0.12964 0.98461
vn 0.11980 0.12302 0.98515
vn -0.07251 0.10398 0.99193
vn -0.10959 0.14496 0.98335
vn -0.11128 -0.09486 0.98925
vn -0.09694 0.21588 0.97160
vn -0.14459 0.25225 0.95680
vn -0.14793 -0.25873 0.95456
vn -0.05971 -0.19800 0.97838
vn -0.02982 0.24040 0.97022
vn -0.43192 0.32054 0.84303
vn 0.09358 0.07395 0.99286
vn 0.01988 -0.08560 0.99613
vn 0.00901 -0.06448 0.99788
vn -0.36735 -0.05765 0.92829
vn -0.35333 0.01971 0.93529
vn -0.16466 0.11337 0.97981
vn -0.15625 -0.09158 0.98346
vn -0.15020 -0.09800 0.98379
vn -0.17914 -0.16445 0.96998
vn -0.13064 0.02801 0.99103
vn -0.08132 0.04002 0.99588
vn -0.12691 0.03404 0.99133
vn -0.04290 0.15850 0.98643
vn -0.03840 0.27242 0.96141
vn -0.07164 0.20369 0.97641
vn -0.14731 0.25887 0.95461
vn -0.33470 0.15793 0.92900
vn -0.14097 0.31390 0.93893
vn -0.28311 -0.13202 0.94996
vn -0.31914 -0.15364 0.93517
vn -0.02924 -0.15612 0.98730
vn -0.05491 -0.11324 0.99205
vn -0.17801 -0.11466 0.97733
vn -0.24007 -0.26055 0.93514
vn -0.17200 -0.26037 0.95007
vn -0.17481 -0.28385 0.94280
vn 0.09668 -0.17736 0.97939
vn 0.10471 0.09895 0.98957
vn -0.04911 0.30789 0.95015
vn -0.16923 0.22271 0.96008
vn -0.18302 0.20758 0.96094
vn -0.18378 0.04192 0.98207
vn -0.15792 0.05853 0.98572
vn -0.17191 0.02519 0.98479
vn -0.29442 0.31027 0.90391
vn -0.41746 0.28285 0.86356
vn -0.27157 0.37004 0.88844
vn 0.02448 0.25609 0.96634
vn -0.15981 0.13771 0.97749
vn 0.02528 0.05576 0.99812
vn 0.20303 -0.28366 0.93719
vn 0.03206 -0.47871 0.87739
vn 0.19666 -0.40641 0.89228
vn 0.04553 -0.42086 0.90598
vn 0.03835 -0.42232 0.90563
vn 0.11039 -0.38169 0.91768
vn -0.07274 -0.25931 0.96305
vn 0.05072 -0.40418 0.91327
vn 0.11337 -0.39043 0.91363
vn 0.05360 -0.41206 0.90958
vn 0.08097 -0.33895 0.93731
vn 0.10959 -0.02132 0.99375
vn -0.17583 0.15299 0.97246
vn -0.22664 -0.16142 0.96051
vn -0.42891 0.12690 0.89439
vn -0.39337 0.18477 0.90062
vn -0.18087 0.32131 0.92954
vn -0.24043 0.14669 0.95952
vn -0.23044 0.42053 0.87753
vn -0.30754 0.41214 0.85765
vn -0.22636 0.42810 0.87492
vn -0.40001 0.18452 0.89774
vn -0.26484 -0.37167 0.88979
vn -0.08226 -0.29619 0.95158
vn 0.07973 -0.33770 0.93787
vn -0.10563 -0.36805 0.92379
vn 0.07966 -0.37974 0.92166
vn 0.12488 -0.34898 0.92877
vn 0.03943 -0.42324 0.90516
vn 0.12514 -0.35078 0.92806
vn -0.02359 -0.36095 0.93229
vn 0.02807 -0.32043 0.94686
vn 0.03204 -0.09983 0.99449
vn 0.15118 -0.27548 0.94934
vn -0.01701 -0.11205 0.99356
vn 0.06291 -0.28476 0.95653
vn 0.07465 0.01167 0.99714
vn 0.10299 -0.22500 0.96890
vn 0.07014 0.01251 0.99746
vn -0.03304 0.20082 0.97907
vn -0.10999 0.18900 0.97580
vn -0.13000 0.01391 0.99142
vn -0.19310 -0.01992 0.98098
vn -0.16651 -0.20038 0.96546
vn -0.13277 -0.13404 0.98204
vn -0.06155 -0.27534 0.95937
vn -0.03833 -0.20913 0.97714
vn 0.02452 -0.34794 0.93720
vn -0.08218 -0.44095 0.89376
vn -0.17239 -0.55930 0.81084
vn -0.24817 -0.37947 0.89130
vn -0.24069 -0.37437 0.89550
vn -0.22656 -0.04029 0.97316
vn -0.16215 -0.02568 0.98643
vn -0.07508 0.22155 0.97225
vn 0.08973 0.26341 0.96050
vn 0.09653 0.35243 0.93085
vn -0.03090 -0.24301 0.96953
vn 0.01980 -0.24584 0.96911
vn 0.20767 0.12324 0.97040
vn -0.18784 -0.40254 0.89592
vn -0.12456 -0.35513 0.92648
vn -0.23579 -0.26184 0.93587
vn -0.08842 -0.33237 0.93900
vn -0.20109 -0.01175 0.97950
vn -0.11024 0.18934 0.97570
vn -0.17324 0.17053 0.97001
vn -0.06652 0.33078 0.94136
vn -0.01280 0.25799 0.96606
vn -0.07608 0.32901 0.94126
vn -0.00723 0.25756 0.96624
vn 0.05222 -0.01130 0.99857
vn -0.08465 0.23153 0.96914
vn -0.10852 -0.12878 0.98572
vn -0.18673 -0.00538 0.98240
vn -0.09747 0.31517 0.94402
vn -0.09971 0.19979 0.97475
vn -0.17823 0.23609 0.95524
vn -0.13040 0.08860 0.98750
vn -0.19286 -0.02281 0.98096
vn -0.17148 -0.09019 0.98105
vn -0.26515 -0.23518 0.93509
vn -0.22345 -0.31479 0.92248
vn -0.24125 0.15633 0.95779
vn -0.04401 0.23046 0.97209
vn -0.11639 0.31352 0.94242
vn -0.06402 0.23222 0.97056
vn -0.00837 0.12165 0.99254
vn -0.18459 0.12292 0.97510
vn -0.29222 0.26038 0.92022
vn -0.44298 0.24745 0.86170
vn -0.21267 0.46046 0.86183
vn -0.24018 0.35992 0.90154
vn -0.19207 -0.02322 0.98111
vn -0.44877 0.25360 0.85691
vn -0.19823 0.42897 0.88130
vn -0.22141 0.53585 0.81476
vn -0.31126 0.59182 0.74355
vn -0.41814 0.53542 0.73381
vn 0.11348 0.46636 0.87729
vn -0.01639 0.59705 0.80203
vn 0.05240 0.98737 0.14951
vn 0.05688 0.98760 0.14634
vn -0.27737 0.89975 0.33693
vn 0.06530 0.98504 0.15950
vn -0.28422 0.46252 0.83982
vn -0.24066 0.81036 0.53423
vn -0.09865 0.86387 0.49397
vn -0.05764 0.55783 0.82795
vn -0.09401 0.38480 0.91820
vn -0.02232 0.39138 0.91996
vn -0.07078 0.33788 0.93852
vn -0.07196 0.32315 0.94361
vn -0.11499 0.08636 0.98961
vn -0.08045 0.32402 0.94262
vn -0.09191 0.31456 0.94478
vn -0.09167 0.51351 0.85318
vn -0.02029 0.42881 0.90317
vn -0.13834 0.77298 0.61916
vn -0.20141 0.72732 0.65608
vn -0.06054 0.99288 -0.10257
vn 0.00208 0.99770 -0.06778
vn 0.03022 0.99244 -0.11896
vn 0.00696 0.99829 -0.05811
vn -0.08131 0.88478 0.45887
vn 0.04144 0.72225 0.69039
vn 0.13640 0.98524 -0.10340
vn 0.13002 0.50718 0.85198
vn 0.02130 0.84667 0.53169
vn 0.08200 0.88744 0.45356
vn 0.04910 0.43171 0.90068
vn 0.02076 0.19366 0.98085
vn -0.04562 0.32908 0.94320
vn -0.07753 0.29845 0.95127
vn -0.18745 0.35717 0.91504
vn -0.20665 0.33797 0.91819
vn -0.16978 0.09893 0.98050
vn -0.22415 0.53253 0.81619
vn -0.19844 0.40545 0.89232
vn -0.34146 0.38972 0.85529
vn -0.27740 0.12054 0.95316
vn -0.25504 0.49586 0.83011
vn -0.36297 0.24475 0.89908
vn -0.32476 0.68951 0.64739
vn -0.12318 0.86357 0.48895
vn -0.09796 0.99519 0.00295
vn -0.09946 0.99504 0.00339
vn 0.01774 0.98416 -0.17641
vn -0.00501 0.999657 -0.02571
vn 0.00641 0.999878 -0.01427
vn -0.05227 0.99736 0.05033
vn -0.03662 0.99856 -0.03922
vn 0.03917 0.99756 -0.05778
vn -0.20641 0.69390 0.68985
vn -0.29629 0.91964 0.25784
vn -0.39189 0.31765 0.86343
vn -0.33518 0.25634 0.90661
vn -0.29653 0.53795 0.78910
vn -0.31054 0.51751 0.79734
vn -0.27040 0.35414 0.89525
vn -0.31954 0.28410 0.90398
vn -0.22145 0.06884 0.97274
vn -0.29464 0.53431 0.79227
vn -0.32887 0.10200 0.93885
vn -0.14680 0.38734 0.91017
vn -0.07293 0.32703 0.94220
vn -0.12607 0.82777 0.54673
vn 0.03488 0.92726 0.37280
vn -0.03080 0.99761 0.06191
vn 0.00552 0.999985 0.00015
vn 0.00394 0.999952 0.00898
vn 0.00564 0.999955 0.00758
vn -0.16248 0.20855 0.96442
vn -0.12011 0.02418 0.99247
vn -0.13562 0.00659 0.99074
vn -0.19554 0.51961 0.83172
vn -0.20945 0.50800 0.83551
vn -0.06237 -0.04396 0.99708
vn 0.08448 0.04713 0.99531
vn 0.08474 0.33624 0.93796
vn -0.02557 0.22480 0.97407
vn -0.08400 0.29122 0.95296
vn -0.05417 0.70487 0.70726
vn 0.10178 0.80863 0.57945
vn -0.06856 0.96067 0.26911
vn -0.01221 0.99849 0.05350
vn 0.00871 0.999171 -0.03977
vn 0.01545 0.999365 -0.03209
vn 0.01382 0.999387 -0.03216
vn 0.07382 0.63672 0.76755
vn 0.08151 0.97585 0.20267
vn 0.13670 0.40674 0.90326
vn 0.17228 0.35259 0.91978
vn 0.21629 0.71880 0.66071
vn 0.08704 0.04494 0.99519
vn -0.00388 0.999848 -0.01698
vn -0.02069 0.94055 -0.33903
vn 0.10658 0.95631 -0.27222
vn 0.05922 0.90050 -0.43080
vn 0.10209 0.91106 -0.39942
vn 0.36244 0.67483 -0.64284
vn 0.14160 0.29535 -0.94484
vn 0.24785 0.27707 -0.92833
vn 0.15909 0.17202 -0.97216
vn -0.01452 0.49818 -0.86695
vn 0.34115 0.18647 -0.92133
vn -0.05140 0.99128 -0.12132
vn -0.00626 0.99998 0.00050
vn 0.00177 0.99056 0.13705
vn 0.01243 0.99815 0.05956
vn 0.11125 0.99329 -0.03156
vn -0.07385 0.46630 -0.88154
vn 0.29126 -0.03552 -0.95598
vn 0.06131 -0.14605 -0.98738
vn -0.10838 -0.03923 -0.99334
vn 0.18364 0.09014 -0.97885
vn 0.12573 0.04496 -0.99104
vn 0.13233 0.01366 -0.99111
vn 0.42442 0.32463 -0.84527
vn 0.14951 0.05949 -0.98697
vn 0.15875 -0.00185 -0.98732
vn 0.00241 0.83893 -0.54423
vn -0.00038 0.999992 -0.00403
vn -0.00984 0.999923 -0.00757
vn 0.04642 0.99856 -0.02696
vn 0.01374 0.95473 -0.29715
vn 0.25232 0.84873 -0.46475
vn 0.02938 0.33330 -0.94236
vn 0.27230 0.05815 -0.96045
vn 0.10120 -0.04219 -0.99397
vn 0.09019 -0.02298 -0.99566
vn 0.06731 0.05870 -0.99600
vn 0.07480 -0.07569 -0.99432
vn 0.22809 -0.08602 -0.96983
vn 0.20501 0.36662 -0.90750
vn 0.08768 -0.14176 -0.98601
vn 0.07754 -0.13374 -0.98798
vn 0.09306 0.96007 -0.26382
vn 0.01846 0.52775 -0.84920
vn -0.00878 0.999897 0.01134
vn -0.00665 0.999955 0.00674
vn -0.01544 0.999879 -0.00188
vn 0.09764 0.95905 -0.26589
vn -0.26690 0.72052 -0.64002
vn -0.09337 0.51389 -0.85276
vn -0.04187 -0.15841 -0.98649
vn -0.28854 0.08137 -0.95400
vn 0.09982 -0.07499 -0.99218
vn -0.02405 -0.06982 -0.99727
vn 0.01038 -0.09535 -0.99539
vn 0.09660 -0.07221 -0.99270
vn -0.10877 -0.06891 -0.99168
vn 0.06310 -0.06360 -0.99598
vn -0.19296 -0.11801 -0.97408
vn -0.04981 0.71293 -0.69947
vn -0.30743 0.35156 -0.88425
vn -0.09879 0.08203 -0.99172
vn -0.22692 0.97298 -0.04263
vn -0.00467 0.999957 0.00798
vn 0.03759 0.97346 -0.22575
vn -0.21130 0.86966 -0.44614
vn -0.32159 0.34827 -0.88051
vn -0.03188 0.17111 -0.98474
vn -0.31997 -0.12753 -0.93881
vn -0.29873 -0.13652 -0.94452
vn -0.32268 -0.05577 -0.94486
vn 0.12922 0.01862 -0.99144
vn 0.13301 0.01466 -0.99101
vn 0.03054 0.01900 -0.999353
vn 0.04003 0.01074 -0.999141
vn -0.22881 0.09611 -0.96871
vn -0.22905 -0.28935 -0.92942
vn -0.42424 -0.17303 -0.88887
vn 0.14061 0.87484 -0.46356
vn -0.23378 0.10067 -0.96706
vn 0.05131 -0.11410 -0.99214
vn -0.39541 0.00891 -0.91846
vn -0.07430 0.05098 -0.99593
vn -0.38531 -0.00483 -0.92278
vn -0.29811 0.06375 -0.95240
vn -0.28282 -0.02243 -0.95891
vn -0.17064 0.01533 -0.98521
vn -0.30875 0.01635 -0.95100
vn -0.11747 -0.02103 -0.99285
vn 0.06542 0.05826 -0.99616
vn -0.14054 0.09390 -0.98561
vn 0.15818 0.06825 -0.98505
vn 0.06000 0.06528 -0.99606
vn 0.12269 0.17591 -0.97673
vn -0.05525 0.16557 -0.98465
vn -0.06408 0.17866 -0.98182
vn -0.26835 0.18106 -0.94615
vn -0.30677 0.23357 -0.92268
vn -0.27437 0.05101 -0.96027
vn -0.29206 -0.00875 -0.95636
vn -0.37611 0.04347 -0.92556
vn 0.01655 0.11545 -0.99318
vn -0.08421 -0.02774 -0.99606
vn 0.02817 0.04845 -0.99843
vn 0.07334 0.02249 -0.99705
vn -0.07183 -0.08370 -0.99390
vn 0.10719 0.00757 -0.99421
vn 0.06706 0.07767 -0.99472
vn 0.36889 0.25981 -0.89242
vn 0.11149 0.04342 -0.99282
vn 0.11587 0.16166 -0.98002
vn 0.12448 0.15641 -0.97982
vn 0.17267 0.35794 -0.91764
vn 0.01600 0.11574 -0.99315
vn -0.39371 0.20159 -0.89686
vn 0.02162 0.25001 -0.96800
vn -0.17869 0.35592 -0.91727
vn 0.13662 0.15997 -0.97762
vn -0.13803 0.27266 -0.95216
vn 0.26114 0.25578 -0.93080
vn 0.41692 0.35823 -0.83537
vn 0.39094 0.25722 -0.88375
vn 0.41526 0.36062 -0.83517
vn 0.30980 0.39081 -0.86677
vn 0.21763 0.09022 -0.97185
vn 0.16301 0.35397 -0.92094
vn 0.25766 0.29547 -0.91995
vn 0.31974 0.24293 -0.91583
vn 0.32503 0.30463 -0.89530
vn -0.10748 0.31585 -0.94270
vn -0.00833 0.18360 -0.98297
vn -0.09164 0.25961 -0.96136
vn 0.21835 0.32113 -0.92152
vn 0.21510 0.12332 -0.96877
vn -0.14443 0.21508 -0.96586
vn 0.31840 0.21710 -0.92276
vn 0.32105 0.21643 -0.92200
vn 0.18021 0.14906 -0.97227
vn 0.11634 0.27800 -0.95351
vn 0.10109 0.20538 -0.97345
vn 0.11135 0.28220 -0.95287
vn 0.06776 0.19517 -0.97843
vn 0.18247 0.16476 -0.96931
vn 0.23025 0.10042 -0.96794
vn 0.19646 0.10903 -0.97443
vn -0.08625 0.14969 -0.98496
vn 0.17063 0.03455 -0.98473
vn 0.13697 0.15793 -0.97790
vn 0.05001 -0.02095 -0.99853
vn 0.00009 0.05243 -0.99862
vn 0.06699 0.20491 -0.97648
vn 0.04475 0.05650 -0.99740
vn -0.07718 0.02373 -0.99673
vn 0.02562 0.27619 -0.96076
vn 0.00185 0.23861 -0.97111
vn 0.00667 0.23931 -0.97092
vn -0.06996 0.10465 -0.99204
vn -0.07528 0.11580 -0.99042
vn -0.17312 -0.02617 -0.98455
vn -0.05933 -0.13368 -0.98925
vn 0.16807 -0.04775 -0.98462
vn 0.00214 -0.06079 -0.99815
vn 0.01699 0.14732 -0.98894
vn 0.18873 0.13037 -0.97334
vn 0.20008 0.14545 -0.96892
vn -0.09734 0.07226 -0.99262
vn 0.12026 0.15853 -0.98000
vn 0.10378 0.31341 -0.94393
vn 0.05153 0.28577 -0.95691
vn -0.01018 0.12138 -0.99255
vn 0.07882 0.06586 -0.99471
vn -0.10586 0.01006 -0.99433
vn -0.09219 0.00256 -0.99574
vn -0.22356 -0.01815 -0.97452
vn -0.22980 0.08631 -0.96940
vn -0.25085 0.03161 -0.96751
vn -0.13686 0.06622 -0.98837
vn -0.15747 -0.04853 -0.98633
vn -0.12048 -0.03901 -0.99195
vn -0.11041 -0.01932 -0.99370
vn -0.13292 -0.02293 -0.99086
vn -0.00700 0.06776 -0.99768
vn -0.15009 0.01711 -0.98852
vn 0.06254 0.17679 -0.98226
vn -0.04432 0.08655 -0.99526
vn 0.02854 0.17924 -0.98339
vn 0.01953 0.35190 -0.93583
vn -0.09511 0.13140 -0.98676
vn -0.15626 0.11381 -0.98114
vn -0.21243 -0.16968 -0.96233
vn -0.15074 -0.16335 -0.97498
vn -0.16134 -0.15333 -0.97492
vn -0.11616 -0.12509 -0.98532
vn -0.12895 0.03466 -0.99105
vn -0.10472 -0.07104 -0.99196
vn -0.11702 -0.12465 -0.98528
vn -0.14292 0.00042 -0.98973
vn -0.13405 -0.00096 -0.99097
vn -0.21985 0.13454 -0.96621
vn -0.15306 -0.03458 -0.98761
vn 0.24892 0.15837 -0.95549
vn 0.19135 0.03293 -0.98097
vn 0.10556 0.01251 -0.99433
vn -0.13944 0.02591 -0.98989
vn 0.02282 0.07374 -0.99702
vn 0.12177 0.13729 -0.98302
vn -0.22349 0.06267 0.97269
vn -0.18837 -0.00460 0.98209
vn -0.23091 -0.23379 0.94447
vn -0.26680 -0.51279 0.81600
vn -0.16843 0.14234 -0.97538
vn -0.30935 -0.58323 -0.75110
vn -0.36805 -0.76363 -0.53048
vn -0.14876 -0.71602 -0.68205
vn 0.06852 -0.99075 0.11710
vn 0.08532 -0.99322 0.07893
vn 0.00380 -0.99999 0.00250
vn 0.00885 -0.999955 0.00335
vn 0.01920 -0.999104 0.03770
vn -0.01277 -0.99863 0.05077
vn -0.02072 -0.999437 0.02638
vn 0.03238 -0.99583 -0.08526
vn 0.01307 -0.999365 0.03315
vn 0.01699 -0.99176 -0.12697
vn -0.02271 -0.99823 -0.05497
vn -0.00761 -0.999457 0.03205
vn -0.00870 -0.999706 0.02263
vn 0.01025 -0.999394 0.03327
vn -0.03459 -0.99712 -0.06743
vn 0.21060 -0.76880 0.60381
vn -0.05782 -0.97732 0.20374
vn -0.02327 -0.99783 -0.06163
vn -0.00539 -0.99905 0.04323
vn 0.01400 -0.99724 0.07286
vn -0.03879 -0.99877 -0.03089
vn -0.02739 -0.98376 0.17740
vn 0.00277 -0.98139 0.19201
vn -0.03042 -0.51775 0.85499
vn -0.02202 -0.51443 0.85725
vn 0.09236 -0.25439 0.96268
vn 0.00193 -0.27185 0.96234
vn -0.09413 -0.18415 0.97838
vn -0.10097 -0.19241 0.97611
vn -0.06355 -0.48383 0.87285
vn -0.08903 -0.49868 0.86220
vn -0.12436 -0.93275 0.33838
vn -0.00873 -0.99887 -0.04675
vn 0.00365 -0.999801 0.01959
vn -0.00153 -0.999868 0.01615
vn -0.05681 -0.99813 -0.02238
vn -0.03992 -0.92174 0.38576
vn -0.14237 -0.45006 0.88158
vn -0.12128 -0.19234 0.97381
vn -0.06044 -0.39478 0.91679
vn -0.09679 -0.88855 0.44845
vn -0.02914 -0.99435 0.10212
vn 0.00162 -0.99849 0.05500
vn -0.01080 -0.99878 0.04813
vn 0.06492 -0.99212 -0.10721
vn -0.00116 -0.83307 -0.55316
vn 0.18454 -0.96567 -0.18285
vn 0.04148 -0.81874 -0.57267
vn 0.15564 -0.59763 -0.78652
vn 0.09614 -0.46439 -0.88040
vn 0.12607 -0.43395 -0.89207
vn 0.11887 -0.60181 -0.78975
vn 0.14319 -0.44515 -0.88393
vn 0.14362 -0.63488 -0.75914
vn -0.08073 -0.96616 -0.24500
vn 0.04044 -0.31462 -0.94836
vn 0.06785 -0.48821 -0.87008
vn -0.00253 -0.44701 -0.89452
vn -0.04752 -0.60802 -0.79250
vn 0.00843 -0.55247 -0.83349
vn 0.04895 -0.99834 -0.03026
vn 0.14542 -0.98162 -0.12356
vn -0.00545 -0.54364 -0.83930
vn -0.08445 -0.97174 -0.22041
vn 0.08920 -0.84291 -0.53060
vn -0.10205 -0.24652 -0.96375
vn -0.05616 -0.31383 -0.94782
vn 0.07542 -0.26855 -0.96031
vn -0.07042 -0.48875 -0.86958
vn -0.12819 -0.46444 -0.87628
vn -0.08916 -0.55518 -0.82694
vn -0.08846 -0.55430 -0.82760
vn -0.04119 -0.85307 -0.52017
vn -0.10458 -0.99431 -0.02035
vn 0.00433 -0.999884 -0.01464
vn 0.01906 -0.88587 -0.46355
vn -0.10646 -0.40979 -0.90595
vn -0.17533 -0.33220 -0.92677
vn -0.13664 -0.20817 -0.96850
vn -0.10141 -0.24597 -0.96396
vn -0.08060 -0.55901 -0.82523
vn -0.03706 -0.89946 -0.43543
vn -0.05042 -0.99466 0.09010
vn 0.06778 -0.99202 0.10628
vn -0.13417 -0.42192 -0.89665
vn -0.19060 -0.19614 -0.96187
vn -0.13964 -0.15182 -0.97849
vn -0.05842 -0.21220 -0.97548
vn -0.04108 -0.25532 -0.96598
vn 0.01004 -0.08966 -0.99592
vn 0.03533 -0.11684 -0.99252
vn -0.05079 -0.44284 -0.89516
vn -0.08986 -0.39156 -0.91576
vn -0.11296 -0.57606 -0.80956
vn -0.01882 -0.64584 -0.76324
vn -0.09952 -0.87747 -0.46919
vn -0.04444 -0.86294 -0.50335
vn 0.05786 -0.99066 0.12349
vn -0.00868 -0.99140 0.13058
vn 0.12819 -0.94116 -0.31271
vn 0.09971 -0.58629 -0.80394
vn 0.08815 -0.33690 -0.93740
vn 0.09289 -0.34090 -0.93550
vn 0.00993 -0.12592 -0.99199
vn 0.10266 -0.21635 -0.97090
vn 0.03209 -0.27663 -0.96044
vn 0.00598 -0.13301 -0.99110
vn -0.03291 -0.07200 -0.99686
vn -0.11526 -0.06373 -0.99129
vn -0.17375 0.02245 -0.98453
vn -0.10499 0.08074 -0.99119
vn -0.01289 -0.00966 -0.99987
vn 0.00132 -0.01106 -0.999938
vn 0.02856 -0.05619 -0.99801
vn -0.00225 -0.13121 -0.99135
vn 0.05746 -0.24142 -0.96872
vn 0.18399 -0.20386 -0.96156
vn 0.20070 -0.25685 -0.94538
vn -0.02801 -0.50302 -0.86382
vn -0.15983 -0.94375 -0.28946
vn 0.02894 -0.82433 -0.56538
vn 0.01245 -0.98839 0.15140
vn 0.02004 -0.98948 0.14326
vn 0.18391 -0.40727 -0.89460
vn 0.21317 -0.47658 -0.85289
vn -0.04368 -0.81242 -0.58143
vn 0.21294 -0.26463 -0.94055
vn 0.25481 -0.25696 -0.93223
vn 0.11356 -0.24867 -0.96191
vn 0.14412 -0.30222 -0.94228
vn 0.08076 -0.05458 -0.99524
vn 0.14488 -0.13419 -0.98031
vn 0.01278 0.00519 -0.999905
vn 0.08083 -0.03514 -0.99611
vn 0.13266 0.00081 -0.99116
vn 0.28309 -0.30061 -0.91076
vn 0.25768 -0.23836 -0.93637
vn 0.20246 -0.47024 -0.85900
vn 0.07686 -0.93332 -0.35072
vn 0.09934 -0.92986 -0.35426
vn 0.33921 -0.24741 -0.90759
vn 0.25325 -0.10816 -0.96134
vn 0.31766 -0.20494 -0.92579
vn 0.25341 -0.06418 -0.96523
vn 0.27283 -0.03950 -0.96125
vn 0.17398 0.09936 -0.97972
vn 0.20699 0.09923 -0.97330
vn 0.12710 0.02356 -0.99161
vn 0.02136 0.09289 -0.99545
vn -0.00733 0.08186 -0.99662
vn 0.00723 0.07224 -0.99736
vn -0.09781 0.02242 -0.99495
vn -0.03082 0.18502 -0.98225
vn 0.04914 0.19166 -0.98023
vn 0.23820 -0.10965 -0.96501
vn 0.11385 0.06372 -0.99145
vn 0.18522 0.05417 -0.98120
vn 0.10545 0.18172 -0.97768
vn 0.20616 0.14335 -0.96796
vn -0.03062 0.22294 -0.97435
vn 0.10425 0.17189 -0.97958
vn 0.13837 0.38525 -0.91238
vn 0.03113 0.12131 -0.99213
vn 0.16904 -0.03173 -0.98510
vn 0.16478 -0.03903 -0.98556
vn 0.38479 -0.31071 -0.86913
vn 0.34600 -0.23619 -0.90802
vn 0.34046 -0.20883 -0.91678
vn 0.25401 0.07110 -0.96459
vn 0.25178 -0.29033 -0.92321
vn 0.11410 -0.19784 -0.97357
vn 0.10060 0.04570 -0.99388
vn 0.05851 0.11652 -0.99146
vn 0.09444 0.08161 -0.99218
vn 0.08381 0.20615 -0.97492
vn 0.02984 0.16539 -0.98578
vn 0.10360 0.19125 -0.97606
vn 0.35898 0.26256 -0.89565
vn 0.35822 0.25093 -0.89929
vn 0.23986 0.35959 -0.90175
vn 0.19363 0.10731 -0.97519
vn 0.14366 0.14990 -0.97821
vn 0.12971 0.04689 -0.99044
vn 0.09146 -0.23516 -0.96764
vn 0.11961 -0.19608 -0.97326
vn 0.10702 -0.18543 -0.97681
vn 0.11028 -0.21874 -0.96953
vn 0.13134 -0.02767 -0.99095
vn 0.15003 -0.05235 -0.98729
vn 0.15229 0.00017 -0.98834
vn 0.14309 0.03680 -0.98903
vn 0.46011 0.25008 -0.85191
vn 0.42534 0.34050 -0.83854
vn 0.13938 0.17453 -0.97474
vn 0.16463 0.03218 -0.98583
vn 0.24628 0.32687 -0.91242
vn 0.10356 0.26060 -0.95988
vn 0.07849 0.05168 -0.99557
vn 0.26370 0.17207 -0.94913
vn 0.38673 0.29750 -0.87289
vn 0.46683 -0.04119 -0.88339
vn 0.26592 0.08616 -0.96014
vn 0.26947 0.36393 -0.89159
vn 0.25952 -0.00769 -0.96571
vn 0.27032 0.08330 -0.95916
vn 0.28090 -0.03309 -0.95917
vn 0.26818 -0.05577 -0.96175
vn 0.26696 -0.05290 -0.96225
vn 0.36987 -0.02898 -0.92863
vn 0.49138 0.22701 -0.84084
vn 0.37827 0.37417 -0.84670
vn 0.18181 0.28845 -0.94008
vn 0.23052 -0.02034 -0.97285
vn 0.44297 0.17286 -0.87971
vn 0.35150 0.33281 -0.87503
vn 0.44695 0.23577 -0.86293
vn 0.47107 0.20676 -0.85752
vn 0.26465 0.33448 -0.90448
vn 0.42854 0.19349 -0.88256
vn 0.12117 -0.04482 -0.99162
vn 0.13716 -0.05163 -0.98920
vn 0.12919 -0.05657 -0.99001
vn 0.13353 -0.04539 -0.99000
vn 0.35805 -0.03207 -0.93315
vn 0.32625 -0.01141 -0.94521
vn 0.31490 0.03288 -0.94856
vn 0.25576 -0.03582 -0.96608
vn 0.30429 -0.06912 -0.95007
vn 0.35408 0.18617 -0.91650
vn 0.59207 0.03239 -0.80523
vn 0.53799 0.25334 -0.80398
vn 0.66933 0.21527 -0.71109
vn 0.60086 0.03408 -0.79862
vn 0.55883 0.07811 -0.82560
vn 0.56600 -0.00502 -0.82439
vn 0.58889 -0.01872 -0.80800
vn 0.57097 -0.02147 -0.82069
vn 0.55829 -0.03941 -0.82871
vn 0.50299 0.00774 -0.86426
vn 0.50550 0.01207 -0.86274
vn 0.10967 -0.02732 -0.99359
vn 0.10488 -0.02749 -0.99410
vn 0.36158 -0.02760 -0.93193
vn 0.54074 -0.02340 -0.84086
vn 0.72399 -0.03373 -0.68898
vn 0.72015 -0.00380 -0.69380
vn 0.62993 -0.01434 -0.77652
vn 0.63605 -0.00145 -0.77165
vn 0.61120 0.03010 -0.79091
vn 0.70318 -0.04117 -0.70982
vn 0.61831 0.04142 -0.78484
vn 0.02484 -0.02750 -0.999313
vn -0.04473 0.01651 -0.99886
vn -0.06680 -0.02387 -0.99748
vn -0.07910 -0.00548 -0.99685
vn -0.09289 0.01647 -0.99554
vn -0.07692 0.03016 -0.99658
vn 0.02139 0.08864 -0.99583
vn 0.68397 -0.07323 -0.72583
vn -0.02878 -0.06707 -0.99733
vn 0.02205 0.03097 -0.999277
vn 0.04229 0.01738 -0.99895
vn 0.04137 0.01250 -0.999066
vn -0.03950 -0.01622 -0.999088
vn -0.06079 0.02544 -0.99783
vn -0.09100 -0.00825 -0.99582
vn 0.10254 -0.01580 -0.99460
vn 0.13457 -0.00424 -0.99089
vn 0.13604 -0.01699 -0.99056
vn 0.18630 0.01199 -0.98242
vn 0.16944 0.02914 -0.98511
vn 0.14273 -0.01065 -0.98970
vn 0.17399 -0.03370 -0.98417
vn 0.32542 0.00573 -0.94555
vn 0.31718 -0.00388 -0.94836
vn 0.28819 0.02376 -0.95728
vn 0.27508 0.00733 -0.96139
vn 0.24937 0.03186 -0.96788
vn 0.13552 -0.00472 -0.99076
vn 0.13034 -0.00910 -0.99143
vn 0.09893 0.00140 -0.99509
vn 0.23351 0.00478 -0.97234
vn 0.42818 0.31238 -0.84799
vn 0.29752 0.00630 -0.95469
vn 0.33537 0.02832 -0.94166
vn 0.34947 0.01659 -0.93680
vn 0.36619 0.07587 -0.92744
vn 0.18334 0.02734 -0.98267
vn 0.74100 -0.05632 -0.66913
vn 0.73782 0.05391 -0.67284
vn 0.79154 -0.01553 -0.61092
vn 0.40627 0.06905 -0.91114
vn 0.69281 -0.07464 -0.71724
vn 0.19440 0.01719 -0.98077
vn 0.39870 -0.10927 -0.91055
vn 0.22288 0.07109 -0.97225
vn 0.39234 0.08516 -0.91587
vn 0.60419 -0.10542 -0.78984
vn 0.61761 -0.06988 -0.78337
vn 0.76106 -0.19721 -0.61798
vn 0.80766 -0.04108 -0.58821
vn 0.91066 -0.12916 -0.39245
vn 0.90313 -0.07363 -0.42300
vn 0.92646 -0.02709 -0.37542
vn 0.90690 0.00870 -0.42127
vn 0.90323 0.00105 -0.42915
vn 0.84121 -0.01746 -0.54043
vn 0.72315 0.03195 -0.68995
vn 0.58107 -0.05495 -0.81199
vn 0.18536 0.02069 -0.98245
vn 0.94365 0.01907 -0.33039
vn 0.90765 -0.07258 -0.41340
vn 0.93334 -0.09775 -0.34543
vn 0.91377 -0.12825 -0.38545
vn 0.87186 -0.17435 -0.45766
vn 0.88153 -0.19260 -0.43105
vn 0.85544 -0.05326 -0.51516
vn 0.89205 -0.11692 -0.43656
vn 0.88856 0.21459 -0.40548
vn 0.80191 0.31858 -0.50542
vn 0.81153 0.19594 -0.55047
vn 0.62852 0.31531 -0.71101
vn 0.65980 0.34832 -0.66583
vn 0.64980 -0.04624 -0.75869
vn 0.47411 0.23763 -0.84779
vn 0.93804 0.31895 -0.13549
vn 0.96487 0.25618 0.05839
vn 0.89278 0.44189 -0.08763
vn 0.51409 0.19034 -0.83635
vn 0.59787 0.37625 -0.70780
vn 0.13227 0.25715 -0.95728
vn 0.27075 0.23940 -0.93240
vn 0.81167 0.22458 -0.53922
vn 0.72687 0.03821 -0.68571
vn 0.84880 0.48931 0.20030
vn 0.69677 0.71595 0.04394
vn 0.54585 0.51016 -0.66468
vn 0.82158 0.56350 -0.08643
vn 0.58914 0.72525 -0.35627
vn 0.79429 0.26936 -0.54456
vn 0.68836 0.47877 -0.54492
vn 0.62352 0.20674 -0.75398
vn 0.62330 0.20698 -0.75409
vn 0.48618 -0.13667 -0.86311
vn 0.57161 0.19464 -0.79711
vn 0.61504 -0.08747 -0.78363
vn 0.56609 -0.06405 -0.82185
vn 0.39448 -0.16961 -0.90311
vn 0.90363 -0.00239 -0.42831
vn 0.83731 0.00771 -0.54668
vn 0.78971 -0.02557 -0.61295
vn 0.53537 0.04154 -0.84360
vn 0.47288 -0.02406 -0.88080
vn 0.79024 0.01790 -0.61254
vn 0.48017 -0.03005 -0.87666
vn 0.87849 0.02877 -0.47690
vn 0.84822 -0.02264 -0.52917
vn 0.82704 -0.02013 -0.56178
vn 0.69727 -0.10054 -0.70972
vn 0.49232 0.01144 -0.87034
vn 0.14806 -0.03827 -0.98824
vn 0.12839 -0.02357 -0.99144
vn 0.12327 0.02702 -0.99201
vn 0.20553 -0.02148 -0.97841
vn 0.33768 -0.02502 -0.94093
vn 0.16638 0.05606 -0.98447
vn 0.35532 0.05402 -0.93318
vn 0.14529 0.04661 -0.98829
vn 0.15485 0.03412 -0.98735
vn 0.20516 -0.02217 -0.97848
vn 0.14556 0.04656 -0.98825
vn 0.02661 -0.04904 -0.99844
vn -0.00046 -0.03060 -0.999532
vn 0.03193 0.00500 -0.999477
vn -0.21484 -0.08970 -0.97252
vn -0.17451 -0.10600 -0.97893
vn 0.09216 0.16519 -0.98195
vn -0.11134 0.41116 -0.90474
vn 0.21434 0.17183 -0.96153
vn 0.18182 0.08201 -0.97991
vn 0.15099 0.08819 -0.98459
vn 0.34490 0.22355 -0.91163
vn 0.23246 0.28617 -0.92955
vn 0.02126 0.43218 -0.90153
vn -0.11577 -0.23984 -0.96389
vn -0.00062 0.02270 -0.999742
vn -0.02312 0.01716 -0.999585
vn -0.11304 -0.04840 -0.99241
vn -0.09641 0.49934 -0.86102
vn -0.30894 -0.23277 -0.92216
vn -0.20086 0.01305 -0.97953
vn -0.22271 0.07777 -0.97178
vn -0.40970 -0.09366 -0.90740
vn -0.10988 0.01621 -0.99381
vn -0.12901 -0.02874 -0.99123
vn -0.00386 -0.02827 -0.999593
vn -0.07018 0.01660 -0.99740
vn 0.66572 0.01207 -0.74611
vn 0.37901 0.11251 -0.91853
vn 0.50361 -0.23356 -0.83176
vn 0.75219 0.10817 -0.65001
vn 0.75259 0.10749 -0.64966
vn 0.76137 0.33790 -0.55330
vn 0.44318 0.60081 -0.66530
vn 0.46093 0.41635 -0.78371
vn 0.67322 0.29388 -0.67854
vn 0.63923 0.39468 -0.66001
vn -0.08817 0.00033 -0.99611
vn 0.63825 0.06917 -0.76671
vn 0.60311 0.01416 -0.79754
vn 0.78377 0.14095 -0.60484
vn 0.79974 0.09810 -0.59228
vn 0.78463 0.06731 -0.61630
vn 0.68945 0.28640 -0.66531
vn 0.38192 0.20923 -0.90020
vn 0.35001 -0.01119 -0.93668
vn 0.50093 0.02346 -0.86517
vn 0.49341 0.05812 -0.86785
vn 0.49039 0.02799 -0.87106
vn 0.54973 0.00378 -0.83533
vn 0.67960 0.18953 -0.70868
vn 0.56866 0.13674 -0.81113
vn 0.49796 0.20572 -0.84245
vn 0.32202 -0.01309 -0.94664
vn 0.21800 -0.16711 -0.96154
vn 0.20493 -0.10453 -0.97318
vn 0.35876 -0.06968 -0.93082
vn 0.37142 -0.02352 -0.92817
vn 0.37644 -0.03570 -0.92575
vn 0.37727 -0.02843 -0.92567
vn 0.30692 -0.06376 -0.94960
vn 0.14845 -0.23292 -0.96110
vn 0.12467 -0.13510 -0.98296
vn 0.02182 -0.22868 -0.97326
vn 0.01835 -0.06551 -0.99768
vn 0.30858 -0.07001 -0.94862
vn 0.09619 -0.25588 -0.96191
vn 0.18626 -0.10415 -0.97696
vn 0.12586 -0.02061 -0.99183
vn 0.07881 0.01828 -0.99672
vn 0.06171 -0.13521 -0.98889
vn 0.09851 -0.10569 -0.98951
vn 0.16278 -0.11000 -0.98051
vn 0.15831 -0.12805 -0.97905
vn 0.10110 -0.04207 -0.99399
vn 0.11937 -0.04171 -0.99197
vn 0.04580 -0.08923 -0.99496
vn 0.07113 -0.12350 -0.98979
vn 0.05353 -0.15410 -0.98660
vn 0.01872 -0.10967 -0.99379
vn 0.06683 -0.08585 -0.99406
vn 0.23087 -0.17354 -0.95738
vn -0.00932 -0.17253 -0.98496
vn 0.19192 -0.20023 -0.96077
vn 0.22968 -0.34724 -0.90921
vn -0.04432 -0.38314 -0.92263
vn -0.02105 -0.29655 -0.95478
vn -0.10216 -0.29832 -0.94898
vn 0.13503 -0.28683 -0.94842
vn -0.15048 -0.38337 -0.91125
vn 0.00532 -0.37113 -0.92857
vn 0.07867 -0.46170 -0.88354
vn 0.22126 -0.38213 -0.89723
vn 0.10318 -0.54418 -0.83260
vn 0.21821 -0.46782 -0.85646
vn 0.04826 -0.47671 -0.87773
vn -0.07315 -0.69546 -0.71484
vn -0.19500 -0.93089 -0.30891
vn 0.08363 -0.88271 -0.46242
vn 0.29042 -0.56106 -0.77516
vn 0.15200 -0.90245 -0.40309
vn 0.07715 -0.88805 -0.45323
vn 0.05164 -0.99553 0.07903
vn 0.09858 -0.99189 0.08020
vn 0.08032 -0.92492 -0.37157
vn -0.03265 -0.97859 0.20319
vn -0.08948 -0.98516 0.14644
vn -0.04173 -0.89488 -0.44436
vn 0.02827 -0.99828 -0.05134
vn 0.01060 -0.87726 -0.47989
vn 0.01252 -0.99604 -0.08801
vn -0.14432 -0.85490 -0.49831
vn -0.19264 -0.64839 -0.73653
vn -0.07688 -0.60371 -0.79349
vn 0.01260 -0.99681 0.07879
vn -0.02314 -0.99231 -0.12160
vn -0.26917 -0.59993 -0.75341
vn -0.18643 -0.48943 -0.85188
vn -0.07713 -0.43780 -0.89576
vn -0.01867 -0.51548 -0.85670
vn 0.03792 -0.67247 -0.73915
vn 0.06621 -0.92663 -0.37010
vn -0.02228 -0.99939 0.02688
vn -0.17128 -0.81116 -0.55919
vn -0.01699 -0.44573 -0.89500
vn 0.03557 -0.54618 -0.83691
vn 0.08731 -0.70689 -0.70192
vn -0.01125 -0.99840 -0.05535
vn -0.00400 -0.999991 0.00157
vn 0.03440 -0.99593 0.08330
vn -0.09755 -0.95184 -0.29066
vn -0.21578 -0.79452 -0.56760
vn -0.10849 -0.37376 -0.92116
vn -0.02551 -0.34102 -0.93971
vn 0.03852 -0.43820 -0.89805
vn 0.08727 -0.60319 -0.79281
vn 0.09076 -0.80398 -0.58769
vn 0.01812 -0.96959 -0.24408
vn -0.01024 -0.999871 -0.01237
vn 0.01271 -0.999874 0.00954
vn 0.02797 -0.92300 -0.38378
vn 0.13338 -0.44520 -0.88544
vn 0.07842 -0.32098 -0.94383
vn 0.02071 -0.25483 -0.96676
vn -0.07997 -0.25923 -0.96250
vn 0.13023 -0.25893 -0.95708
vn 0.17616 -0.32252 -0.93003
vn 0.12067 -0.64241 -0.75680
vn 0.12827 -0.73120 -0.66999
vn -0.00490 -0.99325 0.11592
vn -0.00792 -0.999951 0.00598
vn 0.02407 -0.94586 -0.32368
vn 0.22120 -0.45818 -0.86090
vn 0.19308 -0.53889 -0.81995
vn 0.20971 -0.38773 -0.89760
vn -0.03326 -0.08232 -0.99605
vn 0.07697 -0.09253 -0.99273
vn 0.17775 -0.12799 -0.97572
vn 0.20555 -0.26942 -0.94083
vn 0.23318 -0.33720 -0.91210
vn 0.07911 -0.88585 -0.45718
vn -0.02432 -0.99766 0.06390
vn 0.02395 -0.99826 -0.05381
vn 0.09356 -0.93145 -0.35162
vn 0.16214 -0.68320 -0.71201
vn 0.24517 -0.31535 -0.91676
vn 0.24995 -0.27404 -0.92867
vn 0.24181 -0.12807 -0.96184
vn 0.13577 0.16563 -0.97680
vn 0.21438 0.12010 -0.96934
vn 0.04216 0.21442 -0.97583
vn 0.10505 0.39664 -0.91195
vn 0.13268 0.34402 -0.92954
vn 0.24186 0.24655 -0.93847
vn 0.27183 0.11542 -0.95540
vn 0.14792 0.14792 -0.97787
vn 0.11029 0.49523 -0.86173
vn -0.05523 0.39152 -0.91851
vn -0.03251 0.21161 -0.97681
vn 0.00159 0.06307 -0.99801
vn 0.28202 0.03608 -0.95873
vn 0.27832 -0.16749 -0.94577
vn 0.22276 -0.36469 -0.90409
vn 0.18143 -0.48929 -0.85304
vn 0.11446 -0.83354 -0.54048
vn 0.09848 -0.68543 -0.72145
vn 0.02824 -0.97254 -0.23102
vn 0.24617 0.17403 -0.95347
vn 0.11090 -0.00673 -0.99381
vn -0.07416 0.21173 -0.97451
vn 0.06075 -0.08648 -0.99440
vn 0.20233 0.00774 -0.97929
vn 0.19927 -0.17820 -0.96361
vn 0.18601 -0.32502 -0.92723
vn 0.13786 -0.39888 -0.90658
vn 0.14250 -0.07871 -0.98666
vn 0.10114 -0.07403 -0.99211
vn 0.01038 0.10577 -0.99434
vn 0.10046 -0.01803 -0.99478
vn 0.11274 -0.26052 -0.95886
vn 0.17230 -0.05206 -0.98367
vn 0.03527 0.28348 -0.95833
vn 0.14221 0.11911 -0.98264
vn 0.17248 0.13134 -0.97622
vn 0.11442 -0.08820 -0.98951
vn 0.09209 -0.38815 -0.91698
vn 0.06488 -0.29716 -0.95262
vn -0.02590 -0.18331 -0.98271
vn -0.10599 -0.03355 -0.99380
vn 0.18341 0.02271 -0.98277
vn 0.10984 0.35131 -0.92980
vn 0.16713 0.20127 -0.96517
vn 0.06138 0.41778 -0.90647
vn 0.00629 0.57641 -0.81714
vn 0.03796 0.49153 -0.87004
vn -0.16329 -0.06721 -0.98429
vn -0.15017 -0.09778 -0.98381
vn -0.10168 -0.17985 -0.97843
vn -0.15682 0.05360 -0.98617
vn -0.03530 0.02664 -0.999022
vn 0.14709 -0.03133 -0.98863
vn -0.07365 0.56988 -0.81842
vn -0.04137 0.38639 -0.92141
vn -0.05378 0.59545 -0.80159
vn -0.11814 0.34634 -0.93064
vn 0.11624 0.30442 -0.94542
vn 0.14328 0.11187 -0.98334
vn 0.06132 0.05541 -0.99658
vn -0.13471 0.13888 -0.98110
vn -0.02330 0.22778 -0.97343
vn -0.00420 0.28718 -0.95787
vn -0.10944 0.17016 -0.97932
vn -0.05596 0.24814 -0.96711
vn -0.09865 0.26405 -0.95945
vn -0.17925 0.26988 -0.94606
vn -0.14692 0.21487 -0.96553
vn -0.19390 0.33316 -0.92272
vn -0.02048 0.27295 -0.96181
vn -0.04022 0.19836 -0.97930
vn -0.05395 0.09736 -0.99379
vn -0.07396 -0.01680 -0.99712
vn -0.07148 0.02937 -0.99701
vn -0.05693 0.35974 -0.93131
vn -0.09670 0.11980 -0.98808
vn -0.07797 0.38427 -0.91992
vn -0.03597 -0.04024 -0.99854
vn -0.10647 0.08428 -0.99074
vn -0.10954 0.20053 -0.97354
vn -0.02017 0.08599 -0.99609
vn 0.06231 0.04350 -0.99711
vn 0.14729 -0.03549 -0.98846
vn 0.33171 -0.01908 -0.94319
vn 0.24487 0.05554 -0.96796
vn 0.11000 0.16655 -0.97988
vn -0.02369 0.14374 -0.98933
vn 0.02312 0.23132 -0.97260
vn 0.00896 0.10341 -0.99460
vn 0.15622 0.11491 -0.98101
vn -0.00104 0.39472 -0.91880
vn 0.09857 0.31923 -0.94254
vn -0.07115 0.20250 -0.97669
vn 0.04571 0.20478 -0.97774
vn 0.19823 -0.01439 -0.98005
vn -0.07835 -0.02080 -0.99671
vn 0.07709 0.15158 -0.98543
vn 0.06728 0.19089 -0.97930
vn 0.01571 0.29597 -0.95507
vn 0.01496 0.17729 -0.98404
vn -0.03464 0.11619 -0.99262
vn -0.02222 0.05782 -0.99808
vn -0.12633 0.06061 -0.99014
vn 0.27911 0.10189 -0.95484
vn 0.09079 0.45300 -0.88687
vn 0.31863 0.60613 -0.72876
vn -0.12553 0.45097 -0.88367
vn 0.15204 0.25694 -0.95439
vn 0.06899 0.21272 -0.97467
vn -0.06976 0.37861 -0.92293
vn -0.03710 0.77695 -0.62847
vn -0.05542 0.88377 -0.46462
vn -0.04370 0.77599 -0.62923
vn 0.10582 0.89747 -0.42820
vn -0.01268 0.99195 -0.12597
vn 0.03462 0.98204 -0.18547
vn 0.06275 0.69059 -0.72052
vn -0.00999 0.17330 -0.98482
vn -0.05303 -0.08145 -0.99527
vn 0.01124 0.07784 -0.99690
vn 0.11794 0.11786 -0.98600
vn 0.09126 0.02728 -0.99545
vn 0.02219 -0.06349 -0.99774
vn 0.06159 -0.03491 -0.99749
vn 0.12604 0.35242 -0.92731
vn 0.09797 0.87828 -0.46799
vn 0.01279 0.99916 -0.03894
vn -0.00595 0.99997 0.00504
vn 0.09366 0.02709 -0.99524
vn 0.19173 0.46502 -0.86429
vn 0.14252 0.82903 -0.54074
vn 0.19614 0.28473 -0.93833
vn 0.05588 -0.05842 -0.99673
vn 0.15112 0.01143 -0.98845
vn 0.23617 0.53112 -0.81372
vn 0.25488 0.09110 -0.96267
vn 0.07176 0.96661 -0.24599
vn 0.01390 0.999104 -0.03997
vn 0.00673 0.999783 0.01970
vn -0.00001 0.999995 -0.00317
vn -0.03485 0.999199 -0.01968
vn 0.03301 0.98948 -0.14084
vn 0.13590 0.88704 -0.44124
vn 0.49459 0.36433 -0.78908
vn 0.43701 0.00565 -0.89944
vn 0.24726 -0.06440 -0.96681
vn 0.45742 -0.09747 -0.88389
vn 0.67992 0.00638 -0.73326
vn 0.64136 -0.05453 -0.76530
vn 0.23593 0.80154 -0.54942
vn 0.49273 0.08429 -0.86609
vn -0.01316 0.71112 0.70294
vn -0.03733 0.85442 0.51824
vn 0.01405 0.999056 -0.04111
vn 0.01231 0.46450 -0.88549
vn 0.18582 -0.10469 -0.97699
vn 0.62810 -0.05586 -0.77613
vn 0.27073 -0.05831 -0.96089
vn -0.11527 -0.08424 -0.98976
vn -0.04578 0.95434 -0.29519
vn -0.02494 0.50314 -0.86385
vn 0.01478 0.01803 0.999728
vn 0.00898 0.02611 0.999619
vn -0.05060 0.30217 0.95191
vn 0.01913 -0.05404 0.99836
vn 0.04078 0.31299 0.94888
vn 0.03431 -0.02230 0.999162
vn -0.01101 0.93674 0.34986
vn 0.02738 0.999572 0.01025
vn 0.10572 0.83933 -0.53324
vn 0.05493 0.12456 -0.99069
vn -0.05568 -0.00446 -0.99844
vn 0.04897 -0.14703 -0.98792
vn -0.01105 -0.04025 -0.999128
vn 0.18721 0.13175 -0.97344
vn 0.10379 0.97619 0.19045
vn 0.08145 0.76665 0.63688
vn 0.00481 0.00248 0.999985
vn 0.01925 0.17938 0.98359
vn 0.09569 0.47563 0.87442
vn 0.01189 0.999815 0.01514
vn 0.11175 0.97118 -0.21051
vn 0.30005 0.64915 -0.69898
vn 0.47311 0.06157 -0.87885
vn 0.26548 -0.09053 -0.95986
vn 0.49914 0.54505 -0.67364
vn 0.04174 0.99700 0.06526
vn 0.06129 0.05363 0.99668
vn 0.03123 0.01155 0.999446
vn 0.12473 0.35269 0.92739
vn 0.17258 0.84658 0.50350
vn -0.01466 0.99197 0.12562
vn 0.31221 0.94134 -0.12810
vn 0.51770 0.79655 -0.31223
vn 0.38854 0.90857 -0.15344
vn 0.75104 0.64254 -0.15192
vn 0.21606 0.90735 0.36062
vn 0.23095 0.25812 0.93810
vn 0.46129 0.45542 0.76145
vn 0.02734 -0.01812 0.999462
vn 0.07800 -0.02080 0.99674
vn 0.21406 -0.04070 0.97597
vn 0.06562 -0.00179 0.99784
vn 0.40491 0.10092 0.90877
vn 0.53614 0.20180 0.81965
vn 0.45846 0.48404 0.74533
vn 0.62795 0.74075 0.23868
vn 0.64091 0.35646 0.67983
vn 0.48342 0.04320 0.87432
vn 0.33502 -0.01370 0.94211
vn 0.35476 -0.04123 0.93405
vn 0.60456 0.09207 0.79122
vn 0.87124 0.31839 -0.37360
vn 0.97058 0.13823 0.19712
vn 0.74302 0.48180 -0.46453
vn 0.80069 0.26569 -0.53694
vn 0.90502 0.30539 -0.29612
vn 0.92623 0.12954 -0.35400
vn 0.98685 0.06477 0.14812
vn 0.03176 0.02313 0.999228
vn 0.53893 -0.06564 0.83979
vn 0.68010 0.06203 0.73049
vn 0.97089 0.23285 -0.05620
vn 0.95318 0.28978 -0.08642
vn 0.90224 0.41125 -0.12975
vn 0.91222 0.40473 -0.06359
vn 0.87398 0.37880 -0.30441
vn 0.89821 0.43925 0.01688
vn 0.99210 0.11870 0.04066
vn 0.99987 0.01576 0.00350
vn 0.92414 -0.02926 0.38094
vn 0.45287 -0.04382 0.89050
vn 0.07284 0.03088 0.99687
vn 0.52631 -0.04925 0.84886
vn 0.87818 -0.05408 0.47526
vn 0.99855 -0.05377 -0.00059
vn 0.99629 -0.08072 0.02970
vn 0.90297 0.27689 -0.32859
vn 0.99369 -0.01376 -0.11136
vn 0.94466 0.06399 -0.32175
vn 0.99894 -0.03425 -0.03063
vn 0.77735 -0.00696 0.62903
vn 0.56290 -0.00845 0.82648
vn 0.31448 0.04197 0.94834
vn 0.05392 0.11372 0.99205
vn 0.48193 -0.01285 0.87612
vn 0.49849 0.01030 0.86683
vn 0.98665 0.00641 0.16275
vn 0.98688 -0.11139 -0.11690
vn 0.93543 -0.15169 -0.31932
vn 0.93600 -0.12205 -0.33018
vn 0.59316 0.05561 0.80316
vn 0.10321 0.08480 0.99104
vn 0.11360 0.15661 0.98111
vn 0.33313 0.05575 0.94123
vn 0.97362 0.00307 -0.22814
vn 0.96553 -0.06158 -0.25291
vn 0.93696 -0.02493 -0.34855
vn 0.97893 0.02844 -0.20220
vn 0.89050 0.05721 0.45137
vn 0.41795 0.09100 0.90390
vn 0.19515 0.08450 0.97713
vn 0.46200 0.16024 0.87229
vn 0.91441 0.01933 -0.40432
vn 0.45558 0.13317 0.88018
vn 0.27438 0.12878 0.95296
vn 0.54324 0.10701 0.83273
vn 0.46432 0.13812 0.87483
vn 0.69770 0.09028 0.71068
vn 0.13844 0.12320 0.98268
vn 0.34217 0.18989 0.92025
vn 0.74785 0.08029 0.65899
vn 0.99044 0.06968 0.11903
vn 0.34256 0.09678 0.93450
vn 0.14084 0.05462 0.98852
vn 0.25510 -0.01844 0.96674
vn 0.13589 -0.03661 0.99005
vn 0.61855 0.00957 0.78568
vn 0.94755 0.04770 -0.31602
vn 0.94300 0.04385 0.32991
vn 0.83524 -0.03924 0.54849
vn 0.74470 -0.12700 0.65521
vn 0.52495 -0.09064 0.84629
vn 0.21383 -0.13335 0.96773
vn 0.18449 -0.09137 0.97858
vn 0.51132 -0.19183 0.83771
vn 0.36802 -0.14937 0.91774
vn 0.95281 -0.03359 0.30170
vn 0.999393 0.00744 0.03404
vn 0.98540 0.05791 -0.16011
vn 0.87973 0.01612 -0.47520
vn 0.63568 -0.19275 0.74750
vn 0.16305 -0.09428 0.98210
vn 0.99091 -0.04919 0.12519
vn 0.99014 -0.01193 -0.13960
vn 0.97314 -0.00910 -0.23005
vn 0.91682 -0.01709 -0.39894
vn 0.93552 -0.09714 -0.33965
vn 0.98406 -0.16782 0.05890
vn 0.59215 -0.17511 0.78657
vn 0.37049 -0.01181 0.92876
vn 0.11509 -0.17322 0.97814
vn 0.08826 -0.13971 0.98625
vn 0.30587 -0.09384 0.94744
vn 0.02599 0.00890 0.999623
vn 0.70971 -0.14195 0.69004
vn 0.90146 -0.16615 -0.39971
vn 0.90407 -0.07995 -0.41983
vn 0.86054 -0.01217 -0.50925
vn 0.91250 -0.14133 -0.38390
vn 0.83735 -0.06775 -0.54245
vn 0.91522 -0.17404 -0.36344
vn 0.92771 -0.22772 0.29580
vn 0.66319 -0.18200 0.72599
vn 0.45005 -0.57414 0.68397
vn 0.64683 -0.43871 0.62382
vn 0.15976 -0.37434 0.91343
vn 0.02672 -0.32817 0.94424
vn 0.14569 -0.82060 0.55263
vn 0.17732 -0.94676 0.26870
vn 0.47695 -0.78819 0.38895
vn 0.82255 -0.37939 0.42365
vn 0.93563 -0.31745 -0.15434
vn 0.78558 -0.01429 -0.61860
vn 0.66447 -0.04701 -0.74584
vn 0.61850 -0.00647 -0.78576
vn 0.75985 -0.09904 -0.64251
vn 0.94851 -0.12764 -0.28988
vn 0.58990 -0.75129 0.29594
vn 0.34510 -0.93788 0.03588
vn 0.79290 -0.57749 0.19447
vn 0.61847 -0.78485 0.03874
vn 0.44436 -0.05393 -0.89422
vn 0.34956 0.00561 -0.93690
vn 0.52485 -0.00893 -0.85115
vn 0.25271 0.02616 -0.96719
vn 0.16592 0.05089 -0.98482
vn 0.92673 -0.27153 -0.25969
vn 0.83492 -0.51782 -0.18648
vn 0.60871 -0.78722 -0.09875
vn 0.90856 -0.15950 -0.38611
vn 0.84482 -0.45947 -0.27415
vn 0.89824 -0.10559 -0.42663
vn 0.57219 -0.09473 -0.81463
vn 0.26615 -0.02147 -0.96369
vn 0.25873 -0.10452 -0.96028
vn 0.26518 0.11343 -0.95750
vn 0.30816 0.18267 -0.93363
vn 0.33256 0.04398 -0.94205
vn 0.69897 -0.41503 -0.58240
vn 0.75314 -0.16204 -0.63759
vn 0.48592 -0.82066 -0.30065
vn 0.47578 -0.76156 -0.44007
vn 0.64637 -0.33806 -0.68404
vn 0.15278 -0.07810 -0.98517
vn 0.17322 -0.19255 -0.96588
vn 0.09665 -0.12623 -0.98728
vn 0.27374 -0.00608 -0.96178
vn 0.23949 -0.27101 -0.93231
vn 0.10735 -0.30596 -0.94597
vn 0.05634 -0.23639 -0.97002
vn 0.12051 -0.33473 -0.93458
vn 0.01970 -0.39197 -0.91977
vn 0.36600 -0.14889 -0.91863
vn 0.11862 -0.99170 -0.04968
vn 0.41695 -0.71871 -0.55642
vn 0.07667 -0.91303 -0.40062
vn 0.03268 -0.31957 -0.94700
vn -0.01128 -0.83809 -0.54542
vn 0.15882 -0.38359 -0.90974
vn 0.35723 0.26660 -0.89516
vn 0.26260 -0.06538 -0.96269
vn 0.36464 -0.31847 -0.87499
vn 0.24313 -0.34401 -0.90694
vn -0.02073 -0.999767 0.00601
vn 0.00030 -0.98451 -0.17533
vn 0.05830 -0.64116 -0.76519
vn 0.25281 -0.17772 -0.95105
vn 0.18930 0.52160 -0.83192
vn 0.13023 0.37066 -0.91959
vn 0.43759 -0.26337 -0.85974
vn 0.08175 -0.84346 -0.53094
vn 0.01218 -0.99700 -0.07641
vn 0.35335 -0.72469 -0.59158
vn 0.42406 -0.19118 -0.88522
vn 0.48708 0.01945 -0.87314
vn 0.53885 -0.08208 -0.83839
vn 0.09099 -0.98672 -0.13455
vn 0.29286 -0.60431 -0.74097
vn -0.00143 -0.999541 0.03027
vn -0.00063 -0.99884 -0.04805
vn 0.02092 -0.999666 -0.01515
vn 0.10698 -0.85058 -0.51485
vn 0.25899 -0.33407 -0.90627
vn 0.11820 -0.14250 -0.98271
vn 0.10653 -0.03825 -0.99357
vn -0.01630 -0.999483 -0.02772
vn 0.04810 -0.99569 0.07931
vn -0.00299 -0.99939 0.03481
vn 0.07498 -0.92498 -0.37254
vn 0.19793 -0.46864 -0.86093
vn 0.15272 -0.11358 -0.98172
vn 0.13157 -0.38498 -0.91350
vn 0.13701 -0.80423 -0.57832
vn 0.02571 -0.99601 -0.08549
vn 0.06374 -0.90955 0.41069
vn 0.17093 -0.81383 0.55539
vn 0.10820 -0.42388 0.89923
vn 0.02599 -0.32949 0.94380
vn 0.00527 -0.59644 0.80264
vn -0.02246 -0.99745 0.06777
vn -0.04410 -0.99700 -0.06368
vn -0.01550 -0.999346 0.03268
vn -0.02515 -0.999534 -0.01730
vn 0.06466 -0.86872 -0.49106
vn 0.02963 -0.91074 -0.41191
vn 0.07374 -0.39202 -0.91700
vn -0.04751 -0.99837 0.03157
vn -0.02358 -0.97831 0.20582
vn -0.04518 -0.61329 0.78857
vn -0.01059 -0.97421 -0.22538
vn -0.01262 -0.65717 -0.75363
vn -0.08628 -0.72990 -0.67809
vn 0.00121 -0.99849 0.05488
vn 0.02275 -0.99882 -0.04301
vn -0.08821 -0.94901 0.30266
vn -0.01511 -0.10594 0.99426
vn -0.05546 -0.15023 0.98709
vn -0.07535 -0.17219 0.98218
vn -0.11284 -0.45037 0.88568
vn 0.00557 -0.999576 -0.02859
vn -0.00655 -0.999864 -0.01511
vn 0.01821 -0.94461 0.32769
vn -0.03379 -0.53138 0.84646
vn -0.03475 -0.13724 0.98993
vn 0.01712 -0.05360 0.99842
vn 0.07189 -0.18294 0.98049
vn 0.06800 -0.70526 0.70568
vn 0.05260 -0.97633 0.20979
vn -0.02109 -0.99675 0.07777
vn 0.03498 -0.92384 0.38117
vn -0.02955 -0.999166 0.02819
vn 0.10360 -0.54007 0.83522
vn 0.10433 -0.01951 0.99435
vn 0.08460 -0.18981 0.97817
vn -0.00483 -0.999988 -0.00077
vn 0.02535 -0.99655 0.07900
vn 0.05155 0.04961 0.99744
vn 0.00313 -0.999406 0.03433
vn 0.00579 -0.999898 -0.01303
vn -0.00752 -0.84086 0.54119
vn -0.04872 -0.98575 0.16102
vn 0.11354 -0.40562 0.90697
vn 0.08452 0.10076 0.99131
vn 0.07901 0.00785 0.99684
vn 0.14387 -0.10468 0.98405
vn -0.05663 -0.74787 0.66143
vn 0.13457 -0.18426 0.97362
vn 0.17050 0.13875 0.97554
vn 0.10048 0.08562 0.99125
vn -0.09623 -0.15600 0.98306
vn -0.09149 -0.81175 0.57680
vn 0.02261 -0.99779 0.06242
vn 0.00310 -0.999809 0.01928
vn -0.03110 -0.999308 0.02043
vn 0.02599 -0.99800 -0.05761
vn 0.04861 -0.83452 0.54882
vn -0.09804 -0.20978 0.97282
vn -0.08612 0.06830 0.99394
vn 0.01492 0.03841 0.999151
vn 0.08535 -0.48846 0.86840
vn 0.06557 -0.97206 0.22541
vn 0.01928 -0.99828 -0.05535
vn -0.00653 -0.99894 0.04565
vn 0.02878 -0.99885 -0.03846
vn 0.06904 -0.95721 0.28105
vn 0.10734 -0.01943 0.99403
vn 0.08273 0.01714 0.99642
vn 0.04081 -0.63655 0.77015
vn -0.04626 -0.97192 0.23071
vn -0.04562 -0.85082 0.52348
vn -0.03120 -0.43183 0.90141
vn 0.00623 0.05445 0.99850
vn -0.16103 -0.15823 0.97418
vn -0.01521 -0.99656 0.08151
vn -0.01218 -0.99865 -0.05042
vn -0.05727 0.00879 0.99832
vn -0.10530 -0.03603 0.99379
vn -0.00988 -0.42679 0.90429
vn 0.06066 -0.94899 0.30942
vn 0.01059 -0.999846 -0.01402
vn -0.01581 -0.93577 0.35225
vn -0.11176 -0.97679 0.18276
vn 0.08503 -0.60380 0.79259
vn 0.05947 -0.11501 0.99158
vn 0.04496 -0.03627 0.99833
vn 0.04122 -0.56667 0.82291
vn -0.11395 -0.80788 0.57822
vn 0.00267 -0.999987 -0.00438
vn 0.03488 -0.99899 -0.02840
vn -0.08598 -0.95952 0.26819
vn -0.23487 -0.72731 0.64487
vn -0.15354 -0.38728 0.90909
vn -0.10143 -0.09873 0.98993
vn -0.23163 -0.06430 0.97068
vn -0.39315 -0.21067 0.89502
vn -0.32165 -0.50010 0.80402
vn -0.02035 -0.62389 0.78124
vn 0.06488 -0.96539 0.25263
vn -0.00827 -0.999792 -0.01864
vn -0.02626 -0.98887 0.14642
vn 0.09169 -0.74622 0.65935
vn -0.25729 -0.14891 0.95479
vn 0.12827 -0.23986 0.96230
vn -0.33896 -0.12874 0.93195
vn -0.18182 -0.29391 0.93838
vn -0.00218 -0.27361 0.96184
vn -0.02391 -0.13293 0.99084
vn 0.13036 -0.16968 0.97684
vn 0.11959 -0.39203 0.91215
vn -0.02417 -0.77445 0.63217
vn -0.08215 -0.98725 0.13635
vn -0.19354 -0.78972 0.58214
vn -0.02034 -0.999197 0.03452
vn 0.00664 -0.999977 0.00144
vn -0.03910 -0.95395 0.29740
vn -0.15353 -0.85081 0.50254
vn -0.20588 -0.30825 0.92876
vn -0.02458 -0.43547 0.89987
vn -0.25379 -0.48549 0.83659
vn 0.08703 -0.23522 0.96804
vn -0.01588 -0.33724 0.94128
vn -0.13113 -0.21056 0.96875
vn -0.28065 -0.27685 0.91902
vn -0.13389 -0.67520 0.72538
vn -0.07512 -0.62975 0.77316
vn -0.16323 -0.34295 0.92506
vn -0.05935 -0.15043 0.98684
vn -0.15834 -0.14743 0.97631
vn -0.06903 -0.13625 0.98827
vn -0.17390 -0.27081 0.94679
vn -0.09382 -0.37309 0.92304
vn -0.04927 -0.82826 0.55817
vn 0.00725 -0.99399 0.10923
vn 0.00097 -0.999715 -0.02385
vn 0.04049 -0.99039 0.13222
vn 0.00467 -0.80331 0.59555
vn -0.07294 -0.23285 0.96977
vn 0.00221 -0.33200 0.94328
vn 0.03196 -0.76163 0.64723
vn -0.00205 -0.86273 0.50566
vn -0.00625 -0.97443 0.22462
vn -0.03288 -0.64660 0.76212
vn -0.01176 -0.40790 0.91295
vn 0.00110 -0.17359 0.98482
vn -0.01717 -0.23517 0.97180
vn -0.01219 -0.999469 -0.03023
vn 0.03101 -0.95594 0.29193
vn 0.04640 -0.24597 0.96817
vn -0.14013 -0.22090 0.96518
vn 0.01954 -0.31750 0.94806
vn 0.11151 -0.35547 0.92801
vn 0.01140 -0.59052 0.80694
vn 0.01368 -0.99874 0.04827
vn 0.05880 -0.68626 0.72497
vn 0.06955 -0.40618 0.91114
vn 0.16526 -0.39345 0.90437
vn 0.10708 -0.22889 0.96754
vn -0.05517 -0.19193 0.97986
vn 0.07130 -0.13935 0.98767
vn 0.09904 -0.06491 0.99296
vn 0.12178 -0.70844 0.69519
vn 0.03953 -0.98780 0.15062
vn -0.02223 -0.99541 -0.09307
vn 0.13358 -0.65198 0.74638
vn 0.01405 -0.96192 0.27297
vn 0.10024 -0.31359 0.94425
vn 0.10693 0.00954 0.99422
vn 0.06796 -0.02632 0.99734
vn -0.04934 -0.07620 0.99587
vn -0.13556 -0.12255 0.98316
vn -0.04108 0.06842 0.99681
vn -0.13384 -0.02894 0.99058
vn -0.04474 -0.51268 0.85742
vn -0.02308 -0.31616 0.94842
vn -0.01063 -0.92236 0.38617
vn -0.04145 -0.43116 0.90132
vn 0.10872 0.06263 0.99210
vn 0.09093 0.06498 0.99374
vn -0.16216 0.09088 0.98257
vn 0.05924 0.16936 0.98377
vn -0.10087 0.26602 0.95868
vn 0.14603 0.15729 0.97670
vn 0.05091 0.00488 0.99869
vn 0.02966 -0.11543 0.99287
vn 0.03624 -0.26926 0.96239
vn 0.06182 -0.58161 0.81112
vn 0.05209 -0.34237 0.93812
vn 0.01977 -0.96436 0.26385
vn 0.01997 -0.99847 -0.05165
vn 0.07097 -0.50949 0.85755
vn -0.01471 -0.30556 0.95206
vn 0.15139 0.20430 0.96713
vn 0.11549 0.22417 0.96768
vn 0.00342 -0.02059 0.999782
vn -0.01782 -0.13873 0.99017
vn -0.01555 -0.26480 0.96418
vn 0.02533 -0.01664 0.99954
vn 0.14415 0.15302 0.97765
vn 0.04789 0.07539 0.99600
vn -0.00332 0.06099 0.99813
vn -0.11775 -0.33795 0.93377
vn -0.23912 -0.36660 0.89912
vn -0.21621 -0.45299 0.86490
vn -0.23624 -0.28895 0.92774
vn -0.19788 -0.19622 0.96039
vn -0.00061 0.00582 0.999983
vn 0.21418 0.11733 0.96972
vn 0.20767 0.18344 0.96084
vn 0.07426 0.12030 0.98996
vn -0.02029 0.10717 0.99403
vn 0.19221 0.06785 0.97901
vn 0.14334 -0.03760 0.98896
vn -0.15624 -0.11496 0.98101
vn -0.29545 -0.12598 0.94702
vn 0.02683 0.09113 0.99548
vn -0.05563 0.08936 0.99444
vn -0.05329 0.15324 0.98675
vn -0.06681 0.10589 0.99213
vn 0.13267 0.03696 0.99047
vn -0.23008 -0.12599 0.96498
vn -0.25541 -0.01008 0.96678
vn -0.33673 -0.02606 0.94124
vn -0.09992 -0.02073 0.99478
vn -0.03294 0.12772 0.99126
vn -0.23828 0.00309 0.97119
vn -0.32990 0.03090 0.94351
vn -0.25829 0.16132 0.95250
vn -0.10927 0.03021 0.99355
vn 0.02260 0.07116 0.99721
vn 0.06406 0.04659 0.99686
vn -0.28664 0.19162 0.93868
vn -0.22932 0.34961 0.90840
vn -0.28115 0.40753 0.86884
vn -0.20971 0.46714 0.85895
vn -0.13641 0.05932 0.98888
vn -0.09711 0.30898 0.94610
vn -0.25502 0.51199 0.82026
vn -0.10566 0.39896 0.91086
vn -0.17380 0.19518 0.96525
vn -0.00261 0.07028 0.99752
vn 0.10835 0.01501 0.99400
vn 0.11966 -0.03455 0.99221
vn -0.13425 0.01995 0.99075
vn 0.00128 -0.00901 0.999959
vn 0.11265 -0.07031 0.99114
vn 0.04510 0.14428 0.98851
vn 0.10255 0.22129 0.96980
vn -0.02813 0.11093 0.99343
vn -0.00461 0.00536 0.999975
vn -0.10380 -0.05896 0.99285
vn -0.21542 -0.05319 0.97507
vn -0.01087 0.46875 0.88326
vn -0.06882 0.54233 0.83734
vn 0.11110 0.61449 0.78106
vn 0.18785 0.55411 0.81097
vn 0.10861 0.87750 0.46713
vn 0.01276 0.87295 0.48764
vn 0.00003 0.96285 0.27002
vn -0.08687 0.16052 0.98320
vn 0.03505 0.13911 0.98966
vn 0.17793 0.06085 0.98216
vn -0.04320 0.00980 0.999018
vn 0.05083 0.05707 0.99708
vn 0.15775 -0.00520 0.98746
vn 0.18773 -0.10930 0.97612
vn 0.19364 0.43600 0.87887
vn 0.13762 0.29490 0.94556
vn 0.17206 0.00966 0.98504
vn -0.04421 0.32739 0.94385
vn 0.01724 0.75835 0.65163
vn 0.04831 0.99683 0.06323
vn -0.00473 0.999946 0.00927
vn 0.03996 0.94427 0.32675
vn 0.12870 0.49687 0.85823
vn 0.00924 -0.07931 0.99681
vn -0.01347 -0.06515 0.99778
vn -0.01842 0.28389 0.95868
vn -0.13743 -0.14182 0.98031
vn -0.00499 0.93548 0.35335
vn -0.01832 0.999814 0.00607
vn -0.00299 0.999599 0.02816
vn -0.07081 0.40180 0.91298
vn -0.06033 0.49512 0.86673
vn 0.02235 -0.04378 0.99879
vn 0.01864 0.999564 0.02290
vn 0.00567 0.999983 0.00161
vn 0.01216 0.999797 0.01609
vn 0.04287 0.95904 0.28000
vn 0.03217 0.66938 0.74222
vn 0.04886 0.46205 0.88551
vn 0.06927 0.97726 0.20040
vn 0.01595 0.99863 -0.04984
vn 0.00303 0.96886 -0.24758
vn 0.03606 0.99726 -0.06463
vn 0.00635 0.999438 -0.03290
vn -0.01378 0.999861 0.00933
vn 0.02233 0.66112 -0.74995
vn 0.06806 0.70110 -0.70981
vn -0.03368 0.56516 -0.82430
vn -0.13605 -0.02041 -0.99049
vn 0.05377 -0.01251 -0.99848
vn 0.13465 0.06732 -0.98860
vn -0.00474 0.88204 -0.47114
vn 0.08780 0.23750 -0.96741
vn -0.00130 0.99214 -0.12514
vn -0.02583 0.999517 0.01731
vn 0.01286 0.73277 -0.68035
vn 0.13668 0.00652 -0.99059
vn 0.09942 -0.01061 -0.99499
vn 0.12134 0.09858 -0.98770
vn 0.01027 0.16431 -0.98636
vn 0.02667 0.89272 -0.44982
vn -0.05426 0.53335 -0.84415
vn -0.05326 0.99629 0.06760
vn 0.02878 0.93411 -0.35582
vn -0.01446 0.11018 -0.99381
vn 0.08487 0.19599 -0.97693
vn 0.13634 0.23071 -0.96342
vn 0.07819 0.30501 -0.94913
vn 0.20791 0.31541 -0.92590
vn 0.01518 0.25368 -0.96717
vn 0.02607 0.57596 -0.81706
vn -0.00243 0.98743 -0.15806
vn -0.06008 0.99576 0.06960
vn 0.00259 0.999825 -0.01853
vn -0.00043 0.999899 0.01422
vn -0.01561 0.99760 -0.06751
vn -0.01916 0.97892 -0.20337
vn -0.01748 0.999751 -0.01388
vn -0.04343 0.92917 -0.36709
vn -0.05834 0.25671 -0.96473
vn -0.15384 0.77389 -0.61435
vn -0.07033 0.92326 -0.37769
vn -0.20763 0.50175 -0.83973
vn -0.27512 0.09520 -0.95669
vn -0.20955 0.06778 -0.97545
vn -0.15506 0.20644 -0.96609
vn -0.14116 0.17085 -0.97513
vn -0.25850 0.16335 -0.95210
vn -0.30513 0.18021 -0.93511
vn -0.29594 0.18442 -0.93723
vn -0.39148 0.14019 -0.90945
vn -0.36390 -0.05875 -0.92958
vn -0.34529 0.00938 -0.93845
vn -0.43004 0.05441 -0.90117
vn -0.35645 0.20905 -0.91062
vn -0.22116 0.09678 -0.97043
vn -0.23291 0.18693 -0.95436
vn -0.30702 0.20027 -0.93039
vn -0.20983 0.25863 -0.94291
vn -0.19782 0.16038 -0.96703
vn -0.18781 0.22422 -0.95627
vn -0.21499 0.01052 -0.97656
vn -0.20404 -0.05717 -0.97729
vn -0.08218 0.29493 -0.95198
vn 0.00948 0.01054 -0.9999
vn 0.14335 0.11504 -0.98296
vn 0.17088 0.12809 -0.97693
vn -0.11208 0.22234 -0.96851
vn 0.08677 0.14915 -0.98500
vn -0.04765 0.23392 -0.97109
vn 0.19377 0.08817 -0.97708
vn 0.28341 0.00848 -0.95896
vn 0.31084 0.15870 -0.93712
vn 0.28759 0.25048 -0.92442
vn 0.15169 0.22270 -0.96301
vn 0.20113 0.37465 -0.90509
vn 0.27781 0.28209 -0.91828
vn -0.15433 0.17148 -0.97302
vn -0.15741 0.06731 -0.98524
vn -0.15613 0.01978 -0.98754
vn -0.13534 0.05234 -0.98941
vn 0.13149 0.05653 -0.98970
vn 0.17229 -0.04016 -0.98423
vn 0.11977 -0.02633 -0.99245
vn 0.09964 0.29974 -0.94880
vn 0.18405 0.13374 -0.97377
vn 0.09290 -0.10870 -0.98972
vn 0.06417 -0.01574 -0.99781
vn 0.01117 0.09161 -0.99573
vn -0.09242 0.13143 -0.98701
vn -0.14576 -0.02370 -0.98904
vn -0.16195 -0.12096 -0.97936
vn -0.07710 -0.07179 -0.99444
vn -0.10314 0.03684 -0.99398
vn -0.01825 -0.06196 -0.99791
vn 0.04425 0.24159 -0.96937
vn -0.10202 0.09015 -0.99069
vn -0.06299 0.01669 -0.99787
vn -0.02189 -0.15499 -0.98767
vn 0.02829 -0.04835 -0.99843
vn -0.16757 -0.22196 -0.96055
vn -0.23199 -0.20092 -0.95174
vn 0.04996 -0.11662 -0.99192
vn -0.00673 0.09167 -0.99577
vn -0.02412 -0.13219 -0.99093
vn -0.23281 -0.16424 -0.95855
vn -0.17864 -0.12791 -0.97557
vn -0.12432 -0.04725 -0.99112
vn -0.03639 0.17486 -0.98392
vn -0.21069 0.02884 -0.97713
vn -0.29559 -0.05893 -0.95350
vn -0.34964 -0.13010 -0.92781
vn -0.32142 0.03501 -0.94629
vn -0.14486 0.20113 -0.96879
vn 0.03913 -0.11246 -0.99289
vn 0.08276 0.20272 -0.97573
vn 0.05228 0.13524 -0.98943
vn 0.01649 0.02573 -0.999533
vn -0.00340 -0.06401 -0.99794
vn 0.19374 0.08246 -0.97758
vn 0.05175 -0.09146 -0.99446
vn 0.03965 -0.19652 -0.97970
vn 0.07020 -0.24716 -0.96643
vn 0.06257 -0.16959 -0.98353
vn 0.10175 -0.33291 -0.93745
vn 0.11363 -0.42098 -0.89993
vn 0.11222 0.06106 -0.99181
vn 0.18424 -0.00255 -0.98288
vn -0.03685 -0.03928 -0.99855
vn 0.12492 -0.15087 -0.98063
vn 0.18373 -0.38925 -0.90262
vn 0.19090 -0.23692 -0.95259
vn 0.14336 -0.22005 -0.96490
vn 0.18708 -0.06104 -0.98045
vn 0.22321 -0.13505 -0.96537
vn 0.09492 -0.00995 -0.99544
vn 0.01184 -0.00859 -0.999893
vn -0.03101 -0.09295 -0.99519
vn 0.04565 0.00488 -0.99895
vn 0.05279 0.06772 -0.99631
vn 0.06581 0.06585 -0.99566
vn 0.14471 0.08146 -0.98612
vn 0.20257 0.03986 -0.97846
vn 0.21703 -0.06119 -0.97424
vn 0.24114 -0.20258 -0.94911
vn 0.17686 0.11782 -0.97716
vn 0.15034 0.17561 -0.97291
vn 0.15669 0.00426 -0.98764
vn 0.14764 -0.10306 -0.98366
vn 0.16798 -0.18461 -0.96835
vn 0.24567 -0.27469 -0.92962
vn 0.18423 -0.41961 -0.88881
vn 0.22535 -0.61046 -0.75932
vn 0.16251 -0.78305 -0.60036
vn 0.07905 -0.93476 -0.34637
vn 0.08289 -0.03416 -0.99597
vn 0.04743 -0.09523 -0.99432
vn 0.11555 0.04600 -0.99224
vn 0.08306 -0.14413 -0.98607
vn 0.03491 -0.49652 -0.86732
vn 0.11760 -0.55032 -0.82663
vn 0.10272 -0.87922 -0.46522
vn -0.00396 -0.999293 0.03738
vn 0.02774 -0.99837 -0.04994
vn 0.06291 -0.97285 -0.22270
vn -0.00327 -0.999837 0.01777
vn 0.08002 -0.93640 -0.34169
vn 0.03309 -0.95711 -0.28782
vn -0.05583 -0.20548 -0.97707
vn -0.13838 -0.46823 -0.87271
vn -0.12537 -0.80203 -0.58398
vn 0.02052 -0.96983 -0.24293
vn -0.12210 -0.25518 -0.95915
vn -0.16302 -0.79608 -0.58282
vn -0.04065 -0.98900 -0.14224
vn 0.00847 -0.99759 0.06888
vn -0.00380 -0.999982 -0.00453
vn -0.11464 -0.14188 -0.98322
vn -0.03223 -0.09393 -0.99506
vn 0.00361 -0.03994 -0.999196
vn -0.10520 -0.02897 -0.99403
vn -0.16610 -0.09824 -0.98120
vn -0.06303 -0.81057 -0.58224
vn 0.00417 -0.99999 0.00163
vn 0.02995 -0.99730 0.06704
vn -0.03690 -0.96792 -0.24855
vn -0.07144 -0.65749 -0.75007
vn -0.04685 0.01501 -0.99879
vn -0.18126 -0.14438 -0.97278
vn 0.02503 -0.99084 -0.13270
vn -0.20996 -0.05602 -0.97610
vn -0.17041 0.01975 -0.98517
vn -0.22480 -0.20591 -0.95240
vn -0.16594 -0.30624 -0.93738
vn -0.05874 -0.73641 -0.67398
vn 0.02081 -0.99777 0.06347
vn 0.03576 -0.99667 0.07329
vn -0.07862 -0.94911 -0.30497
vn -0.22456 -0.60461 -0.76422
vn -0.25276 -0.43783 -0.86279
vn -0.19098 -0.80462 -0.56223
vn -0.03508 -0.99738 -0.06328
vn 0.01626 -0.999579 0.02403
vn -0.00336 -0.99670 0.08105
vn 0.00413 -0.99998 -0.00480
vn -0.06127 -0.99812 0.00230
vn -0.00572 -0.999534 0.02997
vn -0.13957 -0.93897 -0.31443
vn -0.12488 -0.90730 -0.40151
vn -0.21567 -0.72463 -0.65452
vn -0.18215 -0.80208 -0.56876
vn -0.08979 -0.96875 -0.23122
vn 0.00879 -0.999162 0.03998
vn -0.05039 -0.99659 -0.06534
vn -0.08204 -0.97371 -0.21252
vn -0.21686 -0.54825 -0.80771
vn -0.21953 -0.32641 -0.91938
vn -0.16595 -0.81154 -0.56023
vn -0.17031 -0.88335 -0.43667
vn -0.00316 -0.999982 -0.00515
vn -0.05988 -0.95828 -0.27948
vn -0.08489 -0.84411 -0.52940
vn -0.18504 -0.63123 -0.75320
vn -0.21452 -0.37762 -0.90077
vn -0.22736 -0.18297 -0.95647
vn -0.25220 -0.30678 -0.91776
vn -0.24408 -0.45183 -0.85806
vn -0.10874 -0.81178 -0.57374
vn -0.04767 -0.97352 -0.22359
vn 0.01489 -0.999883 0.00361
vn -0.03146 -0.99836 0.04774
vn -0.00508 -0.999415 0.03384
vn -0.15689 -0.98761 0.00165
vn -0.22951 -0.83341 -0.50274
vn -0.23545 -0.67514 -0.69911
vn -0.34162 -0.21551 -0.91479
vn -0.33915 -0.35645 -0.87059
vn -0.31384 -0.12564 -0.94113
vn -0.42331 -0.10341 -0.90006
vn -0.45058 -0.20587 -0.86867
vn -0.39946 -0.45442 -0.79620
vn -0.26775 -0.69704 -0.66516
vn -0.08043 -0.99278 -0.08903
vn -0.21384 -0.97678 0.01320
vn -0.40548 -0.89996 0.16018
vn -0.34453 -0.89826 -0.27283
vn -0.00900 -0.99900 -0.04385
vn -0.06416 -0.98189 0.17824
vn 0.02541 -0.99335 -0.11228
vn -0.20728 -0.97780 0.03063
vn -0.30739 -0.93119 -0.19593
vn -0.28076 -0.95522 -0.09340
vn -0.67668 -0.67361 -0.29723
vn -0.79611 -0.60458 0.02632
vn -0.61520 -0.78801 0.02365
vn -0.36647 -0.53289 -0.76271
vn -0.33363 -0.28921 -0.89724
vn -0.36561 -0.13572 -0.92082
vn -0.32969 -0.22100 -0.91786
vn -0.43526 -0.38199 -0.81525
vn -0.72336 -0.36715 -0.58477
vn -0.85668 -0.28005 -0.43320
vn -0.88068 -0.46981 -0.06075
vn -0.82519 -0.52482 0.20889
vn -0.74827 -0.65802 0.08429
vn -0.21052 -0.80155 0.55965
vn -0.63802 -0.58775 0.49747
vn -0.29921 -0.53878 0.78752
vn -0.36609 -0.33976 0.86634
vn -0.59607 -0.20674 0.77586
vn -0.80720 -0.23659 0.54078
vn -0.88760 -0.37694 0.26472
vn -0.89367 -0.36076 0.26685
vn -0.83952 -0.48772 0.23944
vn -0.94324 -0.32518 -0.06748
vn -0.85064 -0.15356 -0.50283
vn -0.66444 -0.04741 -0.74584
vn -0.51928 -0.09807 -0.84896
vn -0.45453 -0.04057 -0.88980
vn -0.64651 -0.03734 -0.76199
vn -0.96851 -0.24249 -0.05646
vn -0.86857 -0.11529 -0.48197
vn -0.89185 -0.33308 0.30604
vn -0.84944 -0.40452 0.33885
vn -0.80013 -0.26039 0.54036
vn -0.63985 -0.22681 0.73427
vn -0.37092 -0.20404 0.90597
vn -0.86765 -0.29053 0.40347
vn -0.86321 -0.26465 0.42992
vn -0.90935 -0.19818 0.36578
vn -0.99424 -0.10250 -0.03132
vn -0.82647 -0.02936 -0.56222
vn -0.59774 0.03677 -0.80085
vn -0.51160 0.00191 -0.85922
vn -0.99764 0.00505 -0.06851
vn -0.77665 0.04176 -0.62855
vn -0.93223 -0.06447 0.35608
vn -0.87242 -0.16925 0.45851
vn -0.71576 -0.26503 0.64611
vn -0.49045 -0.30326 0.81701
vn -0.77684 -0.23362 0.58476
vn -0.49511 -0.26105 0.82869
vn -0.83066 -0.22758 0.50815
vn -0.91185 -0.06615 0.40515
vn -0.96175 0.01420 0.27356
vn -0.98639 0.06688 -0.15022
vn -0.73728 0.02980 -0.67492
vn -0.53307 0.09526 -0.84069
vn -0.51108 0.07934 -0.85586
vn -0.38754 0.08540 -0.91789
vn -0.45558 0.13360 -0.88011
vn -0.97693 0.05851 -0.20539
vn -0.99025 0.04370 0.13225
vn -0.84213 -0.16340 0.51392
vn -0.99887 0.03270 -0.03434
vn -0.92116 0.01308 -0.38896
vn -0.60727 -0.01554 -0.79434
vn -0.36383 0.20358 -0.90895
vn -0.32101 0.06806 -0.94463
vn -0.30008 0.07436 -0.95101
vn -0.21715 0.01234 -0.97606
vn -0.95944 -0.01085 -0.28171
vn -0.96659 -0.00917 0.25618
vn -0.86787 -0.09406 0.48781
vn -0.88146 -0.07430 0.46638
vn -0.93423 -0.03141 0.35528
vn -0.99391 0.00953 0.10981
vn -0.999771 0.01870 -0.01044
vn -0.26154 -0.02262 -0.96493
vn -0.36647 -0.04467 -0.92936
vn -0.33489 -0.00320 -0.94225
vn -0.87405 0.00953 -0.48575
vn -0.88703 -0.03717 0.46021
vn -0.97407 -0.01983 0.22537
vn -0.89796 -0.02012 0.43961
vn -0.31948 -0.01311 -0.94750
vn -0.71225 0.02232 -0.70158
vn -0.98802 0.02695 -0.15199
vn -0.82074 -0.00543 0.57128
vn -0.999266 -0.02708 -0.02709
vn -0.97088 -0.06587 -0.23035
vn -0.99814 -0.03065 0.05279
vn -0.82629 -0.01445 -0.56306
vn -0.92261 -0.03427 -0.38421
vn -0.44645 0.00088 -0.89481
vn -0.77887 0.03109 -0.62641
vn -0.92599 0.06323 -0.37221
vn -0.96527 -0.04839 0.25672
vn -0.99529 -0.09444 0.02190
vn -0.97835 -0.05789 -0.19871
vn -0.85865 0.10774 -0.50112
vn -0.93246 0.09728 -0.34792
vn -0.54869 0.03376 -0.83534
vn -0.34154 -0.00915 -0.93982
vn -0.97536 0.06859 -0.20969
vn -0.99697 -0.05518 0.05486
vn -0.94575 -0.05881 0.31952
vn -0.77577 -0.04026 0.62973
vn -0.84855 -0.01592 0.52887
vn -0.97158 0.04346 -0.23267
vn -0.83848 0.12264 -0.53095
vn -0.97461 0.10484 -0.19783
vn -0.999142 0.02806 0.03045
vn -0.93731 -0.02290 0.34774
vn -0.69554 0.01649 0.71830
vn -0.74768 0.06149 0.66121
vn -0.85227 0.10772 0.51188
vn -0.95386 0.18980 0.23264
vn -0.97449 0.19027 -0.11904
vn -0.91273 0.18383 -0.36487
vn -0.78176 0.24471 -0.57357
vn -0.70938 0.07047 -0.70130
vn -0.36569 -0.00854 -0.93070
vn -0.86013 0.15350 -0.48643
vn -0.87400 0.35570 -0.33105
vn -0.90458 0.41607 -0.09289
vn -0.89495 0.37676 0.23901
vn -0.81988 0.33679 0.46301
vn -0.65545 0.08954 0.74991
vn -0.68084 0.15892 0.71498
vn -0.73838 0.22157 0.63695
vn -0.80080 0.51404 0.30740
vn -0.79220 0.58154 0.18501
vn -0.75938 0.64965 -0.03587
vn -0.71666 0.67065 -0.19141
vn -0.88032 0.23596 -0.41153
vn -0.57088 0.27474 -0.77370
vn -0.46029 0.88280 -0.09382
vn -0.34329 0.93873 0.03060
vn -0.67329 0.72818 0.12823
vn -0.69837 0.33091 0.63465
vn -0.52462 0.08084 0.84749
vn -0.41997 0.01897 0.90734
vn -0.18333 -0.05916 0.98127
vn 0.08265 -0.11474 0.98995
vn -0.62269 0.23133 0.74749
vn -0.35836 0.06816 0.93109
vn -0.49951 0.86593 0.02573
vn -0.20371 0.96927 -0.13788
vn -0.12971 0.99049 -0.04583
vn -0.44671 0.84113 -0.30488
vn -0.37079 0.27159 -0.88812
vn -0.14846 0.89626 -0.41795
vn 0.02440 0.99357 -0.11060
vn 0.00816 0.99881 -0.04803
vn -0.00697 0.99688 0.07868
vn -0.42210 0.88045 0.21595
vn -0.56260 0.75480 0.33728
vn -0.63681 0.38873 0.66585
vn -0.43738 0.31103 0.84378
vn -0.12838 0.17325 0.97647
vn -0.01147 -0.10797 0.99409
vn -0.16056 0.42414 0.89125
vn -0.39216 0.53440 0.74876
vn -0.59134 0.47634 0.65070
vn -0.73178 0.43488 0.52477
vn -0.72278 0.61640 0.31247
vn -0.53455 0.62792 0.56565
vn -0.42887 0.73644 0.52319
vn -0.25720 0.81702 0.51607
vn -0.02439 0.98176 0.18857
vn 0.10444 0.99453 -0.00165
vn 0.00126 0.999408 -0.03439
vn -0.02677 0.90397 -0.42675
vn 0.00484 0.999848 -0.01676
vn -0.18583 0.94261 0.27739
vn -0.31020 0.74450 0.59118
vn -0.25852 0.61800 0.74246
vn -0.42241 0.65940 0.62190
vn -0.15630 0.49903 0.85237
vn -0.13324 0.33151 0.93400
vn -0.01502 -0.02248 0.999634
vn 0.13776 -0.28113 0.94973
vn 0.20445 -0.22923 0.95166
vn -0.03300 -0.26010 0.96502
vn -0.31592 0.51190 0.79884
vn -0.45754 0.64582 0.61121
vn -0.49030 0.60935 0.62314
vn -0.24341 0.66115 0.70967
vn -0.05124 0.94851 0.31257
vn -0.12774 0.49501 0.85944
vn -0.25580 0.15159 0.95477
vn -0.37447 0.29239 0.87993
vn -0.47908 0.47225 0.73990
vn -0.32170 0.24988 0.91327
vn -0.14455 0.12951 0.98099
vn -0.07106 -0.08973 0.99343
vn -0.21032 -0.15894 0.96463
vn -0.11823 -0.28066 0.95250
vn 0.17145 -0.27263 0.94672
vn -0.41942 -0.04052 0.90689
vn -0.25836 -0.09959 0.96090
vn -0.20729 -0.04892 0.97705
vn -0.36129 0.02305 0.93217
vn -0.13262 0.01233 0.99109
vn -0.23060 0.07499 0.97016
vn -0.15285 0.10043 0.98313
vn -0.22267 0.00698 0.97487
vn -0.14411 0.76444 0.62838
vn -0.15996 0.19833 0.96700
vn -0.05358 0.99213 0.11314
vn -0.04379 0.90326 0.42686
vn -0.19057 0.52745 0.82794
vn -0.29178 0.12576 0.94818
vn -0.37168 0.09264 0.92373
vn -0.46996 0.11326 0.87539
vn -0.44251 0.05921 0.89481
vn -0.51191 0.02980 0.85852
vn -0.37213 -0.03550 0.92750
vn 0.19682 -0.16774 0.96598
vn -0.50450 0.06254 0.86115
vn -0.51493 0.01867 0.85703
vn -0.40591 0.12856 0.90482
vn -0.00232 0.95934 0.28226
vn 0.00440 0.999987 0.00238
vn -0.07540 0.89921 0.43098
vn -0.33559 0.18225 0.92421
vn -0.50528 0.01024 0.86289
vn -0.22751 0.16582 0.95955
vn -0.15381 0.34936 0.92428
vn -0.01197 0.52941 0.84828
vn -0.00195 0.96100 0.27652
vn -0.07110 0.16734 0.98333
vn -0.13756 0.23349 0.96258
vn -0.45172 0.05612 0.89039
vn -0.52462 0.00617 0.85132
vn -0.46504 -0.03162 0.88472
vn -0.38714 -0.02755 0.92161
vn -0.30518 0.00651 0.95227
vn -0.29067 0.11165 0.95029
vn -0.21292 0.17925 0.96049
vn 0.03920 0.25217 0.96689
vn 0.11574 0.59704 0.79382
vn 0.08358 0.88842 0.45135
vn 0.00438 0.999797 0.01969
vn 0.17230 0.33471 0.92644
vn 0.20769 0.53722 0.81747
vn -0.11665 0.16260 0.97977
vn -0.20295 0.06843 0.97679
vn -0.26714 -0.05071 0.96232
vn -0.03820 0.24379 0.96907
vn 0.17487 0.33777 0.92484
vn 0.22074 0.32960 0.91795
vn 0.31653 0.39203 0.86378
vn -0.10652 0.05735 0.99265
vn -0.21094 -0.03662 0.97681
vn -0.34431 -0.00709 0.93883
vn -0.14260 -0.10526 0.98417
vn 0.08516 0.31036 0.94680
vn 0.20699 0.39974 0.89295
vn 0.20132 0.30310 0.93145
vn 0.07503 0.62296 0.77865
vn 0.03265 0.24581 0.96877
vn 0.05760 0.25806 0.96441
vn 0.11910 0.25358 0.95995
vn 0.00902 0.14908 0.98878
vn -0.44229 -0.01257 0.89678
vn -0.21456 -0.04640 0.97561
vn -0.06517 -0.07048 0.99538
vn 0.06071 0.02420 0.99786
vn 0.13310 0.12185 0.98358
vn 0.20330 0.22701 0.95244
vn -0.01782 0.11765 0.99290
vn 0.19812 0.30223 0.93242
vn 0.24697 0.23373 0.94041
vn 0.09437 0.01329 0.99545
vn 0.04951 -0.07862 0.99567
vn -0.00789 -0.18153 0.98335
vn -0.00684 -0.15458 0.98796
vn -0.06404 -0.07919 0.99480
vn 0.03595 -0.21727 0.97545
vn -0.03541 -0.17015 0.98478
vn -0.07970 0.08134 0.99350
vn 0.03044 0.12107 0.99218
vn 0.16958 0.14931 0.97414
vn -0.06225 -0.27108 0.96054
vn 0.09635 -0.10809 0.98946
vn 0.13236 -0.20815 0.96910
vn -0.00013 -0.07781 0.99697
vn 0.05494 -0.00173 0.99849
vn 0.08051 0.06301 0.99476
vn 0.03065 -0.02426 0.999236
vn 0.12594 -0.01519 0.99192
vn 0.28633 0.16716 0.94344
vn 0.34681 0.25532 0.90251
vn 0.18433 0.18478 0.96534
vn -0.08182 -0.23051 0.96962
vn 0.19815 -0.10330 0.97471
vn -0.03199 -0.29993 0.95343
vn 0.30373 0.10850 0.94656
vn 0.16040 0.12210 0.97947
vn 0.12065 0.05421 0.99121
vn -0.08465 -0.37959 0.92127
vn 0.14381 0.02480 0.98929
vn 0.33093 0.21677 0.91842
vn 0.29294 0.24031 0.92544
vn 0.09071 0.01066 0.99582
vn 0.24588 0.00903 0.96926
vn 0.08289 -0.06785 0.99425
vn -0.11214 -0.33124 0.93686
vn 0.08897 -0.19665 0.97643
vn 0.33076 0.10206 0.93818
vn 0.26393 0.24381 0.93322
vn 0.12131 0.12290 0.98498
vn 0.18271 0.09755 0.97831
vn 0.20660 -0.11312 0.97186
vn 0.03499 -0.28447 0.95805
vn 0.33255 -0.03550 0.94242
vn 0.10902 -0.00388 0.99403
vn 0.31392 -0.13904 0.93921
vn 0.23231 -0.19673 0.95254
vn 0.13873 -0.25593 0.95669
vn 0.14685 0.02185 0.98892
vn 0.04501 0.00233 0.99898
vn 0.25202 0.00521 0.96771
vn 0.13383 -0.07869 0.98788
vn -0.00809 0.07917 0.99683
vn -0.01016 0.15497 0.98787
vn -0.02283 0.23364 0.97206
vn -0.04937 0.15935 0.98599
vn -0.12278 0.29468 0.94767
vn -0.10449 0.24395 0.96414
vn -0.05706 0.22994 0.97153
vn 0.09633 0.00661 0.99533
vn 0.07194 0.03948 0.99663
vn 0.11366 0.08174 0.99015
vn 0.06050 0.11830 0.99113
vn 0.03204 0.17856 0.98341
vn 0.09246 0.16126 0.98257
vn 0.10513 0.00054 0.99446
vn 0.13410 -0.01408 0.99087
vn 0.09056 -0.05098 0.99459
vn -0.02706 0.18514 0.98234
vn 0.06486 0.14196 0.98775
vn 0.15084 0.17674 0.97263
vn 0.14034 -0.00292 0.99010
vn 0.20555 -0.01288 0.97856
vn 0.26195 -0.02992 0.96462
vn 0.11145 0.09881 0.98885
vn 0.02765 -0.00075 0.999617
vn 0.18228 -0.01581 0.98312
vn 0.22536 -0.01243 0.97420
vn 0.15555 0.04099 0.98698
vn 0.26832 0.13494 0.95383
vn -0.15903 0.00026 0.98727
vn -0.21275 0.00522 0.97709
vn -0.13082 -0.01224 0.99133
vn 0.09491 -0.04796 0.99433
vn 0.27137 -0.01865 0.96229
vn 0.03963 0.13415 0.99017
vn 0.05041 0.23737 0.97011
vn 0.17548 0.34792 0.92095
vn -0.10322 0.02845 0.99425
vn -0.09909 -0.00094 0.99508
vn -0.17573 0.03261 0.98390
vn -0.23749 0.00191 0.97139
vn -0.02181 0.05117 0.99845
vn 0.19929 0.23044 0.95246
vn -0.01383 0.39180 0.91995
vn -0.05670 0.16615 0.98447
vn 0.02022 0.04961 0.99856
vn -0.08579 0.01123 0.99625
vn 0.00248 0.49931 0.86642
vn -0.17790 0.29526 0.93871
vn -0.31320 0.17106 0.93415
vn -0.25484 0.18143 0.94981
vn -0.09560 0.15699 0.98296
vn -0.21689 0.31876 0.92269
vn -0.34978 0.25420 0.90169
vn -0.26088 0.41331 0.87242
vn 0.00406 0.25330 0.96738
vn -0.11814 0.07381 0.99025
vn -0.11548 0.45960 0.88058
vn -0.05320 0.11924 0.99144
vn -0.03189 0.26178 0.96460
vn -0.02419 0.15777 0.98718
vn -0.11419 0.10416 0.98798
vn -0.11254 -0.00177 0.99365
vn -0.06807 -0.01008 0.99763
vn -0.07483 0.03739 0.99650
vn 0.05240 -0.00463 0.99862
vn 0.02507 0.08998 0.99563
vn -0.09175 -0.04568 0.99473
vn -0.09169 0.05077 0.99449
vn -0.11520 0.21227 0.97040
vn -0.07232 -0.06506 0.99526
vn -0.00322 0.72969 0.68377
vn -0.10477 0.86243 0.49521
vn 0.04371 0.99848 0.03370
vn -0.16341 0.60864 0.77644
vn -0.08051 0.99234 0.09374
vn -0.06307 0.02961 0.99757
vn -0.20549 -0.10622 0.97288
vn -0.13488 0.88519 0.44524
vn -0.08988 0.32063 0.94293
vn -0.03582 -0.03111 0.99887
vn 0.13010 -0.00423 0.99149
vn -0.22177 -0.07838 0.97194
vn 0.04160 -0.00384 0.999127
vn -0.05209 0.01769 0.99849
vn -0.08941 0.65842 0.74732
vn -0.04626 0.75903 0.64940
vn 0.01328 0.98772 0.15566
vn -0.14846 0.05993 0.98710
vn -0.24350 -0.27883 0.92896
vn 0.06545 -0.16877 0.98348
vn 0.24933 -0.03159 0.96790
vn 0.22241 -0.08105 0.97158
vn -0.10338 -0.08327 0.99115
vn 0.10585 0.41194 0.90504
vn 0.12951 -0.08072 0.98829
vn 0.08492 0.02821 0.99599
vn -0.12436 0.84047 -0.52740
vn -0.00902 0.87089 -0.49139
vn 0.02303 0.59152 0.80597
vn 0.01509 0.24949 0.96826
vn 0.02477 0.14944 0.98846
vn -0.05564 0.50845 0.85929
vn -0.01339 0.93792 0.34660
vn 0.08081 0.95974 0.26903
vn 0.00700 0.999779 -0.01985
vn 0.05683 0.58641 0.80802
vn 0.01534 0.999167 0.03782
vn 0.03698 0.99880 0.03216
vn -0.01076 0.97279 -0.23142
vn -0.06765 0.59468 -0.80111
vn -0.03850 0.95505 -0.29392
vn -0.19004 0.73225 -0.65398
vn 0.01411 0.99565 0.09213
vn 0.01774 0.999727 -0.01518
vn 0.05086 0.92677 0.37217
vn 0.13642 0.20258 0.96972
vn 0.18055 0.56443 0.80549
vn 0.21401 0.14011 0.96673
vn -0.00490 0.99892 0.04617
vn 0.01050 0.99677 -0.07959
vn -0.17800 0.67956 -0.71170
vn -0.05212 0.83578 -0.54658
vn -0.03689 0.98602 -0.16248
vn 0.05153 0.98159 0.18391
vn 0.14569 0.08885 0.98533
vn 0.07741 0.65030 0.75573
vn 0.06674 -0.05808 0.99608
vn 0.02420 0.02613 0.999365
vn -0.00521 0.52586 0.85055
vn -0.02585 0.98538 0.16842
vn -0.00320 0.99978 -0.02071
vn -0.03697 0.70250 -0.71072
vn -0.07446 0.47261 -0.87812
vn -0.05813 0.41583 -0.90758
vn -0.01327 0.77600 -0.63059
vn -0.00151 0.99459 -0.10386
vn 0.05492 -0.04131 0.99764
vn 0.01064 0.08075 0.99668
vn -0.00900 0.68624 0.72732
vn -0.00203 0.999988 0.00437
vn -0.00816 0.999941 0.00723
vn 0.04753 0.81131 -0.58268
vn 0.07785 0.44085 -0.89420
vn 0.02069 0.32214 -0.94646
vn -0.10818 0.35457 -0.92875
vn 0.15105 0.59844 -0.78680
vn 0.17027 0.28585 -0.94303
vn 0.03654 0.95976 -0.27844
vn -0.02380 0.98543 0.16840
vn 0.09638 0.12253 0.98777
vn 0.05931 0.68045 0.73039
vn 0.10411 -0.04925 0.99335
vn 0.04504 0.99400 0.09972
vn 0.03391 0.99346 -0.10902
vn 0.17393 0.76569 -0.61925
vn 0.18022 0.36608 -0.91296
vn 0.09542 0.84475 -0.52659
vn 0.13584 0.50410 -0.85290
vn 0.01574 0.999064 0.04029
vn -0.00032 0.999937 -0.01118
vn 0.09777 0.14336 0.98483
vn 0.10511 0.78156 -0.61492
vn 0.19656 0.20712 -0.95837
vn 0.23426 0.53675 -0.81057
vn 0.24551 0.41929 -0.87403
vn 0.10555 0.96970 -0.22033
vn 0.26196 0.64268 -0.71996
vn 0.02523 0.27211 0.96193
vn 0.15839 0.88159 -0.44465
vn 0.18594 0.31716 -0.92997
vn 0.18214 0.09775 -0.97840
vn 0.21488 0.06950 -0.97416
vn 0.18329 0.08790 -0.97912
vn 0.15113 0.62057 -0.76945
vn 0.19237 0.14007 -0.97127
vn 0.03146 0.99161 -0.12535
vn -0.02273 0.99436 0.10359
vn 0.20248 0.17565 -0.96340
vn 0.01987 0.93639 -0.35039
vn -0.01160 0.999612 0.02532
vn 0.01219 0.95874 -0.28401
vn 0.10096 0.42372 -0.90015
vn 0.15316 0.12042 -0.98084
vn 0.11117 0.14164 -0.98366
vn -0.00301 0.12446 -0.99222
vn -0.05332 0.50210 -0.86316
vn -0.06491 0.92521 -0.37385
vn -0.11441 0.98343 -0.14060
vn -0.16200 0.72649 -0.66781
vn -0.19451 0.46031 -0.86619
vn -0.14627 0.23062 -0.96199
vn 0.01715 0.17442 -0.98452
vn -0.00187 -0.02991 -0.999551
vn 0.06130 0.01207 -0.99805
vn 0.05410 0.05364 -0.99709
vn 0.03075 0.09718 -0.99479
vn -0.02819 0.01391 -0.999506
vn -0.07182 0.28641 -0.95541
vn -0.09310 0.33125 -0.93894
vn -0.19498 0.28380 -0.93885
vn -0.07124 0.66945 -0.73943
vn -0.02424 0.99556 -0.09091
vn -0.06021 0.91934 -0.38884
vn -0.06794 -0.18851 -0.97972
vn -0.08124 -0.15974 -0.98381
vn 0.01947 -0.07033 -0.99733
vn -0.21801 -0.29942 -0.92888
vn -0.03941 0.12359 -0.99155
vn -0.12662 0.15897 -0.97913
vn -0.01527 0.29313 -0.95595
vn -0.08209 0.21011 -0.97423
vn -0.07711 0.04935 -0.99580
vn -0.01518 -0.27867 -0.96027
vn -0.22429 -0.13885 -0.96458
vn -0.27375 -0.14957 -0.95010
vn -0.05205 -0.02681 -0.99828
vn -0.10957 0.00005 -0.99398
vn -0.18525 0.06602 -0.98047
vn -0.24022 0.12248 -0.96296
vn -0.20982 -0.04480 -0.97671
vn -0.28075 0.03441 -0.95916
vn -0.09539 -0.11483 -0.98879
vn 0.00765 -0.26322 -0.96471
vn -0.08598 0.02609 -0.99595
vn 0.06314 -0.06294 -0.99602
vn -0.14796 -0.14143 -0.97883
vn -0.24732 -0.06381 -0.96683
vn 0.04282 -0.16194 -0.98587
vn -0.12829 -0.21206 -0.96880
vn -0.37078 0.12951 -0.91964
vn -0.34399 0.11333 -0.93211
vn -0.27069 -0.19233 -0.94326
vn -0.30688 -0.12110 -0.94401
vn -0.33995 -0.04289 -0.93946
vn -0.40695 0.06318 -0.91126
vn -0.45727 0.14121 -0.87805
vn -0.47386 0.06984 -0.87782
vn -0.45230 -0.14907 -0.87932
vn -0.41027 -0.25061 -0.87686
vn -0.30084 -0.23007 -0.92551
vn -0.49246 -0.05022 -0.86889
vn -0.42482 -0.15182 -0.89246
vn -0.45462 -0.18762 -0.87070
vn -0.37351 0.17821 -0.91035
vn -0.32225 0.02592 -0.94630
vn -0.37097 -0.17680 -0.91166
vn -0.46234 -0.10688 -0.88024
vn -0.33206 -0.04410 -0.94223
vn -0.38617 -0.28617 -0.87691
vn -0.34141 -0.05536 -0.93828
vn -0.19490 0.24817 -0.94891
vn -0.24118 0.30831 -0.92020
vn -0.24288 -0.10878 -0.96394
vn -0.21852 -0.12014 -0.96841
vn -0.26897 0.11906 -0.95576
vn -0.23103 0.10408 -0.96736
vn -0.26821 -0.03428 -0.96275
vn -0.33021 0.19590 -0.92335
vn -0.36664 0.01970 -0.93016
vn -0.22568 0.28947 -0.93020
vn -0.17329 0.07105 -0.98230
vn -0.43544 0.06116 -0.89814
vn -0.36497 -0.05431 -0.92943
vn -0.42504 -0.03022 -0.90467
vn -0.36109 -0.00585 -0.93251
vn -0.43080 -0.03333 -0.90183
vn -0.36612 0.02447 -0.93024
vn -0.34759 0.08902 -0.93341
vn -0.28300 -0.03735 -0.95839
vn -0.15979 -0.01683 -0.98701
vn -0.39419 -0.07314 -0.91611
vn -0.38182 0.03689 -0.92350
vn -0.28905 0.00842 -0.95728
vn -0.41059 0.04070 -0.91091
vn -0.25906 0.44502 -0.85723
vn -0.16867 0.27940 -0.94524
vn -0.41640 0.14889 -0.89691
vn -0.24463 0.30931 -0.91896
vn -0.07972 0.85286 -0.51602
vn -0.17222 0.86316 -0.47465
vn -0.37581 0.29718 -0.87776
vn -0.32756 0.64436 -0.69102
vn -0.37628 0.32902 -0.86612
vn -0.33409 0.16938 -0.92720
vn -0.19356 0.61648 -0.76321
vn -0.18403 0.18540 -0.96528
vn -0.24154 0.80820 -0.53709
vn -0.06653 0.98818 -0.13808
vn -0.08856 0.44200 -0.89263
vn -0.03820 0.43580 -0.89923
vn -0.00132 0.999916 -0.01287
vn 0.00441 0.99999 0.00051
vn -0.00621 0.999975 -0.00352
vn -0.01423 0.999863 0.00845
vn -0.00955 0.95770 0.28762
vn 0.01327 0.99847 0.05368
vn -0.02781 0.83723 0.54615
vn -0.07821 0.28252 0.95607
vn -0.05130 0.81608 0.57566
vn -0.01321 0.98256 0.18545
vn 0.02869 0.999259 0.02566
vn 0.11118 0.91121 0.39665
vn 0.05307 0.66526 0.74472
vn -0.08138 0.24344 0.96649
vn 0.04282 0.15205 0.98745
vn -0.07315 0.00182 0.99732
vn 0.19836 0.50576 0.83956
vn 0.13327 0.87296 0.46923
vn 0.09161 0.38504 0.91834
vn 0.13423 0.08941 0.98691
vn 0.05167 0.04298 0.99774
vn -0.20559 0.07686 -0.97562
vn -0.25410 0.22766 -0.94000
vn -0.12134 0.17810 -0.97650
vn -0.13973 0.20242 -0.96928
vn -0.12397 -0.12068 -0.98492
vn -0.02313 0.00773 -0.999703
vn -0.04600 0.28789 -0.95656
vn -0.15196 0.15545 -0.97609
vn -0.10445 -0.08095 -0.99123
vn -0.19764 0.03107 -0.97978
vn -0.12146 0.32419 -0.93816
vn -0.09414 0.12525 -0.98765
vn -0.10395 0.25517 -0.96129
vn -0.20786 0.02333 -0.97788
vn -0.09866 0.02075 -0.99491
vn -0.19893 0.22422 -0.95402
vn -0.00612 0.15135 -0.98846
vn 0.02945 0.04384 -0.99860
vn 0.10225 0.12495 -0.98688
vn -0.12809 0.13240 -0.98289
vn -0.11823 -0.10319 -0.98761
vn 0.02546 -0.03004 -0.999224
vn 0.01524 0.09981 -0.99489
vn 0.03271 0.18181 -0.98279
vn 0.11417 0.05538 -0.99192
vn 0.00109 -0.16905 -0.98561
vn -0.10070 -0.17017 -0.98026
vn -0.00343 -0.13490 -0.99085
vn 0.03696 -0.12175 -0.99187
vn 0.10782 -0.02743 -0.99379
vn -0.04852 -0.22191 -0.97386
vn 0.03251 -0.13276 -0.99062
vn 0.14389 -0.06043 -0.98775
vn 0.12883 0.10360 -0.98624
vn 0.30901 0.17783 -0.93428
vn 0.21774 0.06652 -0.97374
vn 0.25795 -0.01380 -0.96606
vn 0.10043 -0.03644 -0.99428
vn 0.35876 0.09648 -0.92843
vn 0.41057 0.18997 -0.89182
vn 0.31704 0.12522 -0.94011
vn 0.29036 0.09356 -0.95233
vn 0.30754 0.13846 -0.94141
vn -0.05670 0.05693 -0.99677
vn -0.02794 -0.02419 -0.999317
vn 0.21558 0.07784 -0.97338
vn -0.07541 0.14454 -0.98662
vn -0.12025 -0.04663 -0.99165
vn -0.31117 -0.15316 -0.93793
vn -0.36805 -0.04124 -0.92889
vn -0.24289 0.22988 -0.94242
vn 0.16938 0.11619 -0.97868
vn 0.00886 0.21142 -0.97735
vn -0.16745 0.26187 -0.95047
vn -0.38255 -0.11894 -0.91625
vn -0.41600 -0.22481 -0.88114
vn -0.30393 0.13828 -0.94261
vn -0.14619 0.33835 -0.92960
vn -0.17263 0.10761 -0.97909
vn -0.05396 0.40525 -0.91261
vn -0.04384 0.32755 -0.94381
vn -0.04127 0.05291 -0.99775
vn 0.00593 0.38644 -0.92230
vn -0.07712 0.31569 -0.94572
vn -0.21760 0.38046 -0.89883
vn -0.16642 0.17597 -0.97023
vn -0.19043 0.26413 -0.94550
vn -0.04135 0.11665 -0.99231
vn 0.04839 0.32661 -0.94392
vn -0.03792 0.07218 0.99667
vn 0.07396 0.20876 0.97517
vn -0.03281 0.05040 0.99819
vn -0.11919 0.14133 0.98276
vn -0.00779 0.24049 0.97062
vn 0.02421 0.18860 0.98176
vn -0.00975 0.26608 0.96390
vn 0.00001 0.12804 0.99177
vn 0.02562 0.12592 0.99171
vn -0.03284 0.03863 0.99871
vn -0.02070 -0.04204 0.99890
vn -0.00356 -0.00564 0.999978
vn -0.03675 -0.12479 0.99150
vn -0.07972 -0.06458 0.99472
vn -0.06134 -0.14633 0.98733
vn -0.13859 -0.17437 0.97488
vn -0.05484 -0.22909 0.97186
vn -0.07146 -0.25022 0.96555
vn -0.13481 -0.26822 0.95388
vn -0.17123 -0.28767 0.94230
vn -0.18307 -0.41352 0.89190
vn -0.19116 -0.37533 0.90696
vn -0.13324 -0.32273 0.93707
vn -0.08733 -0.24550 0.96545
vn -0.28982 -0.39880 0.87003
vn -0.24651 -0.34621 0.90519
vn -0.21079 -0.46218 0.86137
vn -0.05532 -0.39289 0.91792
vn -0.09181 -0.30792 0.94697
vn -0.04230 -0.10478 0.99360
vn 0.07421 -0.13556 0.98799
vn 0.03034 -0.29527 0.95493
vn -0.15136 -0.30212 0.94118
vn -0.31676 -0.31029 0.89631
vn -0.11687 -0.33021 0.93664
vn -0.25217 -0.24393 0.93643
vn -0.08323 -0.12309 0.98890
vn 0.14635 -0.09716 0.98445
vn 0.12047 -0.09822 0.98785
vn 0.05198 -0.02633 0.99830
vn 0.10040 -0.54422 0.83292
vn 0.01358 -0.57333 0.81921
vn 0.05918 -0.12138 0.99084
vn 0.09955 -0.47464 0.87453
vn -0.10158 -0.48773 0.86706
vn -0.15331 -0.59776 0.78688
vn -0.12851 -0.67476 0.72676
vn -0.07980 -0.95119 0.29811
vn -0.01517 -0.98641 0.16362
vn -0.02879 -0.94760 0.31815
vn -0.00743 -0.95956 0.28140
vn 0.04363 -0.93766 0.34479
vn -0.00554 -0.97051 0.24099
vn -0.06757 -0.23895 0.96868
vn -0.11210 -0.65180 0.75006
vn -0.05122 -0.94906 0.31090
vn 0.01530 -0.21373 0.97677
vn 0.01493 -0.42007 0.90737
vn 0.18394 -0.28924 0.93942
vn -0.00917 -0.999946 0.00481
vn -0.00613 -0.999081 -0.04243
vn -0.00236 -0.99895 -0.04582
vn -0.00826 -0.999066 -0.04242
vn 0.03807 -0.91235 0.40764
vn 0.05060 -0.67666 0.73455
vn 0.23593 -0.55461 0.79796
vn 0.22494 -0.74036 0.63345
vn 0.13141 -0.89589 0.42441
vn 0.03573 -0.99121 0.12740
vn 0.00502 -0.999892 -0.01381
vn 0.00031 -0.999998 -0.00177
vn 0.00137 -0.999201 -0.03994
vn -0.04804 -0.99564 -0.07995
vn -0.01009 -0.999458 0.03133
vn -0.05428 -0.96110 -0.27080
vn 0.00472 -0.99996 0.00759
vn 0.04682 -0.98918 -0.13902
vn 0.02841 -0.99701 -0.07188
vn 0.11092 -0.84939 -0.51598
vn 0.10366 -0.73808 -0.66670
vn 0.01416 -0.79534 -0.60600
vn -0.12781 -0.67879 -0.72312
vn -0.23408 -0.78158 -0.57822
vn -0.17210 -0.85761 -0.48466
vn -0.05081 -0.81282 -0.58030
vn -0.07267 -0.43874 -0.89567
vn -0.28985 -0.37177 -0.88192
vn -0.40910 -0.30375 -0.86045
vn -0.24155 -0.38630 -0.89019
vn -0.08366 -0.34746 -0.93396
vn -0.03193 -0.25425 -0.96661
vn 0.10560 -0.27155 -0.95661
vn 0.17452 -0.35975 -0.91658
vn 0.16909 -0.48789 -0.85637
vn 0.08753 -0.84131 -0.53342
vn 0.16731 -0.49236 -0.85416
vn 0.19506 -0.18310 -0.96355
vn 0.00862 -0.11252 -0.99361
vn -0.08757 -0.23871 -0.96714
vn -0.23911 -0.20277 -0.94958
vn -0.31961 -0.15101 -0.93544
vn -0.05194 -0.06891 -0.99627
vn 0.05652 -0.36435 -0.92954
vn 0.00091 -0.999991 -0.00408
vn -0.01441 -0.99740 0.07063
vn 0.02538 -0.97484 0.22146
vn -0.01000 -0.99283 0.11908
vn -0.02428 -0.82734 0.56117
vn -0.05808 -0.76487 0.64156
vn 0.04611 -0.54533 0.83695
vn 0.18784 -0.56404 0.80410
vn 0.18837 -0.75435 0.62886
vn 0.24079 -0.32128 0.91586
vn 0.22862 -0.17754 0.95719
vn 0.15548 -0.03354 0.98727
vn 0.01783 -0.10784 0.99401
vn -0.01072 -0.25204 0.96766
vn 0.06804 -0.35618 0.93194
vn 0.01409 -0.80443 0.59388
vn 0.02818 -0.99494 0.09645
vn 0.07374 -0.10777 0.99144
vn 0.06390 -0.12023 0.99069
vn 0.04205 -0.11542 0.99243
vn 0.11939 -0.08259 0.98941
vn 0.19157 -0.03934 0.98069
vn 0.13914 -0.06954 0.98783
vn -0.01050 -0.39036 0.92060
vn 0.03443 -0.07258 0.99677
vn 0.02328 -0.20540 0.97840
vn 0.09464 -0.23857 0.96650
vn 0.24059 -0.21595 0.94630
vn 0.21151 -0.03689 0.97668
vn 0.05745 0.05963 0.99657
vn 0.28884 -0.20374 0.93545
vn 0.01504 -0.20150 0.97937
vn 0.12837 -0.06284 0.98973
vn -0.03561 -0.04877 0.99817
vn -0.02137 -0.15664 0.98742
vn 0.09751 -0.10142 0.99005
vn 0.19327 -0.30244 0.93337
vn 0.10234 -0.16316 0.98128
vn 0.03175 -0.12242 0.99197
vn -0.00921 -0.13996 0.99011
vn -0.12095 -0.11642 0.98581
vn 0.10971 0.00713 0.99394
vn -0.06740 -0.07479 0.99492
vn 0.02409 -0.07573 0.99684
vn 0.07955 -0.06180 0.99491
vn 0.15673 -0.18341 0.97046
vn 0.10837 -0.00854 0.99407
vn 0.02076 -0.02644 0.999435
vn 0.05362 0.03083 0.99809
vn -0.02647 0.08287 0.99621
vn -0.04532 -0.07064 0.99647
vn -0.16062 -0.03936 0.98623
vn 0.02869 -0.00876 0.99955
vn -0.07058 0.00544 0.99749
vn 0.01157 -0.07213 0.99733
vn -0.11329 -0.12191 0.98605
vn 0.00034 -0.20575 0.97860
vn -0.13275 -0.24986 0.95914
vn 0.04537 -0.31106 0.94931
vn -0.06280 -0.27182 0.96030
vn -0.12680 0.14616 0.98110
vn -0.21987 0.06711 0.97322
vn -0.17728 0.10405 0.97865
vn -0.12516 0.02366 0.99185
vn 0.14698 -0.13796 0.97947
vn 0.03029 -0.02209 0.999297
vn 0.03068 0.02643 0.99918
vn 0.06336 -0.22307 0.97274
vn -0.10021 -0.15913 0.98216
vn -0.10804 0.01625 0.99401
vn -0.21609 -0.25602 0.94221
vn -0.10821 0.01750 0.99397
vn -0.17153 -0.00218 0.98518
vn -0.12870 0.08077 0.98839
vn 0.10040 -0.05041 0.99367
vn 0.06247 -0.14521 0.98743
vn 0.25463 -0.14026 0.95681
vn 0.28159 -0.01114 0.95947
vn 0.24877 -0.03863 0.96779
vn 0.17159 -0.02891 0.98474
vn -0.23868 0.15741 0.95826
vn 0.03604 0.14364 0.98897
vn 0.28327 0.09963 0.95385
vn 0.07650 0.05833 0.99536
vn 0.00101 -0.07415 0.99725
vn 0.20482 -0.07260 0.97610
vn 0.30596 -0.03529 0.95139
vn -0.08148 0.03120 0.99619
vn -0.11640 -0.05379 0.99174
vn 0.13361 -0.03992 0.99023
vn -0.03219 -0.16692 0.98545
vn 0.18216 0.13425 0.97406
vn -0.05269 0.20196 0.97798
vn -0.15181 0.05511 0.98687
vn -0.05140 -0.22678 0.97259
vn 0.09495 -0.20257 0.97465
vn 0.10883 -0.47136 0.87520
vn 0.03980 -0.75007 0.66016
vn -0.11793 -0.19625 0.97344
vn -0.01802 -0.84561 0.53350
vn -0.15463 0.04260 0.98705
vn -0.15136 -0.00028 0.98848
vn -0.00635 -0.11087 0.99381
vn -0.14220 -0.12194 0.98230
vn -0.17484 -0.05120 0.98326
vn -0.19665 0.02017 0.98027
vn -0.16234 -0.10104 0.98155
vn -0.06078 -0.77173 0.63304
vn 0.00513 -0.999717 0.02322
vn 0.03753 -0.94916 0.31256
vn 0.04112 -0.85753 0.51278
vn -0.14450 0.01236 0.98943
vn -0.02532 -0.99099 0.13155
vn -0.09985 -0.87631 0.47129
vn -0.13851 -0.37487 0.91667
vn -0.19611 0.01686 0.98044
vn -0.18605 -0.09471 0.97797
vn -0.10241 0.02940 0.99431
vn -0.11574 -0.33816 0.93395
vn -0.05817 -0.89491 0.44243
vn -0.27935 -0.09376 0.95560
vn -0.13812 -0.07760 0.98737
vn -0.18090 -0.71195 0.67853
vn -0.30880 0.03913 0.95032
vn -0.37645 -0.33673 0.86308
vn -0.22406 0.05854 0.97282
vn -0.25786 -0.05429 0.96465
vn -0.14288 -0.08717 0.98589
vn 0.03990 -0.07708 0.99623
vn -0.37048 -0.07358 0.92592
vn -0.46088 -0.06983 0.88471
vn -0.43969 -0.03778 0.89735
vn -0.39520 0.05017 0.91723
vn -0.31423 0.03940 0.94853
vn -0.54128 0.04363 0.83971
vn -0.36243 -0.00706 0.93198
vn -0.24062 0.03059 0.97014
vn -0.28775 0.00912 0.95766
vn -0.50305 -0.02724 0.86383
vn 0.02508 0.04621 0.99862
vn 0.30365 0.12214 0.94492
vn 0.19930 0.05587 0.97835
vn 0.11551 0.01547 0.99319
vn -0.04096 0.03239 0.99864
vn -0.01488 -0.13292 0.99101
vn 0.07227 -0.04604 0.99632
vn 0.09554 0.02206 0.99518
vn 0.07827 0.03211 0.99642
vn 0.44096 0.09728 0.89224
vn 0.25167 0.12384 0.95986
vn -0.35800 -0.01331 0.93363
vn -0.45377 0.04225 0.89011
vn -0.51892 0.01397 0.85471
vn -0.03001 -0.00985 0.999501
vn 0.27042 0.05725 0.96104
vn -0.35625 0.04261 0.93342
vn -0.33795 0.02289 0.94088
vn -0.44892 -0.06356 0.89131
vn -0.48784 -0.14469 0.86086
vn -0.76676 -0.12953 0.62873
vn -0.73380 -0.06462 0.67629
vn -0.76697 -0.04529 0.64008
vn 0.15309 0.01521 0.98810
vn -0.28860 0.00624 0.95743
vn -0.56997 0.03814 0.82078
vn -0.54649 0.05878 0.83540
vn -0.41058 0.00896 0.91178
vn -0.00369 -0.00949 0.999948
vn -0.22398 0.03393 0.97400
vn -0.67223 -0.00186 0.74034
vn -0.71847 -0.01643 0.69536
vn -0.06223 0.01865 0.99789
vn -0.59191 0.01284 0.80590
vn -0.37254 0.02265 0.92774
vn -0.01575 0.00250 0.999873
vn -0.49299 0.03078 0.86949
vn -0.43497 -0.00597 0.90043
vn -0.16630 0.05896 0.98431
vn 0.19462 -0.04250 0.97996
vn -0.05120 -0.04559 0.99765
vn -0.37020 -0.09588 0.92399
vn -0.03797 -0.13486 0.99014
vn -0.01355 -0.05133 0.99859
vn 0.31967 -0.12957 0.93863
vn -0.48630 -0.09900 0.86817
vn -0.33245 -0.06370 0.94097
vn -0.08349 -0.17640 0.98077
vn -0.25047 -0.05080 0.96679
vn -0.27027 -0.10975 0.95651
vn -0.48434 -0.11408 0.86741
vn -0.43418 -0.63343 0.64051
vn -0.22929 -0.87842 0.41929
vn -0.04306 -0.61844 0.78465
vn -0.01060 -0.99560 0.09308
vn -0.03133 -0.83999 0.54170
vn -0.00553 -0.999792 0.01964
vn -0.04597 -0.13435 0.98987
vn 0.02840 -0.25830 0.96565
vn 0.06352 -0.83831 0.54148
vn 0.10950 -0.89226 0.43805
vn 0.16868 -0.36522 0.91551
vn -0.01111 0.06946 0.99752
vn 0.10880 0.02483 0.99375
vn 0.20960 -0.44437 0.87098
vn 0.15350 -0.74141 0.65326
vn 0.16962 -0.33799 0.92574
vn 0.02945 -0.47713 0.87834
vn 0.09863 -0.48263 -0.87025
vn 0.07860 -0.35555 -0.93135
vn -0.03922 -0.40541 -0.91329
vn -0.17611 -0.31350 -0.93312
vn 0.01351 -0.22474 -0.97433
vn -0.02473 -0.10303 -0.99437
vn -0.11506 -0.23719 -0.96463
vn -0.11944 -0.08224 -0.98943
vn -0.04681 -0.05574 -0.99735
vn -0.15441 -0.02253 -0.98775
vn -0.09580 -0.25449 -0.96232
vn 0.02228 -0.23734 -0.97117
vn -0.15889 -0.12953 -0.97876
vn -0.20090 -0.12601 -0.97147
vn 0.05335 -0.02752 -0.99820
vn -0.10699 -0.38237 -0.91780
vn -0.17112 -0.09121 -0.98102
vn -0.19377 -0.29452 -0.93579
vn -0.25095 -0.34901 -0.90289
vn -0.11216 -0.24140 -0.96392
vn 0.01821 -0.18784 -0.98203
vn -0.10568 0.00168 -0.99440
vn -0.29799 -0.20417 -0.93248
vn -0.28491 -0.30376 -0.90915
vn -0.34550 -0.27173 -0.89822
vn -0.24512 -0.14359 -0.95880
vn -0.19566 -0.06568 -0.97847
vn -0.14830 -0.14242 -0.97863
vn -0.12405 -0.05765 -0.99060
vn -0.10044 -0.09094 -0.99078
vn -0.21896 -0.04388 -0.97475
vn -0.38781 -0.12939 -0.91261
vn -0.28107 -0.02984 -0.95922
vn -0.13768 -0.14451 -0.97988
vn -0.08665 -0.84631 -0.52560
vn -0.30781 -0.28512 -0.90772
vn -0.29333 -0.21090 -0.93246
vn -0.19238 0.04141 -0.98045
vn -0.20667 -0.15502 -0.96605
vn -0.14881 -0.19314 -0.96982
vn -0.22965 -0.14338 -0.96266
vn -0.30685 -0.24022 -0.92094
vn -0.31247 -0.37308 -0.87360
vn -0.16508 -0.80172 -0.57445
vn -0.02370 -0.99384 -0.10826
vn -0.04590 -0.96809 -0.24636
vn -0.21745 -0.71093 -0.66880
vn -0.18213 -0.27470 -0.94412
vn -0.10117 -0.14621 -0.98407
vn -0.13458 -0.17334 -0.97562
vn -0.16700 -0.05279 -0.98454
vn -0.25867 0.04578 -0.96488
vn -0.17773 -0.12246 -0.97643
vn -0.10245 -0.22334 -0.96934
vn -0.08421 -0.27452 -0.95789
vn -0.13665 -0.78326 -0.60650
vn -0.06985 -0.98053 -0.18352
vn 0.01199 -0.99984 -0.01330
vn -0.00200 -0.99556 -0.09415
vn 0.01282 -0.73922 -0.67334
vn -0.01802 -0.33855 -0.94077
vn -0.21729 -0.12258 -0.96838
vn -0.20223 -0.00021 -0.97934
vn -0.12919 -0.17360 -0.97630
vn 0.02161 -0.49890 -0.86639
vn -0.04703 -0.30100 -0.95246
vn 0.04804 -0.89202 -0.44944
vn -0.01798 -0.999837 -0.00188
vn -0.00473 -0.96564 -0.25985
vn 0.03824 -0.39840 -0.91641
vn -0.09175 -0.23391 -0.96792
vn -0.12025 -0.09079 -0.98858
vn -0.19401 0.03182 -0.98048
vn -0.18231 -0.02616 -0.98289
vn -0.05034 -0.39478 -0.91739
vn 0.04852 -0.70521 -0.70734
vn 0.00846 -0.50209 -0.86477
vn -0.02637 -0.99826 0.05278
vn -0.02033 -0.99682 -0.07703
vn -0.08880 0.04013 -0.99524
vn -0.03060 0.14199 -0.98940
vn -0.12479 -0.07122 -0.98962
vn -0.09058 -0.20384 -0.97480
vn -0.10867 -0.27375 -0.95564
vn -0.13026 -0.44644 -0.88528
vn -0.12124 -0.58993 -0.79830
vn -0.02559 -0.62051 -0.78378
vn -0.19748 -0.61569 -0.76284
vn -0.21712 -0.50647 -0.83447
vn -0.19679 -0.28116 -0.93927
vn -0.00650 0.18713 -0.98231
vn -0.03066 0.23603 -0.97126
vn -0.11037 0.12223 -0.98635
vn -0.19626 -0.36283 -0.91095
vn -0.23311 -0.67774 -0.69738
vn -0.00565 -0.94057 -0.33955
vn -0.13884 -0.06414 -0.98824
vn -0.08988 0.18131 -0.97931
vn -0.17079 -0.40807 -0.89683
vn 0.04964 0.28928 -0.95596
vn 0.11081 0.18872 -0.97576
vn 0.11284 0.08187 -0.99023
vn -0.15905 -0.25790 -0.95299
vn -0.13601 -0.33643 -0.93184
vn -0.01782 0.29822 -0.95433
vn 0.12383 0.31602 -0.94064
vn -0.03115 0.15825 -0.98691
vn 0.15565 0.14053 -0.97776
vn 0.06581 0.36378 -0.92916
vn -0.05504 0.16639 -0.98452
vn 0.01957 0.33577 -0.94174
vn 0.17700 0.42083 -0.88970
vn 0.21613 0.23165 -0.94849
vn 0.22216 0.06942 -0.97254
vn -0.10177 0.22785 -0.96836
vn 0.05473 0.16783 -0.98430
vn -0.09007 0.14335 -0.98557
vn 0.20913 0.12001 -0.97049
vn 0.33438 0.09023 -0.93811
vn 0.31113 0.10907 -0.94409
vn 0.27766 0.30607 -0.91062
vn 0.08863 0.40564 -0.90973
vn 0.18516 0.43833 -0.87953
vn 0.26037 0.19010 -0.94661
vn -0.00858 0.46754 -0.88393
vn -0.03257 0.28907 -0.95675
vn 0.10470 0.18749 -0.97667
vn 0.33052 0.13676 -0.93384
vn 0.14188 0.08984 -0.98580
vn 0.27182 0.03087 -0.96185
vn 0.23627 0.05302 -0.97024
vn 0.16532 -0.01302 -0.98615
vn 0.04093 -0.05374 -0.99772
vn 0.09960 0.00514 -0.99501
vn -0.05838 0.17356 -0.98309
vn -0.16331 0.24311 -0.95615
vn -0.18185 0.28904 -0.93989
vn -0.12149 0.26246 -0.95727
vn -0.03706 0.28791 -0.95694
vn 0.01852 -0.04139 -0.99897
vn 0.08216 -0.02558 -0.99629
vn 0.15478 0.01898 -0.98777
vn -0.02597 -0.03961 -0.99888
vn -0.09657 -0.08139 -0.99199
vn -0.08913 -0.13905 -0.98627
vn -0.01633 -0.02518 -0.99955
vn -0.02968 -0.03165 -0.999058
vn -0.04033 0.00429 -0.999177
vn 0.09649 0.08285 -0.99188
vn 0.13706 0.01505 -0.99045
vn -0.11283 -0.05146 -0.99228
vn 0.17407 0.10665 -0.97894
vn 0.21034 0.10355 -0.97213
vn 0.03529 -0.11306 -0.99296
vn 0.12989 -0.07151 -0.98895
vn 0.30681 0.10621 -0.94583
vn 0.21505 0.01212 -0.97653
vn 0.11730 0.11948 -0.98588
vn 0.20419 -0.02162 -0.97869
vn 0.37605 0.12328 -0.91836
vn 0.42345 0.10846 -0.89940
vn 0.31853 0.04410 -0.94689
vn 0.14975 -0.05238 -0.98734
vn 0.20292 0.00300 -0.97919
vn 0.31768 0.07086 -0.94555
vn 0.47683 0.12754 -0.86969
vn 0.31416 0.04765 -0.94817
vn 0.39584 0.16584 -0.90322
vn 0.07222 -0.03300 -0.99684
vn 0.08587 -0.02728 -0.99593
vn 0.25769 0.12870 -0.95762
vn 0.12349 0.16112 -0.97918
vn 0.20120 0.16704 -0.96520
vn 0.19669 0.36039 -0.91183
vn 0.13011 0.54203 -0.83023
vn 0.17652 0.69108 -0.70089
vn 0.11621 0.60153 -0.79035
vn 0.09685 0.57477 -0.81257
vn 0.11175 0.09921 -0.98877
vn 0.07288 0.42497 -0.90227
vn 0.01932 0.83673 -0.54728
vn 0.02292 0.89802 -0.43937
vn 0.04204 0.96348 -0.26446
vn 0.03314 0.92849 -0.36988
vn 0.00247 0.999942 -0.01051
vn 0.00066 0.99763 -0.06886
vn -0.01564 -0.02383 -0.999594
vn 0.06953 0.01003 -0.99753
vn 0.04030 0.32179 -0.94595
vn 0.02375 0.79296 -0.60881
vn -0.01501 0.999791 0.01387
vn 0.00100 0.999995 -0.00298
vn 0.00458 0.999918 -0.01198
vn -0.00602 0.90830 -0.41828
vn -0.11586 -0.03056 -0.99279
vn -0.11607 0.01576 -0.99312
vn -0.07138 0.05642 -0.99585
vn -0.14599 0.33203 -0.93190
vn -0.06204 0.48041 -0.87485
vn -0.01315 0.98882 -0.14851
vn -0.07926 0.84384 -0.53070
vn 0.01608 0.999558 -0.02500
vn 0.00075 0.99748 -0.07101
vn -0.00573 0.999983 0.00069
vn 0.00814 0.999945 0.00665
vn -0.03668 0.99517 -0.09102
vn -0.13473 0.79594 -0.59019
vn -0.11052 0.24264 -0.96380
vn -0.09096 0.00188 -0.99585
vn -0.06115 0.73797 -0.67206
vn 0.00093 0.98405 -0.17790
vn 0.04888 0.99811 0.03735
vn -0.00899 0.99376 0.11117
vn -0.01354 0.9998 0.01474
vn -0.05605 0.66212 -0.74730
vn -0.09634 0.26140 -0.96041
vn -0.01327 0.82313 -0.56770
vn 0.03635 0.96467 0.26094
vn 0.02830 0.99829 0.05120
vn 0.00560 0.62090 0.78387
vn 0.05222 0.82744 0.55912
vn -0.03986 0.78513 0.61805
vn -0.05856 0.93266 0.35597
vn -0.04964 0.86248 0.50365
vn 0.00688 0.999886 0.01341
vn 0.01792 0.98866 -0.14911
vn 0.02714 0.90233 0.43018
vn 0.01311 0.44255 0.89665
vn -0.09683 0.61171 0.78513
vn -0.05460 0.37812 0.92414
vn -0.01237 0.33312 0.94280
vn -0.05362 0.24129 0.96897
vn -0.10581 0.28927 0.95138
vn -0.02199 0.20660 0.97818
vn -0.11994 0.45539 0.88218
vn 0.08472 0.44107 0.89346
vn 0.04971 0.22172 0.97384
vn -0.00446 0.999982 -0.00403
vn -0.02797 0.99412 0.10460
vn -0.00346 0.999901 0.01363
vn 0.04621 0.86445 0.50060
vn 0.04510 0.29049 0.95582
vn -0.01513 0.13512 0.99071
vn -0.02341 0.39107 0.92006
vn -0.06518 0.79918 0.59755
vn -0.03701 0.95556 0.29245
vn -0.07067 0.40076 0.91345
vn -0.02185 0.17593 0.98416
vn 0.00508 0.23140 0.97285
vn 0.02354 -0.10085 0.99462
vn -0.06011 -0.04060 0.99737
vn -0.06752 -0.12967 0.98926
vn -0.00008 0.07474 0.99720
vn 0.01057 0.98816 0.15307
vn 0.01412 0.75358 0.65720
vn -0.09737 -0.14064 0.98526
vn -0.02217 -0.17211 0.98483
vn 0.06224 -0.23320 0.97044
vn -0.05111 -0.18676 0.98108
vn 0.05663 -0.29140 0.95492
vn -0.01167 0.09882 0.99504
vn 0.03436 0.11921 0.99227
vn 0.07810 0.08441 0.99337
vn 0.06707 0.23453 0.96979
vn 0.01211 -0.02814 0.999531
vn 0.04364 0.04826 0.99788
vn -0.05451 -0.18429 0.98136
vn -0.05983 -0.25510 0.96506
vn -0.00932 -0.16347 0.98650
vn -0.05393 -0.27917 0.95873
vn 0.07285 -0.03351 0.99678
vn 0.01784 0.13970 0.99003
vn 0.03340 0.23229 0.97207
vn 0.09996 0.30895 0.94581
vn 0.16348 0.25130 0.95400
vn 0.10540 0.05254 0.99304
vn 0.19261 0.24991 0.94892
vn 0.08693 0.19681 0.97658
vn 0.05959 0.07991 0.99502
vn -0.00963 -0.24467 0.96956
vn -0.00543 -0.17900 0.98383
vn 0.00460 -0.11311 0.99357
vn 0.03084 -0.08784 0.99566
vn 0.13403 0.12143 0.98351
vn 0.24768 0.14112 0.95851
vn 0.13866 0.01751 0.99018
vn 0.02166 -0.00884 0.999726
vn 0.00416 0.03314 0.999442
vn 0.10823 0.08116 0.99081
vn -0.03719 -0.07921 0.99616
vn 0.06099 -0.06595 0.99596
vn 0.13527 -0.02058 0.99060
vn 0.24571 0.03547 0.96869
vn -0.04328 -0.06428 0.99699
vn -0.16718 -0.13814 0.97620
vn -0.15698 -0.07063 0.98507
vn -0.13896 0.05974 0.98849
vn -0.22063 0.02912 0.97492
vn -0.15350 0.00168 0.98815
vn 0.05014 -0.01230 0.99867
vn 0.01056 0.01773 0.999787
vn -0.17004 -0.02665 0.98508
vn -0.09105 -0.04635 0.99477
vn 0.12141 0.00297 0.99260
vn 0.01645 -0.02048 0.999655
vn 0.10874 0.03498 0.99345
vn 0.15256 0.05589 0.98671
vn 0.23567 0.02763 0.97144
vn -0.12881 -0.13244 0.98279
vn -0.03421 -0.07823 0.99635
vn 0.08596 -0.04773 0.99515
vn 0.09948 -0.05226 0.99367
vn 0.06842 -0.10596 0.99201
vn 0.00379 -0.00333 0.999987
vn -0.03905 -0.12742 0.99108
vn 0.04936 -0.03381 0.99821
vn -0.07850 -0.01689 0.99677
vn 0.21457 0.08829 0.97271
vn -0.11450 -0.15029 0.98199
vn -0.08763 -0.11269 0.98976
vn 0.02163 -0.03826 0.999034
vn 0.10079 0.00761 0.99488
vn 0.18117 0.11165 0.97709
vn 0.01237 -0.06425 0.99786
vn -0.03710 -0.16774 0.98513
vn 0.03313 -0.08827 0.99555
vn 0.04919 -0.16688 0.98475
vn -0.04161 -0.02911 0.99871
vn -0.09726 -0.09319 0.99089
vn 0.03490 -0.17881 0.98326
vn 0.06273 -0.11668 0.99119
vn 0.02047 -0.09448 0.99532
vn 0.08003 -0.05164 0.99545
vn 0.19850 0.02773 0.97971
vn 0.12102 0.02604 0.99231
vn 0.03891 -0.01829 0.999075
vn 0.15176 0.10981 0.98230
vn 0.14845 0.12018 0.98159
vn 0.01831 -0.06320 0.99783
vn 0.01585 -0.12876 0.99155
vn 0.05559 -0.04874 0.99726
vn 0.06396 0.04544 0.99692
vn 0.07589 0.15446 0.98508
vn -0.00219 0.15924 0.98724
vn 0.07754 0.03812 0.99626
vn 0.04467 0.02089 0.99878
vn -0.02038 -0.00371 0.999785
vn -0.03284 0.09519 0.99492
vn -0.09127 0.21402 0.97256
vn -0.12034 0.16064 0.97965
vn -0.07908 0.06496 0.99475
vn -0.01310 -0.00453 0.999904
vn -0.02097 -0.07676 0.99683
vn -0.07604 0.09897 0.99218
vn -0.00092 0.03222 0.99948
vn -0.02756 0.16401 0.98607
vn -0.07577 0.04981 0.99588
vn -0.08484 -0.06415 0.99433
vn 0.09368 0.04742 0.99447
vn 0.01289 0.19142 0.98142
vn 0.13576 0.12936 0.98226
vn 0.02195 0.10109 0.99464
vn 0.19504 0.04334 0.97984
vn 0.02677 -0.03854 0.99890
vn 0.15497 -0.00722 0.98789
vn 0.00336 -0.13817 0.99040
vn 0.13882 -0.06299 0.98831
vn 0.19737 -0.01803 0.98016
vn 0.13407 -0.12461 0.98311
vn -0.02141 -0.20845 0.97780
vn 0.04003 -0.15846 0.98655
vn 0.10552 -0.51118 0.85297
vn 0.07650 0.01827 0.99690
vn 0.24459 0.11775 0.96245
vn 0.00190 0.10052 0.99493
vn 0.00572 0.40162 0.91579
vn 0.20787 0.19665 0.95819
vn 0.10884 0.22921 0.96727
vn 0.07292 0.77554 0.62708
vn 0.00965 0.99174 0.12794
vn 0.08417 0.69683 0.71228
vn 0.03222 0.97538 0.21815
vn 0.08637 0.11560 0.98953
vn 0.07843 0.17941 0.98064
vn 0.01578 0.99710 0.07445
vn 0.04511 0.85492 0.51680
vn 0.05610 0.65523 0.75335
vn -0.01031 0.999904 -0.00926
vn 0.06735 0.95634 -0.28438
vn -0.00756 0.96993 -0.24325
vn 0.18145 0.61486 -0.76748
vn -0.02768 0.56560 -0.82421
vn 0.08057 0.02872 -0.99634
vn -0.04449 0.79124 -0.60988
vn -0.08081 0.13466 -0.98759
vn -0.04974 0.57167 -0.81897
vn -0.11917 0.11253 -0.98648
vn -0.10087 0.03293 -0.99435
vn -0.09012 0.03643 -0.99526
vn -0.02236 0.10665 -0.99404
vn -0.07683 0.11040 -0.99091
vn 0.03718 -0.01504 -0.999195
vn 0.14931 0.04945 -0.98755
vn 0.22752 0.12925 -0.96516
vn 0.05201 0.24844 -0.96725
vn 0.33903 0.09189 -0.93628
vn 0.13896 0.42518 -0.89438
vn 0.37795 0.12971 -0.91670
vn 0.29622 0.04723 -0.95395
vn 0.23927 0.26881 -0.93300
vn 0.03777 0.59942 -0.79954
vn 0.13742 0.46120 -0.87659
vn 0.02566 0.52346 -0.85166
vn 0.22404 0.16058 -0.96126
vn 0.10838 0.37536 -0.92052
vn -0.03385 0.33066 -0.94314
vn -0.08385 -0.23592 0.96815
vn -0.03795 -0.08378 0.99576
vn -0.10045 -0.00287 0.99494
vn -0.03365 -0.00058 0.999433
vn 0.02011 0.07946 0.99664
vn -0.07802 0.08850 0.99302
vn -0.14511 -0.02516 0.98910
vn -0.01643 0.15236 0.98819
vn -0.08416 0.20833 0.97443
vn -0.17575 0.18986 0.96595
vn -0.09500 0.27328 0.95723
vn -0.20399 -0.01129 0.97891
vn -0.32177 0.15365 0.93427
vn -0.16521 -0.12983 0.97768
vn -0.30658 -0.00880 0.95181
vn -0.23323 0.18491 0.95468
vn -0.11301 0.14508 0.98294
vn -0.07759 0.23432 0.96906
vn -0.03078 0.21732 0.97561
vn -0.13323 -0.00764 0.99106
vn -0.23870 -0.21889 0.94610
vn -0.01673 -0.28624 0.95801
vn -0.08028 -0.33146 0.94005
vn 0.03082 -0.32075 0.94666
vn 0.10502 -0.11286 0.98804
vn -0.27799 0.18972 0.94166
vn -0.21339 0.17733 0.96074
vn -0.25246 0.37795 0.89074
vn -0.36022 0.28865 0.88709
vn -0.06832 0.07119 0.99512
vn 0.12778 -0.35004 0.92798
vn 0.09304 -0.40631 0.90899
vn 0.03320 -0.39529 0.91796
vn 0.08206 -0.39729 0.91401
vn 0.05216 -0.27812 0.95913
vn -0.02442 -0.25796 0.96585
vn -0.24317 -0.11336 0.96334
vn -0.32643 -0.09924 0.94000
vn -0.07016 0.34224 0.93699
vn -0.23871 0.20158 0.94994
vn -0.15708 -0.37640 0.91304
vn -0.00078 -0.37635 0.92648
vn 0.04258 -0.32013 0.94641
vn -0.02832 -0.28694 0.95753
vn -0.08486 -0.16896 0.98196
vn -0.03164 0.03441 0.99891
vn 0.08305 -0.14476 0.98598
vn 0.02419 0.12254 0.99217
vn -0.06829 0.25016 0.96579
vn -0.15375 0.08899 0.98409
vn -0.16961 -0.07687 0.98251
vn -0.11145 -0.22471 0.96803
vn -0.08369 -0.31781 0.94445
vn -0.19845 -0.43915 0.87622
vn -0.17247 -0.22082 0.95994
vn 0.00842 0.01607 0.999835
vn -0.16484 -0.24459 0.95551
vn -0.18532 0.05833 0.98095
vn -0.10320 0.24935 0.96290
vn -0.08627 0.31760 0.94429
vn -0.11521 0.24605 0.96238
vn -0.19002 -0.01400 0.98168
vn -0.13902 0.20644 0.96853
vn -0.11218 0.18869 0.97561
vn -0.16369 0.18731 0.96857
vn -0.22456 0.27229 0.93564
vn -0.10489 0.36213 0.92621
vn -0.36214 0.41129 0.83648
vn -0.32966 0.35189 0.87607
vn -0.13192 0.41104 0.90202
vn -0.25475 0.44519 0.85843
vn -0.12797 0.83004 0.54283
vn -0.28144 0.71881 0.63569
vn -0.07093 0.98458 0.15991
vn -0.18811 0.67941 0.70924
vn -0.11388 0.94266 0.31374
vn -0.07179 0.56516 0.82185
vn -0.00640 0.39479 0.91875
vn -0.06928 0.32257 0.94401
vn -0.15551 0.24110 0.95796
vn -0.17299 0.37754 0.90969
vn 0.01751 0.75049 0.66065
vn -0.03616 0.94011 0.33895
vn 0.03370 0.99678 -0.07280
vn 0.01190 0.99105 0.13298
vn -0.08745 0.66725 0.73969
vn -0.04503 0.95071 0.30680
vn -0.16951 0.30522 0.93708
vn -0.11698 0.27253 0.95501
vn -0.25096 0.44250 0.86094
vn -0.23981 0.23095 0.94295
vn -0.29932 0.38791 0.87174
vn -0.30547 0.28558 0.90837
vn -0.32087 0.46141 0.82713
vn -0.19366 0.90634 0.37556
vn -0.03838 0.99860 -0.03627
vn -0.06372 0.99080 0.11940
vn -0.18641 0.68046 0.70868
vn -0.22300 0.24622 0.94321
vn -0.16849 0.21266 0.96249
vn -0.06398 0.51262 0.85623
vn -0.01731 0.94629 0.32286
vn 0.00535 0.999875 -0.01485
vn -0.10200 0.08467 0.99118
vn -0.07516 0.23802 0.96835
vn 0.02310 0.16456 0.98610
vn 0.07903 0.53342 0.84215
vn 0.02796 0.85029 0.52557
vn 0.00300 0.98942 0.14506
vn 0.03459 0.96733 -0.25116
vn 0.00898 0.98741 -0.15793
vn 0.00784 0.999746 -0.02113
vn 0.14858 0.63550 -0.75767
vn 0.08122 0.81540 -0.57317
vn 0.19746 0.66141 -0.72356
vn 0.22174 0.09227 -0.97073
vn 0.08711 0.16305 -0.98276
vn 0.08787 0.95556 -0.28139
vn 0.11802 0.14226 -0.98277
vn 0.11596 0.02237 -0.99300
vn 0.03417 -0.04324 -0.99848
vn 0.12069 -0.01335 -0.99260
vn 0.20689 0.45084 -0.86830
vn 0.18261 -0.00249 -0.98318
vn 0.03817 0.98910 -0.14222
vn 0.11140 0.72654 -0.67804
vn 0.15417 0.06793 -0.98571
vn 0.11140 -0.07382 -0.99103
vn 0.10051 -0.02765 -0.99455
vn -0.02166 0.21130 -0.97718
vn 0.03499 -0.11259 -0.99303
vn -0.03235 0.78806 -0.61475
vn -0.03776 0.99845 -0.04101
vn -0.09840 0.93088 -0.35183
vn -0.19378 0.43187 -0.88087
vn -0.18317 -0.05421 -0.98159
vn 0.06791 -0.03243 -0.99716
vn -0.07778 -0.04522 -0.99594
vn -0.25642 -0.03301 -0.96600
vn -0.18045 0.71443 -0.67603
vn -0.27712 0.10657 -0.95491
vn -0.12814 0.47895 -0.86844
vn -0.26804 0.00441 -0.96340
vn -0.34832 -0.07330 -0.93451
vn 0.09777 0.03935 -0.99443
vn -0.02451 0.03232 -0.999177
vn -0.21995 -0.10602 -0.96973
vn 0.01269 0.00220 -0.999917
vn -0.25028 0.01842 -0.96800
vn -0.31725 0.01983 -0.94813
vn -0.10349 0.05176 -0.99328
vn -0.20695 0.09272 -0.97395
vn -0.00197 0.12361 -0.99233
vn 0.15348 0.11049 -0.98196
vn -0.32964 0.11983 -0.93647
vn -0.25874 0.25054 -0.93289
vn -0.20519 0.16341 -0.96498
vn 0.07951 0.10533 -0.99125
vn 0.10297 0.21037 -0.97218
vn 0.16864 0.13729 -0.97607
vn 0.23625 0.22019 -0.94642
vn 0.25322 0.28366 -0.92489
vn 0.31508 0.30846 -0.89754
vn 0.09201 0.29291 -0.95170
vn 0.35311 0.31880 -0.87959
vn 0.33538 0.24792 -0.90888
vn 0.21721 0.23249 -0.94804
vn 0.01828 0.25108 -0.96779
vn -0.08283 0.20241 -0.97579
vn 0.23374 0.17587 -0.95626
vn 0.05674 0.13852 -0.98873
vn 0.12275 0.17979 -0.97602
vn 0.07078 0.24633 -0.96660
vn -0.00432 0.14805 -0.98897
vn 0.12911 0.08197 -0.98824
vn 0.16804 0.08887 -0.98177
vn 0.08564 -0.00542 -0.99631
vn 0.04453 0.09209 -0.99475
vn -0.01771 -0.00048 -0.999843
vn -0.06624 0.00314 -0.99780
vn -0.17117 0.04922 -0.98401
vn -0.13392 -0.03329 -0.99043
vn 0.05147 0.04547 -0.99764
vn 0.03872 0.14804 -0.98822
vn 0.13349 0.20766 -0.96905
vn -0.00203 0.20452 -0.97886
vn 0.05335 0.26225 -0.96352
vn -0.05100 0.04399 -0.99773
vn -0.11240 -0.01373 -0.99357
vn -0.18541 0.02864 -0.98224
vn -0.13148 -0.10464 -0.98578
vn -0.15628 -0.09972 -0.98267
vn -0.00136 -0.999562 0.02956
vn -0.00522 -0.999952 -0.00832
vn -0.00624 -0.99683 -0.07931
vn -0.00155 -0.999612 0.02782
vn -0.03008 -0.99713 0.06941
vn 0.01576 -0.81261 0.58260
vn -0.05230 -0.98308 0.17553
vn -0.05878 -0.79827 0.59943
vn -0.05222 -0.36558 0.92931
vn -0.10465 -0.36773 0.92403
vn -0.09820 -0.72583 0.68083
vn 0.07453 -0.92835 -0.36415
vn 0.09888 -0.80465 -0.58546
vn 0.12852 -0.51072 -0.85009
vn 0.06210 -0.54316 -0.83733
vn 0.04534 -0.90562 -0.42167
vn -0.00683 -0.36961 -0.92916
vn -0.05382 -0.51640 -0.85466
vn 0.01884 -0.80288 -0.59584
vn -0.01177 -0.71677 -0.69721
vn -0.02020 -0.95251 -0.30385
vn -0.11455 -0.26987 -0.95606
vn -0.10772 -0.40332 -0.90870
vn -0.09938 -0.47929 -0.87201
vn -0.05455 -0.74024 -0.67012
vn -0.02185 -0.98704 -0.15899
vn -0.14946 -0.31538 -0.93712
vn -0.06729 -0.75612 -0.65097
vn -0.06712 -0.25762 -0.96391
vn -0.06825 -0.12693 -0.98956
vn -0.00104 -0.20882 -0.97795
vn 0.00929 -0.17348 -0.98479
vn 0.01608 -0.27480 -0.96137
vn 0.00999 -0.48664 -0.87355
vn 0.00086 -0.79123 -0.61152
vn 0.00699 -0.97639 -0.21589
vn -0.00161 -0.999335 -0.03643
vn 0.12858 -0.39799 -0.90833
vn 0.13407 -0.27178 -0.95298
vn 0.09227 -0.23146 -0.96846
vn -0.00204 -0.06895 -0.99762
vn -0.08825 -0.00847 -0.99606
vn -0.02887 0.03460 -0.99898
vn 0.04089 -0.03038 -0.99870
vn 0.07080 -0.14501 -0.98689
vn 0.21997 -0.26092 -0.93996
vn 0.07326 -0.62517 -0.77704
vn -0.02937 -0.96433 -0.26308
vn 0.20500 -0.38278 -0.90081
vn 0.11579 -0.76517 -0.63334
vn 0.31389 -0.24276 -0.91790
vn 0.25275 -0.20487 -0.94559
vn 0.21073 -0.21781 -0.95297
vn 0.15822 -0.06615 -0.98519
vn 0.06139 0.02827 -0.99771
vn 0.19520 0.01995 -0.98056
vn 0.18346 -0.74886 -0.63682
vn 0.04028 -0.99291 -0.11180
vn 0.25036 -0.16723 -0.95360
vn 0.27972 -0.13403 -0.95068
vn 0.18597 0.01786 -0.98239
vn 0.09324 0.10224 -0.99038
vn 0.15960 -0.10820 -0.98123
vn 0.09939 0.10480 -0.98951
vn 0.13439 0.01914 -0.99074
vn 0.10546 0.22259 -0.96919
vn 0.06144 0.16030 -0.98515
vn 0.17804 -0.12345 -0.97625
vn 0.25616 -0.14883 -0.95511
vn 0.21228 -0.20733 -0.95496
vn 0.15097 -0.18038 -0.97194
vn 0.13260 0.08641 -0.98740
vn 0.17334 0.18912 -0.96653
vn 0.21089 0.25189 -0.94450
vn 0.21079 0.17179 -0.96232
vn 0.34424 0.23832 -0.90813
vn 0.29695 0.24514 -0.92289
vn 0.23895 0.15803 -0.95809
vn 0.09896 -0.21808 -0.97090
vn 0.18325 -0.10904 -0.97700
vn 0.20948 -0.13825 -0.96799
vn 0.20752 -0.02947 -0.97779
vn 0.21879 0.03985 -0.97496
vn 0.36432 0.30446 -0.88010
vn 0.18661 -0.00146 -0.98243
vn 0.32320 0.13389 -0.93681
vn 0.33966 0.23002 -0.91199
vn 0.37461 0.09880 -0.92190
vn 0.32162 -0.04362 -0.94586
vn 0.47684 0.08217 -0.87514
vn 0.39559 0.28443 -0.87327
vn 0.22508 0.06913 -0.97189
vn 0.26995 0.15239 -0.95074
vn 0.47816 0.18871 -0.85776
vn 0.29566 0.09450 -0.95061
vn 0.22316 -0.03076 -0.97430
vn 0.43455 -0.01250 -0.90056
vn 0.45841 -0.00638 -0.88872
vn 0.40734 -0.01995 -0.91306
vn 0.50740 0.02697 -0.86129
vn 0.59550 0.12340 -0.79382
vn 0.59359 0.20109 -0.77924
vn 0.67062 0.11834 -0.73230
vn 0.60406 0.02711 -0.79648
vn 0.61157 -0.00928 -0.79113
vn 0.60730 -0.01152 -0.79439
vn 0.67727 -0.00144 -0.73574
vn 0.29106 -0.00599 -0.95669
vn 0.31588 0.00625 -0.94878
vn 0.43761 -0.00253 -0.89916
vn -0.07492 -0.00092 -0.99719
vn -0.02614 0.01227 -0.999583
vn -0.07697 0.00409 -0.99702
vn 0.08728 -0.00568 -0.99617
vn 0.11533 0.01083 -0.99327
vn 0.05254 -0.00256 -0.99862
vn 0.01337 -0.00013 -0.999911
vn 0.12040 -0.00649 -0.99270
vn 0.19324 0.00430 -0.98114
vn 0.23038 0.00964 -0.97305
vn 0.44699 0.00056 -0.89454
vn 0.27469 0.02006 -0.96132
vn 0.30808 0.00979 -0.95131
vn 0.28700 0.03088 -0.95743
vn 0.16582 0.00262 -0.98615
vn 0.06344 0.00313 -0.99798
vn 0.46336 0.08434 -0.88215
vn 0.36650 0.14861 -0.91847
vn 0.51650 0.01910 -0.85607
vn 0.61607 0.01537 -0.78754
vn 0.48126 0.00772 -0.87655
vn 0.84204 -0.01078 -0.53931
vn 0.83565 -0.04450 -0.54745
vn 0.62943 -0.07227 -0.77369
vn 0.41332 -0.01890 -0.91039
vn 0.70503 0.12239 -0.69854
vn 0.78174 -0.12180 -0.61160
vn 0.86397 -0.14482 -0.48227
vn 0.90927 -0.10096 -0.40378
vn 0.92181 -0.04062 -0.38550
vn 0.87328 -0.00278 -0.48722
vn 0.72894 -0.00284 -0.68457
vn 0.34948 -0.01340 -0.93685
vn 0.68640 0.23352 -0.68871
vn 0.82705 0.32398 -0.45938
vn 0.54970 0.23910 -0.80042
vn 0.50773 0.19692 -0.83871
vn 0.82921 0.42455 -0.36356
vn 0.67583 0.21148 -0.70607
vn 0.68459 0.28365 -0.67148
vn 0.58885 0.05409 -0.80643
vn 0.84171 -0.00234 -0.53992
vn 0.62558 -0.00413 -0.78015
vn 0.35399 -0.00842 -0.93521
vn 0.67091 -0.02478 -0.74112
vn 0.16367 0.00625 -0.98650
vn 0.09906 -0.01527 -0.99496
vn 0.23311 0.03333 -0.97188
vn 0.12980 0.05512 -0.99001
vn -0.06775 -0.06334 -0.99569
vn 0.00800 0.09612 -0.99534
vn -0.19223 -0.12050 -0.97392
vn -0.11962 0.19076 -0.97432
vn 0.20826 0.18816 -0.95980
vn -0.22008 -0.09603 -0.97074
vn -0.08018 0.01339 -0.99669
vn 0.29894 0.29186 -0.90855
vn 0.21477 -0.06534 -0.97448
vn 0.02621 -0.03582 -0.999015
vn 0.30071 0.03004 -0.95324
vn 0.66602 0.04085 -0.74481
vn 0.75033 0.18700 -0.63406
vn 0.60528 0.41537 -0.67904
vn 0.58900 0.24658 -0.76959
vn 0.67566 0.10071 -0.73030
vn 0.60311 0.09443 -0.79205
vn 0.39890 0.02058 -0.91677
vn 0.44477 0.00037 -0.89565
vn 0.24815 -0.11438 -0.96195
vn 0.34484 -0.05112 -0.93727
vn 0.09027 -0.13583 -0.98661
vn 0.14246 -0.07453 -0.98699
vn 0.08052 -0.07573 -0.99387
vn 0.04732 -0.11918 -0.99174
vn 0.12012 -0.18090 -0.97614
vn -0.01754 -0.23719 -0.97131
vn 0.10756 -0.31762 -0.94210
vn -0.01308 -0.36660 -0.93029
vn 0.11803 -0.43307 -0.89360
vn -0.00924 -0.67479 -0.73795
vn 0.11897 -0.55646 -0.82231
vn 0.10908 -0.80870 -0.57802
vn 0.09489 -0.97074 -0.22059

# No. texture coordinates 3747:
vt 0.24619 0.75585
vt 0.23808 0.75784
vt 0.24327 0.76131
vt 0.24363 0.75148
vt 0.24937 0.74997
vt 0.49576 0.51124
vt 0.50151 0.51262
vt 0.50184 0.50855
vt 0.49032 0.51413
vt 0.49596 0.51662
vt 0.23657 0.74910
vt 0.24655 0.74547
vt 0.50889 0.51042
vt 0.50511 0.51814
vt 0.49763 0.52288
vt 0.49230 0.52126
vt 0.48875 0.51844
vt 0.23734 0.76641
vt 0.24367 0.76544
vt 0.22696 0.75822
vt 0.25107 0.74639
vt 0.50543 0.50701
vt 0.49175 0.52537
vt 0.48721 0.52335
vt 0.48306 0.52102
vt 0.23956 0.77018
vt 0.23107 0.76453
vt 0.22205 0.74357
vt 0.24159 0.73828
vt 0.25042 0.73953
vt 0.25199 0.74350
vt 0.50796 0.50556
vt 0.50427 0.52594
vt 0.49507 0.53067
vt 0.48631 0.52889
vt 0.48061 0.52563
vt 0.47592 0.52222
vt 0.23325 0.77434
vt 0.23036 0.77023
vt 0.22212 0.77076
vt 0.21134 0.76413
vt 0.22698 0.77557
vt 0.47690 0.53234
vt 0.48502 0.53650
vt 0.49342 0.54075
vt 0.50578 0.53439
vt 0.48226 0.54549
vt 0.47508 0.54056
vt 0.47357 0.52757
vt 0.46536 0.52713
vt 0.22533 0.78302
vt 0.21258 0.77419
vt 0.21360 0.78103
vt 0.22153 0.77924
vt 0.45884 0.53781
vt 0.46861 0.53227
vt 0.46885 0.53723
vt 0.50246 0.54589
vt 0.49002 0.55107
vt 0.47856 0.55444
vt 0.47201 0.54913
vt 0.46524 0.54422
vt 0.21811 0.78491
vt 0.20204 0.78025
vt 0.20436 0.78927
vt 0.21211 0.78859
vt 0.20830 0.49347
vt 0.20994 0.48561
vt 0.20396 0.48188
vt 0.20854 0.47870
vt 0.45395 0.53090
vt 0.45494 0.54996
vt 0.46364 0.55222
vt 0.46845 0.55827
vt 0.48582 0.56010
vt 0.47583 0.56281
vt 0.49846 0.55682
vt 0.65944 0.55089
vt 0.65138 0.54936
vt 0.65288 0.56092
vt 0.64421 0.55704
vt 0.66083 0.54032
vt 0.64417 0.56405
vt 0.63944 0.56254
vt 0.46898 0.56470
vt 0.64630 0.57047
vt 0.66443 0.55685
vt 0.66075 0.56659
vt 0.65404 0.57222
vt 0.47705 0.57812
vt 0.47113 0.57348
vt 0.46864 0.58259
vt 0.46338 0.56448
vt 0.45845 0.55963
vt 0.45067 0.54425
vt 0.44564 0.53986
vt 0.20309 0.47146
vt 0.44432 0.53165
vt 0.20678 0.79579
vt 0.43439 0.53794
vt 0.19790 0.79876
vt 0.20002 0.80523
vt 0.46569 0.56923
vt 0.63926 0.56899
vt 0.46305 0.57631
vt 0.47469 0.58443
vt 0.46127 0.58378
vt 0.45656 0.56985
vt 0.44607 0.56305
vt 0.44389 0.55042
vt 0.43467 0.54713
vt 0.44643 0.57617
vt 0.45445 0.58100
vt 0.46357 0.58884
vt 0.45598 0.58932
vt 0.43212 0.55937
vt 0.44435 0.58909
vt 0.46031 0.59529
vt 0.45194 0.59586
vt 0.44530 0.60013
vt 0.43252 0.57750
vt 0.42541 0.55234
vt 0.42344 0.55950
vt 0.41964 0.56912
vt 0.41929 0.58213
vt 0.43700 0.59907
vt 0.44653 0.60607
vt 0.43954 0.60631
vt 0.45381 0.60233
vt 0.64665 0.61392
vt 0.64609 0.60586
vt 0.64175 0.61304
vt 0.64263 0.62069
vt 0.63573 0.61658
vt 0.41124 0.58407
vt 0.41440 0.57716
vt 0.40733 0.57469
vt 0.41360 0.59421
vt 0.42395 0.59140
vt 0.43292 0.59160
vt 0.64624 0.62456
vt 0.64251 0.63075
vt 0.64976 0.61909
vt 0.65055 0.62759
vt 0.63456 0.62557
vt 0.43417 0.61262
vt 0.43226 0.60626
vt 0.42789 0.60066
vt 0.41826 0.60340
vt 0.42355 0.61236
vt 0.63359 0.63431
vt 0.62499 0.63020
vt 0.65360 0.63913
vt 0.63885 0.64407
vt 0.62826 0.64242
vt 0.62254 0.63931
vt 0.61586 0.63882
vt 0.41140 0.61662
vt 0.62206 0.64500
vt 0.63186 0.64974
vt 0.63483 0.65769
vt 0.64718 0.65396
vt 0.65632 0.66348
vt 0.64287 0.66930
vt 0.62473 0.65442
vt 0.40958 0.60623
vt 0.61812 0.64978
vt 0.65461 0.67920
vt 0.63166 0.66892
vt 0.62799 0.66242
vt 0.63548 0.67697
vt 0.64254 0.68256
vt 0.64877 0.69007
vt 0.64553 0.69525
vt 0.64094 0.69173
vt 0.63237 0.68618
vt 0.62832 0.67663
vt 0.61072 0.65110
vt 0.40012 0.61422
vt 0.40097 0.62536
vt 0.38925 0.62477
vt 0.61587 0.65821
vt 0.60916 0.65982
vt 0.60030 0.65646
vt 0.62149 0.66815
vt 0.62076 0.68237
vt 0.64207 0.69950
vt 0.63465 0.70564
vt 0.63402 0.69653
vt 0.62506 0.69423
vt 0.61256 0.66548
vt 0.61092 0.67460
vt 0.62956 0.70025
vt 0.64453 0.70632
vt 0.64046 0.71223
vt 0.65089 0.69935
vt 0.65137 0.70718
vt 0.65644 0.70404
vt 0.64737 0.71298
vt 0.61559 0.69152
vt 0.61194 0.68414
vt 0.64331 0.71684
vt 0.33447 0.64515
vt 0.33402 0.64070
vt 0.33093 0.64208
vt 0.64659 0.71826
vt 0.33102 0.63706
vt 0.65225 0.71193
vt 0.65684 0.70801
vt 0.33487 0.63464
vt 0.32862 0.63139
vt 0.33993 0.64384
vt 0.33653 0.65029
vt 0.64249 0.72176
vt 0.63824 0.71777
vt 0.63452 0.71319
vt 0.62519 0.70325
vt 0.61861 0.69889
vt 0.61748 0.70621
vt 0.62714 0.71224
vt 0.63255 0.71802
vt 0.63589 0.72335
vt 0.34263 0.65350
vt 0.06346 0.64734
vt 0.06899 0.65163
vt 0.07047 0.64472
vt 0.35354 0.64754
vt 0.34272 0.63431
vt 0.62760 0.72212
vt 0.06663 0.64040
vt 0.63322 0.72842
vt 0.34792 0.66034
vt 0.05964 0.63960
vt 0.63426 0.73434
vt 0.62669 0.73041
vt 0.61790 0.71649
vt 0.62008 0.72509
vt 0.62516 0.73879
vt 0.61894 0.73085
vt 0.35597 0.66150
vt 0.35136 0.66931
vt 0.36727 0.66089
vt 0.37365 0.64118
vt 0.35326 0.62499
vt 0.38565 0.66097
vt 0.37569 0.67298
vt 0.35920 0.66866
vt 0.12814 0.33722
vt 0.12132 0.33141
vt 0.12009 0.34035
vt 0.61300 0.73565
vt 0.61870 0.74476
vt 0.60980 0.72309
vt 0.60666 0.72975
vt 0.61130 0.74173
vt 0.57568 0.14845
vt 0.58646 0.14992
vt 0.58536 0.14277
vt 0.60308 0.73466
vt 0.12777 0.34473
vt 0.11962 0.34650
vt 0.59450 0.14880
vt 0.59137 0.15462
vt 0.36475 0.67394
vt 0.39421 0.64615
vt 0.38493 0.63541
vt 0.39001 0.67892
vt 0.36805 0.68123
vt 0.12288 0.35176
vt 0.59539 0.16013
vt 0.58702 0.15825
vt 0.58403 0.15386
vt 0.57851 0.15711
vt 0.45453 0.23934
vt 0.44580 0.24085
vt 0.44560 0.24768
vt 0.43738 0.24321
vt 0.37666 0.68237
vt 0.37121 0.68772
vt 0.45723 0.24568
vt 0.85568 0.67264
vt 0.87026 0.67608
vt 0.86567 0.66358
vt 0.86033 0.68175
vt 0.86217 0.68754
vt 0.85567 0.65811
vt 0.87527 0.66184
vt 0.86917 0.64963
vt 0.23833 0.06092
vt 0.22810 0.04975
vt 0.22970 0.06316
vt 0.39770 0.65904
vt 0.39642 0.66766
vt 0.37904 0.69109
vt 0.46267 0.25202
vt 0.45397 0.25150
vt 0.43094 0.25065
vt 0.44637 0.25652
vt 0.43742 0.25527
vt 0.45584 0.25813
vt 0.40268 0.67390
vt 0.40453 0.66505
vt 0.23591 0.06982
vt 0.84890 0.64409
vt 0.88386 0.65941
vt 0.87879 0.65432
vt 0.88538 0.65112
vt 0.72697 0.09040
vt 0.71840 0.09017
vt 0.72238 0.09822
vt 0.40006 0.68828
vt 0.39029 0.69386
vt 0.38239 0.69892
vt 0.46341 0.26026
vt 0.45742 0.26551
vt 0.44704 0.26511
vt 0.38793 0.70251
vt 0.46470 0.26663
vt 0.40185 0.68092
vt 0.87858 0.64992
vt 0.88066 0.64465
vt 0.88714 0.64597
vt 0.73139 0.09877
vt 0.73229 0.09149
vt 0.41025 0.67967
vt 0.40554 0.68436
vt 0.39814 0.69620
vt 0.39456 0.70180
vt 0.40468 0.69576
vt 0.19535 0.15717
vt 0.19870 0.15195
vt 0.19391 0.15023
vt 0.19926 0.14599
vt 0.40960 0.68879
vt 0.73753 0.09199
vt 0.74072 0.09880
vt 0.73625 0.10657
vt 0.88761 0.64068
vt 0.87408 0.63846
vt 0.88102 0.63694
vt 0.87561 0.62865
vt 0.86193 0.63252
vt 0.89324 0.63743
vt 0.88599 0.63239
vt 0.89135 0.62944
vt 0.74387 0.10412
vt 0.89669 0.63396
vt 0.74406 0.11101
vt 0.41208 0.69721
vt 0.75018 0.10593
vt 0.89741 0.62735
vt 0.88345 0.62301
vt 0.86478 0.61743
vt 0.87531 0.62073
vt 0.89085 0.62229
vt 0.18123 0.16084
vt 0.18940 0.16104
vt 0.18446 0.15482
vt 0.89645 0.62081
vt 0.17707 0.15636
vt 0.19044 0.15419
vt 0.18696 0.15186
vt 0.18306 0.14952
vt 0.17773 0.15116
vt 0.32875 0.07963
vt 0.32215 0.08061
vt 0.32698 0.08621
vt 0.17115 0.15246
vt 0.84562 0.62971
vt 0.87603 0.61355
vt 0.88548 0.61710
vt 0.33339 0.08541
vt 0.17307 0.14775
vt 0.17718 0.14422
vt 0.18692 0.14880
vt 0.18482 0.14509
vt 0.18955 0.15042
vt 0.18982 0.14678
vt 0.17090 0.14425
vt 0.16786 0.14663
vt 0.33384 0.09196
vt 0.16317 0.14960
vt 0.34240 0.09041
vt 0.86513 0.60749
vt 0.85091 0.62009
vt 0.87139 0.60777
vt 0.87587 0.60700
vt 0.33989 0.09799
vt 0.16160 0.14324
vt 0.15602 0.14583
vt 0.16634 0.14206
vt 0.18220 0.13919
vt 0.16958 0.13938
vt 0.17458 0.13597
vt 0.15311 0.13813
vt 0.86841 0.60236
vt 0.14846 0.14253
vt 0.85866 0.60822
vt 0.85220 0.61007
vt 0.83864 0.61998
vt 0.85709 0.60348
vt 0.85910 0.59828
vt 0.14306 0.13497
vt 0.47236 0.21953
vt 0.47390 0.21296
vt 0.46396 0.21565
vt 0.16118 0.13660
vt 0.16646 0.13262
vt 0.15765 0.12865
vt 0.85145 0.60284
vt 0.84139 0.61103
vt 0.83179 0.61268
vt 0.84300 0.60268
vt 0.14691 0.13131
vt 0.15338 0.13216
vt 0.14789 0.12606
vt 0.13621 0.12540
vt 0.48334 0.21764
vt 0.85228 0.59874
vt 0.83043 0.60200
vt 0.84410 0.59498
vt 0.13229 0.13213
vt 0.13848 0.11587
vt 0.84996 0.59295
vt 0.48441 0.21181
vt 0.83702 0.59654
vt 0.83820 0.58647
vt 0.84433 0.59003
vt 0.84520 0.58608
vt 0.49203 0.21400
vt 0.83079 0.59319
vt 0.83625 0.59128
vt 0.83789 0.57933
vt 0.49686 0.22075
vt 0.50174 0.21482
vt 0.12172 0.12333
vt 0.82934 0.58617
vt 0.82081 0.59134
vt 0.81945 0.58106
vt 0.81183 0.58541
vt 0.82784 0.57760
vt 0.12342 0.11487
vt 0.50431 0.21888
vt 0.51096 0.20889
vt 0.51087 0.21674
vt 0.52397 0.21414
vt 0.52157 0.20535
vt 0.81771 0.57349
vt 0.80868 0.57640
vt 0.80145 0.58563
vt 0.81178 0.56950
vt 0.80400 0.56882
vt 0.51642 0.22015
vt 0.11188 0.11734
vt 0.10764 0.12088
vt 0.11383 0.12223
vt 0.10395 0.11552
vt 0.11740 0.11675
vt 0.12406 0.10713
vt 0.52876 0.20606
vt 0.80874 0.56514
vt 0.53379 0.20938
vt 0.79607 0.57394
vt 0.52223 0.22208
vt 0.10625 0.11214
vt 0.09989 0.11099
vt 0.11245 0.11187
vt 0.11464 0.10671
vt 0.10371 0.10526
vt 0.53207 0.22260
vt 0.09211 0.10562
vt 0.80033 0.56191
vt 0.79856 0.56723
vt 0.78937 0.58509
vt 0.78468 0.57514
vt 0.79364 0.56546
vt 0.78907 0.56943
vt 0.53659 0.21495
vt 0.54264 0.20792
vt 0.09579 0.09978
vt 0.10932 0.10083
vt 0.11587 0.10159
vt 0.10173 0.09579
vt 0.11113 0.09565
vt 0.08858 0.09814
vt 0.54148 0.22006
vt 0.08441 0.10238
vt 0.54380 0.21511
vt 0.55299 0.20547
vt 0.54628 0.20040
vt 0.55005 0.21340
vt 0.78717 0.56479
vt 0.55215 0.19817
vt 0.78408 0.56865
vt 0.51843 0.22798
vt 0.52395 0.23640
vt 0.52548 0.23036
vt 0.52830 0.23442
vt 0.51494 0.23569
vt 0.55598 0.21178
vt 0.51192 0.22899
vt 0.54711 0.21829
vt 0.08235 0.09665
vt 0.82735 0.19765
vt 0.82709 0.20165
vt 0.83284 0.20037
vt 0.12154 0.09867
vt 0.82393 0.30218
vt 0.82544 0.31319
vt 0.82765 0.30728
vt 0.81810 0.30507
vt 0.81701 0.29362
vt 0.10441 0.08801
vt 0.09296 0.09367
vt 0.55453 0.21583
vt 0.50800 0.22784
vt 0.50784 0.23325
vt 0.55130 0.21883
vt 0.81856 0.20066
vt 0.82278 0.20008
vt 0.81858 0.19782
vt 0.50469 0.22921
vt 0.37181 0.30576
vt 0.36271 0.30324
vt 0.36208 0.31060
vt 0.37340 0.29923
vt 0.37740 0.30283
vt 0.83096 0.31148
vt 0.38202 0.30011
vt 0.36324 0.29359
vt 0.37555 0.29155
vt 0.08494 0.09145
vt 0.82219 0.19628
vt 0.50135 0.23333
vt 0.81705 0.19288
vt 0.82556 0.19209
vt 0.08989 0.08717
vt 0.82670 0.18567
vt 0.82080 0.18852
vt 0.09657 0.08927
vt 0.35259 0.30755
vt 0.35230 0.29930
vt 0.34962 0.28851
vt 0.36954 0.28592
vt 0.36608 0.27950
vt 0.36071 0.28537
vt 0.82015 0.18317
vt 0.09510 0.08361
vt 0.82690 0.17930
vt 0.81474 0.18726
vt 0.81377 0.18212
vt 0.81893 0.17697
vt 0.35173 0.31389
vt 0.34357 0.29621
vt 0.34145 0.29102
vt 0.33829 0.29419
vt 0.35569 0.27760
vt 0.34195 0.27674
vt 0.33963 0.28569
vt 0.33696 0.29027
vt 0.33666 0.29964
vt 0.33305 0.29372
vt 0.34383 0.30428
vt 0.50621 0.24526
vt 0.49790 0.23842
vt 0.49626 0.24333
vt 0.49429 0.25046
vt 0.81007 0.17574
vt 0.34403 0.31136
vt 0.33555 0.30842
vt 0.07879 0.74782
vt 0.08266 0.73929
vt 0.07396 0.73886
vt 0.07976 0.73288
vt 0.33299 0.28669
vt 0.07378 0.72991
vt 0.32792 0.29153
vt 0.33586 0.28095
vt 0.36544 0.26985
vt 0.54144 0.69512
vt 0.53806 0.67965
vt 0.52972 0.69084
vt 0.52351 0.67869
vt 0.33281 0.27456
vt 0.32979 0.28056
vt 0.50328 0.26677
vt 0.51047 0.26145
vt 0.50046 0.25836
vt 0.50808 0.26985
vt 0.50466 0.27218
vt 0.32742 0.28573
vt 0.33288 0.26300
vt 0.53036 0.66377
vt 0.37244 0.27068
vt 0.37243 0.27533
vt 0.32810 0.27530
vt 0.32517 0.28273
vt 0.50753 0.27492
vt 0.51387 0.27356
vt 0.50806 0.28045
vt 0.32421 0.27738
vt 0.32783 0.27112
vt 0.32732 0.27340
vt 0.32606 0.27405
vt 0.51425 0.28461
vt 0.50790 0.28715
vt 0.32243 0.27149
vt 0.52412 0.28030
vt 0.52420 0.26263
vt 0.52029 0.29220
vt 0.51201 0.29297
vt 0.32429 0.26597
vt 0.31850 0.26562
vt 0.54420 0.66623
vt 0.54218 0.65565
vt 0.51573 0.25381
vt 0.52112 0.24669
vt 0.53366 0.29350
vt 0.51579 0.29825
vt 0.64439 0.06870
vt 0.64991 0.07458
vt 0.65078 0.06777
vt 0.32082 0.25861
vt 0.53534 0.65155
vt 0.32508 0.25234
vt 0.31779 0.24961
vt 0.65938 0.07530
vt 0.65583 0.07017
vt 0.52200 0.30139
vt 0.51589 0.30375
vt 0.53335 0.25118
vt 0.52902 0.24286
vt 0.15791 0.40830
vt 0.15069 0.41402
vt 0.15884 0.41616
vt 0.53440 0.24347
vt 0.15587 0.42532
vt 0.54346 0.25786
vt 0.53600 0.26200
vt 0.53660 0.27371
vt 0.53891 0.31018
vt 0.52817 0.30970
vt 0.51938 0.30952
vt 0.66251 0.06904
vt 0.52301 0.31517
vt 0.66758 0.07442
vt 0.66919 0.06884
vt 0.53335 0.31603
vt 0.54242 0.26595
vt 0.54817 0.26523
vt 0.52852 0.32058
vt 0.52302 0.31991
vt 0.67352 0.07120
vt 0.52545 0.32232
vt 0.53787 0.32286
vt 0.54594 0.28319
vt 0.54739 0.27207
vt 0.75775 0.59440
vt 0.76283 0.60179
vt 0.76332 0.58767
vt 0.77271 0.59147
vt 0.77765 0.60217
vt 0.75641 0.59860
vt 0.85472 0.14745
vt 0.86124 0.14492
vt 0.85564 0.14315
vt 0.55011 0.29921
vt 0.55028 0.31818
vt 0.55155 0.27790
vt 0.85817 0.13926
vt 0.55290 0.27249
vt 0.75370 0.60230
vt 0.77073 0.61812
vt 0.75809 0.61476
vt 0.75367 0.60840
vt 0.74899 0.60648
vt 0.55570 0.27812
vt 0.55463 0.28514
vt 0.13002 0.84961
vt 0.13843 0.85992
vt 0.14638 0.84819
vt 0.56270 0.29213
vt 0.56354 0.30994
vt 0.56050 0.28169
vt 0.74615 0.61149
vt 0.75081 0.61465
vt 0.74482 0.61797
vt 0.06626 0.22847
vt 0.07586 0.22329
vt 0.06699 0.22186
vt 0.13882 0.83133
vt 0.15558 0.83717
vt 0.75082 0.62077
vt 0.11800 0.83961
vt 0.15798 0.82284
vt 0.14505 0.80875
vt 0.57093 0.29859
vt 0.11321 0.83143
vt 0.10488 0.83617
vt 0.07178 0.21750
vt 0.07915 0.21332
vt 0.74410 0.62385
vt 0.73930 0.62156
vt 0.74852 0.62807
vt 0.73889 0.62586
vt 0.73241 0.62586
vt 0.05267 0.68463
vt 0.04580 0.68674
vt 0.05460 0.69052
vt 0.73602 0.63048
vt 0.72955 0.63218
vt 0.74200 0.62893
vt 0.74280 0.63556
vt 0.73236 0.63738
vt 0.72500 0.63736
vt 0.05948 0.68648
vt 0.12231 0.82638
vt 0.11290 0.82513
vt 0.16900 0.80506
vt 0.16954 0.82074
vt 0.17794 0.81582
vt 0.11763 0.82069
vt 0.72710 0.64370
vt 0.72089 0.64227
vt 0.73825 0.64552
vt 0.72911 0.65202
vt 0.71924 0.64810
vt 0.08420 0.20214
vt 0.07929 0.20664
vt 0.08458 0.20888
vt 0.12288 0.81843
vt 0.13120 0.81775
vt 0.18613 0.78961
vt 0.18680 0.80429
vt 0.12509 0.81339
vt 0.08978 0.20709
vt 0.72076 0.65657
vt 0.73141 0.66286
vt 0.71347 0.65281
vt 0.09165 0.20209
vt 0.12323 0.80878
vt 0.13068 0.80839
vt 0.13424 0.80028
vt 0.69546 0.09421
vt 0.69786 0.10147
vt 0.70227 0.09403
vt 0.70668 0.10250
vt 0.71149 0.65914
vt 0.71921 0.66572
vt 0.70980 0.66719
vt 0.71016 0.09474
vt 0.19519 0.79251
vt 0.15586 0.78991
vt 0.71421 0.67344
vt 0.70808 0.67206
vt 0.70343 0.67000
vt 0.71435 0.10045
vt 0.71404 0.10862
vt 0.14175 0.79455
vt 0.17394 0.78386
vt 0.14565 0.78739
vt 0.15078 0.78380
vt 0.71903 0.10448
vt 0.72179 0.11076
vt 0.70380 0.67826
vt 0.69815 0.67342
vt 0.71533 0.68328
vt 0.69551 0.67728
vt 0.72357 0.10565
vt 0.72626 0.10970
vt 0.14622 0.78310
vt 0.19085 0.77128
vt 0.16518 0.77756
vt 0.15590 0.77921
vt 0.14951 0.77967
vt 0.72826 0.10564
vt 0.73065 0.11151
vt 0.69419 0.68171
vt 0.70501 0.68991
vt 0.69796 0.68588
vt 0.69201 0.68703
vt 0.68924 0.68345
vt 0.68744 0.68760
vt 0.84060 0.13816
vt 0.83488 0.14122
vt 0.83950 0.14255
vt 0.83676 0.14626
vt 0.15666 0.77428
vt 0.16086 0.77396
vt 0.17627 0.77061
vt 0.16667 0.76897
vt 0.15987 0.77004
vt 0.68927 0.69105
vt 0.68457 0.69072
vt 0.68510 0.69461
vt 0.68023 0.69409
vt 0.69560 0.69209
vt 0.69994 0.69671
vt 0.69401 0.69883
vt 0.69006 0.69537
vt 0.68556 0.70072
vt 0.68140 0.69729
vt 0.67768 0.69784
vt 0.16248 0.76634
vt 0.17446 0.76278
vt 0.16680 0.76234
vt 0.18444 0.76077
vt 0.19908 0.75320
vt 0.17857 0.75596
vt 0.17262 0.75887
vt 0.35111 0.55207
vt 0.34808 0.55620
vt 0.35356 0.55735
vt 0.35706 0.55267
vt 0.34819 0.55941
vt 0.35939 0.55525
vt 0.67903 0.70028
vt 0.69222 0.70576
vt 0.69839 0.70261
vt 0.68405 0.71000
vt 0.67842 0.70539
vt 0.67697 0.71102
vt 0.67344 0.70828
vt 0.36189 0.55266
vt 0.17391 0.75572
vt 0.17661 0.75268
vt 0.36120 0.54900
vt 0.36559 0.55105
vt 0.67178 0.71366
vt 0.69090 0.71184
vt 0.68751 0.72003
vt 0.70006 0.71182
vt 0.67658 0.71819
vt 0.66708 0.71959
vt 0.36826 0.54637
vt 0.37008 0.55120
vt 0.18058 0.75050
vt 0.18673 0.75147
vt 0.20470 0.73858
vt 0.19254 0.74352
vt 0.18434 0.74595
vt 0.37544 0.54878
vt 0.66874 0.72818
vt 0.66166 0.72591
vt 0.37612 0.54363
vt 0.38060 0.54646
vt 0.18744 0.74122
vt 0.19132 0.73808
vt 0.19668 0.73616
vt 0.39006 0.54168
vt 0.38293 0.54252
vt 0.38542 0.54549
vt 0.19360 0.73262
vt 0.66091 0.73190
vt 0.37971 0.53884
vt 0.38534 0.53817
vt 0.21582 0.72734
vt 0.20214 0.72835
vt 0.38352 0.53157
vt 0.66104 0.74000
vt 0.67834 0.72671
vt 0.39131 0.53606
vt 0.39615 0.53057
vt 0.39559 0.53892
vt 0.19719 0.72760
vt 0.23881 0.72135
vt 0.19965 0.72524
vt 0.39778 0.53546
vt 0.39898 0.53835
vt 0.40235 0.53247
vt 0.39588 0.52118
vt 0.67376 0.73621
vt 0.66887 0.74791
vt 0.38047 0.52055
vt 0.38992 0.51047
vt 0.40304 0.53667
vt 0.20198 0.72152
vt 0.20921 0.71955
vt 0.22085 0.71455
vt 0.20454 0.71487
vt 0.21172 0.71168
vt 0.40914 0.53337
vt 0.40631 0.52669
vt 0.38373 0.50336
vt 0.37661 0.51114
vt 0.67689 0.75430
vt 0.68038 0.74297
vt 0.68472 0.73210
vt 0.68826 0.74916
vt 0.68937 0.73886
vt 0.41681 0.52860
vt 0.41551 0.52216
vt 0.69807 0.83507
vt 0.70647 0.83490
vt 0.70424 0.82845
vt 0.71538 0.82859
vt 0.21859 0.70319
vt 0.42683 0.52984
vt 0.42351 0.52259
vt 0.38279 0.49450
vt 0.37385 0.50244
vt 0.68376 0.76075
vt 0.69516 0.74192
vt 0.69254 0.75742
vt 0.69886 0.74976
vt 0.37122 0.49367
vt 0.36465 0.50141
vt 0.39693 0.49750
vt 0.40762 0.50837
vt 0.40930 0.51871
vt 0.43133 0.52337
vt 0.42978 0.51803
vt 0.84140 0.24977
vt 0.84083 0.24147
vt 0.83265 0.25204
vt 0.22738 0.69310
vt 0.23369 0.70332
vt 0.43765 0.51923
vt 0.83869 0.25688
vt 0.42131 0.51427
vt 0.36797 0.48432
vt 0.35947 0.49507
vt 0.70071 0.76097
vt 0.41385 0.49543
vt 0.42732 0.50085
vt 0.43582 0.51073
vt 0.69866 0.77463
vt 0.70867 0.76858
vt 0.37972 0.48455
vt 0.39295 0.48481
vt 0.40964 0.48378
vt 0.71853 0.76416
vt 0.72709 0.76312
vt 0.72460 0.75690
vt 0.72402 0.77011
vt 0.71652 0.77393
vt 0.70826 0.77850
vt 0.70166 0.78382
vt 0.37644 0.47706
vt 0.36996 0.47528
vt 0.38795 0.47251
vt 0.40115 0.47491
vt 0.37602 0.46777
vt 0.70919 0.78790
vt 0.69983 0.79311
vt 0.71588 0.78200
vt 0.72541 0.77927
vt 0.38606 0.45563
vt 0.40285 0.46257
vt 0.41237 0.47123
vt 0.40254 0.44474
vt 0.71031 0.79931
vt 0.69698 0.80859
vt 0.73388 0.76958
vt 0.73890 0.78058
vt 0.73025 0.78735
vt 0.72057 0.79037
vt 0.38748 0.44020
vt 0.72955 0.79481
vt 0.73812 0.79182
vt 0.74930 0.78774
vt 0.41344 0.45471
vt 0.71423 0.81374
vt 0.37375 0.44352
vt 0.72297 0.80253
vt 0.74483 0.79599
vt 0.75204 0.79542
vt 0.75768 0.79023
vt 0.11441 0.26166
vt 0.10904 0.26306
vt 0.11024 0.26833
vt 0.73693 0.80339
vt 0.75523 0.79948
vt 0.75745 0.79482
vt 0.10415 0.26676
vt 0.75974 0.79694
vt 0.76298 0.79216
vt 0.74837 0.80225
vt 0.75477 0.80617
vt 0.72796 0.81341
vt 0.73804 0.81593
vt 0.37843 0.43144
vt 0.36973 0.43270
vt 0.36176 0.43770
vt 0.73290 0.82314
vt 0.36223 0.42688
vt 0.76005 0.80163
vt 0.76170 0.80760
vt 0.75606 0.81243
vt 0.74768 0.81217
vt 0.37088 0.42419
vt 0.37683 0.42271
vt 0.76424 0.35900
vt 0.76014 0.35720
vt 0.75749 0.36200
vt 0.76411 0.35319
vt 0.75636 0.35808
vt 0.75442 0.35998
vt 0.75236 0.35736
vt 0.75760 0.35382
vt 0.76050 0.34809
vt 0.76816 0.35594
vt 0.75304 0.81639
vt 0.74993 0.81850
vt 0.74500 0.82083
vt 0.38164 0.42520
vt 0.38694 0.42959
vt 0.38533 0.42178
vt 0.73923 0.82169
vt 0.35063 0.42334
vt 0.35106 0.41628
vt 0.34677 0.41966
vt 0.35690 0.41981
vt 0.34528 0.42327
vt 0.35604 0.42522
vt 0.34315 0.42043
vt 0.34152 0.42353
vt 0.76890 0.35214
vt 0.76820 0.34669
vt 0.29341 0.50251
vt 0.28776 0.49926
vt 0.28929 0.50731
vt 0.28677 0.49159
vt 0.27651 0.49954
vt 0.29629 0.50814
vt 0.77484 0.33917
vt 0.77645 0.34737
vt 0.77241 0.35086
vt 0.27982 0.48437
vt 0.35814 0.41185
vt 0.78363 0.34321
vt 0.36452 0.41760
vt 0.38031 0.41934
vt 0.36543 0.41021
vt 0.37309 0.41456
vt 0.23599 0.04850
vt 0.24263 0.05212
vt 0.24592 0.04380
vt 0.28385 0.47631
vt 0.27435 0.47202
vt 0.26849 0.48387
vt 0.28821 0.52026
vt 0.36893 0.40764
vt 0.24707 0.05185
vt 0.37381 0.40522
vt 0.38548 0.41081
vt 0.25266 0.05199
vt 0.25922 0.47101
vt 0.25333 0.49214
vt 0.24242 0.47334
vt 0.27459 0.46201
vt 0.26793 0.46371
vt 0.37962 0.40157
vt 0.26967 0.45701
vt 0.38507 0.39974
vt 0.06798 0.90090
vt 0.07312 0.90361
vt 0.07441 0.89591
vt 0.26163 0.45636
vt 0.23790 0.48629
vt 0.23719 0.49757
vt 0.22808 0.47602
vt 0.24811 0.45491
vt 0.22836 0.45527
vt 0.22687 0.49044
vt 0.22150 0.48246
vt 0.23012 0.49725
vt 0.76432 0.57165
vt 0.75424 0.57165
vt 0.75877 0.57662
vt 0.75744 0.56325
vt 0.76484 0.56224
vt 0.77064 0.56442
vt 0.08637 0.85890
vt 0.09267 0.85318
vt 0.08700 0.84979
vt 0.77046 0.55679
vt 0.77565 0.56053
vt 0.09997 0.87459
vt 0.09874 0.85961
vt 0.10780 0.86467
vt 0.09877 0.85265
vt 0.77771 0.55462
vt 0.76166 0.55461
vt 0.76749 0.54846
vt 0.57969 0.60759
vt 0.58777 0.60535
vt 0.58342 0.60249
vt 0.77414 0.54970
vt 0.10200 0.85555
vt 0.78001 0.54884
vt 0.19628 0.13092
vt 0.19172 0.13085
vt 0.19602 0.13536
vt 0.08547 0.88800
vt 0.10491 0.89607
vt 0.10570 0.85784
vt 0.19583 0.12652
vt 0.59854 0.61106
vt 0.59773 0.60001
vt 0.59299 0.60976
vt 0.58628 0.59748
vt 0.57914 0.59935
vt 0.76208 0.54177
vt 0.75394 0.53954
vt 0.75678 0.54695
vt 0.74770 0.54504
vt 0.58743 0.58643
vt 0.75689 0.53004
vt 0.18993 0.12434
vt 0.60498 0.60899
vt 0.11109 0.86020
vt 0.19432 0.12081
vt 0.11445 0.86415
vt 0.11791 0.87132
vt 0.12618 0.88811
vt 0.13366 0.87472
vt 0.12640 0.86737
vt 0.11955 0.86482
vt 0.11649 0.85970
vt 0.19107 0.11684
vt 0.18342 0.11890
vt 0.61060 0.60322
vt 0.12378 0.86091
vt 0.18674 0.11074
vt 0.13186 0.86868
vt 0.13183 0.86434
vt 0.17928 0.11083
vt 0.18213 0.10313
vt 0.61806 0.59791
vt 0.61045 0.59215
vt 0.60093 0.58381
vt 0.59218 0.57440
vt 0.60209 0.57146
vt 0.61005 0.58290
vt 0.60753 0.57675
vt 0.61668 0.58467
vt 0.61919 0.59063
vt 0.97656 0.49812
vt 0.97443 0.50341
vt 0.97891 0.50576
vt 0.97219 0.50823
vt 0.96899 0.50993
vt 0.96823 0.51381
vt 0.61466 0.57554
vt 0.59594 0.56389
vt 0.60557 0.56107
vt 0.61024 0.56840
vt 0.61349 0.55997
vt 0.96118 0.52095
vt 0.96011 0.51372
vt 0.95575 0.51784
vt 0.96586 0.50776
vt 0.96976 0.50193
vt 0.96762 0.49423
vt 0.96132 0.50017
vt 0.95733 0.50713
vt 0.95174 0.51364
vt 0.94995 0.52263
vt 0.95692 0.52943
vt 0.94792 0.53126
vt 0.94153 0.52134
vt 0.94072 0.52738
vt 0.94423 0.51681
vt 0.94473 0.51079
vt 0.95059 0.50591
vt 0.95456 0.50192
vt 0.95525 0.49758
vt 0.95225 0.49922
vt 0.95160 0.50185
vt 0.61403 0.55041
vt 0.62053 0.55580
vt 0.59954 0.55183
vt 0.61050 0.53827
vt 0.62410 0.53748
vt 0.93879 0.51796
vt 0.93905 0.51368
vt 0.93772 0.50741
vt 0.94762 0.50017
vt 0.94425 0.50515
vt 0.93387 0.51221
vt 0.93481 0.51625
vt 0.63310 0.55643
vt 0.62902 0.55335
vt 0.62944 0.55877
vt 0.62499 0.55921
vt 0.62428 0.54813
vt 0.61885 0.52812
vt 0.60902 0.52336
vt 0.62135 0.51858
vt 0.63385 0.54366
vt 0.63751 0.55152
vt 0.92823 0.51525
vt 0.94019 0.50004
vt 0.63848 0.53162
vt 0.62980 0.52354
vt 0.61620 0.51003
vt 0.63352 0.50704
vt 0.60879 0.51488
vt 0.60358 0.51639
vt 0.62119 0.49592
vt 0.64300 0.51919
vt 0.92939 0.50776
vt 0.92306 0.50153
vt 0.92213 0.50942
vt 0.92106 0.51519
vt 0.64134 0.54551
vt 0.64799 0.52647
vt 0.64312 0.53953
vt 0.91709 0.51147
vt 0.91500 0.51677
vt 0.91556 0.50534
vt 0.91249 0.51121
vt 0.64837 0.53370
vt 0.63467 0.48861
vt 0.90731 0.51521
vt 0.89933 0.51163
vt 0.90103 0.51998
vt 0.89197 0.51852
vt 0.89709 0.52869
vt 0.88120 0.52559
vt 0.65437 0.50783
vt 0.64916 0.49303
vt 0.89115 0.50857
vt 0.87477 0.55250
vt 0.87100 0.53811
vt 0.86229 0.54658
vt 0.86286 0.55586
vt 0.86966 0.56157
vt 0.87760 0.56195
vt 0.86208 0.56388
vt 0.86761 0.56677
vt 0.88368 0.51487
vt 0.88384 0.50698
vt 0.86699 0.52662
vt 0.85502 0.55161
vt 0.86415 0.56984
vt 0.85547 0.56949
vt 0.85400 0.55920
vt 0.85281 0.54436
vt 0.84323 0.55283
vt 0.85915 0.53796
vt 0.86230 0.53252
vt 0.86990 0.51599
vt 0.87802 0.51684
vt 0.85871 0.51961
vt 0.85899 0.52760
vt 0.85639 0.53213
vt 0.85133 0.53607
vt 0.84513 0.54185
vt 0.84637 0.56383
vt 0.85059 0.52696
vt 0.85023 0.51774
vt 0.84294 0.53465
vt 0.83494 0.54215
vt 0.82938 0.55119
vt 0.83943 0.56227
vt 0.83211 0.55945
vt 0.84073 0.56824
vt 0.83456 0.56590
vt 0.53355 0.10204
vt 0.53925 0.10794
vt 0.53930 0.10091
vt 0.83369 0.53164
vt 0.82535 0.53550
vt 0.84062 0.52714
vt 0.82439 0.54347
vt 0.81699 0.55014
vt 0.82450 0.55648
vt 0.54432 0.10272
vt 0.54754 0.10773
vt 0.44333 0.69038
vt 0.43550 0.68624
vt 0.43556 0.69229
vt 0.43073 0.68923
vt 0.43819 0.69695
vt 0.43108 0.68293
vt 0.42630 0.68444
vt 0.43656 0.67603
vt 0.42680 0.67811
vt 0.44462 0.70130
vt 0.55203 0.10203
vt 0.55747 0.11067
vt 0.81503 0.53743
vt 0.80648 0.54205
vt 0.80816 0.54839
vt 0.56057 0.10276
vt 0.56571 0.10637
vt 0.80212 0.52975
vt 0.84830 0.20858
vt 0.84546 0.21221
vt 0.84835 0.21544
vt 0.45092 0.70717
vt 0.45274 0.71309
vt 0.45863 0.71125
vt 0.45665 0.71503
vt 0.45706 0.69902
vt 0.45710 0.67965
vt 0.81131 0.52739
vt 0.81866 0.52970
vt 0.82523 0.52686
vt 0.81643 0.52045
vt 0.80431 0.51864
vt 0.84250 0.20936
vt 0.46009 0.71726
vt 0.47628 0.69357
vt 0.46944 0.70953
vt 0.46539 0.71685
vt 0.83877 0.20138
vt 0.46588 0.72368
vt 0.79571 0.53687
vt 0.82471 0.52011
vt 0.79377 0.51892
vt 0.47467 0.72116
vt 0.79175 0.50537
vt 0.80890 0.50834
vt 0.78272 0.51484
vt 0.78847 0.52599
vt 0.78654 0.53256
vt 0.47432 0.72898
vt 0.48695 0.71475
vt 0.48281 0.72361
vt 0.48086 0.72882
vt 0.20051 0.09815
vt 0.20570 0.09620
vt 0.20112 0.09106
vt 0.78155 0.52748
vt 0.77732 0.52062
vt 0.19862 0.10594
vt 0.20424 0.10327
vt 0.48599 0.73370
vt 0.48936 0.72889
vt 0.50020 0.69468
vt 0.49894 0.72637
vt 0.50782 0.71594
vt 0.49660 0.73227
vt 0.50254 0.73401
vt 0.49348 0.73485
vt 0.48985 0.73379
vt 0.20412 0.10919
vt 0.20658 0.10645
vt 0.20771 0.11005
vt 0.20583 0.11387
vt 0.49564 0.73834
vt 0.49855 0.73661
vt 0.51045 0.73152
vt 0.50767 0.73830
vt 0.50295 0.73866
vt 0.20174 0.11538
vt 0.77383 0.51338
vt 0.76877 0.51604
vt 0.50024 0.74083
vt 0.20657 0.11903
vt 0.50548 0.74196
vt 0.51355 0.73940
vt 0.51045 0.74287
vt 0.50771 0.74431
vt 0.20381 0.12475
vt 0.20867 0.12397
vt 0.20777 0.12719
vt 0.76757 0.51007
vt 0.76077 0.51093
vt 0.77374 0.50536
vt 0.76279 0.50457
vt 0.75546 0.50493
vt 0.20282 0.13270
vt 0.20784 0.13111
vt 0.51076 0.74698
vt 0.51721 0.74533
vt 0.52106 0.72668
vt 0.52505 0.71376
vt 0.52134 0.73789
vt 0.52696 0.74715
vt 0.52105 0.75051
vt 0.51579 0.75051
vt 0.20751 0.13733
vt 0.75657 0.49875
vt 0.75111 0.50076
vt 0.20314 0.13876
vt 0.76506 0.49662
vt 0.75644 0.48997
vt 0.74984 0.49544
vt 0.74635 0.49986
vt 0.20647 0.14292
vt 0.21117 0.14152
vt 0.21078 0.14668
vt 0.52537 0.75310
vt 0.53083 0.73997
vt 0.53265 0.74552
vt 0.53395 0.75008
vt 0.52980 0.75305
vt 0.52785 0.73329
vt 0.53363 0.72677
vt 0.53246 0.73440
vt 0.53783 0.73702
vt 0.53638 0.74389
vt 0.53533 0.74674
vt 0.21661 0.10448
vt 0.21667 0.11043
vt 0.22253 0.10816
vt 0.21993 0.10169
vt 0.53852 0.74790
vt 0.21326 0.10787
vt 0.06710 0.21228
vt 0.06725 0.20784
vt 0.06328 0.21121
vt 0.06450 0.21566
vt 0.20576 0.14866
vt 0.74167 0.49953
vt 0.74358 0.49455
vt 0.73895 0.49610
vt 0.74730 0.48891
vt 0.74161 0.48979
vt 0.73902 0.49256
vt 0.07034 0.21093
vt 0.22093 0.11451
vt 0.07302 0.20717
vt 0.22722 0.11492
vt 0.22731 0.11074
vt 0.22613 0.10224
vt 0.54252 0.74304
vt 0.22249 0.09623
vt 0.54174 0.73110
vt 0.54611 0.73659
vt 0.54191 0.72576
vt 0.67170 0.84726
vt 0.67019 0.85316
vt 0.67635 0.85185
vt 0.67826 0.84493
vt 0.66848 0.80066
vt 0.66834 0.80550
vt 0.67376 0.80285
vt 0.23047 0.09228
vt 0.22474 0.08928
vt 0.22675 0.09382
vt 0.23083 0.08828
vt 0.22990 0.09732
vt 0.22898 0.10729
vt 0.23168 0.11216
vt 0.23437 0.11686
vt 0.68558 0.26700
vt 0.67935 0.27120
vt 0.68603 0.27317
vt 0.68066 0.26397
vt 0.68085 0.27763
vt 0.74212 0.48428
vt 0.73720 0.48836
vt 0.75156 0.47934
vt 0.74289 0.47820
vt 0.68753 0.25945
vt 0.74613 0.47111
vt 0.67611 0.26010
vt 0.68132 0.25773
vt 0.23823 0.11383
vt 0.23557 0.10806
vt 0.23261 0.10281
vt 0.23573 0.09491
vt 0.23547 0.09051
vt 0.66315 0.80124
vt 0.66506 0.79679
vt 0.23594 0.09913
vt 0.23948 0.10325
vt 0.24338 0.10927
vt 0.24581 0.11601
vt 0.67815 0.25247
vt 0.68501 0.25141
vt 0.69189 0.25079
vt 0.75374 0.46970
vt 0.75199 0.46337
vt 0.68192 0.24402
vt 0.68939 0.24320
vt 0.25425 0.11891
vt 0.25219 0.11151
vt 0.24879 0.10302
vt 0.24098 0.09293
vt 0.66071 0.79631
vt 0.23984 0.08864
vt 0.24793 0.09558
vt 0.24579 0.08954
vt 0.24147 0.09805
vt 0.25852 0.10725
vt 0.26310 0.11488
vt 0.26318 0.12224
vt 0.68709 0.23516
vt 0.69505 0.23333
vt 0.75853 0.45678
vt 0.75141 0.45579
vt 0.75901 0.44725
vt 0.75794 0.46407
vt 0.76761 0.45018
vt 0.76395 0.46017
vt 0.69125 0.22842
vt 0.26998 0.12473
vt 0.27166 0.12043
vt 0.25220 0.09894
vt 0.27703 0.12505
vt 0.69557 0.22515
vt 0.69298 0.22149
vt 0.70199 0.22369
vt 0.76703 0.43869
vt 0.77421 0.45964
vt 0.77880 0.44756
vt 0.78563 0.45407
vt 0.77393 0.44123
vt 0.69788 0.21894
vt 0.27511 0.11430
vt 0.25673 0.10115
vt 0.26449 0.10395
vt 0.26672 0.10935
vt 0.28167 0.12137
vt 0.28671 0.12769
vt 0.27950 0.12937
vt 0.78112 0.43780
vt 0.78969 0.44149
vt 0.77611 0.43215
vt 0.70295 0.21305
vt 0.77042 0.42872
vt 0.27305 0.10660
vt 0.28539 0.13310
vt 0.28778 0.11738
vt 0.28287 0.11043
vt 0.78808 0.42687
vt 0.77858 0.42070
vt 0.29302 0.13242
vt 0.67211 0.24594
vt 0.66506 0.24773
vt 0.66539 0.25539
vt 0.29464 0.11285
vt 0.29584 0.12920
vt 0.30150 0.13396
vt 0.66754 0.23922
vt 0.29313 0.12422
vt 0.67371 0.23675
vt 0.67183 0.23251
vt 0.78905 0.41311
vt 0.78272 0.41228
vt 0.67712 0.22957
vt 0.78755 0.40590
vt 0.67332 0.22614
vt 0.30076 0.12122
vt 0.30446 0.12878
vt 0.31038 0.13513
vt 0.66819 0.23050
vt 0.67859 0.22219
vt 0.67514 0.21759
vt 0.68518 0.22317
vt 0.79661 0.40171
vt 0.80361 0.41348
vt 0.67040 0.22367
vt 0.31720 0.13664
vt 0.31620 0.13241
vt 0.31251 0.12551
vt 0.30972 0.11704
vt 0.32070 0.12338
vt 0.32113 0.13593
vt 0.67007 0.21968
vt 0.68235 0.21507
vt 0.67126 0.21510
vt 0.66780 0.21757
vt 0.32324 0.13399
vt 0.32222 0.12953
vt 0.32142 0.11743
vt 0.32794 0.12233
vt 0.32905 0.12744
vt 0.32962 0.13352
vt 0.66896 0.21097
vt 0.67459 0.21012
vt 0.67985 0.21012
vt 0.68303 0.20998
vt 0.80248 0.39221
vt 0.80893 0.39792
vt 0.68865 0.21270
vt 0.68529 0.20992
vt 0.68419 0.20546
vt 0.67911 0.20416
vt 0.67403 0.20403
vt 0.17318 0.08749
vt 0.16694 0.09278
vt 0.17530 0.09311
vt 0.16432 0.08718
vt 0.32823 0.11846
vt 0.16300 0.08233
vt 0.16835 0.07953
vt 0.16325 0.07832
vt 0.16875 0.08360
vt 0.18076 0.08922
vt 0.18176 0.09330
vt 0.17836 0.09731
vt 0.18548 0.09613
vt 0.68356 0.19912
vt 0.68979 0.20028
vt 0.68851 0.20663
vt 0.80959 0.38778
vt 0.69413 0.20635
vt 0.19247 0.09377
vt 0.18892 0.10028
vt 0.31307 0.94201
vt 0.31294 0.94669
vt 0.31828 0.94268
vt 0.18784 0.08988
vt 0.17499 0.08133
vt 0.58401 0.73900
vt 0.57934 0.73566
vt 0.57908 0.73948
vt 0.58501 0.74294
vt 0.59113 0.74174
vt 0.57911 0.74435
vt 0.58582 0.74913
vt 0.57379 0.73617
vt 0.57351 0.74068
vt 0.17313 0.07642
vt 0.19292 0.08949
vt 0.30622 0.94749
vt 0.30696 0.94070
vt 0.31046 0.95035
vt 0.31438 0.93726
vt 0.69684 0.19827
vt 0.81706 0.38320
vt 0.81727 0.39074
vt 0.30686 0.93258
vt 0.82477 0.38745
vt 0.29743 0.94250
vt 0.29832 0.93453
vt 0.29961 0.95060
vt 0.30763 0.95368
vt 0.19350 0.08517
vt 0.18858 0.08529
vt 0.17833 0.07720
vt 0.17774 0.07330
vt 0.56849 0.73762
vt 0.56782 0.74227
vt 0.57305 0.74577
vt 0.56435 0.73950
vt 0.56361 0.73554
vt 0.18328 0.07477
vt 0.18177 0.07980
vt 0.18034 0.08456
vt 0.18479 0.08646
vt 0.18568 0.08272
vt 0.19002 0.08203
vt 0.19408 0.07800
vt 0.30149 0.95760
vt 0.29281 0.95391
vt 0.29089 0.94683
vt 0.28250 0.93476
vt 0.30126 0.92959
vt 0.28152 0.95026
vt 0.28797 0.95812
vt 0.29487 0.95976
vt 0.18611 0.06671
vt 0.19327 0.06707
vt 0.18991 0.06164
vt 0.18749 0.07863
vt 0.18916 0.07400
vt 0.55796 0.73711
vt 0.56095 0.73945
vt 0.56192 0.74336
vt 0.56700 0.74770
vt 0.57270 0.74998
vt 0.57837 0.74919
vt 0.56884 0.75175
vt 0.55687 0.74171
vt 0.19475 0.06203
vt 0.19806 0.07299
vt 0.19797 0.06738
vt 0.19579 0.06520
vt 0.20263 0.06998
vt 0.28549 0.96273
vt 0.28039 0.95837
vt 0.84070 0.75246
vt 0.84150 0.74689
vt 0.83546 0.75020
vt 0.55055 0.75123
vt 0.54740 0.74777
vt 0.54568 0.75303
vt 0.55247 0.74672
vt 0.20098 0.06507
vt 0.19759 0.06414
vt 0.55697 0.74573
vt 0.55415 0.74392
vt 0.56070 0.74845
vt 0.56429 0.75216
vt 0.56814 0.75577
vt 0.57268 0.75398
vt 0.57686 0.75248
vt 0.57317 0.75876
vt 0.57775 0.75659
vt 0.56241 0.75718
vt 0.56797 0.76116
vt 0.55928 0.75270
vt 0.55566 0.75019
vt 0.54914 0.75471
vt 0.55413 0.75656
vt 0.54090 0.75690
vt 0.54650 0.75825
vt 0.83599 0.75665
vt 0.27444 0.96082
vt 0.27259 0.95474
vt 0.27017 0.95882
vt 0.53949 0.76398
vt 0.84854 0.27818
vt 0.85560 0.28128
vt 0.85435 0.27664
vt 0.55042 0.76500
vt 0.56090 0.76482
vt 0.57063 0.76754
vt 0.57374 0.76338
vt 0.57908 0.76185
vt 0.58343 0.75959
vt 0.58310 0.75403
vt 0.57877 0.76790
vt 0.58843 0.76651
vt 0.56629 0.77366
vt 0.26745 0.96280
vt 0.26635 0.95592
vt 0.26206 0.94522
vt 0.25939 0.95767
vt 0.55648 0.77311
vt 0.58611 0.77428
vt 0.54594 0.77417
vt 0.53661 0.77250
vt 0.69387 0.04621
vt 0.68674 0.04043
vt 0.68687 0.05058
vt 0.69575 0.05399
vt 0.25124 0.96130
vt 0.25038 0.95345
vt 0.53872 0.78095
vt 0.53059 0.77760
vt 0.54593 0.78363
vt 0.57631 0.77454
vt 0.59701 0.77678
vt 0.59061 0.77891
vt 0.58543 0.78231
vt 0.57226 0.78427
vt 0.56195 0.78037
vt 0.55374 0.78185
vt 0.53225 0.78691
vt 0.52595 0.78331
vt 0.24427 0.95798
vt 0.24157 0.95272
vt 0.24258 0.94494
vt 0.11729 0.36964
vt 0.11210 0.37076
vt 0.11671 0.37329
vt 0.52706 0.78862
vt 0.11371 0.37689
vt 0.55086 0.79122
vt 0.56120 0.78903
vt 0.58422 0.79344
vt 0.54070 0.79165
vt 0.52897 0.79259
vt 0.12131 0.37226
vt 0.52493 0.79252
vt 0.52719 0.79516
vt 0.55848 0.79962
vt 0.57071 0.79689
vt 0.59598 0.78959
vt 0.58285 0.80690
vt 0.53361 0.79452
vt 0.52928 0.79922
vt 0.86365 0.28379
vt 0.86218 0.28057
vt 0.86095 0.28505
vt 0.86471 0.28835
vt 0.52087 0.79061
vt 0.52104 0.79704
vt 0.11972 0.37692
vt 0.52569 0.79708
vt 0.52404 0.80269
vt 0.53679 0.80329
vt 0.54723 0.80153
vt 0.59420 0.78254
vt 0.59984 0.80214
vt 0.56748 0.80853
vt 0.55465 0.81068
vt 0.54322 0.81470
vt 0.53582 0.81187
vt 0.52027 0.80149
vt 0.52962 0.80931
vt 0.53398 0.81957
vt 0.55211 0.82002
vt 0.56308 0.82033
vt 0.57608 0.81693
vt 0.58582 0.81629
vt 0.59622 0.81467
vt 0.58323 0.82303
vt 0.57424 0.82629
vt 0.51911 0.80540
vt 0.52211 0.81042
vt 0.52548 0.81867
vt 0.58197 0.82972
vt 0.59189 0.82192
vt 0.58973 0.82816
vt 0.56573 0.83134
vt 0.56012 0.37686
vt 0.55118 0.37076
vt 0.54741 0.38041
vt 0.55588 0.38745
vt 0.54669 0.82459
vt 0.54399 0.37172
vt 0.51806 0.81732
vt 0.52924 0.35720
vt 0.52385 0.35219
vt 0.51854 0.36363
vt 0.52791 0.36500
vt 0.52898 0.82606
vt 0.53561 0.83085
vt 0.54045 0.82465
vt 0.57658 0.83777
vt 0.59837 0.82782
vt 0.58654 0.83390
vt 0.12831 0.32100
vt 0.12847 0.32944
vt 0.13403 0.32631
vt 0.52457 0.37043
vt 0.53869 0.36866
vt 0.53744 0.37670
vt 0.53084 0.37184
vt 0.52005 0.37368
vt 0.58849 0.84061
vt 0.53808 0.38568
vt 0.52880 0.38318
vt 0.13713 0.31944
vt 0.52457 0.37774
vt 0.51309 0.37585
vt 0.13453 0.31071
vt 0.53292 0.39374
vt 0.54563 0.39397
vt 0.56103 0.39887
vt 0.56877 0.40906
vt 0.56067 0.41131
vt 0.54977 0.40744
vt 0.52210 0.39407
vt 0.52175 0.38447
vt 0.51882 0.37973
vt 0.51440 0.38602
vt 0.53808 0.40335
vt 0.55475 0.41566
vt 0.52896 0.40222
vt 0.50306 0.38245
vt 0.53210 0.40970
vt 0.54057 0.41339
vt 0.54844 0.41628
vt 0.50770 0.39849
vt 0.48935 0.39188
vt 0.52135 0.40996
vt 0.53285 0.41929
vt 0.49457 0.40896
vt 0.50861 0.41351
vt 0.51605 0.41845
vt 0.52361 0.42127
vt 0.51035 0.42061
vt 0.51678 0.42429
vt 0.50137 0.42021
vt 0.47359 0.39563
vt 0.48263 0.40465
vt 0.47177 0.41307
vt 0.48368 0.41463
vt 0.49084 0.42012
vt 0.47840 0.42735
vt 0.45744 0.40259
vt 0.46296 0.38316
vt 0.45035 0.38954
vt 0.50802 0.42705
vt 0.49484 0.43049
vt 0.46476 0.42570
vt 0.44572 0.39874
vt 0.44685 0.40666
vt 0.44038 0.40469
vt 0.48318 0.43817
vt 0.43621 0.40919
vt 0.44191 0.41230
vt 0.44955 0.41374
vt 0.45849 0.41753
vt 0.45648 0.42612
vt 0.43429 0.41688
vt 0.42959 0.40644
vt 0.42208 0.41501
vt 0.44333 0.42034
vt 0.45062 0.42303
vt 0.47336 0.43907
vt 0.46543 0.43531
vt 0.45722 0.43251
vt 0.42079 0.42704
vt 0.41034 0.41987
vt 0.42972 0.42610
vt 0.43808 0.42622
vt 0.44496 0.42804
vt 0.45122 0.43058
vt 0.45514 0.43947
vt 0.46280 0.44581
vt 0.47667 0.44743
vt 0.46543 0.45804
vt 0.84196 0.72581
vt 0.83466 0.72772
vt 0.83903 0.73319
vt 0.44537 0.43355
vt 0.83274 0.73401
vt 0.44094 0.43137
vt 0.43593 0.43254
vt 0.42741 0.43800
vt 0.43854 0.43844
vt 0.83346 0.74351
vt 0.83146 0.73854
vt 0.82655 0.74069
vt 0.82830 0.73575
vt 0.83559 0.73817
vt 0.84663 0.73290
vt 0.43689 0.44717
vt 0.41363 0.43438
vt 0.84068 0.74028
vt 0.45409 0.45439
vt 0.44578 0.44074
vt 0.44944 0.44717
vt 0.42644 0.44903
vt 0.41756 0.44604
vt 0.40424 0.41166
vt 0.39841 0.41683
vt 0.40211 0.42918
vt 0.39224 0.42360
vt 0.39445 0.43359
vt 0.39843 0.40571
vt 0.39120 0.40138
vt 0.39656 0.39677
vt 0.40995 0.40542
vt 0.38990 0.39516
vt 0.69925 0.85431
vt 0.70050 0.86046
vt 0.70593 0.85667
vt 0.07979 0.90329
vt 0.08633 0.90316
vt 0.08382 0.89772
vt 0.69473 0.85971
vt 0.09109 0.90562
vt 0.09177 0.89896
vt 0.40356 0.39827
vt 0.40105 0.39212
vt 0.42076 0.40087
vt 0.09732 0.90376
vt 0.40718 0.39301
vt 0.65601 0.84918
vt 0.66227 0.84935
vt 0.65941 0.84353
vt 0.40840 0.39803
vt 0.43509 0.40373
vt 0.42721 0.39909
vt 0.43208 0.40008
vt 0.41295 0.39589
vt 0.41225 0.38859
vt 0.66640 0.84357
vt 0.10265 0.90792
vt 0.11216 0.90877
vt 0.12290 0.90322
vt 0.41951 0.39145
vt 0.70044 0.08803
vt 0.70882 0.08743
vt 0.70503 0.07975
vt 0.42453 0.39453
vt 0.43080 0.39297
vt 0.43752 0.39724
vt 0.43712 0.38936
vt 0.42560 0.38887
vt 0.71216 0.08159
vt 0.43226 0.38218
vt 0.71461 0.07252
vt 0.44252 0.39144
vt 0.44308 0.38325
vt 0.12251 0.91449
vt 0.13591 0.86905
vt 0.14072 0.87145
vt 0.82263 0.12501
vt 0.81875 0.12128
vt 0.81630 0.12672
vt 0.82484 0.13126
vt 0.44226 0.37612
vt 0.44642 0.37792
vt 0.45205 0.37883
vt 0.44861 0.37462
vt 0.73178 0.07490
vt 0.73994 0.06971
vt 0.73365 0.06820
vt 0.13372 0.91748
vt 0.13190 0.91072
vt 0.14249 0.91452
vt 0.13827 0.90325
vt 0.45476 0.37205
vt 0.72694 0.06805
vt 0.14846 0.89561
vt 0.14587 0.88422
vt 0.14568 0.87602
vt 0.14749 0.87107
vt 0.81192 0.12009
vt 0.15345 0.87977
vt 0.15271 0.87463
vt 0.15676 0.89013
vt 0.15528 0.90861
vt 0.72153 0.07311
vt 0.15225 0.91811
vt 0.45915 0.37505
vt 0.46278 0.36816
vt 0.71829 0.06565
vt 0.46344 0.37442
vt 0.16623 0.89762
vt 0.15667 0.88454
vt 0.15760 0.87765
vt 0.16116 0.88106
vt 0.16587 0.88721
vt 0.15433 0.92521
vt 0.16273 0.91988
vt 0.46928 0.37186
vt 0.47206 0.36168
vt 0.16445 0.92983
vt 0.47731 0.38027
vt 0.47921 0.36774
vt 0.48081 0.35909
vt 0.17290 0.93318
vt 0.17673 0.92457
vt 0.17315 0.91074
vt 0.16802 0.88146
vt 0.94463 0.47394
vt 0.94690 0.48027
vt 0.95082 0.47636
vt 0.93761 0.47588
vt 0.17444 0.88441
vt 0.93926 0.46928
vt 0.17648 0.89100
vt 0.49025 0.37321
vt 0.48660 0.36278
vt 0.48866 0.35501
vt 0.18169 0.93468
vt 0.19277 0.91586
vt 0.18485 0.89910
vt 0.18072 0.88640
vt 0.93407 0.46525
vt 0.93288 0.46965
vt 0.93028 0.47416
vt 0.92982 0.48012
vt 0.92910 0.46463
vt 0.92693 0.46963
vt 0.18581 0.89000
vt 0.84785 0.74804
vt 0.85274 0.74413
vt 0.84732 0.74225
vt 0.18935 0.92863
vt 0.49502 0.36065
vt 0.50018 0.35095
vt 0.19326 0.93854
vt 0.50439 0.36720
vt 0.20221 0.92975
vt 0.19463 0.89175
vt 0.19170 0.88689
vt 0.85120 0.73758
vt 0.92340 0.46457
vt 0.92532 0.45981
vt 0.19548 0.88763
vt 0.92054 0.45932
vt 0.92264 0.45705
vt 0.20414 0.89964
vt 0.21728 0.91922
vt 0.50242 0.35749
vt 0.19869 0.88801
vt 0.91988 0.45560
vt 0.91702 0.46422
vt 0.91791 0.45700
vt 0.91586 0.45855
vt 0.20171 0.89077
vt 0.20317 0.88695
vt 0.91624 0.45434
vt 0.50497 0.35362
vt 0.20790 0.88921
vt 0.91043 0.45499
vt 0.91328 0.44941
vt 0.91150 0.46186
vt 0.90906 0.47086
vt 0.90388 0.46093
vt 0.90649 0.44765
vt 0.90237 0.45280
vt 0.21381 0.89310
vt 0.21584 0.88738
vt 0.22019 0.90066
vt 0.89648 0.46866
vt 0.22114 0.89144
vt 0.23615 0.90753
vt 0.22957 0.89441
vt 0.10832 0.69651
vt 0.10128 0.69179
vt 0.10309 0.70164
vt 0.11102 0.68800
vt 0.89788 0.44492
vt 0.89358 0.45551
vt 0.88557 0.46371
vt 0.88888 0.44546
vt 0.10468 0.68180
vt 0.89000 0.43800
vt 0.23840 0.89590
vt 0.11209 0.67911
vt 0.24344 0.90039
vt 0.24391 0.89562
vt 0.10742 0.67590
vt 0.11108 0.67348
vt 0.88482 0.43398
vt 0.88173 0.43898
vt 0.88103 0.45001
vt 0.86791 0.47499
vt 0.87646 0.47966
vt 0.87660 0.46965
vt 0.87587 0.45922
vt 0.86542 0.46263
vt 0.87184 0.43927
vt 0.87641 0.43387
vt 0.88319 0.43025
vt 0.88056 0.43292
vt 0.25043 0.89773
vt 0.87706 0.42711
vt 0.24834 0.90544
vt 0.25986 0.90501
vt 0.85489 0.47136
vt 0.86143 0.48086
vt 0.86976 0.48547
vt 0.85390 0.48201
vt 0.86898 0.45050
vt 0.86015 0.44145
vt 0.87150 0.43115
vt 0.86317 0.43079
vt 0.85819 0.45236
vt 0.84539 0.47816
vt 0.84868 0.48453
vt 0.85302 0.48831
vt 0.85498 0.46035
vt 0.84975 0.45471
vt 0.84913 0.44568
vt 0.84892 0.43275
vt 0.84061 0.45327
vt 0.83651 0.44239
vt 0.84577 0.46211
vt 0.84226 0.47066
vt 0.84217 0.48454
vt 0.84063 0.48008
vt 0.83260 0.46359
vt 0.83114 0.45230
vt 0.83456 0.47811
vt 0.82526 0.47124
vt 0.84178 0.42506
vt 0.83726 0.43190
vt 0.82138 0.46473
vt 0.82227 0.45637
vt 0.82443 0.44604
vt 0.82773 0.43550
vt 0.83236 0.42404
vt 0.82064 0.42924
vt 0.81466 0.45016
vt 0.81214 0.46144
vt 0.81704 0.47049
vt 0.81729 0.43996
vt 0.80995 0.46957
vt 0.80635 0.46594
vt 0.80277 0.47249
vt 0.81225 0.47723
vt 0.80501 0.45292
vt 0.80981 0.44417
vt 0.80160 0.44256
vt 0.80471 0.46094
vt 0.80153 0.46509
vt 0.79496 0.46620
vt 0.79071 0.47557
vt 0.79513 0.45162
vt 0.79873 0.45929
vt 0.78109 0.48157
vt 0.79084 0.48913
vt 0.77648 0.49244
vt 0.77744 0.47178
vt 0.77097 0.48095
vt 0.78575 0.46437
vt 0.79189 0.45914
vt 0.76339 0.47078
vt 0.76591 0.48851
vt 0.76158 0.48207
vt 0.80074 0.43022
vt 0.81058 0.43485
vt 0.81304 0.42263
vt 0.82436 0.41792
vt 0.81737 0.41150
vt 0.82733 0.40808
vt 0.81405 0.40442
vt 0.83416 0.41297
vt 0.82183 0.40269
vt 0.81748 0.39779
vt 0.82549 0.39437
vt 0.82951 0.40077
vt 0.84254 0.41603
vt 0.83553 0.40423
vt 0.53637 0.12798
vt 0.53330 0.13604
vt 0.54022 0.13657
vt 0.52693 0.13167
vt 0.52939 0.12588
vt 0.52328 0.12419
vt 0.29514 0.92569
vt 0.28532 0.92006
vt 0.54740 0.13051
vt 0.54685 0.13867
vt 0.84097 0.40819
vt 0.84845 0.40892
vt 0.85054 0.41373
vt 0.84966 0.42061
vt 0.85789 0.41550
vt 0.85677 0.42387
vt 0.85395 0.41063
vt 0.27133 0.91661
vt 0.28099 0.91246
vt 0.27607 0.90999
vt 0.55395 0.13650
vt 0.27163 0.90504
vt 0.21851 0.50733
vt 0.22957 0.51251
vt 0.22645 0.50413
vt 0.86358 0.42230
vt 0.22173 0.49963
vt 0.86930 0.42535
vt 0.26211 0.92829
vt 0.24210 0.92886
vt 0.25327 0.91534
vt 0.21432 0.49602
vt 0.22762 0.93949
vt 0.23702 0.94930
vt 0.23455 0.94593
vt 0.23042 0.94949
vt 0.12380 0.38224
vt 0.11784 0.38079
vt 0.51578 0.79431
vt 0.51666 0.80098
vt 0.51136 0.80137
vt 0.22221 0.94794
vt 0.21802 0.94316
vt 0.21365 0.93586
vt 0.21177 0.94299
vt 0.21485 0.94756
vt 0.51394 0.80666
vt 0.50852 0.80829
vt 0.51232 0.81315
vt 0.51707 0.81059
vt 0.50659 0.81539
vt 0.35434 0.09226
vt 0.34741 0.09499
vt 0.35223 0.09783
vt 0.35985 0.09678
vt 0.20479 0.93986
vt 0.36204 0.08958
vt 0.51598 0.35207
vt 0.51528 0.34496
vt 0.50906 0.35028
vt 0.51147 0.82144
vt 0.50898 0.35721
vt 0.37073 0.09251
vt 0.80201 0.49727
vt 0.80467 0.48508
vt 0.81765 0.48656
vt 0.81571 0.49760
vt 0.82237 0.47838
vt 0.82767 0.48619
vt 0.82422 0.49313
vt 0.83203 0.49385
vt 0.83563 0.48738
vt 0.84070 0.49389
vt 0.82821 0.50057
vt 0.82489 0.51119
vt 0.83551 0.50656
vt 0.84795 0.49069
vt 0.84796 0.49823
vt 0.83592 0.49971
vt 0.83631 0.51433
vt 0.83279 0.52195
vt 0.84267 0.52003
vt 0.84221 0.50246
vt 0.85394 0.49517
vt 0.85294 0.50202
vt 0.84837 0.50474
vt 0.84432 0.51088
vt 0.85406 0.50994
vt 0.86145 0.50257
vt 0.86063 0.49015
vt 0.86180 0.51135
vt 0.87030 0.49640
vt 0.88050 0.49018
vt 0.86584 0.50920
vt 0.87050 0.50632
vt 0.87852 0.50182
vt 0.88679 0.47764
vt 0.89864 0.48145
vt 0.89047 0.48823
vt 0.88880 0.49846
vt 0.87734 0.51071
vt 0.89649 0.49167
vt 0.90285 0.48899
vt 0.90018 0.49974
vt 0.90737 0.48210
vt 0.90721 0.48738
vt 0.91720 0.47921
vt 0.91181 0.48661
vt 0.90736 0.49213
vt 0.90713 0.50700
vt 0.91012 0.49884
vt 0.91421 0.49280
vt 0.91814 0.48743
vt 0.92344 0.48384
vt 0.91992 0.47054
vt 0.92456 0.47538
vt 0.92357 0.47956
vt 0.92014 0.49386
vt 0.91646 0.49835
vt 0.92358 0.48938
vt 0.92983 0.48774
vt 0.92728 0.49453
vt 0.93890 0.48534
vt 0.93516 0.49344
vt 0.93199 0.50079
vt 0.94358 0.49359
vt 0.94932 0.48829
vt 0.95339 0.48435
vt 0.95443 0.48768
vt 0.95347 0.48065
vt 0.95864 0.48315
vt 0.95750 0.48661
vt 0.95751 0.49197
vt 0.95096 0.49499
vt 0.96314 0.48755
vt 0.42136 0.45361
vt 0.42838 0.45813
vt 0.42033 0.45875
vt 0.41576 0.46312
vt 0.42195 0.46216
vt 0.44217 0.45647
vt 0.42248 0.46666
vt 0.42139 0.47511
vt 0.43403 0.46874
vt 0.45041 0.46425
vt 0.44567 0.47701
vt 0.42806 0.48486
vt 0.44235 0.49043
vt 0.46030 0.47026
vt 0.45704 0.48203
vt 0.46955 0.47524
vt 0.44157 0.50043
vt 0.45461 0.49464
vt 0.46666 0.48543
vt 0.47833 0.48018
vt 0.47372 0.48830
vt 0.46646 0.49412
vt 0.46158 0.50255
vt 0.44948 0.50683
vt 0.46932 0.49908
vt 0.46806 0.50345
vt 0.47328 0.49408
vt 0.47796 0.49066
vt 0.48061 0.48628
vt 0.48845 0.48239
vt 0.48475 0.49039
vt 0.47842 0.49429
vt 0.47479 0.49827
vt 0.47182 0.50159
vt 0.45766 0.50992
vt 0.47141 0.50459
vt 0.47608 0.50225
vt 0.48223 0.49760
vt 0.49065 0.49444
vt 0.49536 0.48816
vt 0.48913 0.50018
vt 0.49660 0.49674
vt 0.49556 0.49289
vt 0.48185 0.50318
vt 0.47512 0.50630
vt 0.46634 0.50915
vt 0.46043 0.51255
vt 0.24147 0.67405
vt 0.24416 0.66679
vt 0.23947 0.67177
vt 0.24815 0.67109
vt 0.75185 0.09658
vt 0.75066 0.08840
vt 0.74538 0.08972
vt 0.25167 0.66522
vt 0.74459 0.08318
vt 0.73924 0.08557
vt 0.73756 0.07991
vt 0.73252 0.08147
vt 0.25942 0.64759
vt 0.26576 0.64602
vt 0.26387 0.64067
vt 0.26048 0.65233
vt 0.49957 0.49195
vt 0.50296 0.49449
vt 0.69392 0.06606
vt 0.69244 0.06030
vt 0.68852 0.06193
vt 0.26945 0.63964
vt 0.50204 0.48872
vt 0.50424 0.49105
vt 0.50573 0.48846
vt 0.27564 0.64156
vt 0.26676 0.65425
vt 0.25712 0.65934
vt 0.26043 0.67091
vt 0.24437 0.68042
vt 0.68662 0.05735
vt 0.27329 0.63434
vt 0.50648 0.49252
vt 0.68510 0.05990
vt 0.50809 0.49049
vt 0.68290 0.05794
vt 0.68229 0.06031
vt 0.68251 0.05596
vt 0.42882 0.62487
vt 0.42492 0.62291
vt 0.42849 0.62885
vt 0.27895 0.63034
vt 0.29179 0.63035
vt 0.28162 0.65446
vt 0.30071 0.64575
vt 0.29534 0.66346
vt 0.28063 0.67600
vt 0.30348 0.65482
vt 0.30988 0.62932
vt 0.31282 0.63928
vt 0.42724 0.65978
vt 0.41710 0.66197
vt 0.42470 0.67007
vt 0.41779 0.66932
vt 0.41304 0.66504
vt 0.31027 0.64895
vt 0.40767 0.65871
vt 0.30709 0.65541
vt 0.30444 0.66085
vt 0.30184 0.66646
vt 0.29918 0.67124
vt 0.59101 0.47286
vt 0.59197 0.46882
vt 0.58688 0.47073
vt 0.59636 0.47150
vt 0.76602 0.33530
vt 0.76095 0.33326
vt 0.76113 0.33881
vt 0.75770 0.33600
vt 0.75637 0.33910
vt 0.75640 0.34239
vt 0.75243 0.34142
vt 0.75145 0.34769
vt 0.74805 0.34370
vt 0.74439 0.34713
vt 0.74414 0.35154
vt 0.73870 0.35039
vt 0.73918 0.35565
vt 0.73434 0.35391
vt 0.42147 0.67430
vt 0.73366 0.35831
vt 0.85708 0.57693
vt 0.85191 0.57482
vt 0.72880 0.35641
vt 0.84733 0.57124
vt 0.86208 0.57490
vt 0.86243 0.58038
vt 0.86701 0.58243
vt 0.86617 0.57841
vt 0.87181 0.58021
vt 0.87066 0.58568
vt 0.87564 0.58546
vt 0.87403 0.58886
vt 0.87708 0.58978
vt 0.88085 0.58698
vt 0.60106 0.47498
vt 0.60052 0.47021
vt 0.59441 0.47799
vt 0.86833 0.57427
vt 0.72889 0.36291
vt 0.44490 0.65981
vt 0.44506 0.64458
vt 0.42754 0.64166
vt 0.43846 0.63337
vt 0.45453 0.65211
vt 0.45543 0.64343
vt 0.44898 0.63619
vt 0.44465 0.62979
vt 0.43958 0.62664
vt 0.43301 0.62492
vt 0.50902 0.48777
vt 0.51359 0.49037
vt 0.51262 0.48474
vt 0.51861 0.48644
vt 0.51832 0.48075
vt 0.52395 0.48388
vt 0.52548 0.47742
vt 0.53146 0.48254
vt 0.53394 0.47439
vt 0.54036 0.47901
vt 0.54207 0.47161
vt 0.54933 0.47447
vt 0.46324 0.64974
vt 0.46312 0.66140
vt 0.54398 0.46663
vt 0.53632 0.46589
vt 0.52667 0.46980
vt 0.51822 0.47385
vt 0.51079 0.47846
vt 0.50472 0.48431
vt 0.67836 0.05673
vt 0.54740 0.46951
vt 0.54401 0.46131
vt 0.52569 0.46042
vt 0.51857 0.46657
vt 0.50742 0.46955
vt 0.50286 0.47726
vt 0.49739 0.48169
vt 0.50071 0.47330
vt 0.54920 0.46548
vt 0.55368 0.45985
vt 0.54451 0.45353
vt 0.53587 0.45673
vt 0.49571 0.47658
vt 0.49647 0.47007
vt 0.51350 0.45947
vt 0.51997 0.45332
vt 0.52782 0.45146
vt 0.53614 0.44801
vt 0.55241 0.44866
vt 0.54327 0.44525
vt 0.52106 0.44733
vt 0.51029 0.44868
vt 0.49743 0.45969
vt 0.49330 0.44502
vt 0.51824 0.44046
vt 0.50719 0.43694
vt 0.51684 0.43179
vt 0.52755 0.44338
vt 0.53576 0.43841
vt 0.54747 0.43693
vt 0.52560 0.43538
vt 0.48187 0.45640
vt 0.47382 0.46570
vt 0.48472 0.46408
vt 0.48084 0.47102
vt 0.48958 0.46772
vt 0.48805 0.47462
vt 0.52393 0.42810
vt 0.53067 0.43118
vt 0.52979 0.42595
vt 0.53695 0.42962
vt 0.54492 0.42411
vt 0.55582 0.43008
vt 0.56098 0.44235
vt 0.55311 0.42153
vt 0.56182 0.42186
vt 0.56697 0.43311
vt 0.56730 0.41657
vt 0.57247 0.42480
vt 0.57762 0.43641
vt 0.57366 0.44445
vt 0.60994 0.84998
vt 0.60055 0.85106
vt 0.61162 0.85803
vt 0.59652 0.84245
vt 0.59150 0.84711
vt 0.19661 0.47959
vt 0.18777 0.47958
vt 0.19187 0.48617
vt 0.19965 0.48953
vt 0.60448 0.84259
vt 0.61542 0.84534
vt 0.61667 0.85272
vt 0.58104 0.44445
vt 0.62145 0.85818
vt 0.61918 0.86300
vt 0.62360 0.85266
vt 0.62697 0.84610
vt 0.61951 0.83489
vt 0.60663 0.83547
vt 0.60268 0.83801
vt 0.59697 0.83553
vt 0.63300 0.83881
vt 0.62822 0.83066
vt 0.63220 0.85481
vt 0.63762 0.84886
vt 0.62827 0.85910
vt 0.62578 0.86316
vt 0.58187 0.44990
vt 0.62322 0.86770
vt 0.62970 0.86666
vt 0.63127 0.86356
vt 0.63544 0.86101
vt 0.64121 0.85704
vt 0.64324 0.84232
vt 0.64758 0.84993
vt 0.64000 0.83599
vt 0.63516 0.83236
vt 0.60703 0.82422
vt 0.62114 0.82126
vt 0.63297 0.82513
vt 0.64193 0.83012
vt 0.64672 0.83620
vt 0.65235 0.84072
vt 0.51536 0.69227
vt 0.50973 0.68471
vt 0.52336 0.69908
vt 0.51531 0.70364
vt 0.55097 0.09378
vt 0.54508 0.09000
vt 0.54598 0.09629
vt 0.50406 0.68452
vt 0.63626 0.86560
vt 0.54026 0.09427
vt 0.50026 0.67968
vt 0.64238 0.82025
vt 0.52271 0.70557
vt 0.52711 0.70536
vt 0.65222 0.83501
vt 0.07075 0.28491
vt 0.07004 0.29217
vt 0.07476 0.28956
vt 0.64883 0.83180
vt 0.63046 0.81627
vt 0.64833 0.82721
vt 0.65452 0.83041
vt 0.07541 0.29466
vt 0.06996 0.29630
vt 0.52975 0.70854
vt 0.62123 0.80522
vt 0.65304 0.82332
vt 0.66017 0.82723
vt 0.07228 0.30045
vt 0.65143 0.81478
vt 0.65995 0.81951
vt 0.64404 0.81333
vt 0.63633 0.81048
vt 0.60899 0.81292
vt 0.59834 0.82197
vt 0.62627 0.80031
vt 0.62340 0.79472
vt 0.63413 0.80094
vt 0.64521 0.80760
vt 0.65100 0.80400
vt 0.65317 0.80858
vt 0.64472 0.80122
vt 0.64055 0.79674
vt 0.63325 0.79176
vt 0.62242 0.78530
vt 0.63062 0.78401
vt 0.63784 0.78628
vt 0.64246 0.79208
vt 0.64742 0.79710
vt 0.64980 0.80041
vt 0.65527 0.79954
vt 0.64975 0.79313
vt 0.64485 0.78810
vt 0.64128 0.78431
vt 0.63404 0.78258
vt 0.63647 0.78168
vt 0.77258 0.36425
vt 0.77591 0.36332
vt 0.77275 0.35906
vt 0.60969 0.79325
vt 0.60330 0.78509
vt 0.61368 0.78663
vt 0.62452 0.78005
vt 0.62997 0.77862
vt 0.63613 0.77598
vt 0.64091 0.78062
vt 0.64589 0.78343
vt 0.65120 0.78744
vt 0.65654 0.79231
vt 0.25287 0.09136
vt 0.25520 0.09623
vt 0.25912 0.09323
vt 0.64397 0.77789
vt 0.26286 0.09812
vt 0.63901 0.77289
vt 0.62113 0.77401
vt 0.61716 0.77802
vt 0.61391 0.78129
vt 0.60730 0.78104
vt 0.60755 0.77506
vt 0.61296 0.77135
vt 0.62684 0.77017
vt 0.63366 0.77038
vt 0.27455 0.10215
vt 0.26899 0.10147
vt 0.62944 0.76614
vt 0.27968 0.10516
vt 0.61455 0.76439
vt 0.62205 0.76230
vt 0.28741 0.10666
vt 0.59858 0.76952
vt 0.60435 0.76560
vt 0.61564 0.75903
vt 0.61628 0.75507
vt 0.60913 0.75531
vt 0.59552 0.76363
vt 0.59631 0.75848
vt 0.60346 0.75775
vt 0.60137 0.75149
vt 0.60262 0.74625
vt 0.59487 0.75208
vt 0.58949 0.75896
vt 0.58986 0.75467
vt 0.59632 0.74736
vt 0.59076 0.74649
vt 0.65953 0.80328
vt 0.65691 0.80571
vt 0.66267 0.80655
vt 0.65970 0.81183
vt 0.66695 0.81162
vt 0.66510 0.81686
vt 0.66451 0.82307
vt 0.53930 0.72090
vt 0.53493 0.71727
vt 0.53398 0.71052
vt 0.63004 0.87180
vt 0.49603 0.67208
vt 0.48954 0.68044
vt 0.48847 0.66814
vt 0.47596 0.67237
vt 0.62136 0.87417
vt 0.62779 0.87964
vt 0.57025 0.45852
vt 0.57840 0.46309
vt 0.57666 0.45392
vt 0.57059 0.46620
vt 0.48207 0.66270
vt 0.47472 0.65942
vt 0.56308 0.46284
vt 0.56378 0.47002
vt 0.56893 0.45061
vt 0.56163 0.45368
vt 0.55819 0.46641
vt 0.55609 0.47103
vt 0.46961 0.65391
vt 0.55377 0.46650
vt 0.55129 0.46937
vt 0.72277 0.36064
vt 0.31689 0.05907
vt 0.31714 0.06386
vt 0.32184 0.06169
vt 0.32004 0.05529
vt 0.87350 0.56737
vt 0.31187 0.06117
vt 0.62221 0.47944
vt 0.62117 0.47420
vt 0.61449 0.47726
vt 0.31264 0.05309
vt 0.87586 0.57442
vt 0.87857 0.58111
vt 0.61665 0.48595
vt 0.62491 0.48594
vt 0.61152 0.49253
vt 0.60440 0.48422
vt 0.60712 0.47585
vt 0.60324 0.49581
vt 0.61030 0.50086
vt 0.60235 0.50359
vt 0.59570 0.49204
vt 0.59340 0.48501
vt 0.60626 0.50923
vt 0.59759 0.51115
vt 0.58881 0.48110
vt 0.58965 0.48981
vt 0.59357 0.50216
vt 0.58775 0.49553
vt 0.58417 0.49062
vt 0.58681 0.48567
vt 0.58605 0.47675
vt 0.58346 0.48176
vt 0.58093 0.48648
vt 0.58139 0.49558
vt 0.57894 0.49147
vt 0.58163 0.50306
vt 0.58602 0.51442
vt 0.59621 0.52209
vt 0.59576 0.53711
vt 0.58407 0.52904
vt 0.57587 0.51219
vt 0.57434 0.48750
vt 0.57869 0.48288
vt 0.58034 0.47910
vt 0.57807 0.47377
vt 0.29324 0.67843
vt 0.57553 0.48062
vt 0.57449 0.49696
vt 0.57389 0.52256
vt 0.57254 0.50564
vt 0.56584 0.50203
vt 0.56791 0.49303
vt 0.56870 0.48678
vt 0.57113 0.48292
vt 0.57063 0.47868
vt 0.28585 0.68468
vt 0.29030 0.68708
vt 0.28576 0.69005
vt 0.28900 0.69352
vt 0.56574 0.48257
vt 0.56342 0.48860
vt 0.56028 0.49548
vt 0.57800 0.53591
vt 0.57491 0.53137
vt 0.56789 0.53213
vt 0.56585 0.51350
vt 0.55397 0.50589
vt 0.55814 0.48975
vt 0.55960 0.48424
vt 0.28423 0.69446
vt 0.28634 0.69936
vt 0.27950 0.69064
vt 0.28046 0.69929
vt 0.28354 0.70434
vt 0.55453 0.48687
vt 0.55296 0.49371
vt 0.57214 0.53684
vt 0.56265 0.52555
vt 0.55619 0.51868
vt 0.54305 0.49793
vt 0.54158 0.50955
vt 0.54849 0.48787
vt 0.27794 0.70769
vt 0.27166 0.70092
vt 0.26853 0.71304
vt 0.53865 0.48979
vt 0.53540 0.50502
vt 0.54691 0.51864
vt 0.55137 0.52938
vt 0.56009 0.53488
vt 0.56569 0.54201
vt 0.53387 0.51152
vt 0.52984 0.49847
vt 0.52857 0.50772
vt 0.25681 0.70620
vt 0.25708 0.71954
vt 0.26628 0.72556
vt 0.55280 0.54409
vt 0.53904 0.55276
vt 0.53681 0.53582
vt 0.54296 0.52608
vt 0.53609 0.52047
vt 0.52717 0.51543
vt 0.52220 0.51112
vt 0.52155 0.50525
vt 0.51684 0.50988
vt 0.51663 0.51704
vt 0.52407 0.52614
vt 0.53206 0.56756
vt 0.52600 0.55599
vt 0.52846 0.54684
vt 0.51556 0.52471
vt 0.51361 0.50539
vt 0.25385 0.73146
vt 0.51672 0.49828
vt 0.51824 0.54007
vt 0.51991 0.55023
vt 0.51051 0.52259
vt 0.51999 0.56374
vt 0.52139 0.57041
vt 0.52382 0.57875
vt 0.68448 0.53855
vt 0.68951 0.54473
vt 0.69749 0.53711
vt 0.51514 0.53050
vt 0.51046 0.52759
vt 0.51571 0.55699
vt 0.68219 0.54662
vt 0.53322 0.58040
vt 0.51698 0.57387
vt 0.68756 0.55031
vt 0.67580 0.54249
vt 0.67675 0.53345
vt 0.51037 0.55147
vt 0.66874 0.53003
vt 0.66994 0.53858
vt 0.67431 0.55153
vt 0.68210 0.55348
vt 0.51451 0.58010
vt 0.51066 0.57398
vt 0.54139 0.58905
vt 0.52910 0.58973
vt 0.54013 0.57707
vt 0.51905 0.58899
vt 0.50814 0.58639
vt 0.50822 0.57875
vt 0.50506 0.57472
vt 0.67775 0.55719
vt 0.66730 0.54659
vt 0.67185 0.55942
vt 0.50259 0.57905
vt 0.67818 0.56307
vt 0.66656 0.56361
vt 0.67160 0.56665
vt 0.67888 0.57083
vt 0.68669 0.56698
vt 0.68404 0.57143
vt 0.68294 0.57498
vt 0.68770 0.57456
vt 0.69675 0.57608
vt 0.51252 0.59811
vt 0.69021 0.57959
vt 0.69439 0.58502
vt 0.68525 0.57867
vt 0.67883 0.58024
vt 0.67100 0.57468
vt 0.66610 0.56959
vt 0.66164 0.57664
vt 0.66874 0.58652
vt 0.68649 0.58435
vt 0.70151 0.58545
vt 0.70784 0.58185
vt 0.70803 0.59160
vt 0.70019 0.59221
vt 0.69049 0.59124
vt 0.69567 0.59819
vt 0.68058 0.59122
vt 0.70545 0.59819
vt 0.70051 0.60580
vt 0.69017 0.60378
vt 0.70465 0.59407
vt 0.70550 0.61440
vt 0.69418 0.61257
vt 0.68742 0.59683
vt 0.68124 0.60065
vt 0.69940 0.62401
vt 0.68387 0.60910
vt 0.67219 0.59763
vt 0.67513 0.60641
vt 0.68612 0.61857
vt 0.68923 0.62624
vt 0.69513 0.63127
vt 0.69497 0.63726
vt 0.68892 0.63340
vt 0.68220 0.62809
vt 0.68336 0.62339
vt 0.67773 0.61347
vt 0.67580 0.62093
vt 0.68102 0.63657
vt 0.68901 0.64235
vt 0.70254 0.63588
vt 0.69784 0.64373
vt 0.71181 0.62179
vt 0.70937 0.63041
vt 0.70969 0.63606
vt 0.70865 0.63998
vt 0.70425 0.64400
vt 0.70125 0.64795
vt 0.69310 0.64816
vt 0.69768 0.65035
vt 0.84990 0.14054
vt 0.84616 0.14190
vt 0.84869 0.14463
vt 0.70115 0.65188
vt 0.84463 0.14748
vt 0.28735 0.56784
vt 0.28530 0.56203
vt 0.28223 0.56656
vt 0.27863 0.56190
vt 0.27681 0.55379
vt 0.10192 0.33521
vt 0.10826 0.33184
vt 0.10619 0.32802
vt 0.11169 0.33617
vt 0.29169 0.55361
vt 0.29553 0.56888
vt 0.28910 0.57142
vt 0.67850 0.64802
vt 0.68793 0.64975
vt 0.69268 0.65471
vt 0.69847 0.65539
vt 0.29143 0.57521
vt 0.30879 0.58081
vt 0.31184 0.56106
vt 0.30047 0.54039
vt 0.29708 0.58074
vt 0.69414 0.66197
vt 0.66733 0.65630
vt 0.67719 0.66081
vt 0.68524 0.65622
vt 0.68444 0.66454
vt 0.68956 0.66087
vt 0.30301 0.58505
vt 0.29981 0.58793
vt 0.68860 0.66692
vt 0.33158 0.56514
vt 0.32452 0.55307
vt 0.32882 0.58228
vt 0.32007 0.59798
vt 0.30678 0.59086
vt 0.30160 0.59481
vt 0.68486 0.67223
vt 0.67899 0.67114
vt 0.66799 0.67145
vt 0.68159 0.67539
vt 0.30854 0.60008
vt 0.30327 0.59925
vt 0.33202 0.55600
vt 0.34069 0.56828
vt 0.34249 0.57631
vt 0.30439 0.60245
vt 0.67917 0.67756
vt 0.67440 0.67774
vt 0.30781 0.60645
vt 0.67667 0.68229
vt 0.33893 0.56269
vt 0.33512 0.56008
vt 0.16195 0.07148
vt 0.16386 0.06516
vt 0.15834 0.06845
vt 0.33790 0.55636
vt 0.15759 0.07489
vt 0.34448 0.56586
vt 0.34558 0.57079
vt 0.34950 0.57433
vt 0.34803 0.59040
vt 0.31567 0.61054
vt 0.35276 0.58115
vt 0.11178 0.71063
vt 0.11708 0.71467
vt 0.11965 0.70752
vt 0.11718 0.71988
vt 0.11274 0.71747
vt 0.11415 0.72413
vt 0.81210 0.75050
vt 0.81441 0.74440
vt 0.80738 0.74757
vt 0.80777 0.75406
vt 0.80185 0.75553
vt 0.80589 0.76028
vt 0.79343 0.74924
vt 0.81234 0.74175
vt 0.80714 0.73697
vt 0.81480 0.74162
vt 0.81713 0.73830
vt 0.11433 0.70027
vt 0.81615 0.72890
vt 0.82354 0.72976
vt 0.34011 0.60366
vt 0.35798 0.59667
vt 0.35718 0.60704
vt 0.35796 0.58954
vt 0.12102 0.69774
vt 0.82242 0.71830
vt 0.79446 0.73098
vt 0.11664 0.69144
vt 0.82894 0.72240
vt 0.12146 0.69003
vt 0.36278 0.59554
vt 0.36452 0.60189
vt 0.11898 0.68348
vt 0.12501 0.68431
vt 0.82980 0.71615
vt 0.83530 0.71689
vt 0.80971 0.72175
vt 0.78035 0.73026
vt 0.78728 0.71987
vt 0.77981 0.72402
vt 0.83330 0.71161
vt 0.36856 0.61038
vt 0.37063 0.60516
vt 0.12299 0.67775
vt 0.77695 0.71900
vt 0.77421 0.72668
vt 0.77381 0.73182
vt 0.76573 0.72271
vt 0.76795 0.73257
vt 0.80021 0.71649
vt 0.84123 0.71338
vt 0.83872 0.70801
vt 0.83362 0.70650
vt 0.82897 0.71046
vt 0.79447 0.70764
vt 0.80366 0.70709
vt 0.78229 0.70911
vt 0.77154 0.71159
vt 0.78837 0.69658
vt 0.77500 0.70050
vt 0.80244 0.69675
vt 0.80873 0.71172
vt 0.81621 0.71102
vt 0.82398 0.70754
vt 0.82990 0.70284
vt 0.83672 0.69935
vt 0.82440 0.69959
vt 0.81940 0.70368
vt 0.81219 0.70285
vt 0.76660 0.70569
vt 0.76158 0.71307
vt 0.75602 0.71989
vt 0.75870 0.70540
vt 0.81853 0.69803
vt 0.82249 0.69181
vt 0.81358 0.69237
vt 0.74908 0.71342
vt 0.75096 0.69663
vt 0.73878 0.70649
vt 0.76445 0.69824
vt 0.79612 0.68796
vt 0.80610 0.68292
vt 0.81811 0.68281
vt 0.78735 0.68421
vt 0.77887 0.68988
vt 0.77108 0.69245
vt 0.76329 0.68878
vt 0.77177 0.68570
vt 0.77771 0.68010
vt 0.79566 0.67904
vt 0.78637 0.67125
vt 0.76641 0.67770
vt 0.75441 0.68222
vt 0.73528 0.69642
vt 0.74027 0.68374
vt 0.73024 0.70462
vt 0.80116 0.66815
vt 0.81257 0.67346
vt 0.75555 0.67162
vt 0.74780 0.67553
vt 0.72643 0.68856
vt 0.72402 0.69968
vt 0.71514 0.69420
vt 0.72703 0.67536
vt 0.74753 0.66875
vt 0.73965 0.67162
vt 0.77473 0.67153
vt 0.81326 0.66314
vt 0.75150 0.66097
vt 0.76558 0.66448
vt 0.77777 0.66280
vt 0.78896 0.65149
vt 0.80414 0.65504
vt 0.74232 0.66392
vt 0.75983 0.65088
vt 0.77255 0.65312
vt 0.76784 0.64548
vt 0.73993 0.65576
vt 0.74809 0.65113
vt 0.76391 0.63631
vt 0.77528 0.64158
vt 0.75091 0.64246
vt 0.75293 0.63375
vt 0.82484 0.67226
vt 0.82300 0.65938
vt 0.83841 0.66049
vt 0.81467 0.65055
vt 0.80371 0.64371
vt 0.75770 0.62540
vt 0.77507 0.63077
vt 0.78413 0.63480
vt 0.79497 0.63526
vt 0.81382 0.63904
vt 0.80574 0.63186
vt 0.82144 0.64421
vt 0.82570 0.65151
vt 0.83158 0.64334
vt 0.82234 0.63731
vt 0.81695 0.62862
vt 0.80769 0.62339
vt 0.79810 0.62389
vt 0.78929 0.62614
vt 0.78138 0.62444
vt 0.82830 0.63199
vt 0.83756 0.63520
vt 0.81446 0.61778
vt 0.80288 0.61510
vt 0.78848 0.61398
vt 0.81003 0.60810
vt 0.82672 0.62091
vt 0.82175 0.61019
vt 0.83519 0.62732
vt 0.81631 0.60063
vt 0.79949 0.60509
vt 0.80674 0.60046
vt 0.79000 0.59761
vt 0.80007 0.59530
vt 0.80931 0.59300
vt 0.79506 0.59077
vt 0.78168 0.59190
vt 0.77925 0.58360
vt 0.77142 0.58256
vt 0.77592 0.57605
vt 0.78008 0.57094
vt 0.52970 0.23871
vt 0.84179 0.68493
vt 0.82787 0.68499
vt 0.85355 0.68332
vt 0.85711 0.68702
vt 0.83069 0.69385
vt 0.85193 0.68985
vt 0.85686 0.69243
vt 0.38227 0.62869
vt 0.37788 0.63084
vt 0.85256 0.69784
vt 0.37998 0.62198
vt 0.37775 0.62606
vt 0.84801 0.69310
vt 0.84489 0.69959
vt 0.37045 0.62270
vt 0.84901 0.70486
vt 0.37516 0.61588
vt 0.84447 0.70799
vt 0.37420 0.61030
vt 0.33140 0.62059
vt 0.32430 0.62665
vt 0.31950 0.62076
vt 0.31818 0.62803
vt 0.31355 0.62212
vt 0.32390 0.63151
vt 0.66035 0.69911
vt 0.65754 0.69095
vt 0.66453 0.69284
vt 0.31250 0.61665
vt 0.66544 0.68417
vt 0.66901 0.69012
vt 0.30827 0.61161
vt 0.67222 0.68427
vt 0.67017 0.67945
vt 0.65813 0.65106
vt 0.66595 0.64447
vt 0.66520 0.63408
vt 0.65865 0.62949
vt 0.67299 0.63851
vt 0.67390 0.63028
vt 0.66594 0.62450
vt 0.65684 0.62193
vt 0.66276 0.61717
vt 0.65601 0.61540
vt 0.66834 0.61903
vt 0.66929 0.61309
vt 0.66065 0.61032
vt 0.65300 0.60979
vt 0.65890 0.60410
vt 0.65394 0.60009
vt 0.66636 0.60460
vt 0.66248 0.59671
vt 0.64788 0.59567
vt 0.65592 0.58778
vt 0.64077 0.60012
vt 0.47116 0.59173
vt 0.48155 0.58453
vt 0.48565 0.57587
vt 0.70539 0.69993
vt 0.71353 0.70585
vt 0.71344 0.72022
vt 0.72286 0.71008
vt 0.73050 0.71166
vt 0.72588 0.71916
vt 0.69824 0.73002
vt 0.73605 0.71730
vt 0.73152 0.72556
vt 0.74111 0.72534
vt 0.73465 0.72898
vt 0.74859 0.72339
vt 0.74545 0.72535
vt 0.75396 0.72748
vt 0.74663 0.72755
vt 0.71193 0.73584
vt 0.72229 0.72900
vt 0.72987 0.73249
vt 0.73632 0.73250
vt 0.74283 0.73194
vt 0.74827 0.73161
vt 0.76007 0.73245
vt 0.75224 0.73508
vt 0.74551 0.73672
vt 0.73861 0.73772
vt 0.72305 0.73918
vt 0.70233 0.74086
vt 0.70804 0.74541
vt 0.71576 0.74365
vt 0.73188 0.73827
vt 0.74101 0.74226
vt 0.74791 0.74164
vt 0.75653 0.74033
vt 0.76231 0.73637
vt 0.76462 0.74028
vt 0.73480 0.74345
vt 0.72880 0.74409
vt 0.72252 0.74839
vt 0.70593 0.75263
vt 0.71338 0.75026
vt 0.73208 0.75097
vt 0.73751 0.74654
vt 0.74224 0.74685
vt 0.74882 0.74838
vt 0.75819 0.74917
vt 0.76991 0.74701
vt 0.77323 0.73739
vt 0.78172 0.74176
vt 0.77725 0.75454
vt 0.76264 0.75878
vt 0.74667 0.76069
vt 0.74022 0.75278
vt 0.73782 0.74937
vt 0.72919 0.75768
vt 0.71792 0.75573
vt 0.71054 0.75868
vt 0.73448 0.75924
vt 0.75408 0.77394
vt 0.77028 0.76893
vt 0.78546 0.76354
vt 0.79124 0.75817
vt 0.74330 0.77146
vt 0.79157 0.76113
vt 0.79498 0.75889
vt 0.79325 0.76131
vt 0.79324 0.76372
vt 0.79953 0.76226
vt 0.79703 0.76649
vt 0.79378 0.76677
vt 0.79061 0.76843
vt 0.79461 0.76904
vt 0.31932 0.07006
vt 0.32316 0.07353
vt 0.32418 0.06814
vt 0.31839 0.07384
vt 0.31568 0.07114
vt 0.32991 0.07241
vt 0.33383 0.55079
vt 0.33040 0.54752
vt 0.32967 0.55098
vt 0.31477 0.07441
vt 0.31710 0.07685
vt 0.32733 0.54787
vt 0.31094 0.07246
vt 0.79216 0.77326
vt 0.78558 0.77548
vt 0.77849 0.77356
vt 0.76407 0.77842
vt 0.77228 0.77978
vt 0.79043 0.77898
vt 0.31187 0.07788
vt 0.32363 0.54405
vt 0.31522 0.54596
vt 0.31819 0.53987
vt 0.32206 0.53765
vt 0.30561 0.07567
vt 0.78597 0.78357
vt 0.31983 0.53155
vt 0.31717 0.53504
vt 0.78164 0.78206
vt 0.77904 0.77891
vt 0.76468 0.78561
vt 0.75827 0.78354
vt 0.77154 0.78827
vt 0.77693 0.78329
vt 0.77969 0.78717
vt 0.05999 0.65329
vt 0.05820 0.66031
vt 0.06452 0.65899
vt 0.31306 0.52954
vt 0.31141 0.53672
vt 0.30365 0.52820
vt 0.06221 0.66786
vt 0.30861 0.52206
vt 0.77666 0.79406
vt 0.09659 0.27236
vt 0.10462 0.27470
vt 0.09931 0.26569
vt 0.76721 0.79349
vt 0.77081 0.79462
vt 0.77056 0.80015
vt 0.73947 0.37075
vt 0.74678 0.36635
vt 0.74227 0.36198
vt 0.29998 0.51864
vt 0.27933 0.53776
vt 0.76749 0.79726
vt 0.76347 0.79703
vt 0.76510 0.80138
vt 0.76667 0.80537
vt 0.75178 0.36219
vt 0.74786 0.36083
vt 0.29917 0.51304
vt 0.29459 0.51361
vt 0.26946 0.54463
vt 0.26507 0.53568
vt 0.26261 0.51790
vt 0.26007 0.54503
vt 0.25417 0.53329
vt 0.26730 0.55167
vt 0.10792 0.34321
vt 0.71702 0.62739
vt 0.72288 0.61965
vt 0.71481 0.61452
vt 0.73248 0.61088
vt 0.72156 0.60927
vt 0.25053 0.52438
vt 0.72704 0.60324
vt 0.71104 0.60690
vt 0.71789 0.59879
vt 0.72516 0.59846
vt 0.73454 0.60265
vt 0.72962 0.59872
vt 0.24618 0.52981
vt 0.24708 0.51725
vt 0.24295 0.52340
vt 0.74094 0.59877
vt 0.73428 0.59546
vt 0.72599 0.59300
vt 0.71687 0.58793
vt 0.74033 0.59098
vt 0.73243 0.58720
vt 0.23987 0.51798
vt 0.74537 0.59443
vt 0.24610 0.50727
vt 0.24038 0.51264
vt 0.08420 0.27536
vt 0.08194 0.27036
vt 0.07750 0.27544
vt 0.74631 0.58779
vt 0.73903 0.58176
vt 0.72418 0.58334
vt 0.73005 0.57820
vt 0.73489 0.57422
vt 0.07409 0.26865
vt 0.75247 0.58514
vt 0.74637 0.58092
vt 0.23508 0.50684
vt 0.23125 0.50101
vt 0.74978 0.57662
vt 0.75549 0.57867
vt 0.74223 0.57456
vt 0.53301 0.61707
vt 0.52841 0.60868
vt 0.52439 0.61736
vt 0.51943 0.60808
vt 0.54063 0.61534
vt 0.53572 0.60930
vt 0.74711 0.57113
vt 0.74734 0.56286
vt 0.74198 0.56790
vt 0.73523 0.56720
vt 0.73876 0.56215
vt 0.72661 0.56750
vt 0.54280 0.60417
vt 0.53360 0.60015
vt 0.52375 0.59909
vt 0.73015 0.56352
vt 0.72668 0.55921
vt 0.71736 0.55370
vt 0.73221 0.56003
vt 0.74136 0.55748
vt 0.73599 0.55576
vt 0.75274 0.55431
vt 0.74499 0.55333
vt 0.73973 0.55296
vt 0.73597 0.55045
vt 0.72869 0.55037
vt 0.74022 0.54790
vt 0.73420 0.54519
vt 0.73853 0.53980
vt 0.72126 0.54450
vt 0.54479 0.58104
vt 0.54926 0.58278
vt 0.72757 0.53739
vt 0.55823 0.58026
vt 0.54809 0.57461
vt 0.56664 0.58701
vt 0.56899 0.57820
vt 0.74586 0.53393
vt 0.57591 0.58543
vt 0.57880 0.57363
vt 0.56428 0.57136
vt 0.55610 0.56831
vt 0.56263 0.56614
vt 0.57054 0.57172
vt 0.57002 0.56289
vt 0.57957 0.56373
vt 0.58672 0.56486
vt 0.58354 0.55272
vt 0.56022 0.56154
vt 0.55161 0.55834
vt 0.54801 0.56616
vt 0.54201 0.56893
vt 0.54264 0.56274
vt 0.56173 0.55339
vt 0.57129 0.55067
vt 0.59126 0.55843
vt 0.58343 0.53953
vt 0.57562 0.54272
vt 0.50917 0.50243
vt 0.24452 0.70628
vt 0.24933 0.69274
vt 0.23761 0.69096
vt 0.26679 0.68953
vt 0.23481 0.68503
vt 0.83196 0.25963
vt 0.22839 0.68553
vt 0.23789 0.67901
vt 0.23251 0.68029
vt 0.44469 0.52053
vt 0.44511 0.51497
vt 0.45076 0.51782
vt 0.45193 0.51296
vt 0.45631 0.51473
vt 0.23654 0.67539
vt 0.19427 0.80490
vt 0.19197 0.81059
vt 0.42509 0.53914
vt 0.42753 0.54461
vt 0.41871 0.54738
vt 0.41764 0.54026
vt 0.18552 0.81497
vt 0.41646 0.55779
vt 0.40837 0.55283
vt 0.41061 0.54519
vt 0.18172 0.82257
vt 0.40565 0.54863
vt 0.17541 0.82576
vt 0.17873 0.82770
vt 0.41146 0.56532
vt 0.40820 0.56048
vt 0.39926 0.56087
vt 0.40010 0.55137
vt 0.17560 0.83305
vt 0.16722 0.83223
vt 0.40544 0.56595
vt 0.39084 0.55566
vt 0.17024 0.84176
vt 0.40063 0.56946
vt 0.40490 0.58503
vt 0.39854 0.58327
vt 0.39774 0.57570
vt 0.39300 0.57060
vt 0.38740 0.56412
vt 0.38016 0.55916
vt 0.16316 0.84183
vt 0.16307 0.85040
vt 0.15675 0.84634
vt 0.37708 0.56901
vt 0.38415 0.57316
vt 0.38871 0.58110
vt 0.40014 0.59182
vt 0.40685 0.59114
vt 0.40295 0.60068
vt 0.39474 0.59903
vt 0.39143 0.59193
vt 0.57813 0.61750
vt 0.57054 0.61320
vt 0.56633 0.62529
vt 0.56274 0.61369
vt 0.65248 0.08281
vt 0.64931 0.09281
vt 0.65795 0.08805
vt 0.15470 0.85413
vt 0.65864 0.09431
vt 0.66646 0.08103
vt 0.66395 0.08900
vt 0.55301 0.62370
vt 0.56521 0.64078
vt 0.55726 0.63527
vt 0.58542 0.62507
vt 0.57551 0.63295
vt 0.59179 0.62977
vt 0.58550 0.63767
vt 0.39345 0.60778
vt 0.59502 0.63826
vt 0.59030 0.64860
vt 0.66940 0.08759
vt 0.53588 0.33197
vt 0.53210 0.33582
vt 0.53823 0.34014
vt 0.53002 0.33054
vt 0.55725 0.64441
vt 0.57469 0.65229
vt 0.58737 0.66252
vt 0.59757 0.64603
vt 0.39191 0.61534
vt 0.55150 0.64162
vt 0.59825 0.67371
vt 0.58527 0.67718
vt 0.60614 0.66619
vt 0.60537 0.68185
vt 0.57527 0.66732
vt 0.57221 0.66121
vt 0.56012 0.65386
vt 0.56610 0.66404
vt 0.59314 0.68291
vt 0.59974 0.68582
vt 0.60727 0.68976
vt 0.61097 0.69814
vt 0.60124 0.69545
vt 0.59456 0.69002
vt 0.58805 0.68770
vt 0.55477 0.66513
vt 0.56787 0.67376
vt 0.55988 0.67403
vt 0.57506 0.67986
vt 0.58145 0.68572
vt 0.59208 0.69663
vt 0.60577 0.70754
vt 0.59875 0.70090
vt 0.58389 0.69233
vt 0.57578 0.69136
vt 0.56550 0.68381
vt 0.56745 0.69524
vt 0.58392 0.69894
vt 0.59668 0.70443
vt 0.59094 0.70389
vt 0.57679 0.70191
vt 0.58577 0.70713
vt 0.59608 0.71334
vt 0.60056 0.72503
vt 0.59327 0.72029
vt 0.58831 0.71470
vt 0.58112 0.71101
vt 0.57455 0.70726
vt 0.56955 0.70259
vt 0.56866 0.70752
vt 0.57659 0.71434
vt 0.58678 0.72139
vt 0.59545 0.72659
vt 0.56509 0.14522
vt 0.56541 0.14961
vt 0.55478 0.14558
vt 0.54915 0.15252
vt 0.54228 0.14497
vt 0.56094 0.15371
vt 0.57002 0.15404
vt 0.42839 0.24445
vt 0.42026 0.24852
vt 0.41927 0.25494
vt 0.40926 0.25297
vt 0.42571 0.25963
vt 0.40952 0.26128
vt 0.43655 0.26219
vt 0.42694 0.26677
vt 0.41638 0.26736
vt 0.40578 0.26854
vt 0.40899 0.27358
vt 0.42020 0.27480
vt 0.43454 0.27029
vt 0.45255 0.27069
vt 0.44347 0.27387
vt 0.43130 0.27937
vt 0.41849 0.28360
vt 0.40381 0.28272
vt 0.39842 0.27397
vt 0.45527 0.27320
vt 0.45180 0.27687
vt 0.42553 0.28582
vt 0.41870 0.28906
vt 0.40933 0.28998
vt 0.22894 0.03769
vt 0.22308 0.04328
vt 0.23260 0.04329
vt 0.07047 0.63531
vt 0.07583 0.63451
vt 0.07111 0.62862
vt 0.15843 0.12042
vt 0.15646 0.11490
vt 0.14839 0.11419
vt 0.43340 0.28593
vt 0.07758 0.64226
vt 0.44237 0.28135
vt 0.45019 0.28361
vt 0.44182 0.28733
vt 0.16771 0.12353
vt 0.16343 0.12651
vt 0.17175 0.12930
vt 0.15813 0.12448
vt 0.15162 0.12172
vt 0.14014 0.11090
vt 0.14130 0.10742
vt 0.23940 0.03743
vt 0.40276 0.29587
vt 0.39794 0.29207
vt 0.18015 0.13241
vt 0.18612 0.13608
vt 0.18890 0.14122
vt 0.76117 0.06647
vt 0.75770 0.06153
vt 0.75656 0.06677
vt 0.45809 0.27544
vt 0.45536 0.27731
vt 0.45564 0.27934
vt 0.19390 0.14419
vt 0.75230 0.05951
vt 0.75419 0.06292
vt 0.75095 0.06421
vt 0.74590 0.06004
vt 0.74558 0.06702
vt 0.45883 0.27073
vt 0.46336 0.27228
vt 0.13285 0.10598
vt 0.13548 0.10264
vt 0.39494 0.29740
vt 0.38886 0.29583
vt 0.12947 0.09991
vt 0.38892 0.30034
vt 0.83156 0.31842
vt 0.38778 0.28917
vt 0.38911 0.28018
vt 0.38149 0.29528
vt 0.37900 0.28443
vt 0.38703 0.27239
vt 0.37958 0.27796
vt 0.38216 0.26906
vt 0.37816 0.27269
vt 0.37325 0.28067
vt 0.38701 0.26690
vt 0.39610 0.26633
vt 0.37631 0.26779
vt 0.38267 0.26466
vt 0.38939 0.26311
vt 0.39660 0.25795
vt 0.53566 0.15089
vt 0.53210 0.14258
vt 0.52534 0.14612
vt 0.52684 0.15144
vt 0.52021 0.15052
vt 0.51614 0.14376
vt 0.51313 0.14998
vt 0.50964 0.14511
vt 0.50832 0.14878
vt 0.50252 0.14301
vt 0.50979 0.14039
vt 0.52277 0.13816
vt 0.51414 0.13719
vt 0.54968 0.68777
vt 0.54948 0.69573
vt 0.55458 0.69522
vt 0.55898 0.69075
vt 0.56166 0.70021
vt 0.55010 0.67570
vt 0.55673 0.68241
vt 0.55055 0.65798
vt 0.55086 0.64962
vt 0.54309 0.64372
vt 0.53409 0.64394
vt 0.53853 0.63699
vt 0.54338 0.63704
vt 0.54861 0.63483
vt 0.54346 0.63289
vt 0.54733 0.62941
vt 0.54404 0.62911
vt 0.54023 0.63073
vt 0.54726 0.62651
vt 0.67720 0.08245
vt 0.67830 0.08455
vt 0.68115 0.08270
vt 0.67556 0.08489
vt 0.67305 0.08270
vt 0.67163 0.08471
vt 0.67369 0.08693
vt 0.52676 0.32464
vt 0.52896 0.32622
vt 0.53205 0.32655
vt 0.14763 0.85893

# No. faces 5656:

usemtl CaveWalls4

f 3/3/5659 2/2/5658 1/1/5657
f 4/4/5660 1/1/5657 2/2/5658
f 5/5/5661 1/1/5657 4/4/5660
f 5/8/5661 6/7/5662 1/6/5657
f 1/6/5657 7/10/5663 3/9/5659
f 7/10/5663 1/6/5657 6/7/5662
f 2/2/5658 8/11/5664 4/4/5660
f 4/4/5660 8/11/5664 9/12/5665
f 9/12/5665 5/5/5661 4/4/5660
f 6/7/5662 5/8/5661 10/13/5666
f 6/7/5662 11/14/5667 7/10/5663
f 6/7/5662 10/13/5666 11/14/5667
f 13/16/5669 7/10/5663 12/15/5668
f 14/17/5670 7/10/5663 13/16/5669
f 7/10/5663 11/14/5667 12/15/5668
f 7/10/5663 14/17/5670 3/9/5659
f 15/18/5671 2/2/5658 3/3/5659
f 3/3/5659 14/19/5670 15/18/5671
f 2/2/5658 16/20/5672 8/11/5664
f 17/21/5673 5/5/5661 9/12/5665
f 5/8/5661 17/22/5673 10/13/5666
f 18/23/5674 13/16/5669 12/15/5668
f 19/24/5675 13/16/5669 18/23/5674
f 19/24/5675 14/17/5670 13/16/5669
f 20/25/5676 14/17/5670 19/24/5675
f 14/19/5670 20/26/5676 15/18/5671
f 21/27/5677 16/20/5672 2/2/5658
f 15/18/5671 21/27/5677 2/2/5658
f 8/11/5664 16/20/5672 22/28/5678
f 8/11/5664 22/28/5678 23/29/5679
f 9/12/5665 8/11/5664 23/29/5679
f 9/12/5665 23/29/5679 24/30/5680
f 24/30/5680 25/31/5681 9/12/5665
f 25/31/5681 17/21/5673 9/12/5665
f 17/22/5673 25/32/5681 10/13/5666
f 12/15/5668 11/14/5667 26/33/5682
f 27/34/5683 12/15/5668 26/33/5682
f 18/23/5674 12/15/5668 27/34/5683
f 28/35/5684 18/23/5674 27/34/5683
f 28/35/5684 19/24/5675 18/23/5674
f 29/36/5685 19/24/5675 28/35/5684
f 29/36/5685 20/25/5676 19/24/5675
f 30/37/5686 20/25/5676 29/36/5685
f 20/26/5676 30/38/5686 15/18/5671
f 31/39/5687 21/27/5677 15/18/5671
f 15/18/5671 30/38/5686 31/39/5687
f 32/40/5688 16/20/5672 21/27/5677
f 31/39/5687 32/40/5688 21/27/5677
f 32/40/5688 33/41/5689 16/20/5672
f 34/42/5690 32/40/5688 31/39/5687
f 31/39/5687 30/38/5686 34/42/5690
f 35/43/5691 29/36/5685 28/35/5684
f 36/44/5692 28/35/5684 27/34/5683
f 35/43/5691 28/35/5684 36/44/5692
f 36/44/5692 27/34/5683 37/45/5693
f 27/34/5683 26/33/5682 38/46/5694
f 27/34/5683 38/46/5694 37/45/5693
f 39/47/5695 36/44/5692 37/45/5693
f 40/48/5696 36/44/5692 39/47/5695
f 40/48/5696 35/43/5691 36/44/5692
f 41/49/5697 29/36/5685 35/43/5691
f 41/49/5697 30/37/5686 29/36/5685
f 42/50/5698 30/37/5686 41/49/5697
f 42/51/5698 34/42/5690 30/38/5686
f 32/40/5688 43/52/5699 33/41/5689
f 44/53/5700 43/52/5699 32/40/5688
f 32/40/5688 45/54/5701 44/53/5700
f 34/42/5690 45/54/5701 32/40/5688
f 45/54/5701 34/42/5690 42/51/5698
f 42/50/5698 47/56/5703 46/55/5702
f 47/56/5703 42/50/5698 41/49/5697
f 35/43/5691 47/56/5703 41/49/5697
f 40/48/5696 48/57/5704 35/43/5691
f 48/57/5704 47/56/5703 35/43/5691
f 50/59/5706 37/45/5693 49/58/5705
f 50/59/5706 39/47/5695 37/45/5693
f 39/47/5695 50/59/5706 51/60/5707
f 52/61/5708 39/47/5695 51/60/5707
f 40/48/5696 39/47/5695 52/61/5708
f 48/57/5704 40/48/5696 53/62/5709
f 53/62/5709 40/48/5696 52/61/5708
f 47/56/5703 48/57/5704 46/55/5702
f 46/55/5702 48/57/5704 53/62/5709
f 54/63/5710 45/54/5701 42/51/5698
f 45/54/5701 54/63/5710 44/53/5700
f 43/52/5699 55/64/5711 33/41/5689
f 44/53/5700 55/64/5711 43/52/5699
f 56/65/5712 55/64/5711 44/53/5700
f 44/53/5700 57/66/5713 56/65/5712
f 54/63/5710 57/66/5713 44/53/5700
f 58/69/5714 54/68/5710 42/67/5698
f 57/70/5713 54/68/5710 58/69/5714
f 58/71/5714 42/50/5698 46/55/5702
f 59/72/5715 46/55/5702 53/62/5709
f 59/72/5715 53/62/5709 60/73/5716
f 60/73/5716 53/62/5709 52/61/5708
f 61/74/5717 52/61/5708 51/60/5707
f 60/73/5716 52/61/5708 61/74/5717
f 63/76/5719 51/60/5707 62/75/5718
f 61/74/5717 51/60/5707 63/76/5719
f 51/60/5707 50/59/5706 62/75/5718
f 50/59/5706 64/77/5720 62/75/5718
f 66/80/5722 62/79/5718 65/78/5721
f 63/81/5719 62/79/5718 66/80/5722
f 62/79/5718 64/82/5720 65/78/5721
f 67/83/5723 63/81/5719 66/80/5722
f 68/84/5724 63/81/5719 67/83/5723
f 68/85/5724 61/74/5717 63/76/5719
f 69/86/5725 67/83/5723 66/80/5722
f 66/80/5722 65/78/5721 70/87/5726
f 72/89/5728 66/80/5722 71/88/5727
f 69/86/5725 66/80/5722 72/89/5728
f 66/80/5722 70/87/5726 71/88/5727
f 73/92/5729 69/91/5725 72/90/5728
f 61/74/5717 68/85/5724 74/93/5730
f 60/73/5716 61/74/5717 75/94/5731
f 75/94/5731 61/74/5717 74/93/5730
f 59/72/5715 60/73/5716 75/94/5731
f 46/55/5702 59/72/5715 76/95/5732
f 58/71/5714 46/55/5702 77/96/5733
f 77/96/5733 46/55/5702 76/95/5732
f 57/70/5713 58/69/5714 78/97/5734
f 78/98/5734 58/71/5714 77/96/5733
f 57/66/5713 78/99/5734 56/65/5712
f 79/100/5735 78/98/5734 77/96/5733
f 56/65/5712 78/99/5734 80/101/5736
f 78/99/5734 79/102/5735 80/101/5736
f 74/93/5730 68/85/5724 81/103/5737
f 68/84/5724 67/83/5723 81/104/5737
f 73/92/5729 82/105/5738 69/91/5725
f 73/92/5729 72/90/5728 83/106/5739
f 82/105/5738 73/92/5729 84/107/5740
f 67/83/5723 69/86/5725 81/104/5737
f 81/103/5737 69/91/5725 82/105/5738
f 85/108/5741 74/93/5730 81/103/5737
f 85/108/5741 75/94/5731 74/93/5730
f 86/109/5742 75/94/5731 85/108/5741
f 86/109/5742 59/72/5715 75/94/5731
f 87/110/5743 76/95/5732 59/72/5715
f 87/110/5743 77/96/5733 76/95/5732
f 88/111/5744 77/96/5733 87/110/5743
f 88/111/5744 79/100/5735 77/96/5733
f 86/109/5742 87/110/5743 59/72/5715
f 89/112/5745 86/109/5742 85/108/5741
f 89/112/5745 85/108/5741 90/113/5746
f 90/113/5746 85/108/5741 82/105/5738
f 85/108/5741 81/103/5737 82/105/5738
f 91/114/5747 84/107/5740 73/92/5729
f 92/115/5748 84/107/5740 91/114/5747
f 90/113/5746 84/107/5740 92/115/5748
f 90/113/5746 82/105/5738 84/107/5740
f 93/116/5749 87/110/5743 86/109/5742
f 93/116/5749 88/111/5744 87/110/5743
f 89/112/5745 90/113/5746 94/117/5750
f 94/117/5750 90/113/5746 92/115/5748
f 96/119/5752 92/115/5748 95/118/5751
f 94/117/5750 92/115/5748 96/119/5752
f 92/115/5748 91/114/5747 95/118/5751
f 97/120/5753 94/117/5750 96/119/5752
f 98/121/5754 86/109/5742 89/112/5745
f 98/121/5754 93/116/5749 86/109/5742
f 100/123/5756 99/122/5755 93/116/5749
f 99/122/5755 88/111/5744 93/116/5749
f 101/124/5757 93/116/5749 98/121/5754
f 101/124/5757 100/123/5756 93/116/5749
f 101/124/5757 98/121/5754 102/125/5758
f 103/126/5759 94/117/5750 97/120/5753
f 105/128/5761 97/120/5753 104/127/5760
f 103/126/5759 97/120/5753 105/128/5761
f 104/127/5760 97/120/5753 106/129/5762
f 97/120/5753 96/119/5752 106/129/5762
f 104/132/5760 106/131/5762 107/130/5763
f 108/133/5764 104/132/5760 107/130/5763
f 105/134/5761 104/132/5760 108/133/5764
f 98/121/5754 89/112/5745 94/117/5750
f 110/136/5766 102/125/5758 109/135/5765
f 110/136/5766 101/124/5757 102/125/5758
f 111/137/5767 101/124/5757 110/136/5766
f 109/135/5765 111/137/5767 110/136/5766
f 112/138/5768 109/135/5765 102/125/5758
f 113/139/5769 102/125/5758 98/121/5754
f 112/138/5768 102/125/5758 113/139/5769
f 114/140/5770 98/121/5754 94/117/5750
f 113/139/5769 98/121/5754 114/140/5770
f 114/140/5770 94/117/5750 103/126/5759
f 116/142/5772 108/133/5764 115/141/5771
f 115/141/5771 108/133/5764 117/143/5773
f 108/133/5764 107/130/5763 117/143/5773
f 115/141/5771 117/143/5773 118/144/5774
f 116/142/5772 115/141/5771 118/144/5774
f 119/145/5775 108/133/5764 116/142/5772
f 119/145/5775 105/134/5761 108/133/5764
f 120/147/5776 105/128/5761 119/146/5775
f 120/147/5776 103/126/5759 105/128/5761
f 121/148/5777 103/126/5759 120/147/5776
f 121/148/5777 114/140/5770 103/126/5759
f 113/139/5769 114/140/5770 121/148/5777
f 122/149/5778 113/139/5769 121/148/5777
f 112/138/5768 113/139/5769 122/149/5778
f 123/150/5779 121/148/5777 120/147/5776
f 122/149/5778 121/148/5777 123/150/5779
f 123/150/5779 120/147/5776 119/146/5775
f 124/151/5780 119/145/5775 116/142/5772
f 123/152/5779 119/145/5775 124/151/5780
f 126/154/5782 116/142/5772 125/153/5781
f 124/151/5780 116/142/5772 126/154/5782
f 116/142/5772 118/144/5774 125/153/5781
f 127/155/5783 124/151/5780 126/154/5782
f 127/155/5783 123/152/5779 124/151/5780
f 128/156/5784 123/152/5779 127/155/5783
f 129/157/5785 123/152/5779 128/156/5784
f 129/158/5785 122/149/5778 123/150/5779
f 130/159/5786 128/156/5784 127/155/5783
f 129/157/5785 128/156/5784 130/159/5786
f 131/160/5787 127/155/5783 126/154/5782
f 131/160/5787 126/154/5782 132/161/5788
f 132/161/5788 126/154/5782 133/162/5789
f 126/154/5782 125/153/5781 133/162/5789
f 135/164/5791 133/162/5789 134/163/5790
f 135/164/5791 132/161/5788 133/162/5789
f 136/165/5792 131/160/5787 132/161/5788
f 136/165/5792 127/155/5783 131/160/5787
f 136/165/5792 130/159/5786 127/155/5783
f 137/166/5793 122/149/5778 129/158/5785
f 137/166/5793 112/138/5768 122/149/5778
f 138/167/5794 130/159/5786 136/165/5792
f 135/164/5791 134/163/5790 139/168/5795
f 140/169/5796 132/161/5788 135/164/5791
f 141/170/5797 132/161/5788 140/169/5796
f 141/170/5797 136/165/5792 132/161/5788
f 129/157/5785 130/159/5786 138/167/5794
f 142/171/5798 140/169/5796 135/164/5791
f 143/172/5799 135/164/5791 139/168/5795
f 142/171/5798 135/164/5791 143/172/5799
f 143/172/5799 139/168/5795 144/173/5800
f 146/175/5802 144/173/5800 145/174/5801
f 146/175/5802 143/172/5799 144/173/5800
f 147/176/5803 143/172/5799 146/175/5802
f 147/176/5803 142/171/5798 143/172/5799
f 148/177/5804 142/171/5798 147/176/5803
f 140/169/5796 142/171/5798 148/177/5804
f 149/178/5805 129/157/5785 138/167/5794
f 149/180/5805 150/179/5806 129/158/5785
f 151/181/5807 150/179/5806 149/180/5805
f 152/182/5808 149/178/5805 138/167/5794
f 153/183/5809 149/178/5805 152/182/5808
f 153/183/5809 151/184/5807 149/178/5805
f 152/182/5808 138/167/5794 136/165/5792
f 141/170/5797 140/169/5796 154/185/5810
f 154/185/5810 140/169/5796 148/177/5804
f 155/186/5811 148/177/5804 147/176/5803
f 146/175/5802 145/174/5801 156/187/5812
f 158/189/5814 156/187/5812 157/188/5813
f 158/189/5814 146/175/5802 156/187/5812
f 158/189/5814 147/176/5803 146/175/5802
f 159/190/5815 147/176/5803 158/189/5814
f 159/190/5815 155/186/5811 147/176/5803
f 155/186/5811 154/185/5810 148/177/5804
f 154/185/5810 136/165/5792 141/170/5797
f 154/185/5810 152/182/5808 136/165/5792
f 160/191/5816 152/182/5808 154/185/5810
f 160/191/5816 153/183/5809 152/182/5808
f 161/192/5817 154/185/5810 155/186/5811
f 161/192/5817 160/191/5816 154/185/5810
f 162/193/5818 159/190/5815 158/189/5814
f 162/193/5818 158/189/5814 157/188/5813
f 164/195/5820 157/188/5813 163/194/5819
f 157/188/5813 156/187/5812 163/194/5819
f 163/194/5819 156/187/5812 165/196/5821
f 156/187/5812 145/174/5801 165/196/5821
f 145/174/5801 144/173/5800 165/196/5821
f 163/194/5819 165/196/5821 166/197/5822
f 166/197/5822 165/196/5821 167/198/5823
f 164/195/5820 163/194/5819 168/199/5824
f 168/199/5824 163/194/5819 166/197/5822
f 170/201/5826 155/186/5811 169/200/5825
f 170/201/5826 161/192/5817 155/186/5811
f 159/190/5815 169/200/5825 155/186/5811
f 171/202/5827 164/195/5820 168/199/5824
f 168/205/5824 173/204/5829 172/203/5828
f 171/202/5827 168/199/5824 172/206/5828
f 168/205/5824 174/207/5830 173/204/5829
f 168/199/5824 166/197/5822 174/208/5830
f 166/197/5822 175/209/5831 174/208/5830
f 166/197/5822 167/198/5823 175/209/5831
f 173/204/5829 174/207/5830 176/210/5832
f 174/207/5830 175/211/5831 176/210/5832
f 173/204/5829 176/210/5832 177/212/5833
f 172/203/5828 173/204/5829 177/212/5833
f 178/213/5834 172/203/5828 177/212/5833
f 171/202/5827 172/206/5828 178/214/5834
f 179/215/5835 171/202/5827 178/214/5834
f 179/215/5835 164/195/5820 171/202/5827
f 180/216/5836 164/195/5820 179/215/5835
f 180/216/5836 157/188/5813 164/195/5820
f 181/217/5837 162/193/5818 157/188/5813
f 181/217/5837 159/190/5815 162/193/5818
f 182/218/5838 159/190/5815 181/217/5837
f 182/218/5838 169/200/5825 159/190/5815
f 183/219/5839 182/218/5838 181/217/5837
f 184/220/5840 181/217/5837 157/188/5813
f 183/219/5839 181/217/5837 184/220/5840
f 180/216/5836 184/220/5840 157/188/5813
f 185/221/5841 180/216/5836 179/215/5835
f 184/220/5840 180/216/5836 185/221/5841
f 186/222/5842 179/215/5835 178/214/5834
f 185/221/5841 179/215/5835 186/222/5842
f 178/213/5834 177/212/5833 187/223/5843
f 186/226/5842 178/225/5834 187/224/5843
f 177/212/5833 189/228/5845 188/227/5844
f 187/223/5843 177/212/5833 188/227/5844
f 177/212/5833 176/210/5832 189/228/5845
f 190/229/5846 185/221/5841 186/222/5842
f 191/230/5847 186/226/5842 187/224/5843
f 191/231/5847 190/229/5846 186/222/5842
f 192/232/5848 187/223/5843 188/227/5844
f 191/230/5847 187/224/5843 192/233/5848
f 193/235/5849 191/231/5847 192/234/5848
f 193/235/5849 190/229/5846 191/231/5847
f 184/220/5840 185/221/5841 190/229/5846
f 194/236/5850 183/219/5839 184/220/5840
f 190/229/5846 194/236/5850 184/220/5840
f 195/237/5851 190/229/5846 193/235/5849
f 195/237/5851 194/236/5850 190/229/5846
f 196/238/5852 193/235/5849 192/234/5848
f 197/239/5853 193/235/5849 196/238/5852
f 197/239/5853 195/237/5851 193/235/5849
f 192/232/5848 188/227/5844 198/240/5854
f 196/241/5852 192/232/5848 198/240/5854
f 198/240/5854 188/227/5844 199/242/5855
f 199/242/5855 188/227/5844 200/243/5856
f 188/227/5844 201/244/5857 200/243/5856
f 202/245/5858 199/242/5855 200/243/5856
f 203/246/5859 199/242/5855 202/245/5858
f 204/247/5860 198/240/5854 199/242/5855
f 196/241/5852 198/240/5854 204/247/5860
f 205/250/5861 196/249/5852 204/248/5860
f 205/252/5861 206/251/5862 196/238/5852
f 206/251/5862 197/239/5853 196/238/5852
f 197/239/5853 206/251/5862 207/253/5863
f 207/253/5863 195/237/5851 197/239/5853
f 195/237/5851 207/253/5863 194/236/5850
f 207/253/5863 206/251/5862 208/254/5864
f 209/255/5865 206/251/5862 205/252/5861
f 206/258/5862 209/257/5865 210/256/5866
f 208/254/5864 206/251/5862 210/259/5866
f 205/250/5861 204/248/5860 211/260/5867
f 212/261/5868 205/250/5861 211/260/5867
f 212/263/5868 209/257/5865 205/262/5861
f 211/264/5867 204/247/5860 199/242/5855
f 200/243/5856 214/266/5870 213/265/5869
f 202/245/5858 200/243/5856 213/265/5869
f 203/246/5859 202/245/5858 215/267/5871
f 211/264/5867 199/242/5855 203/246/5859
f 216/268/5872 211/264/5867 203/246/5859
f 216/269/5872 212/261/5868 211/260/5867
f 217/271/5873 212/263/5868 216/270/5872
f 217/271/5873 218/272/5874 212/263/5868
f 218/272/5874 209/257/5865 212/263/5868
f 209/257/5865 218/272/5874 210/256/5866
f 210/256/5866 218/272/5874 219/273/5875
f 219/273/5875 218/272/5874 217/271/5873
f 220/276/5876 217/275/5873 216/274/5872
f 220/276/5876 219/277/5875 217/275/5873
f 216/268/5872 203/246/5859 221/278/5877
f 222/279/5878 216/268/5872 221/278/5877
f 222/280/5878 220/276/5876 216/274/5872
f 224/283/5880 213/282/5869 223/281/5879
f 223/281/5879 213/282/5869 225/284/5881
f 213/282/5869 214/285/5870 225/284/5881
f 224/283/5880 223/281/5879 226/286/5882
f 227/287/5883 213/282/5869 224/283/5880
f 227/287/5883 224/283/5880 228/288/5884
f 228/288/5884 224/283/5880 226/286/5882
f 229/291/5885 213/290/5869 227/289/5883
f 202/245/5858 213/265/5869 229/292/5885
f 230/293/5886 202/245/5858 229/292/5885
f 215/267/5871 202/245/5858 230/293/5886
f 221/278/5877 203/246/5859 215/267/5871
f 231/294/5887 221/278/5877 215/267/5871
f 222/279/5878 221/278/5877 231/294/5887
f 232/296/5888 222/280/5878 231/295/5887
f 232/296/5888 220/276/5876 222/280/5878
f 233/297/5889 219/277/5875 220/276/5876
f 234/298/5890 220/276/5876 232/296/5888
f 234/298/5890 235/299/5891 220/276/5876
f 235/299/5891 233/297/5889 220/276/5876
f 236/300/5892 232/296/5888 231/295/5887
f 236/300/5892 234/298/5890 232/296/5888
f 215/267/5871 230/293/5886 237/301/5893
f 230/293/5886 229/292/5885 238/302/5894
f 237/301/5893 230/293/5886 238/302/5894
f 238/303/5894 229/291/5885 227/289/5883
f 239/304/5895 228/288/5884 226/286/5882
f 240/306/5896 238/305/5894 227/287/5883
f 240/306/5896 227/287/5883 228/288/5884
f 241/307/5897 238/305/5894 240/306/5896
f 237/310/5893 238/309/5894 241/308/5897
f 243/312/5899 215/267/5871 242/311/5898
f 231/294/5887 215/267/5871 243/312/5899
f 244/313/5900 231/294/5887 243/312/5899
f 236/300/5892 231/295/5887 244/314/5900
f 245/315/5901 236/300/5892 244/314/5900
f 245/315/5901 246/316/5902 236/300/5892
f 246/316/5902 234/298/5890 236/300/5892
f 247/317/5903 244/313/5900 243/312/5899
f 245/315/5901 244/314/5900 247/318/5903
f 242/311/5898 215/267/5871 248/319/5904
f 248/319/5904 215/267/5871 237/301/5893
f 249/320/5905 241/307/5897 240/306/5896
f 249/320/5905 240/306/5896 228/288/5884
f 250/321/5906 241/307/5897 249/320/5905
f 250/321/5906 249/320/5905 228/288/5884
f 251/322/5907 241/307/5897 250/321/5906
f 241/308/5897 252/323/5908 237/310/5893
f 251/324/5907 252/323/5908 241/308/5897
f 248/319/5904 237/301/5893 252/325/5908
f 253/326/5909 248/319/5904 252/325/5908
f 242/311/5898 248/319/5904 253/326/5909
f 254/327/5910 243/312/5899 242/311/5898
f 255/328/5911 243/312/5899 254/327/5910
f 247/317/5903 243/312/5899 255/328/5911
f 254/327/5910 242/311/5898 256/329/5912
f 257/332/5913 254/331/5910 256/330/5912
f 255/333/5911 254/331/5910 257/332/5913
f 242/311/5898 253/326/5909 258/334/5914
f 256/329/5912 242/311/5898 258/334/5914
f 252/325/5908 258/334/5914 253/326/5909
f 260/336/5916 252/323/5908 259/335/5915
f 251/324/5907 259/335/5915 252/323/5908
f 260/336/5916 258/337/5914 252/323/5908
f 259/338/5915 251/322/5907 250/321/5906
f 261/339/5917 250/321/5906 228/288/5884
f 262/340/5918 250/321/5906 261/339/5917
f 264/342/5920 263/341/5919 261/339/5917
f 263/341/5919 262/340/5918 261/339/5917
f 264/342/5920 261/339/5917 228/288/5884
f 262/340/5918 259/338/5915 250/321/5906
f 265/344/5921 260/343/5916 259/338/5915
f 265/344/5921 259/338/5915 262/340/5918
f 265/344/5921 266/345/5922 260/343/5916
f 260/336/5916 267/346/5923 258/337/5914
f 267/347/5923 260/343/5916 266/345/5922
f 268/348/5924 258/337/5914 267/346/5923
f 256/329/5912 258/334/5914 268/349/5924
f 269/350/5925 268/348/5924 267/346/5923
f 266/345/5922 269/351/5925 267/347/5923
f 270/352/5926 266/345/5922 265/344/5921
f 262/340/5918 263/341/5919 265/344/5921
f 265/344/5921 263/341/5919 270/352/5926
f 264/342/5920 228/288/5884 239/304/5895
f 271/353/5927 263/341/5919 264/342/5920
f 270/352/5926 263/341/5919 272/354/5928
f 263/341/5919 271/353/5927 272/354/5928
f 273/355/5929 269/351/5925 266/345/5922
f 273/355/5929 266/345/5922 270/352/5926
f 274/358/5930 268/357/5924 269/356/5925
f 275/359/5931 269/351/5925 273/355/5929
f 275/360/5931 274/358/5930 269/356/5925
f 268/357/5924 274/358/5930 276/361/5932
f 276/361/5932 256/330/5912 268/357/5924
f 274/358/5930 277/362/5933 276/361/5932
f 278/363/5934 277/362/5933 274/358/5930
f 279/364/5935 278/363/5934 274/358/5930
f 279/364/5935 274/358/5930 275/360/5931
f 280/367/5936 275/366/5931 273/365/5929
f 280/368/5936 279/364/5935 275/360/5931
f 264/342/5920 239/304/5895 281/369/5937
f 270/352/5926 272/354/5928 282/370/5938
f 272/354/5928 271/353/5927 282/370/5938
f 283/371/5939 273/355/5929 270/352/5926
f 283/371/5939 270/352/5926 282/370/5938
f 283/372/5939 280/367/5936 273/365/5929
f 279/364/5935 280/368/5936 284/373/5940
f 285/374/5941 278/363/5934 279/364/5935
f 277/362/5933 278/363/5934 286/375/5942
f 286/375/5942 278/363/5934 287/376/5943
f 278/363/5934 285/374/5941 287/376/5943
f 277/362/5933 288/377/5944 276/361/5932
f 288/377/5944 277/362/5933 286/375/5942
f 287/376/5943 289/378/5945 286/375/5942
f 286/375/5942 289/378/5945 288/377/5944
f 290/379/5946 285/374/5941 284/373/5940
f 284/373/5940 285/374/5941 279/364/5935
f 284/373/5940 280/368/5936 291/380/5947
f 291/380/5947 290/379/5946 284/373/5940
f 292/381/5948 280/367/5936 283/372/5939
f 280/368/5936 292/382/5948 291/380/5947
f 282/383/5938 292/381/5948 283/372/5939
f 282/370/5938 271/353/5927 293/384/5949
f 294/385/5950 271/353/5927 264/342/5920
f 294/385/5950 264/342/5920 281/369/5937
f 295/386/5951 282/370/5938 293/384/5949
f 295/386/5951 296/387/5952 282/370/5938
f 296/388/5952 292/381/5948 282/383/5938
f 291/380/5947 292/382/5948 297/389/5953
f 292/382/5948 296/390/5952 297/389/5953
f 298/391/5954 290/379/5946 291/380/5947
f 297/389/5953 298/391/5954 291/380/5947
f 285/374/5941 299/392/5955 287/376/5943
f 300/393/5956 285/374/5941 290/379/5946
f 301/394/5957 299/392/5955 285/374/5941
f 300/393/5956 301/394/5957 285/374/5941
f 298/391/5954 300/393/5956 290/379/5946
f 297/389/5953 296/390/5952 302/395/5958
f 303/396/5959 296/387/5952 295/386/5951
f 296/390/5952 303/397/5959 302/395/5958
f 293/384/5949 303/396/5959 295/386/5951
f 293/384/5949 271/353/5927 304/398/5960
f 305/399/5961 271/353/5927 294/385/5950
f 271/353/5927 305/399/5961 304/398/5960
f 294/385/5950 281/369/5937 306/400/5962
f 293/384/5949 304/398/5960 307/401/5963
f 307/401/5963 308/402/5964 293/384/5949
f 308/402/5964 303/396/5959 293/384/5949
f 302/395/5958 303/397/5959 309/403/5965
f 303/406/5959 308/405/5964 309/404/5965
f 310/407/5966 300/393/5956 298/391/5954
f 297/389/5953 310/407/5966 298/391/5954
f 311/408/5967 301/394/5957 300/393/5956
f 310/407/5966 311/408/5967 300/393/5956
f 312/409/5968 311/408/5967 310/407/5966
f 302/395/5958 310/407/5966 297/389/5953
f 304/398/5960 305/399/5961 313/410/5969
f 314/411/5970 305/399/5961 294/385/5950
f 314/411/5970 294/385/5950 306/400/5962
f 314/411/5970 306/400/5962 315/412/5971
f 316/413/5972 305/399/5961 314/411/5970
f 305/399/5961 316/413/5972 313/410/5969
f 307/401/5963 304/398/5960 313/410/5969
f 302/395/5958 309/403/5965 317/414/5973
f 318/415/5974 310/407/5966 302/395/5958
f 317/414/5973 318/415/5974 302/395/5958
f 318/415/5974 312/409/5968 310/407/5966
f 319/416/5975 318/415/5974 317/414/5973
f 319/416/5975 312/409/5968 318/415/5974
f 317/414/5973 309/403/5965 320/417/5976
f 320/417/5976 319/416/5975 317/414/5973
f 309/404/5965 308/405/5964 321/418/5977
f 307/401/5963 313/410/5969 322/419/5978
f 323/420/5979 316/413/5972 314/411/5970
f 323/420/5979 314/411/5970 315/412/5971
f 313/410/5969 316/413/5972 324/421/5980
f 322/419/5978 313/410/5969 324/421/5980
f 322/419/5978 308/402/5964 307/401/5963
f 309/403/5965 321/422/5977 320/417/5976
f 325/423/5981 319/416/5975 320/417/5976
f 326/424/5982 308/402/5964 322/419/5978
f 308/405/5964 326/425/5982 321/418/5977
f 324/421/5980 326/424/5982 322/419/5978
f 327/426/5983 316/413/5972 323/420/5979
f 316/413/5972 327/426/5983 324/421/5980
f 329/428/5985 324/421/5980 328/427/5984
f 329/428/5985 326/424/5982 324/421/5980
f 330/429/5986 326/424/5982 329/428/5985
f 326/425/5982 330/430/5986 321/418/5977
f 328/427/5984 330/429/5986 329/428/5985
f 327/426/5983 323/420/5979 331/431/5987
f 331/431/5987 332/432/5988 327/426/5983
f 332/432/5988 324/421/5980 327/426/5983
f 324/421/5980 332/432/5988 328/427/5984
f 333/433/5989 330/429/5986 328/427/5984
f 321/418/5977 330/430/5986 334/434/5990
f 330/430/5986 333/435/5989 334/434/5990
f 321/422/5977 334/436/5990 320/417/5976
f 335/437/5991 332/432/5988 331/431/5987
f 332/432/5988 335/437/5991 328/427/5984
f 336/438/5992 335/437/5991 331/431/5987
f 331/431/5987 323/420/5979 336/438/5992
f 338/440/5994 337/439/5993 336/438/5992
f 337/439/5993 335/437/5991 336/438/5992
f 328/427/5984 335/437/5991 339/441/5995
f 335/437/5991 337/439/5993 339/441/5995
f 339/441/5995 333/433/5989 328/427/5984
f 320/417/5976 334/436/5990 340/442/5996
f 340/442/5996 325/423/5981 320/417/5976
f 334/434/5990 333/435/5989 341/443/5997
f 342/445/5998 333/435/5989 339/444/5995
f 333/435/5989 342/445/5998 341/443/5997
f 343/446/5999 342/445/5998 339/444/5995
f 343/446/5999 339/444/5995 344/447/6000
f 339/441/5995 337/439/5993 344/448/6000
f 345/449/6001 337/439/5993 338/440/5994
f 337/439/5993 345/449/6001 344/448/6000
f 345/449/6001 338/440/5994 346/450/6002
f 348/452/6004 347/451/6003 345/449/6001
f 345/449/6001 347/451/6003 344/448/6000
f 349/453/6005 342/445/5998 343/446/5999
f 341/456/5997 342/455/5998 350/454/6006
f 342/455/5998 349/457/6005 350/454/6006
f 350/454/6006 334/436/5990 341/456/5997
f 340/442/5996 334/436/5990 351/458/6007
f 334/436/5990 350/454/6006 351/458/6007
f 352/459/6008 325/423/5981 340/442/5996
f 344/447/6000 347/460/6003 343/446/5999
f 353/461/6009 347/451/6003 348/452/6004
f 347/460/6003 353/462/6009 343/446/5999
f 354/463/6010 348/452/6004 345/449/6001
f 354/463/6010 345/449/6001 346/450/6002
f 355/464/6011 349/453/6005 343/446/5999
f 350/454/6006 349/457/6005 356/465/6012
f 349/457/6005 355/466/6011 356/465/6012
f 351/458/6007 350/454/6006 357/467/6013
f 350/454/6006 356/465/6012 357/467/6013
f 357/467/6013 340/442/5996 351/458/6007
f 358/468/6014 340/442/5996 357/467/6013
f 358/468/6014 352/459/6008 340/442/5996
f 357/467/6013 356/465/6012 359/469/6015
f 359/469/6015 358/468/6014 357/467/6013
f 356/465/6012 355/466/6011 359/469/6015
f 360/470/6016 355/464/6011 343/446/5999
f 355/466/6011 360/471/6016 359/469/6015
f 361/472/6017 353/461/6009 348/452/6004
f 362/473/6018 348/452/6004 354/463/6010
f 348/452/6004 362/473/6018 361/472/6017
f 354/463/6010 346/450/6002 363/474/6019
f 354/463/6010 363/474/6019 364/475/6020
f 366/477/6022 365/476/6021 354/463/6010
f 365/476/6021 362/473/6018 354/463/6010
f 366/477/6022 354/463/6010 364/475/6020
f 362/473/6018 365/476/6021 361/472/6017
f 353/462/6009 361/479/6017 367/478/6023
f 367/478/6023 343/446/5999 353/462/6009
f 367/478/6023 360/470/6016 343/446/5999
f 359/469/6015 360/471/6016 368/480/6024
f 369/481/6025 358/468/6014 359/469/6015
f 370/482/6026 352/459/6008 358/468/6014
f 369/481/6025 370/482/6026 358/468/6014
f 371/483/6027 369/481/6025 359/469/6015
f 372/484/6028 370/482/6026 369/481/6025
f 371/483/6027 372/484/6028 369/481/6025
f 359/469/6015 368/480/6024 371/483/6027
f 368/480/6024 360/471/6016 373/485/6029
f 374/486/6030 360/470/6016 367/478/6023
f 360/471/6016 374/487/6030 373/485/6029
f 375/488/6031 374/486/6030 367/478/6023
f 367/478/6023 361/479/6017 375/488/6031
f 365/490/6021 376/489/6032 361/479/6017
f 361/479/6017 376/489/6032 377/491/6033
f 378/492/6034 365/476/6021 366/477/6022
f 378/493/6034 376/489/6032 365/490/6021
f 364/475/6020 379/494/6035 366/477/6022
f 379/494/6035 378/492/6034 366/477/6022
f 378/497/6034 380/496/6036 376/495/6032
f 378/497/6034 379/498/6035 380/496/6036
f 381/499/6037 376/495/6032 380/496/6036
f 377/491/6033 376/489/6032 382/500/6038
f 382/501/6038 376/495/6032 381/499/6037
f 361/479/6017 377/491/6033 375/488/6031
f 383/502/6039 374/486/6030 375/488/6031
f 373/485/6029 374/487/6030 384/503/6040
f 374/506/6030 383/505/6039 384/504/6040
f 372/484/6028 385/507/6041 370/482/6026
f 370/482/6026 385/507/6041 352/459/6008
f 387/510/6043 385/509/6041 386/508/6042
f 385/509/6041 372/511/6028 386/508/6042
f 386/508/6042 372/511/6028 388/512/6044
f 372/484/6028 371/483/6027 388/513/6044
f 389/514/6045 371/483/6027 368/480/6024
f 377/491/6033 383/502/6039 375/488/6031
f 390/515/6046 377/491/6033 382/500/6038
f 382/501/6038 391/517/6047 390/516/6046
f 382/501/6038 381/499/6037 391/517/6047
f 392/518/6048 377/491/6033 390/515/6046
f 393/521/6049 392/520/6048 390/519/6046
f 391/517/6047 393/522/6049 390/516/6046
f 392/518/6048 383/502/6039 377/491/6033
f 392/520/6048 384/504/6040 383/505/6039
f 373/485/6029 389/514/6045 368/480/6024
f 388/525/6044 394/524/6050 386/523/6042
f 394/524/6050 395/526/6051 386/523/6042
f 386/523/6042 395/526/6051 387/527/6043
f 396/528/6052 385/509/6041 387/510/6043
f 387/527/6043 395/526/6051 396/529/6052
f 398/531/6054 395/526/6051 397/530/6053
f 395/526/6051 394/524/6050 397/530/6053
f 373/485/6029 384/503/6040 399/532/6055
f 389/514/6045 373/485/6029 399/532/6055
f 392/520/6048 400/533/6056 384/504/6040
f 392/520/6048 393/521/6049 400/533/6056
f 401/534/6057 393/522/6049 391/517/6047
f 400/533/6056 393/521/6049 401/535/6057
f 399/536/6055 384/504/6040 400/533/6056
f 389/514/6045 399/532/6055 402/537/6058
f 403/539/6059 402/538/6058 399/536/6055
f 401/535/6057 399/536/6055 400/533/6056
f 403/539/6059 399/536/6055 401/535/6057
f 404/540/6060 371/483/6027 389/514/6045
f 371/483/6027 404/540/6060 388/513/6044
f 405/541/6061 394/524/6050 388/525/6044
f 397/530/6053 394/524/6050 406/542/6062
f 394/524/6050 405/541/6061 406/542/6062
f 406/542/6062 407/543/6063 397/530/6053
f 397/530/6053 408/544/6064 398/531/6054
f 408/544/6064 410/546/6066 409/545/6065
f 397/530/6053 410/546/6066 408/544/6064
f 397/530/6053 407/543/6063 410/546/6066
f 402/537/6058 404/540/6060 389/514/6045
f 411/547/6067 402/538/6058 403/539/6059
f 412/548/6068 404/540/6060 402/537/6058
f 411/547/6067 412/549/6068 402/538/6058
f 403/539/6059 401/535/6057 413/550/6069
f 403/539/6059 413/550/6069 411/547/6067
f 411/547/6067 413/550/6069 414/551/6070
f 415/552/6071 411/547/6067 414/551/6070
f 412/549/6068 411/547/6067 415/552/6071
f 412/548/6068 388/513/6044 404/540/6060
f 388/525/6044 412/553/6068 405/541/6061
f 406/542/6062 416/554/6072 407/543/6063
f 416/554/6072 417/555/6073 407/543/6063
f 416/554/6072 418/556/6074 417/555/6073
f 410/546/6066 419/557/6075 409/545/6065
f 410/546/6066 407/543/6063 419/557/6075
f 407/543/6063 420/558/6076 419/557/6075
f 407/543/6063 421/559/6077 420/558/6076
f 417/555/6073 421/559/6077 407/543/6063
f 417/555/6073 422/560/6078 421/559/6077
f 418/556/6074 422/560/6078 417/555/6073
f 416/554/6072 423/561/6079 418/556/6074
f 418/556/6074 424/562/6080 422/560/6078
f 423/561/6079 424/562/6080 418/556/6074
f 406/542/6062 425/563/6081 416/554/6072
f 425/563/6081 423/561/6079 416/554/6072
f 405/541/6061 425/563/6081 406/542/6062
f 414/566/6070 413/565/6069 426/564/6082
f 427/567/6083 414/566/6070 426/564/6082
f 415/552/6071 414/551/6070 427/568/6083
f 415/569/6071 405/541/6061 412/553/6068
f 427/570/6083 425/563/6081 415/569/6071
f 425/563/6081 405/541/6061 415/569/6071
f 423/561/6079 425/563/6081 427/570/6083
f 428/573/6084 423/572/6079 427/571/6083
f 424/574/6080 423/572/6079 428/573/6084
f 424/562/6080 429/575/6085 422/560/6078
f 430/576/6086 424/574/6080 428/573/6084
f 429/575/6085 424/562/6080 430/577/6086
f 422/560/6078 429/575/6085 421/559/6077
f 421/559/6077 431/578/6087 420/558/6076
f 421/559/6077 429/575/6085 431/578/6087
f 409/545/6065 419/557/6075 432/579/6088
f 419/582/6075 433/581/6089 432/580/6088
f 419/582/6075 420/583/6076 433/581/6089
f 431/578/6087 434/584/6090 420/558/6076
f 429/575/6085 435/585/6091 431/578/6087
f 428/588/6084 436/587/6092 430/586/6086
f 428/588/6084 426/564/6082 436/587/6092
f 427/567/6083 426/564/6082 428/588/6084
f 430/586/6086 436/587/6092 437/589/6093
f 430/586/6086 437/589/6093 438/590/6094
f 438/591/6094 429/575/6085 430/577/6086
f 435/585/6091 429/575/6085 438/591/6094
f 435/585/6091 434/584/6090 431/578/6087
f 434/584/6090 439/592/6095 420/558/6076
f 420/583/6076 439/593/6095 433/581/6089
f 441/595/6097 432/579/6088 440/594/6096
f 409/545/6065 432/579/6088 441/595/6097
f 434/584/6090 435/585/6091 442/596/6098
f 443/597/6099 435/585/6091 438/591/6094
f 438/590/6094 437/589/6093 443/598/6099
f 437/589/6093 436/587/6092 444/599/6100
f 443/598/6099 437/589/6093 444/599/6100
f 445/600/6101 443/598/6099 444/599/6100
f 435/585/6091 443/597/6099 445/601/6101
f 445/601/6101 442/596/6098 435/585/6091
f 442/596/6098 446/602/6102 434/584/6090
f 446/602/6102 439/592/6095 434/584/6090
f 448/604/6104 447/603/6103 442/596/6098
f 448/604/6104 442/596/6098 445/601/6101
f 445/600/6101 444/599/6100 449/605/6105
f 450/606/6106 445/600/6101 449/605/6105
f 448/604/6104 445/601/6101 450/607/6106
f 449/605/6105 444/599/6100 451/608/6107
f 444/599/6100 436/587/6092 452/609/6108
f 444/599/6100 452/609/6108 451/608/6107
f 449/605/6105 451/608/6107 453/610/6109
f 454/611/6110 449/605/6105 453/610/6109
f 450/606/6106 449/605/6105 454/611/6110
f 450/607/6106 446/602/6102 448/604/6104
f 454/613/6110 455/612/6111 450/607/6106
f 455/612/6111 446/602/6102 450/607/6106
f 447/603/6103 448/604/6104 446/602/6102
f 442/596/6098 447/603/6103 446/602/6102
f 439/593/6095 457/615/6113 456/614/6112
f 436/587/6092 458/616/6114 452/609/6108
f 426/564/6082 458/616/6114 436/587/6092
f 458/616/6114 459/617/6115 452/609/6108
f 453/610/6109 451/608/6107 460/618/6116
f 454/611/6110 453/610/6109 461/619/6117
f 461/622/6117 462/621/6118 454/620/6110
f 462/623/6118 455/612/6111 454/613/6110
f 446/602/6102 455/612/6111 439/592/6095
f 439/592/6095 455/612/6111 462/623/6118
f 463/624/6119 457/615/6113 439/593/6095
f 463/625/6119 439/592/6095 462/623/6118
f 463/625/6119 462/623/6118 464/626/6120
f 462/621/6118 465/628/6121 464/627/6120
f 465/628/6121 462/621/6118 461/622/6117
f 461/619/6117 453/610/6109 466/629/6122
f 466/629/6122 465/630/6121 461/619/6117
f 466/629/6122 453/610/6109 460/618/6116
f 459/617/6115 467/631/6123 452/609/6108
f 459/617/6115 468/632/6124 467/631/6123
f 470/635/6126 467/634/6123 469/633/6125
f 467/631/6123 468/632/6124 469/636/6125
f 471/637/6127 467/634/6123 470/635/6126
f 472/639/6128 467/631/6123 471/638/6127
f 452/609/6108 467/631/6123 472/639/6128
f 452/609/6108 472/639/6128 473/640/6129
f 451/608/6107 452/609/6108 473/640/6129
f 451/608/6107 473/640/6129 460/618/6116
f 475/642/6131 460/618/6116 474/641/6130
f 466/629/6122 460/618/6116 475/642/6131
f 476/643/6132 466/629/6122 475/642/6131
f 465/630/6121 466/629/6122 476/643/6132
f 476/644/6132 464/627/6120 465/628/6121
f 476/643/6132 475/642/6131 477/645/6133
f 477/647/6133 478/646/6134 476/644/6132
f 478/646/6134 464/627/6120 476/644/6132
f 475/642/6131 474/641/6130 479/648/6135
f 473/640/6129 472/639/6128 480/649/6136
f 480/649/6136 472/639/6128 471/638/6127
f 481/650/6137 480/649/6136 471/638/6127
f 475/642/6131 479/648/6135 482/651/6138
f 482/651/6138 477/645/6133 475/642/6131
f 483/652/6139 477/645/6133 482/651/6138
f 483/653/6139 478/646/6134 477/647/6133
f 484/654/6140 483/652/6139 482/651/6138
f 479/648/6135 474/641/6130 485/655/6141
f 460/618/6116 473/640/6129 486/656/6142
f 473/640/6129 480/649/6136 487/657/6143
f 487/657/6143 480/649/6136 481/650/6137
f 471/660/6127 488/659/6144 481/658/6137
f 489/661/6145 488/659/6144 471/660/6127
f 489/661/6145 490/662/6146 488/659/6144
f 481/658/6137 488/659/6144 491/663/6147
f 491/666/6147 487/665/6143 481/664/6137
f 473/640/6129 487/657/6143 486/656/6142
f 460/618/6116 486/656/6142 492/667/6148
f 474/641/6130 460/618/6116 492/667/6148
f 482/651/6138 479/648/6135 485/655/6141
f 474/641/6130 492/667/6148 493/668/6149
f 485/655/6141 474/641/6130 493/668/6149
f 486/656/6142 487/657/6143 494/669/6150
f 495/670/6151 487/665/6143 491/666/6147
f 494/669/6150 487/657/6143 495/671/6151
f 491/663/6147 488/659/6144 495/672/6151
f 490/662/6146 496/673/6152 488/659/6144
f 488/659/6144 496/673/6152 497/674/6153
f 488/659/6144 497/674/6153 498/675/6154
f 488/659/6144 498/675/6154 495/672/6151
f 495/672/6151 498/675/6154 499/676/6155
f 499/677/6155 494/669/6150 495/671/6151
f 500/678/6156 494/669/6150 499/677/6155
f 486/656/6142 494/669/6150 500/678/6156
f 486/656/6142 500/678/6156 492/667/6148
f 501/681/6157 485/680/6141 493/679/6149
f 492/667/6148 500/678/6156 502/682/6158
f 492/667/6148 502/682/6158 503/683/6159
f 504/684/6160 500/678/6156 499/677/6155
f 502/682/6158 500/678/6156 504/684/6160
f 499/676/6155 498/675/6154 504/685/6160
f 497/674/6153 505/686/6161 498/675/6154
f 498/675/6154 505/686/6161 504/685/6160
f 504/685/6160 505/686/6161 506/687/6162
f 506/690/6162 502/689/6158 504/688/6160
f 501/681/6157 493/679/6149 507/691/6163
f 501/681/6157 507/691/6163 508/692/6164
f 505/686/6161 509/693/6165 506/687/6162
f 505/686/6161 497/674/6153 509/693/6165
f 493/668/6149 492/667/6148 503/683/6159
f 493/679/6149 503/694/6159 507/691/6163
f 508/692/6164 507/691/6163 510/695/6166
f 507/691/6163 511/696/6167 510/695/6166
f 503/683/6159 502/682/6158 512/697/6168
f 503/694/6159 512/699/6168 513/698/6169
f 514/700/6170 502/689/6158 506/690/6162
f 512/701/6168 502/689/6158 514/700/6170
f 509/693/6165 515/702/6171 506/687/6162
f 506/687/6162 515/702/6171 514/703/6170
f 509/693/6165 516/704/6172 515/702/6171
f 514/703/6170 515/702/6171 517/705/6173
f 517/705/6173 512/706/6168 514/703/6170
f 513/709/6169 512/708/6168 518/707/6174
f 519/710/6175 512/706/6168 517/705/6173
f 518/711/6174 512/706/6168 519/710/6175
f 515/702/6171 520/712/6176 517/705/6173
f 517/705/6173 520/712/6176 519/710/6175
f 515/702/6171 516/704/6172 520/712/6176
f 520/712/6176 516/704/6172 521/713/6177
f 520/712/6176 521/713/6177 519/710/6175
f 519/710/6175 521/713/6177 522/714/6178
f 522/714/6178 518/711/6174 519/710/6175
f 523/715/6179 518/711/6174 522/714/6178
f 513/709/6169 518/707/6174 523/716/6179
f 513/698/6169 523/718/6179 524/717/6180
f 503/694/6159 513/698/6169 524/717/6180
f 503/694/6159 524/717/6180 507/691/6163
f 526/720/6182 510/695/6166 525/719/6181
f 527/721/6183 526/720/6182 525/719/6181
f 524/717/6180 523/718/6179 528/722/6184
f 529/723/6185 523/715/6179 522/714/6178
f 528/724/6184 523/715/6179 529/723/6185
f 521/713/6177 530/725/6186 522/714/6178
f 522/714/6178 530/725/6186 529/723/6185
f 530/725/6186 531/726/6187 529/723/6185
f 529/723/6185 531/726/6187 532/727/6188
f 532/727/6188 528/724/6184 529/723/6185
f 533/730/6189 528/729/6184 532/728/6188
f 524/717/6180 528/722/6184 533/731/6189
f 524/717/6180 533/731/6189 534/732/6190
f 507/691/6163 524/717/6180 534/732/6190
f 507/691/6163 534/732/6190 511/696/6167
f 510/695/6166 511/696/6167 525/719/6181
f 536/734/6192 525/719/6181 535/733/6191
f 527/721/6183 525/719/6181 536/734/6192
f 534/732/6190 533/731/6189 537/735/6193
f 537/736/6193 533/730/6189 532/728/6188
f 531/726/6187 538/737/6194 532/727/6188
f 531/726/6187 539/738/6195 538/737/6194
f 532/727/6188 538/737/6194 540/739/6196
f 540/740/6196 537/736/6193 532/728/6188
f 541/742/6197 537/735/6193 540/741/6196
f 534/732/6190 537/735/6193 541/742/6197
f 534/732/6190 541/742/6197 511/696/6167
f 511/696/6167 541/742/6197 542/743/6198
f 543/746/6199 541/745/6197 540/744/6196
f 542/747/6198 541/745/6197 543/746/6199
f 540/739/6196 538/737/6194 543/748/6199
f 538/737/6194 539/738/6195 544/749/6200
f 538/737/6194 544/749/6200 543/748/6199
f 543/748/6199 544/749/6200 545/750/6201
f 545/751/6201 542/747/6198 543/746/6199
f 536/734/6192 535/733/6191 546/752/6202
f 525/719/6181 511/696/6167 547/753/6203
f 544/749/6200 548/754/6204 545/750/6201
f 548/754/6204 549/755/6205 545/750/6201
f 545/750/6201 549/755/6205 550/756/6206
f 550/757/6206 542/747/6198 545/751/6201
f 551/758/6207 542/747/6198 550/757/6206
f 511/696/6167 542/743/6198 551/759/6207
f 511/696/6167 551/759/6207 547/753/6203
f 535/733/6191 525/719/6181 552/760/6208
f 547/753/6203 551/759/6207 553/761/6209
f 547/753/6203 553/761/6209 554/762/6210
f 555/763/6211 551/758/6207 550/757/6206
f 553/764/6209 551/758/6207 555/763/6211
f 549/755/6205 556/765/6212 550/756/6206
f 550/756/6206 556/765/6212 555/766/6211
f 549/755/6205 548/754/6204 556/765/6212
f 548/754/6204 557/767/6213 556/765/6212
f 555/766/6211 556/765/6212 558/768/6214
f 558/769/6214 553/764/6209 555/763/6211
f 559/770/6215 553/764/6209 558/769/6214
f 554/762/6210 553/761/6209 559/771/6215
f 525/719/6181 547/753/6203 552/760/6208
f 535/733/6191 552/760/6208 560/772/6216
f 55/64/5711 535/733/6191 560/772/6216
f 546/752/6202 535/733/6191 55/64/5711
f 55/64/5711 560/772/6216 33/41/5689
f 552/760/6208 547/753/6203 561/773/6217
f 547/753/6203 554/762/6210 562/774/6218
f 547/753/6203 562/774/6218 561/773/6217
f 554/762/6210 559/771/6215 563/775/6219
f 563/775/6219 562/774/6218 554/762/6210
f 564/776/6220 559/770/6215 558/769/6214
f 563/777/6219 559/770/6215 564/776/6220
f 558/768/6214 556/765/6212 564/778/6220
f 557/767/6213 565/779/6221 556/765/6212
f 556/765/6212 565/779/6221 566/780/6222
f 556/765/6212 566/780/6222 564/778/6220
f 564/778/6220 566/780/6222 567/781/6223
f 567/781/6223 563/782/6219 564/778/6220
f 563/782/6219 567/781/6223 568/783/6224
f 568/786/6224 562/785/6218 563/784/6219
f 568/786/6224 569/787/6225 562/785/6218
f 570/789/6226 562/774/6218 569/788/6225
f 561/773/6217 562/774/6218 570/789/6226
f 552/760/6208 561/773/6217 571/790/6227
f 552/760/6208 571/790/6227 560/772/6216
f 561/773/6217 570/789/6226 572/791/6228
f 561/773/6217 572/791/6228 571/790/6227
f 573/792/6229 570/789/6226 569/788/6225
f 572/791/6228 570/789/6226 573/792/6229
f 575/795/6231 569/794/6225 574/793/6230
f 574/793/6230 569/794/6225 568/783/6224
f 573/796/6229 569/794/6225 575/795/6231
f 568/783/6224 567/781/6223 574/793/6230
f 566/780/6222 576/797/6232 567/781/6223
f 567/781/6223 576/797/6232 574/793/6230
f 565/779/6221 576/797/6232 566/780/6222
f 565/779/6221 577/798/6233 576/797/6232
f 578/799/6234 576/797/6232 577/798/6233
f 579/800/6235 576/797/6232 578/799/6234
f 579/800/6235 574/793/6230 576/797/6232
f 574/793/6230 579/800/6235 575/795/6231
f 575/795/6231 579/800/6235 580/801/6236
f 575/795/6231 581/802/6237 573/796/6229
f 573/796/6229 581/802/6237 582/803/6238
f 582/804/6238 572/791/6228 573/792/6229
f 572/791/6228 584/806/6240 583/805/6239
f 582/804/6238 584/806/6240 572/791/6228
f 571/790/6227 572/791/6228 583/805/6239
f 571/790/6227 583/805/6239 585/807/6241
f 571/790/6227 585/807/6241 560/772/6216
f 33/41/5689 560/772/6216 586/808/6242
f 585/807/6241 583/805/6239 587/809/6243
f 583/805/6239 588/810/6244 587/809/6243
f 584/806/6240 588/810/6244 583/805/6239
f 584/813/6240 590/812/6246 589/811/6245
f 584/813/6240 589/811/6245 591/814/6247
f 582/815/6238 590/812/6246 584/813/6240
f 591/814/6247 588/816/6244 584/813/6240
f 582/803/6238 581/802/6237 590/817/6246
f 581/802/6237 575/795/6231 580/801/6236
f 590/817/6246 581/802/6237 580/801/6236
f 580/801/6236 579/800/6235 578/799/6234
f 593/819/6249 592/818/6248 578/799/6234
f 577/798/6233 593/819/6249 578/799/6234
f 580/801/6236 578/799/6234 592/818/6248
f 580/801/6236 592/818/6248 594/820/6250
f 589/821/6245 580/801/6236 594/820/6250
f 590/817/6246 580/801/6236 589/821/6245
f 591/823/6247 589/821/6245 595/822/6251
f 589/821/6245 594/820/6250 595/822/6251
f 596/824/6252 588/816/6244 591/814/6247
f 587/809/6243 588/810/6244 596/825/6252
f 586/808/6242 560/772/6216 585/807/6241
f 33/41/5689 586/808/6242 22/28/5678
f 587/809/6243 596/825/6252 597/826/6253
f 598/827/6254 596/824/6252 591/814/6247
f 597/828/6253 596/824/6252 598/827/6254
f 591/823/6247 595/822/6251 598/829/6254
f 592/818/6248 599/830/6255 594/820/6250
f 599/830/6255 601/832/6257 600/831/6256
f 599/830/6255 600/831/6256 594/820/6250
f 595/822/6251 594/820/6250 602/833/6258
f 594/820/6250 600/831/6256 602/833/6258
f 595/822/6251 602/833/6258 598/829/6254
f 598/829/6254 602/833/6258 603/834/6259
f 603/835/6259 597/828/6253 598/827/6254
f 597/828/6253 603/835/6259 604/836/6260
f 604/837/6260 587/809/6243 597/826/6253
f 605/838/6261 587/809/6243 604/837/6260
f 585/807/6241 587/809/6243 605/838/6261
f 585/807/6241 605/838/6261 586/808/6242
f 16/20/5672 33/41/5689 22/28/5678
f 586/808/6242 606/839/6262 22/28/5678
f 586/808/6242 605/838/6261 607/840/6263
f 586/808/6242 607/840/6263 606/839/6262
f 608/841/6264 605/838/6261 604/837/6260
f 607/840/6263 605/838/6261 608/841/6264
f 604/836/6260 603/835/6259 608/842/6264
f 609/843/6265 603/834/6259 602/833/6258
f 610/844/6266 603/834/6259 609/843/6265
f 603/835/6259 610/845/6266 608/842/6264
f 608/842/6264 610/845/6266 611/846/6267
f 611/847/6267 607/840/6263 608/841/6264
f 611/847/6267 612/848/6268 607/840/6263
f 606/839/6262 607/840/6263 613/849/6269
f 612/848/6268 613/849/6269 607/840/6263
f 612/852/6268 615/851/6271 614/850/6270
f 611/846/6267 615/851/6271 612/852/6268
f 614/853/6270 613/849/6269 612/848/6268
f 611/846/6267 610/845/6266 615/851/6271
f 616/854/6272 610/844/6266 609/843/6265
f 615/851/6271 610/845/6266 616/855/6272
f 617/856/6273 615/851/6271 616/855/6272
f 617/856/6273 614/850/6270 615/851/6271
f 22/28/5678 606/839/6262 618/857/6274
f 606/839/6262 613/849/6269 619/858/6275
f 606/839/6262 619/858/6275 618/857/6274
f 619/858/6275 613/849/6269 614/853/6270
f 620/859/6276 617/856/6273 616/855/6272
f 609/843/6265 620/860/6276 616/854/6272
f 602/833/6258 621/861/6277 609/843/6265
f 623/863/6279 622/862/6278 620/859/6276
f 622/862/6278 617/856/6273 620/859/6276
f 617/856/6273 622/862/6278 614/850/6270
f 614/850/6270 622/862/6278 624/864/6280
f 624/865/6280 619/858/6275 614/853/6270
f 22/28/5678 618/857/6274 625/866/6281
f 626/867/6282 619/858/6275 624/865/6280
f 622/862/6278 627/868/6283 624/864/6280
f 624/864/6280 627/868/6283 626/869/6282
f 627/868/6283 622/862/6278 623/863/6279
f 628/870/6284 627/868/6283 623/863/6279
f 620/859/6276 629/871/6285 623/863/6279
f 621/861/6277 630/872/6286 609/843/6265
f 609/843/6265 630/872/6286 620/860/6276
f 630/872/6286 631/873/6287 620/860/6276
f 620/859/6276 631/874/6287 629/871/6285
f 631/874/6287 632/875/6288 629/871/6285
f 633/876/6289 627/868/6283 628/870/6284
f 626/869/6282 627/868/6283 633/876/6289
f 626/867/6282 633/877/6289 619/858/6275
f 634/878/6290 619/858/6275 633/877/6289
f 618/857/6274 619/858/6275 634/878/6290
f 618/857/6274 635/879/6291 625/866/6281
f 618/857/6274 634/878/6290 635/879/6291
f 636/880/6292 634/878/6290 633/877/6289
f 637/881/6293 634/878/6290 636/880/6292
f 635/879/6291 634/878/6290 637/881/6293
f 633/876/6289 628/870/6284 636/882/6292
f 628/870/6284 638/883/6294 636/882/6292
f 640/885/6296 639/884/6295 632/875/6288
f 631/874/6287 640/885/6296 632/875/6288
f 641/887/6297 640/886/6296 631/873/6287
f 630/872/6286 641/887/6297 631/873/6287
f 642/888/6298 641/887/6297 630/872/6286
f 621/861/6277 642/888/6298 630/872/6286
f 644/890/6300 643/889/6299 641/887/6297
f 642/888/6298 644/890/6300 641/887/6297
f 641/887/6297 643/889/6299 640/886/6296
f 628/870/6284 623/863/6279 638/883/6294
f 638/883/6294 646/892/6302 645/891/6301
f 636/882/6292 638/883/6294 645/891/6301
f 645/895/6301 637/894/6293 636/893/6292
f 647/896/6303 637/894/6293 645/895/6301
f 635/879/6291 637/881/6293 647/897/6303
f 648/899/6304 647/898/6303 645/891/6301
f 645/891/6301 646/892/6302 648/899/6304
f 623/863/6279 629/871/6285 638/883/6294
f 650/901/6306 649/900/6305 639/884/6295
f 640/885/6296 650/901/6306 639/884/6295
f 643/889/6299 650/902/6306 640/886/6296
f 644/890/6300 651/903/6307 643/889/6299
f 653/905/6309 652/904/6308 643/889/6299
f 651/903/6307 653/905/6309 643/889/6299
f 643/889/6299 652/904/6308 650/902/6306
f 652/907/6308 654/906/6310 650/901/6306
f 650/901/6306 654/906/6310 649/900/6305
f 639/884/6295 655/908/6311 632/875/6288
f 632/875/6288 655/908/6311 656/909/6312
f 632/875/6288 656/909/6312 629/871/6285
f 629/871/6285 656/909/6312 657/910/6313
f 629/871/6285 657/910/6313 638/883/6294
f 638/883/6294 657/910/6313 646/892/6302
f 648/899/6304 659/912/6315 658/911/6314
f 658/911/6314 647/898/6303 648/899/6304
f 660/915/6316 647/914/6303 658/913/6314
f 661/917/6317 647/897/6303 660/916/6316
f 635/879/6291 647/897/6303 661/917/6317
f 658/911/6314 659/912/6315 662/918/6318
f 662/919/6318 660/915/6316 658/913/6314
f 657/910/6313 663/920/6319 646/892/6302
f 646/892/6302 663/920/6319 648/899/6304
f 657/910/6313 656/909/6312 663/920/6319
f 665/922/6321 664/921/6320 654/906/6310
f 652/907/6308 665/922/6321 654/906/6310
f 653/905/6309 665/923/6321 652/904/6308
f 639/884/6295 649/900/6305 655/908/6311
f 655/908/6311 666/924/6322 656/909/6312
f 656/909/6312 666/924/6322 667/925/6323
f 656/909/6312 667/925/6323 663/920/6319
f 648/899/6304 663/920/6319 659/912/6315
f 659/912/6315 663/920/6319 668/926/6324
f 665/923/6321 669/928/6325 664/927/6320
f 654/906/6310 664/921/6320 670/929/6326
f 654/906/6310 670/929/6326 649/900/6305
f 649/900/6305 670/929/6326 671/930/6327
f 649/900/6305 671/930/6327 655/908/6311
f 655/908/6311 671/930/6327 672/931/6328
f 655/908/6311 672/931/6328 666/924/6322
f 663/920/6319 667/925/6323 668/926/6324
f 675/934/6331 674/933/6330 673/932/6329
f 674/933/6330 676/935/6332 673/932/6329
f 673/932/6329 676/935/6332 677/936/6333
f 673/932/6329 677/936/6333 669/928/6325
f 669/928/6325 677/936/6333 678/937/6334
f 669/928/6325 678/937/6334 664/927/6320
f 664/927/6320 678/937/6334 679/938/6335
f 664/921/6320 679/940/6335 680/939/6336
f 664/921/6320 680/939/6336 670/929/6326
f 670/929/6326 680/939/6336 681/941/6337
f 670/929/6326 681/941/6337 671/930/6327
f 671/930/6327 681/941/6337 682/942/6338
f 671/930/6327 682/942/6338 672/931/6328
f 679/940/6335 683/943/6339 680/939/6336
f 680/939/6336 683/943/6339 681/941/6337
f 678/937/6334 684/944/6340 679/938/6335
f 679/938/6335 684/944/6340 683/945/6339
f 677/936/6333 685/946/6341 678/937/6334
f 678/937/6334 685/946/6341 684/944/6340
f 676/935/6332 686/947/6342 677/936/6333
f 677/936/6333 686/947/6342 685/946/6341
f 683/943/6339 687/948/6343 681/941/6337
f 681/941/6337 687/948/6343 688/949/6344
f 681/941/6337 688/949/6344 682/942/6338
f 682/942/6338 689/950/6345 672/931/6328
f 682/942/6338 688/949/6344 689/950/6345
f 687/948/6343 690/951/6346 688/949/6344
f 684/944/6340 691/952/6347 683/945/6339
f 683/945/6339 691/952/6347 687/953/6343
f 692/954/6348 686/947/6342 676/935/6332
f 692/954/6348 693/955/6349 686/947/6342
f 686/947/6342 693/955/6349 694/956/6350
f 686/947/6342 694/956/6350 695/957/6351
f 686/947/6342 695/957/6351 685/946/6341
f 685/946/6341 695/957/6351 684/944/6340
f 687/948/6343 696/958/6352 690/951/6346
f 684/944/6340 695/957/6351 691/952/6347
f 694/956/6350 697/959/6353 695/957/6351
f 693/955/6349 698/960/6354 694/956/6350
f 693/955/6349 699/961/6355 698/960/6354
f 694/956/6350 698/960/6354 697/959/6353
f 690/951/6346 700/962/6356 688/949/6344
f 691/952/6347 701/963/6357 687/953/6343
f 687/948/6343 701/964/6357 696/958/6352
f 695/957/6351 702/965/6358 691/952/6347
f 691/952/6347 702/965/6358 701/963/6357
f 695/957/6351 697/959/6353 702/965/6358
f 699/961/6355 703/966/6359 698/960/6354
f 705/968/6361 704/967/6360 699/961/6355
f 699/961/6355 704/967/6360 703/966/6359
f 705/971/6361 706/970/6362 704/969/6360
f 698/960/6354 703/966/6359 707/972/6363
f 698/960/6354 707/972/6363 697/959/6353
f 697/959/6353 707/972/6363 702/965/6358
f 706/974/6362 708/973/6364 704/967/6360
f 709/975/6365 706/970/6362 705/971/6361
f 710/976/6366 708/973/6364 706/974/6362
f 709/977/6365 710/976/6366 706/974/6362
f 708/973/6364 712/979/6368 711/978/6367
f 708/973/6364 711/978/6367 704/967/6360
f 704/967/6360 711/978/6367 703/966/6359
f 703/966/6359 711/978/6367 707/972/6363
f 707/972/6363 714/981/6370 713/980/6369
f 707/972/6363 713/980/6369 702/965/6358
f 702/965/6358 713/980/6369 701/963/6357
f 701/964/6357 715/982/6371 696/958/6352
f 713/984/6369 716/983/6372 701/964/6357
f 701/964/6357 716/983/6372 715/982/6371
f 714/981/6370 717/985/6373 713/980/6369
f 713/984/6369 717/986/6373 716/983/6372
f 718/987/6374 712/979/6368 708/973/6364
f 710/976/6366 718/987/6374 708/973/6364
f 718/987/6374 719/988/6375 712/979/6368
f 719/988/6375 720/989/6376 712/979/6368
f 712/979/6368 720/989/6376 721/990/6377
f 712/979/6368 721/990/6377 711/978/6367
f 711/978/6367 721/990/6377 707/972/6363
f 717/986/6373 722/991/6378 716/983/6372
f 716/983/6372 722/991/6378 715/982/6371
f 722/991/6378 723/992/6379 715/982/6371
f 721/990/6377 714/981/6370 707/972/6363
f 719/995/6375 724/994/6380 720/993/6376
f 724/994/6380 725/996/6381 720/993/6376
f 726/997/6382 724/994/6380 719/995/6375
f 727/998/6383 726/997/6382 719/995/6375
f 728/999/6384 726/997/6382 727/998/6383
f 729/1000/6385 724/994/6380 726/997/6382
f 728/999/6384 729/1000/6385 726/997/6382
f 729/1000/6385 725/996/6381 724/994/6380
f 729/1000/6385 730/1001/6386 725/996/6381
f 731/1002/6387 720/993/6376 725/996/6381
f 731/1003/6387 721/990/6377 720/989/6376
f 731/1003/6387 732/1004/6388 721/990/6377
f 721/990/6377 733/1005/6389 714/981/6370
f 732/1004/6388 733/1005/6389 721/990/6377
f 723/992/6379 734/1006/6390 715/982/6371
f 715/982/6371 734/1006/6390 735/1007/6391
f 715/982/6371 735/1007/6391 696/958/6352
f 734/1006/6390 736/1008/6392 735/1007/6391
f 714/981/6370 737/1009/6393 717/985/6373
f 714/981/6370 733/1005/6389 737/1009/6393
f 739/1012/6395 738/1011/6394 733/1010/6389
f 733/1010/6389 738/1011/6394 740/1013/6396
f 732/1014/6388 739/1012/6395 733/1010/6389
f 733/1010/6389 740/1013/6396 737/1015/6393
f 732/1014/6388 731/1017/6387 741/1016/6397
f 741/1016/6397 739/1012/6395 732/1014/6388
f 741/1018/6397 731/1002/6387 725/996/6381
f 742/1019/6398 725/996/6381 730/1001/6386
f 741/1018/6397 725/996/6381 742/1019/6398
f 743/1022/6399 730/1021/6386 729/1020/6385
f 744/1024/6400 742/1023/6398 730/1021/6386
f 743/1022/6399 744/1024/6400 730/1021/6386
f 743/1022/6399 729/1020/6385 728/1025/6384
f 738/1027/6394 742/1019/6398 745/1026/6401
f 739/1028/6395 742/1019/6398 738/1027/6394
f 739/1028/6395 741/1018/6397 742/1019/6398
f 744/1024/6400 745/1029/6401 742/1023/6398
f 738/1011/6394 746/1030/6402 740/1013/6396
f 745/1026/6401 746/1031/6402 738/1027/6394
f 740/1013/6396 746/1030/6402 747/1032/6403
f 740/1013/6396 747/1032/6403 717/986/6373
f 737/1015/6393 740/1013/6396 717/986/6373
f 723/992/6379 748/1033/6404 734/1006/6390
f 734/1006/6390 748/1033/6404 736/1008/6392
f 717/986/6373 747/1032/6403 722/991/6378
f 746/1030/6402 749/1034/6405 747/1032/6403
f 747/1032/6403 749/1034/6405 750/1035/6406
f 747/1032/6403 750/1035/6406 722/991/6378
f 751/1038/6407 749/1037/6405 746/1036/6402
f 745/1029/6401 751/1040/6407 746/1039/6402
f 752/1041/6408 751/1040/6407 745/1029/6401
f 744/1024/6400 752/1041/6408 745/1029/6401
f 753/1042/6409 744/1024/6400 743/1022/6399
f 749/1034/6405 754/1043/6410 750/1035/6406
f 751/1038/6407 754/1044/6410 749/1037/6405
f 722/991/6378 750/1035/6406 723/992/6379
f 723/992/6379 750/1035/6406 748/1033/6404
f 754/1043/6410 755/1045/6411 750/1035/6406
f 750/1035/6406 755/1045/6411 756/1046/6412
f 750/1035/6406 756/1046/6412 748/1033/6404
f 751/1038/6407 755/1047/6411 754/1044/6410
f 752/1041/6408 757/1048/6413 751/1040/6407
f 758/1049/6414 752/1041/6408 744/1024/6400
f 759/1050/6415 757/1048/6413 758/1049/6414
f 758/1049/6414 757/1048/6413 752/1041/6408
f 751/1040/6407 760/1052/6416 755/1051/6411
f 757/1048/6413 760/1052/6416 751/1040/6407
f 755/1045/6411 761/1053/6417 756/1046/6412
f 760/1052/6416 761/1054/6417 755/1051/6411
f 748/1033/6404 756/1046/6412 736/1008/6392
f 761/1053/6417 762/1055/6418 756/1046/6412
f 763/1058/6419 762/1057/6418 761/1056/6417
f 760/1052/6416 763/1059/6419 761/1054/6417
f 757/1048/6413 763/1059/6419 760/1052/6416
f 764/1060/6420 759/1050/6415 758/1049/6414
f 765/1061/6421 764/1060/6420 758/1049/6414
f 764/1060/6420 766/1062/6422 759/1050/6415
f 757/1048/6413 767/1063/6423 763/1059/6419
f 759/1050/6415 767/1063/6423 757/1048/6413
f 766/1062/6422 768/1064/6424 759/1050/6415
f 769/1065/6425 766/1062/6422 764/1060/6420
f 769/1065/6425 770/1066/6426 766/1062/6422
f 769/1065/6425 764/1060/6420 765/1061/6421
f 771/1067/6427 769/1065/6425 765/1061/6421
f 771/1070/6427 772/1069/6428 769/1068/6425
f 772/1069/6428 773/1071/6429 769/1068/6425
f 773/1071/6429 774/1072/6430 769/1068/6425
f 769/1068/6425 774/1072/6430 770/1073/6426
f 770/1076/6426 775/1075/6431 766/1074/6422
f 774/1072/6430 776/1077/6432 770/1073/6426
f 770/1073/6426 776/1077/6432 775/1078/6431
f 766/1074/6422 777/1080/6433 768/1079/6424
f 775/1075/6431 777/1080/6433 766/1074/6422
f 759/1050/6415 768/1064/6424 767/1063/6423
f 777/1080/6433 778/1081/6434 768/1079/6424
f 775/1075/6431 779/1082/6435 777/1080/6433
f 775/1078/6431 776/1077/6432 779/1083/6435
f 774/1072/6430 780/1084/6436 776/1077/6432
f 773/1071/6429 780/1084/6436 774/1072/6430
f 780/1084/6436 781/1085/6437 776/1077/6432
f 782/1088/6438 781/1087/6437 780/1086/6436
f 776/1077/6432 783/1089/6439 779/1083/6435
f 776/1077/6432 781/1085/6437 783/1089/6439
f 779/1082/6435 784/1090/6440 777/1080/6433
f 783/1089/6439 785/1091/6441 779/1083/6435
f 779/1094/6435 785/1093/6441 784/1092/6440
f 768/1079/6424 786/1096/6442 767/1095/6423
f 787/1097/6443 778/1081/6434 777/1080/6433
f 784/1090/6440 787/1097/6443 777/1080/6433
f 784/1092/6440 785/1093/6441 787/1098/6443
f 783/1101/6439 788/1100/6444 785/1099/6441
f 781/1087/6437 788/1100/6444 783/1101/6439
f 782/1088/6438 789/1102/6445 781/1087/6437
f 789/1102/6445 788/1100/6444 781/1087/6437
f 790/1103/6446 789/1102/6445 782/1088/6438
f 780/1086/6436 790/1103/6446 782/1088/6438
f 790/1106/6446 791/1105/6447 789/1104/6445
f 792/1107/6448 791/1105/6447 790/1106/6446
f 789/1102/6445 793/1108/6449 788/1100/6444
f 791/1105/6447 793/1109/6449 789/1104/6445
f 785/1093/6441 794/1110/6450 787/1098/6443
f 785/1099/6441 788/1100/6444 794/1111/6450
f 787/1097/6443 795/1112/6451 778/1081/6434
f 787/1098/6443 794/1110/6450 795/1113/6451
f 795/1112/6451 796/1114/6452 778/1081/6434
f 796/1114/6452 797/1115/6453 778/1081/6434
f 778/1081/6434 797/1115/6453 768/1079/6424
f 797/1115/6453 798/1116/6454 768/1079/6424
f 797/1115/6453 799/1117/6455 798/1116/6454
f 800/1118/6456 799/1117/6455 797/1115/6453
f 801/1119/6457 800/1118/6456 797/1115/6453
f 796/1114/6452 801/1119/6457 797/1115/6453
f 802/1120/6458 801/1119/6457 796/1114/6452
f 795/1112/6451 802/1120/6458 796/1114/6452
f 795/1113/6451 794/1110/6450 802/1121/6458
f 794/1110/6450 803/1122/6459 802/1121/6458
f 794/1111/6450 788/1100/6444 803/1123/6459
f 802/1120/6458 804/1124/6460 801/1119/6457
f 802/1121/6458 803/1122/6459 804/1125/6460
f 804/1124/6460 800/1118/6456 801/1119/6457
f 800/1118/6456 805/1126/6461 799/1117/6455
f 806/1127/6462 805/1126/6461 800/1118/6456
f 804/1124/6460 806/1127/6462 800/1118/6456
f 803/1122/6459 807/1128/6463 804/1125/6460
f 804/1125/6460 807/1128/6463 806/1129/6462
f 803/1123/6459 808/1131/6464 807/1130/6463
f 788/1100/6444 808/1131/6464 803/1123/6459
f 788/1100/6444 809/1132/6465 808/1131/6464
f 793/1108/6449 809/1132/6465 788/1100/6444
f 793/1108/6449 810/1133/6466 809/1132/6465
f 810/1133/6466 811/1134/6467 809/1132/6465
f 809/1132/6465 812/1135/6468 808/1131/6464
f 809/1132/6465 813/1136/6469 812/1135/6468
f 808/1131/6464 812/1135/6468 814/1137/6470
f 808/1131/6464 815/1138/6471 807/1130/6463
f 808/1131/6464 814/1137/6470 815/1138/6471
f 807/1141/6463 816/1140/6472 806/1139/6462
f 807/1141/6463 815/1142/6471 816/1140/6472
f 815/1142/6471 814/1144/6470 817/1143/6473
f 814/1137/6470 812/1135/6468 818/1145/6474
f 812/1135/6468 813/1136/6469 818/1145/6474
f 809/1132/6465 811/1134/6467 813/1136/6469
f 819/1146/6475 811/1134/6467 810/1133/6466
f 819/1146/6475 820/1147/6476 811/1134/6467
f 811/1134/6467 820/1147/6476 821/1148/6477
f 821/1148/6477 820/1147/6476 822/1149/6478
f 813/1136/6469 811/1134/6467 821/1148/6477
f 818/1145/6474 813/1136/6469 821/1148/6477
f 824/1152/6480 823/1151/6479 818/1150/6474
f 818/1150/6474 823/1151/6479 814/1144/6470
f 823/1151/6479 825/1153/6481 814/1144/6470
f 814/1144/6470 825/1153/6481 817/1143/6473
f 817/1143/6473 825/1153/6481 815/1142/6471
f 825/1153/6481 826/1154/6482 815/1142/6471
f 815/1142/6471 826/1154/6482 816/1140/6472
f 816/1140/6472 826/1154/6482 806/1139/6462
f 806/1139/6462 826/1154/6482 827/1155/6483
f 826/1154/6482 828/1156/6484 827/1155/6483
f 825/1153/6481 828/1156/6484 826/1154/6482
f 825/1153/6481 829/1157/6485 828/1156/6484
f 823/1151/6479 829/1157/6485 825/1153/6481
f 823/1151/6479 830/1158/6486 829/1157/6485
f 824/1152/6480 830/1158/6486 823/1151/6479
f 824/1152/6480 831/1159/6487 830/1158/6486
f 818/1150/6474 831/1159/6487 824/1152/6480
f 821/1160/6477 831/1159/6487 818/1150/6474
f 821/1160/6477 822/1161/6478 831/1159/6487
f 831/1159/6487 833/1163/6489 832/1162/6488
f 822/1161/6478 833/1163/6489 831/1159/6487
f 831/1159/6487 834/1164/6490 830/1158/6486
f 831/1159/6487 832/1162/6488 834/1164/6490
f 830/1158/6486 834/1164/6490 835/1165/6491
f 830/1158/6486 835/1165/6491 836/1166/6492
f 830/1158/6486 836/1166/6492 829/1157/6485
f 829/1157/6485 837/1167/6493 828/1156/6484
f 829/1157/6485 836/1166/6492 837/1167/6493
f 828/1156/6484 837/1167/6493 838/1168/6494
f 837/1167/6493 839/1169/6495 838/1168/6494
f 837/1167/6493 840/1170/6496 839/1169/6495
f 836/1166/6492 840/1170/6496 837/1167/6493
f 820/1147/6476 841/1171/6497 822/1149/6478
f 822/1149/6478 841/1171/6497 833/1172/6489
f 842/1173/6498 841/1171/6497 820/1147/6476
f 842/1173/6498 843/1174/6499 841/1171/6497
f 843/1174/6499 844/1175/6500 841/1171/6497
f 832/1162/6488 845/1176/6501 834/1164/6490
f 834/1164/6490 846/1177/6502 835/1165/6491
f 834/1164/6490 845/1176/6501 846/1177/6502
f 835/1165/6491 846/1177/6502 847/1178/6503
f 840/1170/6496 848/1179/6504 839/1169/6495
f 840/1170/6496 836/1166/6492 848/1179/6504
f 836/1166/6492 849/1180/6505 848/1179/6504
f 835/1165/6491 849/1180/6505 836/1166/6492
f 835/1165/6491 847/1178/6503 849/1180/6505
f 846/1177/6502 850/1181/6506 847/1178/6503
f 846/1177/6502 851/1182/6507 850/1181/6506
f 845/1176/6501 851/1182/6507 846/1177/6502
f 845/1185/6501 852/1184/6508 851/1183/6507
f 832/1186/6488 852/1184/6508 845/1185/6501
f 833/1172/6489 852/1184/6508 832/1186/6488
f 833/1172/6489 853/1187/6509 852/1184/6508
f 841/1171/6497 853/1187/6509 833/1172/6489
f 843/1174/6499 854/1188/6510 844/1175/6500
f 843/1174/6499 855/1189/6511 854/1188/6510
f 855/1189/6511 856/1190/6512 854/1188/6510
f 841/1171/6497 844/1175/6500 853/1187/6509
f 844/1175/6500 857/1191/6513 853/1187/6509
f 852/1184/6508 858/1192/6514 851/1183/6507
f 851/1182/6507 858/1193/6514 850/1181/6506
f 849/1180/6505 859/1194/6515 848/1179/6504
f 849/1180/6505 847/1178/6503 859/1194/6515
f 852/1184/6508 857/1191/6513 858/1192/6514
f 853/1187/6509 857/1191/6513 852/1184/6508
f 844/1175/6500 860/1195/6516 857/1191/6513
f 854/1188/6510 861/1196/6517 844/1175/6500
f 856/1190/6512 861/1196/6517 854/1188/6510
f 855/1189/6511 862/1197/6518 856/1190/6512
f 856/1190/6512 863/1198/6519 861/1196/6517
f 862/1197/6518 863/1198/6519 856/1190/6512
f 864/1199/6520 862/1197/6518 855/1189/6511
f 865/1200/6521 864/1199/6520 855/1189/6511
f 862/1197/6518 866/1201/6522 863/1198/6519
f 844/1175/6500 861/1196/6517 860/1195/6516
f 860/1195/6516 861/1196/6517 867/1202/6523
f 868/1203/6524 850/1181/6506 858/1193/6514
f 847/1178/6503 850/1181/6506 868/1203/6524
f 870/1205/6526 869/1204/6525 868/1203/6524
f 858/1193/6514 870/1205/6526 868/1203/6524
f 871/1206/6527 870/1205/6526 858/1193/6514
f 857/1191/6513 871/1207/6527 858/1192/6514
f 867/1202/6523 872/1208/6528 860/1195/6516
f 867/1202/6523 861/1196/6517 863/1198/6519
f 857/1191/6513 873/1209/6529 871/1207/6527
f 857/1191/6513 860/1195/6516 873/1209/6529
f 871/1206/6527 874/1210/6530 870/1205/6526
f 871/1206/6527 873/1211/6529 874/1210/6530
f 870/1205/6526 875/1212/6531 869/1204/6525
f 870/1205/6526 874/1210/6530 875/1212/6531
f 873/1211/6529 876/1213/6532 874/1210/6530
f 874/1210/6530 876/1213/6532 875/1212/6531
f 860/1195/6516 877/1214/6533 873/1209/6529
f 872/1208/6528 877/1214/6533 860/1195/6516
f 878/1215/6534 863/1198/6519 866/1201/6522
f 876/1213/6532 873/1211/6529 877/1216/6533
f 877/1216/6533 872/1218/6528 879/1217/6535
f 867/1220/6523 880/1219/6536 872/1218/6528
f 867/1220/6523 881/1221/6537 880/1219/6536
f 863/1198/6519 881/1222/6537 867/1202/6523
f 863/1198/6519 882/1223/6538 881/1222/6537
f 878/1215/6534 882/1223/6538 863/1198/6519
f 872/1218/6528 880/1219/6536 879/1217/6535
f 880/1219/6536 883/1224/6539 879/1217/6535
f 884/1227/6540 882/1226/6538 878/1225/6534
f 878/1225/6534 885/1228/6541 884/1227/6540
f 886/1229/6542 885/1228/6541 878/1225/6534
f 886/1229/6542 878/1225/6534 887/1230/6543
f 886/1229/6542 888/1231/6544 885/1228/6541
f 889/1232/6545 888/1231/6544 886/1229/6542
f 880/1219/6536 890/1233/6546 883/1224/6539
f 890/1233/6546 891/1234/6547 883/1224/6539
f 890/1233/6546 880/1219/6536 881/1221/6537
f 881/1221/6537 882/1226/6538 892/1235/6548
f 884/1227/6540 885/1228/6541 893/1236/6549
f 889/1232/6545 894/1237/6550 888/1231/6544
f 894/1237/6550 895/1238/6551 888/1231/6544
f 895/1238/6551 896/1239/6552 888/1231/6544
f 885/1228/6541 888/1231/6544 896/1239/6552
f 893/1236/6549 885/1228/6541 896/1239/6552
f 893/1236/6549 898/1241/6554 897/1240/6553
f 896/1239/6552 898/1241/6554 893/1236/6549
f 893/1236/6549 897/1240/6553 884/1227/6540
f 884/1227/6540 899/1242/6555 882/1226/6538
f 884/1227/6540 897/1240/6553 899/1242/6555
f 882/1226/6538 900/1243/6556 892/1235/6548
f 882/1226/6538 899/1242/6555 900/1243/6556
f 881/1221/6537 892/1235/6548 901/1244/6557
f 881/1221/6537 902/1245/6558 890/1233/6546
f 881/1221/6537 901/1244/6557 902/1245/6558
f 892/1235/6548 903/1246/6559 901/1244/6557
f 892/1235/6548 904/1247/6560 903/1246/6559
f 900/1243/6556 904/1247/6560 892/1235/6548
f 900/1243/6556 905/1248/6561 904/1247/6560
f 899/1242/6555 905/1248/6561 900/1243/6556
f 899/1242/6555 906/1249/6562 905/1248/6561
f 897/1240/6553 906/1249/6562 899/1242/6555
f 897/1240/6553 907/1250/6563 906/1249/6562
f 897/1240/6553 898/1241/6554 907/1250/6563
f 896/1239/6552 895/1238/6551 908/1251/6564
f 898/1241/6554 896/1239/6552 908/1251/6564
f 905/1248/6561 909/1252/6565 904/1247/6560
f 905/1248/6561 906/1249/6562 909/1252/6565
f 904/1247/6560 909/1252/6565 903/1246/6559
f 909/1252/6565 910/1253/6566 903/1246/6559
f 906/1249/6562 911/1254/6567 909/1252/6565
f 907/1250/6563 911/1254/6567 906/1249/6562
f 907/1250/6563 912/1255/6568 911/1254/6567
f 898/1241/6554 912/1255/6568 907/1250/6563
f 898/1241/6554 913/1256/6569 912/1255/6568
f 908/1251/6564 914/1257/6570 898/1241/6554
f 914/1257/6570 915/1258/6571 898/1241/6554
f 908/1251/6564 916/1259/6572 914/1257/6570
f 917/1260/6573 914/1257/6570 916/1259/6572
f 915/1258/6571 914/1257/6570 917/1260/6573
f 918/1263/6574 915/1262/6571 917/1261/6573
f 898/1241/6554 915/1258/6571 913/1256/6569
f 912/1255/6568 920/1265/6576 919/1264/6575
f 912/1255/6568 919/1264/6575 911/1254/6567
f 911/1254/6567 921/1266/6577 909/1252/6565
f 911/1254/6567 919/1264/6575 921/1266/6577
f 922/1267/6578 912/1255/6568 913/1256/6569
f 913/1256/6569 924/1269/6580 923/1268/6579
f 922/1267/6578 913/1256/6569 923/1268/6579
f 915/1258/6571 924/1269/6580 913/1256/6569
f 925/1270/6581 915/1262/6571 918/1263/6574
f 924/1271/6580 915/1262/6571 925/1270/6581
f 918/1274/6574 927/1273/6583 926/1272/6582
f 917/1275/6573 927/1273/6583 918/1274/6574
f 918/1274/6574 926/1272/6582 925/1276/6581
f 917/1275/6573 928/1277/6584 927/1273/6583
f 916/1278/6572 928/1277/6584 917/1275/6573
f 930/1280/6586 929/1279/6585 928/1277/6584
f 928/1277/6584 929/1279/6585 927/1273/6583
f 928/1277/6584 916/1278/6572 930/1280/6586
f 927/1273/6583 929/1279/6585 926/1272/6582
f 925/1276/6581 926/1272/6582 931/1281/6587
f 931/1282/6587 924/1271/6580 925/1270/6581
f 923/1283/6579 924/1271/6580 931/1282/6587
f 922/1267/6578 923/1268/6579 932/1284/6588
f 923/1268/6579 934/1286/6590 933/1285/6589
f 932/1284/6588 923/1268/6579 933/1285/6589
f 935/1287/6591 923/1283/6579 931/1282/6587
f 934/1288/6590 923/1283/6579 935/1287/6591
f 912/1255/6568 922/1267/6578 920/1265/6576
f 932/1284/6588 920/1265/6576 922/1267/6578
f 932/1284/6588 933/1285/6589 936/1289/6592
f 934/1292/6590 937/1291/6593 933/1290/6589
f 938/1295/6594 934/1294/6590 935/1293/6591
f 937/1296/6593 934/1294/6590 938/1295/6594
f 931/1281/6587 939/1297/6595 935/1293/6591
f 935/1293/6591 939/1297/6595 938/1295/6594
f 931/1281/6587 926/1272/6582 939/1297/6595
f 926/1272/6582 929/1279/6585 940/1298/6596
f 936/1289/6592 941/1299/6597 932/1284/6588
f 942/1300/6598 920/1265/6576 932/1284/6588
f 919/1264/6575 920/1265/6576 943/1301/6599
f 943/1301/6599 920/1265/6576 942/1300/6598
f 941/1299/6597 944/1302/6600 942/1300/6598
f 942/1300/6598 944/1302/6600 943/1301/6599
f 932/1284/6588 941/1299/6597 942/1300/6598
f 941/1299/6597 945/1303/6601 944/1302/6600
f 941/1299/6597 936/1289/6592 945/1303/6601
f 937/1291/6593 946/1304/6602 933/1290/6589
f 946/1305/6602 937/1296/6593 938/1295/6594
f 939/1297/6595 940/1298/6596 947/1306/6603
f 926/1272/6582 940/1298/6596 939/1297/6595
f 938/1295/6594 939/1297/6595 948/1307/6604
f 938/1295/6594 948/1307/6604 949/1308/6605
f 949/1308/6605 946/1305/6602 938/1295/6594
f 946/1304/6602 950/1309/6606 933/1290/6589
f 950/1310/6606 946/1305/6602 949/1308/6605
f 933/1285/6589 950/1311/6606 936/1289/6592
f 944/1302/6600 951/1312/6607 943/1301/6599
f 945/1303/6601 936/1289/6592 952/1313/6608
f 939/1297/6595 947/1306/6603 948/1307/6604
f 949/1308/6605 948/1307/6604 953/1314/6609
f 953/1314/6609 950/1310/6606 949/1308/6605
f 945/1303/6601 952/1313/6608 954/1315/6610
f 944/1302/6600 945/1303/6601 955/1316/6611
f 945/1303/6601 954/1315/6610 955/1316/6611
f 952/1313/6608 956/1317/6612 954/1315/6610
f 952/1313/6608 957/1318/6613 956/1317/6612
f 936/1289/6592 957/1318/6613 952/1313/6608
f 950/1311/6606 957/1318/6613 936/1289/6592
f 958/1319/6614 957/1318/6613 950/1311/6606
f 950/1310/6606 953/1314/6609 958/1320/6614
f 948/1307/6604 947/1306/6603 959/1321/6615
f 953/1314/6609 948/1307/6604 959/1321/6615
f 960/1322/6616 953/1314/6609 959/1321/6615
f 961/1323/6617 953/1314/6609 960/1322/6616
f 961/1323/6617 958/1320/6614 953/1314/6609
f 958/1326/6614 961/1325/6617 962/1324/6618
f 958/1319/6614 962/1327/6618 957/1318/6613
f 963/1328/6619 956/1317/6612 957/1318/6613
f 957/1318/6613 962/1327/6618 963/1328/6619
f 962/1324/6618 964/1330/6620 963/1329/6619
f 962/1324/6618 961/1325/6617 964/1330/6620
f 961/1323/6617 965/1332/6621 964/1331/6620
f 965/1332/6621 961/1323/6617 960/1322/6616
f 959/1321/6615 965/1332/6621 960/1322/6616
f 959/1321/6615 947/1306/6603 966/1333/6622
f 967/1334/6623 965/1332/6621 959/1321/6615
f 959/1321/6615 966/1333/6622 968/1335/6624
f 970/1337/6626 969/1336/6625 967/1334/6623
f 969/1336/6625 965/1332/6621 967/1334/6623
f 965/1332/6621 969/1336/6625 971/1338/6627
f 972/1339/6628 965/1332/6621 971/1338/6627
f 965/1332/6621 972/1339/6628 964/1331/6620
f 963/1329/6619 964/1330/6620 973/1340/6629
f 964/1330/6620 972/1341/6628 973/1340/6629
f 972/1341/6628 971/1342/6627 973/1340/6629
f 971/1342/6627 974/1343/6630 973/1340/6629
f 971/1338/6627 975/1345/6631 974/1344/6630
f 969/1336/6625 975/1345/6631 971/1338/6627
f 975/1345/6631 969/1336/6625 970/1337/6626
f 959/1321/6615 968/1335/6624 967/1334/6623
f 967/1334/6623 968/1335/6624 976/1346/6632
f 970/1337/6626 967/1334/6623 976/1346/6632
f 977/1347/6633 970/1337/6626 976/1346/6632
f 978/1348/6634 970/1337/6626 977/1347/6633
f 978/1348/6634 975/1345/6631 970/1337/6626
f 973/1340/6629 974/1343/6630 979/1349/6635
f 973/1340/6629 979/1349/6635 963/1329/6619
f 963/1328/6619 980/1350/6636 956/1317/6612
f 963/1328/6619 979/1351/6635 980/1350/6636
f 975/1345/6631 981/1352/6637 974/1344/6630
f 979/1349/6635 974/1343/6630 981/1353/6637
f 975/1345/6631 978/1348/6634 981/1352/6637
f 978/1348/6634 982/1354/6638 981/1352/6637
f 982/1354/6638 978/1348/6634 977/1347/6633
f 977/1347/6633 976/1346/6632 983/1355/6639
f 977/1347/6633 983/1355/6639 984/1356/6640
f 984/1356/6640 982/1354/6638 977/1347/6633
f 985/1357/6641 982/1354/6638 984/1356/6640
f 981/1353/6637 982/1359/6638 986/1358/6642
f 982/1359/6638 985/1360/6641 986/1358/6642
f 986/1358/6642 979/1349/6635 981/1353/6637
f 980/1350/6636 979/1351/6635 987/1361/6643
f 979/1351/6635 986/1362/6642 987/1361/6643
f 988/1363/6644 980/1350/6636 987/1361/6643
f 986/1362/6642 989/1364/6645 987/1361/6643
f 987/1361/6643 989/1364/6645 988/1363/6644
f 986/1362/6642 990/1365/6646 989/1364/6645
f 986/1358/6642 991/1367/6647 990/1366/6646
f 985/1360/6641 991/1367/6647 986/1358/6642
f 991/1368/6647 985/1357/6641 984/1356/6640
f 984/1356/6640 983/1355/6639 992/1369/6648
f 992/1369/6648 991/1368/6647 984/1356/6640
f 976/1346/6632 968/1335/6624 993/1370/6649
f 993/1370/6649 968/1335/6624 994/1371/6650
f 976/1346/6632 993/1370/6649 995/1372/6651
f 983/1355/6639 976/1346/6632 995/1372/6651
f 992/1369/6648 983/1355/6639 995/1372/6651
f 996/1373/6652 992/1369/6648 995/1372/6651
f 997/1374/6653 992/1369/6648 996/1373/6652
f 997/1374/6653 998/1375/6654 992/1369/6648
f 991/1368/6647 992/1369/6648 998/1375/6654
f 990/1366/6646 991/1367/6647 998/1376/6654
f 989/1364/6645 990/1365/6646 999/1377/6655
f 1000/1378/6656 999/1377/6655 990/1365/6646
f 1000/1379/6656 990/1366/6646 998/1376/6654
f 989/1364/6645 1001/1380/6657 988/1363/6644
f 989/1364/6645 999/1377/6655 1001/1380/6657
f 1001/1380/6657 999/1377/6655 1002/1381/6658
f 1000/1378/6656 1003/1382/6659 999/1377/6655
f 999/1377/6655 1003/1382/6659 1002/1381/6658
f 1000/1378/6656 1004/1383/6660 1003/1382/6659
f 998/1376/6654 1004/1384/6660 1000/1379/6656
f 997/1385/6653 1004/1384/6660 998/1376/6654
f 997/1385/6653 1005/1386/6661 1004/1384/6660
f 1005/1387/6661 997/1374/6653 996/1373/6652
f 1006/1388/6662 996/1373/6652 995/1372/6651
f 1007/1389/6663 996/1373/6652 1006/1388/6662
f 1007/1389/6663 1008/1390/6664 996/1373/6652
f 1009/1391/6665 996/1373/6652 1008/1390/6664
f 1009/1391/6665 1005/1387/6661 996/1373/6652
f 995/1372/6651 993/1370/6649 1010/1392/6666
f 995/1372/6651 1010/1392/6666 1006/1388/6662
f 993/1370/6649 994/1371/6650 1011/1393/6667
f 1010/1392/6666 993/1370/6649 1011/1393/6667
f 1010/1392/6666 1011/1393/6667 1012/1394/6668
f 1006/1388/6662 1010/1392/6666 1012/1394/6668
f 1013/1395/6669 1006/1388/6662 1012/1394/6668
f 1014/1396/6670 1006/1388/6662 1013/1395/6669
f 1014/1396/6670 1007/1389/6663 1006/1388/6662
f 1015/1397/6671 1007/1389/6663 1014/1396/6670
f 1007/1389/6663 1015/1397/6671 1008/1390/6664
f 1017/1400/6673 1016/1399/6672 1008/1398/6664
f 1018/1401/6674 1017/1400/6673 1008/1398/6664
f 1018/1402/6674 1008/1390/6664 1015/1397/6671
f 1016/1399/6672 1009/1403/6665 1008/1398/6664
f 1009/1406/6665 1016/1405/6672 1019/1404/6675
f 1005/1407/6661 1009/1406/6665 1019/1404/6675
f 1004/1384/6660 1005/1386/6661 1020/1408/6676
f 1019/1411/6675 1020/1410/6676 1005/1409/6661
f 1004/1383/6660 1020/1410/6676 1003/1382/6659
f 1003/1382/6659 1021/1412/6677 1002/1381/6658
f 1003/1382/6659 1020/1410/6676 1021/1412/6677
f 1021/1412/6677 1020/1410/6676 1022/1413/6678
f 1019/1411/6675 1023/1414/6679 1020/1410/6676
f 1020/1410/6676 1023/1414/6679 1022/1413/6678
f 1023/1415/6679 1019/1404/6675 1016/1405/6672
f 1024/1416/6680 1016/1399/6672 1017/1400/6673
f 1023/1415/6679 1016/1405/6672 1024/1417/6680
f 1025/1418/6681 1024/1416/6680 1017/1400/6673
f 1026/1419/6682 1025/1418/6681 1017/1400/6673
f 1017/1400/6673 1018/1401/6674 1027/1420/6683
f 1014/1396/6670 1028/1421/6684 1018/1402/6674
f 1015/1397/6671 1014/1396/6670 1018/1402/6674
f 1027/1420/6683 1018/1401/6674 1028/1422/6684
f 1014/1396/6670 1013/1395/6669 1028/1421/6684
f 1013/1395/6669 1011/1393/6667 1029/1423/6685
f 1012/1394/6668 1011/1393/6667 1013/1395/6669
f 1030/1424/6686 1013/1395/6669 1029/1423/6685
f 1028/1421/6684 1013/1395/6669 1030/1424/6686
f 1011/1393/6667 1031/1425/6687 1029/1423/6685
f 1029/1428/6685 1031/1427/6687 1032/1426/6688
f 1029/1428/6685 1032/1426/6688 1030/1429/6686
f 1030/1432/6686 1032/1431/6688 1033/1430/6689
f 1035/1435/6691 1030/1434/6686 1034/1433/6690
f 1030/1434/6686 1033/1436/6689 1034/1433/6690
f 1028/1422/6684 1030/1434/6686 1035/1435/6691
f 1036/1437/6692 1028/1422/6684 1035/1435/6691
f 1028/1422/6684 1036/1437/6692 1027/1420/6683
f 1017/1400/6673 1027/1420/6683 1037/1438/6693
f 1017/1400/6673 1037/1438/6693 1026/1419/6682
f 1026/1419/6682 1037/1438/6693 1038/1439/6694
f 1038/1439/6694 1025/1418/6681 1026/1419/6682
f 1039/1440/6695 1025/1418/6681 1038/1439/6694
f 1041/1443/6697 1025/1442/6681 1040/1441/6696
f 1025/1442/6681 1039/1444/6695 1040/1441/6696
f 1024/1445/6680 1025/1442/6681 1041/1443/6697
f 1022/1413/6678 1024/1447/6680 1041/1446/6697
f 1023/1414/6679 1024/1447/6680 1022/1413/6678
f 1041/1446/6697 1021/1412/6677 1022/1413/6678
f 1040/1449/6696 1042/1448/6698 1041/1446/6697
f 1042/1448/6698 1021/1412/6677 1041/1446/6697
f 1040/1441/6696 1039/1444/6695 1043/1450/6699
f 1043/1451/6699 1042/1448/6698 1040/1449/6696
f 1045/1453/6701 1039/1444/6695 1044/1452/6700
f 1044/1454/6700 1039/1440/6695 1038/1439/6694
f 1039/1444/6695 1045/1453/6701 1043/1450/6699
f 1038/1439/6694 1046/1455/6702 1044/1454/6700
f 1037/1438/6693 1046/1455/6702 1038/1439/6694
f 1047/1456/6703 1046/1455/6702 1037/1438/6693
f 1027/1420/6683 1047/1456/6703 1037/1438/6693
f 1036/1437/6692 1047/1456/6703 1027/1420/6683
f 1035/1435/6691 1034/1433/6690 1036/1437/6692
f 1034/1433/6690 1049/1458/6705 1048/1457/6704
f 1033/1436/6689 1049/1458/6705 1034/1433/6690
f 1034/1433/6690 1048/1457/6704 1036/1437/6692
f 1049/1460/6705 1033/1430/6689 1050/1459/6706
f 1033/1430/6689 1032/1431/6688 1050/1459/6706
f 1051/1461/6707 1036/1437/6692 1048/1457/6704
f 1036/1437/6692 1051/1461/6707 1047/1456/6703
f 1047/1456/6703 1051/1461/6707 1052/1462/6708
f 1047/1456/6703 1052/1462/6708 1046/1455/6702
f 1052/1462/6708 1053/1463/6709 1046/1455/6702
f 1046/1455/6702 1053/1463/6709 1044/1454/6700
f 1044/1454/6700 1053/1463/6709 1054/1464/6710
f 1054/1465/6710 1045/1453/6701 1044/1452/6700
f 1055/1466/6711 1045/1453/6701 1054/1465/6710
f 1045/1453/6701 1055/1466/6711 1043/1450/6699
f 1043/1450/6699 1055/1466/6711 1056/1467/6712
f 1056/1469/6712 1057/1468/6713 1043/1451/6699
f 1057/1468/6713 1042/1448/6698 1043/1451/6699
f 1059/1471/6715 1055/1466/6711 1058/1470/6714
f 1058/1470/6714 1055/1466/6711 1054/1465/6710
f 1055/1466/6711 1059/1471/6715 1056/1467/6712
f 1054/1464/6710 1060/1473/6716 1058/1472/6714
f 1053/1463/6709 1060/1473/6716 1054/1464/6710
f 1061/1474/6717 1060/1473/6716 1053/1463/6709
f 1052/1462/6708 1061/1474/6717 1053/1463/6709
f 1048/1457/6704 1049/1458/6705 1062/1475/6718
f 1050/1459/6706 1063/1476/6719 1049/1460/6705
f 1062/1475/6718 1049/1458/6705 1063/1477/6719
f 1065/1479/6721 1064/1478/6720 1062/1475/6718
f 1063/1477/6719 1065/1479/6721 1062/1475/6718
f 1048/1457/6704 1062/1475/6718 1066/1480/6722
f 1062/1475/6718 1064/1478/6720 1066/1480/6722
f 1066/1480/6722 1051/1461/6707 1048/1457/6704
f 1052/1462/6708 1051/1461/6707 1066/1480/6722
f 1061/1474/6717 1067/1481/6723 1060/1473/6716
f 1067/1481/6723 1068/1482/6724 1060/1473/6716
f 1060/1473/6716 1068/1482/6724 1058/1472/6714
f 1058/1472/6714 1068/1482/6724 1069/1483/6725
f 1069/1484/6725 1059/1471/6715 1058/1470/6714
f 1070/1485/6726 1059/1471/6715 1069/1484/6725
f 1056/1469/6712 1059/1487/6715 1071/1486/6727
f 1059/1487/6715 1070/1488/6726 1071/1486/6727
f 1071/1486/6727 1072/1489/6728 1056/1469/6712
f 1072/1489/6728 1057/1468/6713 1056/1469/6712
f 1071/1486/6727 1070/1488/6726 1073/1490/6729
f 1073/1490/6729 1074/1491/6730 1071/1486/6727
f 1074/1491/6730 1072/1489/6728 1071/1486/6727
f 1075/1492/6731 1070/1485/6726 1069/1484/6725
f 1069/1483/6725 1076/1494/6732 1075/1493/6731
f 1068/1482/6724 1076/1494/6732 1069/1483/6725
f 1061/1474/6717 1052/1462/6708 1066/1480/6722
f 1066/1480/6722 1064/1478/6720 1061/1474/6717
f 1064/1478/6720 1077/1495/6733 1061/1474/6717
f 1076/1494/6732 1078/1496/6734 1075/1493/6731
f 1075/1492/6731 1078/1498/6734 1079/1497/6735
f 1079/1497/6735 1070/1485/6726 1075/1492/6731
f 1080/1499/6736 1070/1485/6726 1079/1497/6735
f 1070/1488/6726 1080/1500/6736 1073/1490/6729
f 1081/1501/6737 1074/1491/6730 1073/1490/6729
f 1083/1503/6739 1081/1501/6737 1082/1502/6738
f 1082/1502/6738 1081/1501/6737 1073/1490/6729
f 1073/1490/6729 1080/1500/6736 1084/1504/6740
f 1084/1504/6740 1082/1502/6738 1073/1490/6729
f 1085/1505/6741 1080/1499/6736 1079/1497/6735
f 1079/1497/6735 1078/1498/6734 1085/1505/6741
f 1068/1482/6724 1086/1506/6742 1076/1494/6732
f 1061/1474/6717 1087/1507/6743 1067/1481/6723
f 1077/1495/6733 1087/1507/6743 1061/1474/6717
f 1067/1481/6723 1087/1507/6743 1088/1508/6744
f 1067/1481/6723 1089/1509/6745 1068/1482/6724
f 1089/1509/6745 1067/1481/6723 1088/1508/6744
f 1068/1482/6724 1089/1509/6745 1086/1506/6742
f 1076/1494/6732 1090/1510/6746 1078/1496/6734
f 1091/1511/6747 1078/1496/6734 1090/1510/6746
f 1078/1496/6734 1091/1511/6747 1085/1512/6741
f 1092/1513/6748 1082/1502/6738 1084/1504/6740
f 1093/1514/6749 1082/1502/6738 1092/1513/6748
f 1083/1503/6739 1082/1502/6738 1093/1514/6749
f 1084/1504/6740 1080/1500/6736 1094/1515/6750
f 1094/1515/6750 1092/1513/6748 1084/1504/6740
f 1095/1516/6751 1080/1499/6736 1085/1505/6741
f 1080/1500/6736 1095/1517/6751 1094/1515/6750
f 1089/1509/6745 1096/1518/6752 1086/1506/6742
f 1088/1508/6744 1096/1518/6752 1089/1509/6745
f 1076/1494/6732 1086/1506/6742 1090/1510/6746
f 1091/1511/6747 1095/1519/6751 1085/1512/6741
f 1086/1506/6742 1098/1521/6754 1097/1520/6753
f 1096/1518/6752 1098/1521/6754 1086/1506/6742
f 1097/1520/6753 1090/1510/6746 1086/1506/6742
f 1093/1514/6749 1092/1513/6748 1099/1522/6755
f 1099/1522/6755 1092/1513/6748 1094/1515/6750
f 1094/1515/6750 1095/1517/6751 1100/1523/6756
f 1100/1523/6756 1099/1522/6755 1094/1515/6750
f 1101/1524/6757 1095/1519/6751 1091/1511/6747
f 1095/1527/6751 1101/1526/6757 1100/1525/6756
f 1098/1521/6754 1102/1528/6758 1097/1520/6753
f 1104/1530/6760 1101/1524/6757 1103/1529/6759
f 1103/1529/6759 1101/1524/6757 1091/1511/6747
f 1101/1526/6757 1104/1531/6760 1100/1525/6756
f 1105/1532/6761 1091/1511/6747 1090/1510/6746
f 1100/1525/6756 1104/1531/6760 1106/1533/6762
f 1104/1531/6760 1107/1534/6763 1106/1533/6762
f 1106/1536/6762 1108/1535/6764 1100/1523/6756
f 1108/1535/6764 1099/1522/6755 1100/1523/6756
f 1106/1533/6762 1107/1534/6763 1109/1537/6765
f 1109/1538/6765 1108/1535/6764 1106/1536/6762
f 1107/1534/6763 1110/1539/6766 1109/1537/6765
f 1103/1529/6759 1091/1511/6747 1105/1532/6761
f 1105/1532/6761 1090/1510/6746 1097/1520/6753
f 1097/1520/6753 1102/1528/6758 1111/1540/6767
f 1111/1540/6767 1105/1532/6761 1097/1520/6753
f 1105/1532/6761 1112/1541/6768 1103/1529/6759
f 1112/1541/6768 1105/1532/6761 1111/1540/6767
f 1103/1529/6759 1112/1541/6768 1104/1530/6760
f 1112/1541/6768 1113/1542/6769 1104/1530/6760
f 1104/1531/6760 1113/1543/6769 1107/1534/6763
f 1107/1534/6763 1113/1543/6769 1110/1539/6766
f 1109/1537/6765 1110/1539/6766 1114/1544/6770
f 1110/1539/6766 1115/1545/6771 1114/1544/6770
f 1114/1544/6770 1116/1546/6772 1109/1537/6765
f 1116/1547/6772 1108/1535/6764 1109/1538/6765
f 1117/1548/6773 1108/1535/6764 1116/1547/6772
f 1099/1522/6755 1108/1535/6764 1117/1548/6773
f 1110/1539/6766 1118/1549/6774 1115/1545/6771
f 1113/1543/6769 1118/1549/6774 1110/1539/6766
f 1119/1551/6775 1118/1550/6774 1113/1542/6769
f 1112/1541/6768 1119/1551/6775 1113/1542/6769
f 1119/1551/6775 1112/1541/6768 1120/1552/6776
f 1120/1552/6776 1112/1541/6768 1111/1540/6767
f 1111/1540/6767 1121/1553/6777 1120/1552/6776
f 1102/1528/6758 1121/1553/6777 1111/1540/6767
f 1120/1552/6776 1121/1553/6777 1122/1554/6778
f 1119/1551/6775 1123/1555/6779 1118/1550/6774
f 1118/1549/6774 1123/1556/6779 1115/1545/6771
f 1114/1544/6770 1115/1545/6771 1124/1557/6780
f 1124/1557/6780 1116/1546/6772 1114/1544/6770
f 1123/1556/6779 1125/1558/6781 1115/1545/6771
f 1126/1559/6782 1125/1558/6781 1123/1556/6779
f 1119/1551/6775 1126/1560/6782 1123/1555/6779
f 1126/1560/6782 1119/1551/6775 1127/1561/6783
f 1127/1561/6783 1119/1551/6775 1120/1552/6776
f 1120/1552/6776 1122/1554/6778 1127/1561/6783
f 1121/1553/6777 1128/1562/6784 1122/1554/6778
f 1122/1554/6778 1128/1562/6784 1129/1563/6785
f 1122/1554/6778 1130/1564/6786 1127/1561/6783
f 1127/1561/6783 1130/1564/6786 1131/1565/6787
f 1131/1565/6787 1126/1560/6782 1127/1561/6783
f 1126/1559/6782 1131/1566/6787 1125/1558/6781
f 1131/1566/6787 1132/1567/6788 1125/1558/6781
f 1125/1558/6781 1132/1567/6788 1115/1545/6771
f 1115/1545/6771 1132/1567/6788 1133/1568/6789
f 1133/1568/6789 1124/1557/6780 1115/1545/6771
f 1134/1569/6790 1124/1557/6780 1133/1568/6789
f 1136/1571/6792 1116/1547/6772 1135/1570/6791
f 1117/1548/6773 1116/1547/6772 1136/1571/6792
f 1135/1572/6791 1116/1546/6772 1124/1557/6780
f 1124/1557/6780 1134/1569/6790 1137/1573/6793
f 1137/1573/6793 1135/1572/6791 1124/1557/6780
f 1137/1573/6793 1134/1569/6790 1138/1574/6794
f 1138/1574/6794 1134/1569/6790 1133/1568/6789
f 1133/1568/6789 1139/1575/6795 1138/1574/6794
f 1132/1567/6788 1139/1575/6795 1133/1568/6789
f 1140/1576/6796 1139/1575/6795 1132/1567/6788
f 1131/1566/6787 1140/1576/6796 1132/1567/6788
f 1140/1579/6796 1131/1578/6787 1141/1577/6797
f 1130/1580/6786 1141/1577/6797 1131/1578/6787
f 1130/1564/6786 1122/1554/6778 1129/1563/6785
f 1128/1562/6784 1142/1581/6798 1129/1563/6785
f 1142/1584/6798 1143/1583/6799 1129/1582/6785
f 1129/1582/6785 1143/1583/6799 1144/1585/6800
f 1144/1585/6800 1130/1580/6786 1129/1582/6785
f 1141/1577/6797 1130/1580/6786 1144/1585/6800
f 1145/1586/6801 1140/1579/6796 1141/1577/6797
f 1146/1587/6802 1140/1579/6796 1145/1586/6801
f 1140/1579/6796 1146/1587/6802 1139/1588/6795
f 1146/1587/6802 1147/1589/6803 1139/1588/6795
f 1139/1575/6795 1147/1590/6803 1138/1574/6794
f 1138/1574/6794 1147/1590/6803 1148/1591/6804
f 1149/1592/6805 1137/1573/6793 1138/1574/6794
f 1149/1592/6805 1138/1574/6794 1148/1591/6804
f 1135/1572/6791 1137/1573/6793 1149/1592/6805
f 1135/1570/6791 1150/1593/6806 1136/1571/6792
f 1149/1592/6805 1150/1594/6806 1135/1572/6791
f 1149/1592/6805 1148/1591/6804 1150/1594/6806
f 1148/1596/6804 1147/1589/6803 1151/1595/6807
f 1148/1599/6804 1151/1598/6807 1152/1597/6808
f 1153/1600/6809 1151/1595/6807 1147/1589/6803
f 1153/1600/6809 1147/1589/6803 1146/1587/6802
f 1145/1586/6801 1153/1600/6809 1146/1587/6802
f 1143/1583/6799 1154/1601/6810 1144/1585/6800
f 1144/1585/6800 1154/1601/6810 1141/1577/6797
f 1155/1604/6811 1143/1603/6799 1142/1602/6798
f 1156/1605/6812 1155/1604/6811 1142/1602/6798
f 1156/1605/6812 1142/1602/6798 1128/1606/6784
f 1157/1607/6813 1155/1604/6811 1156/1605/6812
f 1158/1608/6814 1157/1607/6813 1156/1605/6812
f 1160/1610/6816 1159/1609/6815 1155/1604/6811
f 1157/1607/6813 1160/1610/6816 1155/1604/6811
f 1155/1604/6811 1159/1609/6815 1143/1603/6799
f 1159/1611/6815 1154/1601/6810 1143/1583/6799
f 1153/1600/6809 1161/1612/6817 1151/1595/6807
f 1163/1614/6819 1151/1598/6807 1162/1613/6818
f 1151/1598/6807 1161/1615/6817 1162/1613/6818
f 1152/1597/6808 1151/1598/6807 1163/1614/6819
f 1152/1597/6808 1163/1614/6819 1164/1616/6820
f 1148/1599/6804 1152/1597/6808 1164/1616/6820
f 1150/1594/6806 1148/1591/6804 1164/1617/6820
f 1165/1619/6821 1150/1593/6806 1164/1618/6820
f 1136/1571/6792 1150/1593/6806 1165/1619/6821
f 1164/1616/6820 1163/1614/6819 1166/1620/6822
f 1166/1621/6822 1165/1619/6821 1164/1618/6820
f 1163/1614/6819 1162/1613/6818 1167/1622/6823
f 1168/1623/6824 1163/1614/6819 1167/1622/6823
f 1166/1620/6822 1163/1614/6819 1168/1623/6824
f 1162/1613/6818 1170/1625/6826 1169/1624/6825
f 1167/1622/6823 1162/1613/6818 1169/1624/6825
f 1162/1613/6818 1161/1615/6817 1170/1625/6826
f 1161/1612/6817 1153/1600/6809 1170/1626/6826
f 1153/1600/6809 1171/1627/6827 1170/1626/6826
f 1159/1611/6815 1172/1628/6828 1154/1601/6810
f 1173/1629/6829 1172/1628/6828 1159/1611/6815
f 1160/1610/6816 1173/1630/6829 1159/1609/6815
f 1173/1630/6829 1160/1610/6816 1174/1631/6830
f 1174/1631/6830 1160/1610/6816 1175/1632/6831
f 1160/1610/6816 1157/1607/6813 1175/1632/6831
f 1177/1634/6833 1173/1630/6829 1176/1633/6832
f 1176/1633/6832 1173/1630/6829 1174/1631/6830
f 1173/1629/6829 1177/1635/6833 1172/1628/6828
f 1177/1635/6833 1178/1636/6834 1172/1628/6828
f 1172/1628/6828 1178/1636/6834 1154/1601/6810
f 1178/1636/6834 1179/1637/6835 1154/1601/6810
f 1154/1601/6810 1179/1637/6835 1141/1577/6797
f 1141/1577/6797 1179/1637/6835 1145/1586/6801
f 1180/1638/6836 1145/1586/6801 1179/1637/6835
f 1153/1600/6809 1145/1586/6801 1180/1638/6836
f 1153/1600/6809 1180/1638/6836 1171/1627/6827
f 1182/1640/6838 1171/1627/6827 1181/1639/6837
f 1180/1638/6836 1181/1639/6837 1171/1627/6827
f 1170/1626/6826 1171/1627/6827 1182/1640/6838
f 1170/1626/6826 1182/1640/6838 1183/1641/6839
f 1169/1624/6825 1170/1625/6826 1183/1642/6839
f 1169/1624/6825 1183/1642/6839 1184/1643/6840
f 1185/1644/6841 1169/1624/6825 1184/1643/6840
f 1167/1622/6823 1169/1624/6825 1185/1644/6841
f 1186/1645/6842 1167/1622/6823 1185/1644/6841
f 1168/1623/6824 1167/1622/6823 1186/1645/6842
f 1187/1646/6843 1166/1620/6822 1168/1623/6824
f 1186/1645/6842 1185/1644/6841 1188/1647/6844
f 1185/1644/6841 1184/1643/6840 1188/1647/6844
f 1184/1643/6840 1190/1649/6846 1189/1648/6845
f 1188/1647/6844 1184/1643/6840 1189/1648/6845
f 1183/1642/6839 1190/1649/6846 1184/1643/6840
f 1191/1652/6847 1190/1651/6846 1183/1650/6839
f 1191/1654/6847 1183/1641/6839 1192/1653/6848
f 1183/1641/6839 1182/1640/6838 1192/1653/6848
f 1192/1653/6848 1182/1640/6838 1181/1639/6837
f 1192/1653/6848 1181/1639/6837 1178/1636/6834
f 1181/1639/6837 1179/1637/6835 1178/1636/6834
f 1180/1638/6836 1179/1637/6835 1181/1639/6837
f 1177/1635/6833 1192/1653/6848 1178/1636/6834
f 1191/1654/6847 1192/1653/6848 1177/1635/6833
f 1193/1656/6849 1191/1655/6847 1177/1634/6833
f 1193/1656/6849 1177/1634/6833 1176/1633/6832
f 1174/1631/6830 1194/1657/6850 1176/1633/6832
f 1175/1632/6831 1195/1658/6851 1174/1631/6830
f 1195/1658/6851 1194/1657/6850 1174/1631/6830
f 1197/1660/6853 1196/1659/6852 1175/1632/6831
f 1196/1659/6852 1195/1658/6851 1175/1632/6831
f 1175/1632/6831 1157/1607/6813 1197/1660/6853
f 1195/1658/6851 1196/1659/6852 1198/1661/6854
f 1193/1656/6849 1176/1633/6832 1194/1657/6850
f 1193/1656/6849 1194/1657/6850 1199/1662/6855
f 1193/1656/6849 1199/1662/6855 1191/1655/6847
f 1191/1652/6847 1199/1663/6855 1190/1651/6846
f 1190/1651/6846 1200/1665/6856 1189/1664/6845
f 1201/1666/6857 1200/1665/6856 1190/1651/6846
f 1199/1663/6855 1201/1666/6857 1190/1651/6846
f 1189/1664/6845 1200/1665/6856 1202/1667/6858
f 1203/1669/6859 1189/1648/6845 1202/1668/6858
f 1188/1647/6844 1189/1648/6845 1203/1669/6859
f 1203/1672/6859 1202/1671/6858 1204/1670/6860
f 1204/1675/6860 1202/1674/6858 1205/1673/6861
f 1205/1673/6861 1202/1674/6858 1206/1676/6862
f 1202/1667/6858 1200/1665/6856 1206/1677/6862
f 1207/1678/6863 1206/1677/6862 1200/1665/6856
f 1201/1666/6857 1207/1678/6863 1200/1665/6856
f 1199/1663/6855 1207/1678/6863 1201/1666/6857
f 1207/1680/6863 1199/1662/6855 1208/1679/6864
f 1194/1657/6850 1208/1679/6864 1199/1662/6855
f 1195/1658/6851 1209/1681/6865 1194/1657/6850
f 1209/1681/6865 1208/1679/6864 1194/1657/6850
f 1198/1661/6854 1210/1682/6866 1195/1658/6851
f 1210/1682/6866 1209/1681/6865 1195/1658/6851
f 1212/1684/6868 1211/1683/6867 1198/1661/6854
f 1211/1683/6867 1210/1682/6866 1198/1661/6854
f 1198/1661/6854 1196/1659/6852 1212/1684/6868
f 1196/1659/6852 1213/1685/6869 1212/1684/6868
f 1213/1685/6869 1196/1659/6852 1197/1660/6853
f 1215/1687/6871 1214/1686/6870 1212/1684/6868
f 1214/1686/6870 1211/1683/6867 1212/1684/6868
f 1212/1684/6868 1213/1685/6869 1215/1687/6871
f 1216/1688/6872 1210/1682/6866 1211/1683/6867
f 1217/1689/6873 1216/1688/6872 1211/1683/6867
f 1217/1689/6873 1211/1683/6867 1214/1686/6870
f 1218/1690/6874 1209/1681/6865 1210/1682/6866
f 1216/1688/6872 1218/1690/6874 1210/1682/6866
f 1219/1691/6875 1208/1679/6864 1209/1681/6865
f 1218/1690/6874 1219/1691/6875 1209/1681/6865
f 1206/1676/6862 1208/1679/6864 1219/1691/6875
f 1207/1680/6863 1208/1679/6864 1206/1676/6862
f 1205/1673/6861 1206/1676/6862 1219/1691/6875
f 1220/1692/6876 1204/1675/6860 1205/1673/6861
f 1220/1692/6876 1205/1673/6861 1221/1693/6877
f 1221/1693/6877 1205/1673/6861 1219/1691/6875
f 1204/1675/6860 1223/1695/6879 1222/1694/6878
f 1220/1692/6876 1223/1695/6879 1204/1675/6860
f 1203/1672/6859 1204/1670/6860 1222/1696/6878
f 1224/1698/6880 1203/1669/6859 1222/1697/6878
f 1188/1647/6844 1203/1669/6859 1224/1698/6880
f 1224/1698/6880 1222/1697/6878 1225/1699/6881
f 1222/1694/6878 1223/1695/6879 1226/1700/6882
f 1225/1703/6881 1222/1702/6878 1226/1701/6882
f 1226/1700/6882 1223/1695/6879 1227/1704/6883
f 1221/1693/6877 1227/1704/6883 1223/1695/6879
f 1220/1692/6876 1221/1693/6877 1223/1695/6879
f 1221/1693/6877 1219/1691/6875 1218/1690/6874
f 1216/1688/6872 1221/1693/6877 1218/1690/6874
f 1228/1705/6884 1216/1688/6872 1217/1689/6873
f 1229/1706/6885 1228/1705/6884 1217/1689/6873
f 1229/1706/6885 1217/1689/6873 1230/1707/6886
f 1230/1707/6886 1217/1689/6873 1214/1686/6870
f 1230/1707/6886 1214/1686/6870 1231/1708/6887
f 1231/1708/6887 1214/1686/6870 1215/1687/6871
f 1232/1709/6888 1231/1708/6887 1215/1687/6871
f 1213/1685/6869 1233/1710/6889 1215/1687/6871
f 1215/1687/6871 1233/1710/6889 1232/1709/6888
f 1234/1711/6890 1230/1707/6886 1231/1708/6887
f 1234/1711/6890 1231/1708/6887 1235/1712/6891
f 1235/1712/6891 1231/1708/6887 1232/1709/6888
f 1234/1711/6890 1229/1706/6885 1230/1707/6886
f 1236/1713/6892 1228/1705/6884 1229/1706/6885
f 1228/1705/6884 1221/1693/6877 1216/1688/6872
f 1228/1705/6884 1227/1704/6883 1221/1693/6877
f 1237/1715/6893 1225/1699/6881 1226/1714/6882
f 1224/1698/6880 1225/1699/6881 1237/1715/6893
f 1238/1716/6894 1224/1698/6880 1237/1715/6893
f 1188/1647/6844 1224/1698/6880 1238/1716/6894
f 1186/1645/6842 1188/1647/6844 1238/1716/6894
f 1238/1716/6894 1237/1715/6893 1239/1717/6895
f 1239/1717/6895 1237/1715/6893 1226/1714/6882
f 1240/1718/6896 1227/1704/6883 1228/1705/6884
f 1228/1705/6884 1236/1713/6892 1240/1718/6896
f 1241/1719/6897 1234/1711/6890 1235/1712/6891
f 1242/1720/6898 1227/1704/6883 1240/1718/6896
f 1242/1720/6898 1226/1700/6882 1227/1704/6883
f 1243/1721/6899 1226/1700/6882 1242/1720/6898
f 1239/1724/6895 1226/1723/6882 1243/1722/6899
f 1239/1724/6895 1243/1722/6899 1244/1725/6900
f 1245/1727/6901 1239/1717/6895 1244/1726/6900
f 1238/1716/6894 1239/1717/6895 1245/1727/6901
f 1244/1729/6900 1243/1721/6899 1246/1728/6902
f 1246/1728/6902 1243/1721/6899 1242/1720/6898
f 1246/1728/6902 1242/1720/6898 1247/1730/6903
f 1248/1731/6904 1236/1713/6892 1229/1706/6885
f 1229/1706/6885 1234/1711/6890 1248/1731/6904
f 1234/1711/6890 1241/1719/6897 1248/1731/6904
f 1250/1733/6906 1241/1719/6897 1249/1732/6905
f 1248/1731/6904 1241/1719/6897 1251/1734/6907
f 1241/1719/6897 1250/1733/6906 1251/1734/6907
f 1251/1734/6907 1252/1735/6908 1248/1731/6904
f 1252/1735/6908 1236/1713/6892 1248/1731/6904
f 1253/1736/6909 1240/1718/6896 1236/1713/6892
f 1253/1736/6909 1236/1713/6892 1252/1735/6908
f 1254/1737/6910 1242/1720/6898 1240/1718/6896
f 1254/1737/6910 1240/1718/6896 1253/1736/6909
f 1255/1738/6911 1244/1729/6900 1246/1728/6902
f 1256/1739/6912 1244/1729/6900 1255/1738/6911
f 1245/1727/6901 1244/1726/6900 1256/1740/6912
f 1257/1741/6913 1245/1727/6901 1256/1740/6912
f 1258/1742/6914 1245/1727/6901 1257/1741/6913
f 1258/1742/6914 1238/1716/6894 1245/1727/6901
f 1260/1745/6916 1256/1744/6912 1259/1743/6915
f 1259/1746/6915 1256/1739/6912 1255/1738/6911
f 1257/1747/6913 1256/1744/6912 1260/1745/6916
f 1247/1730/6903 1242/1720/6898 1254/1737/6910
f 1261/1748/6917 1247/1730/6903 1254/1737/6910
f 1261/1748/6917 1254/1737/6910 1262/1749/6918
f 1262/1749/6918 1254/1737/6910 1253/1736/6909
f 1262/1749/6918 1253/1736/6909 1252/1735/6908
f 1263/1750/6919 1252/1735/6908 1251/1734/6907
f 1264/1751/6920 1247/1730/6903 1261/1748/6917
f 1264/1751/6920 1246/1728/6902 1247/1730/6903
f 1265/1752/6921 1259/1746/6915 1255/1738/6911
f 1266/1753/6922 1260/1745/6916 1259/1743/6915
f 1266/1754/6922 1259/1746/6915 1265/1752/6921
f 1267/1755/6923 1266/1754/6922 1265/1752/6921
f 1255/1738/6911 1246/1728/6902 1264/1751/6920
f 1268/1756/6924 1261/1748/6917 1262/1749/6918
f 1268/1756/6924 1262/1749/6918 1269/1757/6925
f 1269/1757/6925 1262/1749/6918 1252/1735/6908
f 1269/1757/6925 1252/1735/6908 1263/1750/6919
f 1270/1758/6926 1263/1750/6919 1251/1734/6907
f 1269/1757/6925 1263/1750/6919 1271/1759/6927
f 1272/1760/6928 1255/1738/6911 1264/1751/6920
f 1272/1760/6928 1265/1752/6921 1255/1738/6911
f 1273/1761/6929 1267/1755/6923 1265/1752/6921
f 1273/1761/6929 1265/1752/6921 1272/1760/6928
f 1274/1764/6930 1266/1763/6922 1267/1762/6923
f 1274/1764/6930 1267/1762/6923 1273/1765/6929
f 1276/1767/6932 1275/1766/6931 1266/1754/6922
f 1275/1768/6931 1260/1745/6916 1266/1753/6922
f 1276/1767/6932 1266/1754/6922 1274/1769/6930
f 1277/1770/6933 1276/1767/6932 1274/1769/6930
f 1277/1770/6933 1274/1769/6930 1273/1761/6929
f 1278/1771/6934 1273/1761/6929 1272/1760/6928
f 1278/1771/6934 1272/1760/6928 1264/1751/6920
f 1278/1771/6934 1264/1751/6920 1279/1772/6935
f 1279/1772/6935 1264/1751/6920 1261/1748/6917
f 1279/1772/6935 1261/1748/6917 1268/1756/6924
f 1280/1773/6936 1270/1758/6926 1251/1734/6907
f 1250/1733/6906 1280/1773/6936 1251/1734/6907
f 1281/1774/6937 1263/1750/6919 1270/1758/6926
f 1271/1759/6927 1263/1750/6919 1281/1774/6937
f 1282/1775/6938 1268/1756/6924 1269/1757/6925
f 1282/1775/6938 1269/1757/6925 1271/1759/6927
f 1283/1776/6939 1279/1772/6935 1268/1756/6924
f 1283/1776/6939 1268/1756/6924 1282/1775/6938
f 1284/1777/6940 1278/1771/6934 1279/1772/6935
f 1284/1777/6940 1279/1772/6935 1283/1776/6939
f 1285/1778/6941 1278/1771/6934 1284/1777/6940
f 1286/1779/6942 1276/1767/6932 1277/1770/6933
f 1287/1780/6943 1273/1761/6929 1278/1771/6934
f 1287/1780/6943 1278/1771/6934 1285/1778/6941
f 1288/1781/6944 1287/1780/6943 1285/1778/6941
f 1288/1781/6944 1285/1778/6941 1284/1777/6940
f 1289/1782/6945 1284/1777/6940 1283/1776/6939
f 1289/1782/6945 1283/1776/6939 1290/1783/6946
f 1290/1783/6946 1283/1776/6939 1282/1775/6938
f 1290/1783/6946 1282/1775/6938 1291/1784/6947
f 1291/1784/6947 1282/1775/6938 1271/1759/6927
f 1291/1784/6947 1271/1759/6927 1292/1785/6948
f 1293/1786/6949 1271/1759/6927 1281/1774/6937
f 1292/1785/6948 1271/1759/6927 1293/1786/6949
f 1294/1787/6950 1291/1784/6947 1292/1785/6948
f 1295/1788/6951 1290/1783/6946 1291/1784/6947
f 1295/1788/6951 1291/1784/6947 1294/1787/6950
f 1287/1780/6943 1277/1770/6933 1273/1761/6929
f 1296/1789/6952 1286/1779/6942 1277/1770/6933
f 1297/1790/6953 1296/1789/6952 1277/1770/6933
f 1297/1790/6953 1277/1770/6933 1287/1780/6943
f 1298/1791/6954 1297/1790/6953 1287/1780/6943
f 1299/1792/6955 1295/1788/6951 1294/1787/6950
f 1294/1787/6950 1292/1785/6948 1300/1793/6956
f 1300/1793/6956 1292/1785/6948 1293/1786/6949
f 1301/1794/6957 1294/1787/6950 1300/1793/6956
f 1299/1792/6955 1294/1787/6950 1301/1794/6957
f 1302/1795/6958 1290/1783/6946 1295/1788/6951
f 1303/1798/6959 1289/1797/6945 1290/1796/6946
f 1303/1798/6959 1290/1796/6946 1302/1799/6958
f 1304/1800/6960 1284/1777/6940 1289/1782/6945
f 1304/1801/6960 1289/1797/6945 1303/1798/6959
f 1298/1791/6954 1287/1780/6943 1288/1781/6944
f 1305/1802/6961 1297/1790/6953 1298/1791/6954
f 1306/1805/6962 1305/1804/6961 1298/1803/6954
f 1307/1806/6963 1306/1805/6962 1298/1803/6954
f 1307/1807/6963 1298/1791/6954 1288/1781/6944
f 1308/1808/6964 1307/1807/6963 1288/1781/6944
f 1308/1808/6964 1288/1781/6944 1309/1809/6965
f 1309/1809/6965 1288/1781/6944 1284/1777/6940
f 1309/1809/6965 1284/1777/6940 1304/1800/6960
f 1302/1795/6958 1295/1788/6951 1310/1810/6966
f 1310/1810/6966 1295/1788/6951 1299/1792/6955
f 1311/1811/6967 1301/1794/6957 1300/1793/6956
f 1312/1812/6968 1299/1792/6955 1301/1794/6957
f 1312/1812/6968 1310/1810/6966 1299/1792/6955
f 1313/1815/6969 1307/1814/6963 1308/1813/6964
f 1313/1816/6969 1306/1805/6962 1307/1806/6963
f 1314/1818/6970 1309/1817/6965 1304/1801/6960
f 1314/1818/6970 1304/1801/6960 1303/1798/6959
f 1308/1819/6964 1309/1817/6965 1314/1818/6970
f 1315/1820/6971 1306/1805/6962 1313/1816/6969
f 1310/1810/6966 1312/1812/6968 1316/1821/6972
f 1317/1822/6973 1314/1818/6970 1303/1798/6959
f 1318/1823/6974 1308/1819/6964 1314/1818/6970
f 1318/1823/6974 1314/1818/6970 1317/1822/6973
f 1319/1824/6975 1313/1815/6969 1308/1813/6964
f 1315/1820/6971 1313/1816/6969 1319/1825/6975
f 1320/1826/6976 1306/1805/6962 1315/1820/6971
f 1319/1824/6975 1308/1813/6964 1318/1827/6974
f 1321/1828/6977 1318/1823/6974 1317/1822/6973
f 1321/1828/6977 1317/1822/6973 1322/1829/6978
f 1322/1829/6978 1317/1822/6973 1303/1798/6959
f 1322/1829/6978 1303/1798/6959 1302/1799/6958
f 1322/1829/6978 1302/1799/6958 1310/1830/6966
f 1323/1832/6979 1310/1830/6966 1316/1831/6972
f 1324/1833/6980 1310/1830/6966 1323/1832/6979
f 1322/1829/6978 1310/1830/6966 1324/1833/6980
f 1325/1834/6981 1318/1823/6974 1321/1828/6977
f 1326/1835/6982 1319/1825/6975 1318/1823/6974
f 1326/1835/6982 1318/1823/6974 1325/1834/6981
f 1327/1836/6983 1315/1820/6971 1319/1825/6975
f 1327/1836/6983 1319/1825/6975 1326/1835/6982
f 1320/1826/6976 1315/1820/6971 1327/1836/6983
f 1328/1837/6984 1320/1826/6976 1327/1836/6983
f 1328/1837/6984 1327/1836/6983 1326/1835/6982
f 1329/1838/6985 1321/1828/6977 1322/1829/6978
f 1329/1838/6985 1322/1829/6978 1324/1833/6980
f 1330/1839/6986 1324/1833/6980 1323/1832/6979
f 1331/1840/6987 1321/1828/6977 1329/1838/6985
f 1325/1834/6981 1321/1828/6977 1331/1840/6987
f 1320/1826/6976 1328/1837/6984 1332/1841/6988
f 1333/1842/6989 1331/1840/6987 1329/1838/6985
f 1333/1842/6989 1329/1838/6985 1334/1843/6990
f 1334/1843/6990 1329/1838/6985 1324/1833/6980
f 1334/1843/6990 1324/1833/6980 1335/1844/6991
f 1325/1834/6981 1328/1837/6984 1326/1835/6982
f 1332/1841/6988 1328/1837/6984 1336/1845/6992
f 1328/1837/6984 1325/1834/6981 1336/1845/6992
f 1337/1846/6993 1332/1841/6988 1336/1845/6992
f 1338/1847/6994 1331/1840/6987 1333/1842/6989
f 1338/1847/6994 1333/1842/6989 1339/1848/6995
f 1339/1848/6995 1333/1842/6989 1334/1843/6990
f 1338/1847/6994 1325/1834/6981 1331/1840/6987
f 1325/1834/6981 1338/1847/6994 1336/1845/6992
f 1340/1849/6996 1337/1846/6993 1336/1845/6992
f 1340/1849/6996 1336/1845/6992 1341/1850/6997
f 1336/1845/6992 1338/1847/6994 1341/1850/6997
f 1338/1847/6994 1342/1851/6998 1341/1850/6997
f 1342/1851/6998 1338/1847/6994 1343/1852/6999
f 1343/1852/6999 1338/1847/6994 1339/1848/6995
f 1345/1854/7001 1344/1853/7000 1342/1851/6998
f 1345/1854/7001 1342/1851/6998 1343/1852/6999
f 1341/1850/6997 1342/1851/6998 1344/1853/7000
f 1346/1855/7002 1340/1849/6996 1341/1850/6997
f 1346/1855/7002 1341/1850/6997 1344/1853/7000
f 1348/1857/7004 1347/1856/7003 1337/1846/6993
f 1348/1857/7004 1337/1846/6993 1340/1849/6996
f 1349/1858/7005 1347/1856/7003 1348/1857/7004
f 1349/1858/7005 1348/1857/7004 1350/1859/7006
f 1350/1859/7006 1348/1857/7004 1340/1849/6996
f 1350/1859/7006 1340/1849/6996 1351/1860/7007
f 1351/1860/7007 1340/1849/6996 1346/1855/7002
f 1352/1861/7008 1349/1858/7005 1350/1859/7006
f 1352/1861/7008 1350/1859/7006 1351/1860/7007
f 1355/1864/7011 1354/1863/7010 1353/1862/7009
f 1353/1862/7009 1354/1863/7010 1347/1856/7003
f 1353/1862/7009 1347/1856/7003 1349/1858/7005
f 1346/1855/7002 1344/1853/7000 1356/1865/7012
f 1356/1865/7012 1344/1853/7000 1345/1854/7001
f 1351/1860/7007 1346/1855/7002 1357/1866/7013
f 1357/1866/7013 1346/1855/7002 1356/1865/7012
f 1358/1867/7014 1349/1858/7005 1352/1861/7008
f 1353/1862/7009 1359/1868/7015 1355/1864/7011
f 1361/1870/7017 1359/1868/7015 1360/1869/7016
f 1359/1868/7015 1353/1862/7009 1360/1869/7016
f 1352/1861/7008 1351/1860/7007 1357/1866/7013
f 1362/1871/7018 1352/1861/7008 1357/1866/7013
f 1364/1873/7020 1363/1872/7019 1361/1870/7017
f 1364/1873/7020 1361/1870/7017 1360/1869/7016
f 1360/1869/7016 1353/1862/7009 1365/1874/7021
f 1366/1875/7022 1353/1862/7009 1349/1858/7005
f 1366/1875/7022 1349/1858/7005 1358/1867/7014
f 1366/1875/7022 1358/1867/7014 1367/1876/7023
f 1353/1862/7009 1366/1875/7022 1365/1874/7021
f 1364/1873/7020 1360/1869/7016 1365/1874/7021
f 1368/1877/7024 1363/1872/7019 1364/1873/7020
f 1368/1877/7024 1369/1878/7025 1363/1872/7019
f 1370/1879/7026 1369/1878/7025 1368/1877/7024
f 1368/1877/7024 1364/1873/7020 1371/1880/7027
f 1371/1880/7027 1364/1873/7020 1365/1874/7021
f 1365/1874/7021 1366/1875/7022 1372/1881/7028
f 1366/1875/7022 1367/1876/7023 1372/1881/7028
f 1373/1882/7029 1352/1861/7008 1362/1871/7018
f 1374/1883/7030 1358/1867/7014 1352/1861/7008
f 1374/1883/7030 1352/1861/7008 1373/1882/7029
f 1375/1884/7031 1367/1876/7023 1358/1867/7014
f 1375/1884/7031 1358/1867/7014 1374/1883/7030
f 1371/1880/7027 1365/1874/7021 1372/1881/7028
f 1377/1886/7033 1370/1879/7026 1376/1885/7032
f 1370/1879/7026 1378/1887/7034 1376/1885/7032
f 1378/1887/7034 1370/1879/7026 1368/1877/7024
f 1378/1887/7034 1368/1877/7024 1379/1888/7035
f 1379/1888/7035 1368/1877/7024 1371/1880/7027
f 1379/1888/7035 1371/1880/7027 1380/1889/7036
f 1380/1889/7036 1371/1880/7027 1372/1881/7028
f 1380/1889/7036 1372/1881/7028 1381/1890/7037
f 1381/1890/7037 1372/1881/7028 1367/1876/7023
f 1381/1890/7037 1367/1876/7023 1375/1884/7031
f 1382/1891/7038 1375/1884/7031 1374/1883/7030
f 1382/1891/7038 1374/1883/7030 1383/1892/7039
f 1383/1892/7039 1374/1883/7030 1373/1882/7029
f 1383/1892/7039 1373/1882/7029 1384/1893/7040
f 1384/1893/7040 1373/1882/7029 1362/1871/7018
f 1385/1894/7041 1383/1892/7039 1384/1893/7040
f 1386/1897/7042 1381/1896/7037 1375/1895/7031
f 1387/1898/7043 1380/1889/7036 1381/1890/7037
f 1387/1899/7043 1381/1896/7037 1386/1897/7042
f 1388/1900/7044 1379/1888/7035 1380/1889/7036
f 1388/1900/7044 1380/1889/7036 1387/1898/7043
f 1389/1901/7045 1378/1887/7034 1379/1888/7035
f 1389/1901/7045 1379/1888/7035 1388/1900/7044
f 1376/1885/7032 1378/1887/7034 1390/1902/7046
f 1378/1887/7034 1389/1901/7045 1390/1902/7046
f 1390/1902/7046 1389/1901/7045 1391/1903/7047
f 1389/1906/7045 1392/1905/7048 1391/1904/7047
f 1392/1905/7048 1389/1906/7045 1388/1907/7044
f 1392/1905/7048 1388/1907/7044 1387/1899/7043
f 1393/1908/7049 1387/1899/7043 1386/1897/7042
f 1386/1897/7042 1375/1895/7031 1382/1909/7038
f 1392/1905/7048 1387/1899/7043 1393/1908/7049
f 1394/1910/7050 1390/1902/7046 1391/1903/7047
f 1395/1911/7051 1377/1886/7033 1376/1885/7032
f 1395/1911/7051 1376/1885/7032 1390/1902/7046
f 1391/1904/7047 1392/1905/7048 1393/1908/7049
f 1391/1904/7047 1393/1908/7049 1396/1912/7052
f 1396/1912/7052 1393/1908/7049 1386/1897/7042
f 1396/1912/7052 1386/1897/7042 1382/1909/7038
f 1397/1913/7053 1383/1892/7039 1385/1894/7041
f 1398/1915/7054 1396/1914/7052 1382/1891/7038
f 1398/1915/7054 1382/1891/7038 1383/1892/7039
f 1394/1910/7050 1391/1903/7047 1396/1914/7052
f 1394/1910/7050 1396/1914/7052 1398/1915/7054
f 1399/1916/7055 1390/1902/7046 1394/1910/7050
f 1400/1917/7056 1395/1911/7051 1390/1902/7046
f 1400/1917/7056 1390/1902/7046 1399/1916/7055
f 1402/1919/7058 1401/1918/7057 1377/1886/7033
f 1403/1920/7059 1402/1919/7058 1377/1886/7033
f 1403/1920/7059 1377/1886/7033 1395/1911/7051
f 1404/1921/7060 1402/1919/7058 1403/1920/7059
f 1405/1922/7061 1404/1921/7060 1403/1920/7059
f 1405/1922/7061 1403/1920/7059 690/951/6346
f 690/951/6346 1403/1920/7059 1395/1911/7051
f 690/951/6346 1395/1911/7051 1400/1917/7056
f 1398/1915/7054 1383/1892/7039 1397/1913/7053
f 696/958/6352 1405/1922/7061 690/951/6346
f 735/1007/6391 1404/1921/7060 1405/1922/7061
f 696/958/6352 735/1007/6391 1405/1922/7061
f 735/1007/6391 736/1008/6392 1404/1921/7060
f 736/1008/6392 756/1046/6412 1404/1921/7060
f 756/1046/6412 1406/1923/7062 1402/1919/7058
f 1404/1921/7060 756/1046/6412 1402/1919/7058
f 1402/1919/7058 1406/1923/7062 1401/1918/7057
f 756/1046/6412 1407/1924/7063 1406/1923/7062
f 1407/1924/7063 1408/1925/7064 1406/1923/7062
f 1401/1918/7057 1409/1926/7065 1377/1886/7033
f 1407/1924/7063 1410/1927/7066 1408/1925/7064
f 1410/1930/7066 1411/1929/7067 1408/1928/7064
f 756/1046/6412 762/1055/6418 1407/1924/7063
f 762/1055/6418 1410/1927/7066 1407/1924/7063
f 763/1058/6419 1410/1931/7066 762/1057/6418
f 1412/1933/7068 1411/1932/7067 1410/1931/7066
f 763/1058/6419 1412/1933/7068 1410/1931/7066
f 1411/1929/7067 1413/1934/7069 1408/1928/7064
f 1414/1936/7070 1413/1935/7069 1411/1932/7067
f 1412/1933/7068 1414/1936/7070 1411/1932/7067
f 1408/1925/7064 1413/1938/7069 1415/1937/7071
f 1408/1925/7064 1415/1937/7071 1406/1923/7062
f 1406/1923/7062 1415/1937/7071 1409/1926/7065
f 1406/1923/7062 1409/1926/7065 1401/1918/7057
f 1416/1939/7072 1370/1879/7026 1409/1926/7065
f 1409/1926/7065 1370/1879/7026 1377/1886/7033
f 767/1095/6423 1414/1936/7070 1412/1933/7068
f 767/1095/6423 1412/1933/7068 763/1058/6419
f 767/1095/6423 786/1096/6442 1414/1936/7070
f 1414/1936/7070 1417/1940/7073 1413/1935/7069
f 786/1096/6442 1417/1940/7073 1414/1936/7070
f 1413/1938/7069 1418/1941/7074 1415/1937/7071
f 1417/1944/7073 1418/1943/7074 1413/1942/7069
f 1415/1937/7071 1418/1941/7074 1419/1945/7075
f 1415/1937/7071 1419/1945/7075 1409/1926/7065
f 1370/1879/7026 1416/1939/7072 1369/1878/7025
f 1369/1878/7025 1420/1946/7076 1363/1872/7019
f 1416/1939/7072 1421/1947/7077 1369/1878/7025
f 1369/1878/7025 1421/1947/7077 1422/1948/7078
f 1369/1878/7025 1422/1948/7078 1420/1946/7076
f 1409/1926/7065 1419/1945/7075 1423/1949/7079
f 1416/1939/7072 1409/1926/7065 1423/1949/7079
f 1418/1941/7074 1423/1949/7079 1419/1945/7075
f 1424/1950/7080 1423/1949/7079 1418/1941/7074
f 1417/1944/7073 1424/1951/7080 1418/1943/7074
f 786/1096/6442 1424/1952/7080 1417/1940/7073
f 768/1079/6424 798/1116/6454 786/1096/6442
f 786/1096/6442 1425/1953/7081 1424/1952/7080
f 1426/1954/7082 1425/1953/7081 786/1096/6442
f 1427/1955/7083 1423/1949/7079 1424/1950/7080
f 1425/1958/7081 1427/1957/7083 1424/1956/7080
f 1416/1939/7072 1423/1949/7079 1427/1955/7083
f 1416/1939/7072 1427/1955/7083 1428/1959/7084
f 1416/1939/7072 1428/1959/7084 1421/1947/7077
f 1421/1947/7077 1428/1959/7084 1429/1960/7085
f 1421/1947/7077 1429/1960/7085 1422/1948/7078
f 1422/1948/7078 1429/1960/7085 1430/1961/7086
f 1420/1946/7076 1422/1948/7078 1430/1961/7086
f 1420/1946/7076 1430/1961/7086 1361/1870/7017
f 1363/1872/7019 1420/1946/7076 1361/1870/7017
f 1429/1960/7085 1431/1962/7087 1430/1961/7086
f 1427/1955/7083 1432/1963/7088 1428/1959/7084
f 1428/1959/7084 1432/1963/7088 1429/1960/7085
f 1425/1958/7081 1432/1964/7088 1427/1957/7083
f 798/1116/6454 1426/1954/7082 786/1096/6442
f 1432/1963/7088 1433/1965/7089 1429/1960/7085
f 1425/1958/7081 1433/1966/7089 1432/1964/7088
f 1429/1960/7085 1433/1965/7089 1431/1962/7087
f 1431/1962/7087 1434/1967/7090 1430/1961/7086
f 1434/1967/7090 1359/1868/7015 1430/1961/7086
f 1430/1961/7086 1359/1868/7015 1361/1870/7017
f 1355/1864/7011 1359/1868/7015 1434/1967/7090
f 1434/1967/7090 1431/1962/7087 1435/1968/7091
f 1355/1864/7011 1434/1967/7090 1435/1968/7091
f 1425/1953/7081 1426/1954/7082 1433/1969/7089
f 805/1126/6461 1436/1970/7092 799/1117/6455
f 805/1126/6461 806/1127/6462 1436/1970/7092
f 1436/1970/7092 1437/1971/7093 799/1117/6455
f 827/1974/6483 1437/1973/7093 1436/1972/7092
f 806/1975/6462 827/1974/6483 1436/1972/7092
f 1431/1962/7087 1433/1965/7089 1435/1968/7091
f 1433/1965/7089 1438/1976/7094 1435/1968/7091
f 1439/1977/7095 1435/1968/7091 1438/1976/7094
f 1355/1864/7011 1435/1968/7091 1440/1978/7096
f 1435/1968/7091 1439/1977/7095 1440/1978/7096
f 1439/1977/7095 1441/1979/7097 1440/1978/7096
f 1439/1977/7095 1438/1976/7094 1441/1979/7097
f 1441/1982/7097 1438/1981/7094 1442/1980/7098
f 1443/1984/7099 1438/1983/7094 1433/1969/7089
f 1443/1984/7099 1442/1985/7098 1438/1983/7094
f 1426/1954/7082 1443/1984/7099 1433/1969/7089
f 1444/1986/7100 1443/1984/7099 1426/1954/7082
f 798/1116/6454 1444/1986/7100 1426/1954/7082
f 1443/1984/7099 1444/1986/7100 1442/1985/7098
f 1441/1979/7097 1445/1987/7101 1440/1978/7096
f 1442/1980/7098 1445/1988/7101 1441/1982/7097
f 798/1116/6454 1446/1989/7102 1444/1986/7100
f 1447/1990/7103 1446/1989/7102 798/1116/6454
f 799/1117/6455 1447/1990/7103 798/1116/6454
f 1448/1991/7104 1447/1990/7103 799/1117/6455
f 1437/1971/7093 1448/1991/7104 799/1117/6455
f 1449/1992/7105 1448/1991/7104 1437/1971/7093
f 827/1974/6483 1449/1993/7105 1437/1973/7093
f 1448/1991/7104 1450/1994/7106 1447/1990/7103
f 1451/1995/7107 1450/1994/7106 1448/1991/7104
f 1449/1992/7105 1451/1995/7107 1448/1991/7104
f 1447/1990/7103 1452/1996/7108 1446/1989/7102
f 1446/1989/7102 1453/1997/7109 1444/1986/7100
f 1444/1986/7100 1453/1997/7109 1442/1985/7098
f 1442/1980/7098 1454/1998/7110 1445/1988/7101
f 1453/1997/7109 1454/1999/7110 1442/1985/7098
f 1440/1978/7096 1445/1987/7101 1455/2000/7111
f 1445/1987/7101 1456/2001/7112 1455/2000/7111
f 1454/1998/7110 1456/2002/7112 1445/1988/7101
f 1440/1978/7096 1455/2000/7111 1354/1863/7010
f 1355/1864/7011 1440/1978/7096 1354/1863/7010
f 1455/2000/7111 1456/2001/7112 1457/2003/7113
f 1455/2000/7111 1457/2003/7113 1354/1863/7010
f 1446/1989/7102 1458/2004/7114 1453/1997/7109
f 1452/1996/7108 1458/2004/7114 1446/1989/7102
f 1459/2005/7115 1452/1996/7108 1447/1990/7103
f 1450/1994/7106 1459/2005/7115 1447/1990/7103
f 1451/1995/7107 1460/2006/7116 1450/1994/7106
f 1450/1994/7106 1461/2007/7117 1459/2005/7115
f 1460/2006/7116 1461/2007/7117 1450/1994/7106
f 1459/2005/7115 1462/2008/7118 1452/1996/7108
f 1461/2007/7117 1462/2008/7118 1459/2005/7115
f 1454/1999/7110 1463/2010/7119 1456/2009/7112
f 1453/1997/7109 1463/2010/7119 1454/1999/7110
f 1457/2003/7113 1456/2001/7112 1464/2011/7120
f 1456/2001/7112 1465/2012/7121 1464/2011/7120
f 1463/2010/7119 1465/2013/7121 1456/2009/7112
f 1457/2003/7113 1464/2011/7120 1354/1863/7010
f 1354/1863/7010 1464/2011/7120 1466/2014/7122
f 1354/1863/7010 1466/2014/7122 1347/1856/7003
f 1464/2011/7120 1465/2012/7121 1467/2015/7123
f 1464/2011/7120 1467/2015/7123 1466/2014/7122
f 1465/2012/7121 1468/2016/7124 1467/2015/7123
f 1469/2018/7125 1468/2017/7124 1465/2013/7121
f 1463/2010/7119 1469/2018/7125 1465/2013/7121
f 1470/2019/7126 1469/2018/7125 1463/2010/7119
f 1453/1997/7109 1470/2019/7126 1463/2010/7119
f 1458/2004/7114 1470/2019/7126 1453/1997/7109
f 1462/2008/7118 1458/2004/7114 1452/1996/7108
f 1461/2007/7117 1471/2020/7127 1462/2008/7118
f 1461/2023/7117 1472/2022/7128 1471/2021/7127
f 1472/2022/7128 1473/2024/7129 1471/2021/7127
f 1471/2020/7127 1474/2025/7130 1462/2008/7118
f 1471/2021/7127 1473/2024/7129 1474/2026/7130
f 1462/2008/7118 1475/2027/7131 1458/2004/7114
f 1474/2025/7130 1475/2027/7131 1462/2008/7118
f 1466/2014/7122 1467/2015/7123 1476/2028/7132
f 1466/2014/7122 1476/2028/7132 1337/1846/6993
f 1347/1856/7003 1466/2014/7122 1337/1846/6993
f 1467/2015/7123 1468/2016/7124 1477/2029/7133
f 1467/2015/7123 1477/2029/7133 1476/2028/7132
f 1468/2016/7124 1478/2030/7134 1477/2029/7133
f 1469/2018/7125 1478/2031/7134 1468/2017/7124
f 1470/2019/7126 1479/2032/7135 1469/2018/7125
f 1458/2004/7114 1480/2033/7136 1470/2019/7126
f 1475/2027/7131 1480/2033/7136 1458/2004/7114
f 1474/2025/7130 1481/2034/7137 1475/2027/7131
f 1474/2026/7130 1482/2036/7138 1481/2035/7137
f 1473/2024/7129 1482/2036/7138 1474/2026/7130
f 1473/2024/7129 1483/2037/7139 1482/2036/7138
f 1483/2037/7139 1473/2024/7129 1484/2038/7140
f 1482/2036/7138 1485/2039/7141 1481/2035/7137
f 1483/2037/7139 1486/2040/7142 1482/2036/7138
f 1482/2036/7138 1486/2040/7142 1485/2039/7141
f 1481/2034/7137 1487/2041/7143 1475/2027/7131
f 1485/2044/7141 1487/2043/7143 1481/2042/7137
f 1487/2041/7143 1480/2033/7136 1475/2027/7131
f 1480/2033/7136 1479/2032/7135 1470/2019/7126
f 1469/2018/7125 1488/2045/7144 1478/2031/7134
f 1479/2032/7135 1488/2045/7144 1469/2018/7125
f 1477/2029/7133 1478/2030/7134 1489/2046/7145
f 1478/2030/7134 1490/2047/7146 1489/2046/7145
f 1488/2045/7144 1490/2048/7146 1478/2031/7134
f 1477/2029/7133 1489/2046/7145 1476/2028/7132
f 1476/2028/7132 1489/2046/7145 1491/2049/7147
f 1488/2045/7144 1492/2050/7148 1490/2048/7146
f 1479/2032/7135 1492/2050/7148 1488/2045/7144
f 1487/2041/7143 1493/2051/7149 1480/2033/7136
f 1494/2052/7150 1493/2051/7149 1487/2041/7143
f 1485/2044/7141 1494/2053/7150 1487/2043/7143
f 1486/2040/7142 1495/2054/7151 1485/2039/7141
f 1485/2039/7141 1495/2054/7151 1494/2055/7150
f 1494/2052/7150 1496/2056/7152 1493/2051/7149
f 1495/2054/7151 1497/2057/7153 1494/2055/7150
f 1494/2055/7150 1497/2057/7153 1496/2058/7152
f 1480/2033/7136 1498/2059/7154 1479/2032/7135
f 1493/2051/7149 1498/2059/7154 1480/2033/7136
f 1498/2059/7154 1499/2060/7155 1479/2032/7135
f 1489/2046/7145 1490/2047/7146 1500/2061/7156
f 1491/2049/7147 1489/2046/7145 1500/2061/7156
f 1476/2028/7132 1491/2049/7147 1332/1841/6988
f 1496/2056/7152 1501/2062/7157 1493/2051/7149
f 1496/2058/7152 1497/2057/7153 1501/2063/7157
f 1495/2054/7151 1502/2064/7158 1497/2057/7153
f 1497/2057/7153 1503/2065/7159 1501/2063/7157
f 1503/2065/7159 1497/2057/7153 1504/2066/7160
f 1504/2066/7160 1497/2057/7153 1502/2064/7158
f 1501/2062/7157 1505/2067/7161 1493/2051/7149
f 1501/2062/7157 1506/2068/7162 1505/2067/7161
f 1503/2065/7159 1506/2069/7162 1501/2063/7157
f 1505/2067/7161 1498/2059/7154 1493/2051/7149
f 1500/2061/7156 1490/2047/7146 1507/2070/7163
f 1508/2071/7164 1498/2059/7154 1505/2067/7161
f 1506/2068/7162 1508/2071/7164 1505/2067/7161
f 1503/2065/7159 1504/2066/7160 1506/2069/7162
f 1504/2066/7160 1509/2072/7165 1506/2069/7162
f 1506/2069/7162 1509/2072/7165 1508/2073/7164
f 1502/2064/7158 1510/2074/7166 1504/2066/7160
f 1511/2075/7167 1510/2074/7166 1502/2064/7158
f 1509/2072/7165 1510/2074/7166 1512/2076/7168
f 1504/2066/7160 1510/2074/7166 1509/2072/7165
f 1511/2075/7167 1512/2076/7168 1510/2074/7166
f 1509/2072/7165 1513/2077/7169 1508/2073/7164
f 1509/2072/7165 1514/2078/7170 1513/2077/7169
f 1512/2076/7168 1514/2078/7170 1509/2072/7165
f 1508/2071/7164 1515/2079/7171 1498/2059/7154
f 1508/2071/7164 1513/2080/7169 1515/2079/7171
f 1515/2079/7171 1516/2081/7172 1498/2059/7154
f 1516/2081/7172 1499/2060/7155 1498/2059/7154
f 1479/2032/7135 1499/2060/7155 1492/2050/7148
f 1511/2075/7167 1517/2082/7173 1512/2076/7168
f 1515/2079/7171 1518/2083/7174 1516/2081/7172
f 1515/2079/7171 1513/2080/7169 1518/2083/7174
f 1516/2081/7172 1519/2084/7175 1499/2060/7155
f 1520/2085/7176 1519/2084/7175 1516/2081/7172
f 1518/2083/7174 1520/2085/7176 1516/2081/7172
f 1513/2088/7169 1521/2087/7177 1518/2086/7174
f 1518/2086/7174 1521/2087/7177 1520/2089/7176
f 1521/2090/7177 1513/2077/7169 1514/2078/7170
f 1522/2091/7178 1521/2090/7177 1514/2078/7170
f 1522/2091/7178 1514/2078/7170 1512/2076/7168
f 1512/2076/7168 1517/2082/7173 1522/2091/7178
f 1522/2091/7178 1517/2082/7173 1523/2092/7179
f 1524/2093/7180 1521/2090/7177 1522/2091/7178
f 1521/2087/7177 1525/2094/7181 1520/2089/7176
f 1525/2095/7181 1521/2090/7177 1524/2093/7180
f 1520/2085/7176 1526/2096/7182 1519/2084/7175
f 1520/2089/7176 1525/2094/7181 1526/2097/7182
f 1526/2096/7182 1527/2098/7183 1519/2084/7175
f 1526/2096/7182 1528/2099/7184 1527/2098/7183
f 1525/2094/7181 1529/2100/7185 1526/2097/7182
f 1526/2097/7182 1529/2100/7185 1528/2101/7184
f 1530/2103/7186 1529/2102/7185 1525/2095/7181
f 1524/2093/7180 1530/2103/7186 1525/2095/7181
f 1522/2091/7178 1523/2092/7179 1531/2104/7187
f 1534/2107/7190 1533/2106/7189 1532/2105/7188
f 1523/2092/7179 1534/2107/7190 1535/2108/7191
f 1535/2108/7191 1534/2107/7190 1536/2109/7192
f 1534/2107/7190 1532/2105/7188 1536/2109/7192
f 1524/2093/7180 1522/2091/7178 1531/2104/7187
f 1531/2104/7187 1530/2103/7186 1524/2093/7180
f 1537/2110/7193 1530/2103/7186 1531/2104/7187
f 1537/2110/7193 1538/2111/7194 1530/2103/7186
f 1529/2102/7185 1539/2113/7195 1528/2112/7184
f 1529/2102/7185 1530/2103/7186 1539/2113/7195
f 1528/2099/7184 1540/2114/7196 1527/2098/7183
f 1528/2112/7184 1539/2113/7195 1540/2115/7196
f 1527/2098/7183 1541/2116/7197 1519/2084/7175
f 1540/2114/7196 1541/2116/7197 1527/2098/7183
f 1540/2114/7196 1542/2117/7198 1541/2116/7197
f 1539/2113/7195 1538/2111/7194 1540/2115/7196
f 1530/2103/7186 1538/2111/7194 1539/2113/7195
f 1535/2108/7191 1531/2104/7187 1523/2092/7179
f 1536/2109/7192 1532/2105/7188 1543/2118/7199
f 1532/2105/7188 1544/2119/7200 1543/2118/7199
f 1532/2105/7188 1533/2106/7189 1545/2120/7201
f 1545/2120/7201 1544/2119/7200 1532/2105/7188
f 1543/2118/7199 1544/2119/7200 1546/2121/7202
f 1535/2108/7191 1547/2122/7203 1531/2104/7187
f 1535/2108/7191 1536/2109/7192 1547/2122/7203
f 1531/2104/7187 1547/2122/7203 1537/2110/7193
f 1547/2122/7203 1548/2123/7204 1537/2110/7193
f 1538/2111/7194 1537/2110/7193 1549/2124/7205
f 1538/2111/7194 1549/2124/7205 1540/2115/7196
f 1537/2110/7193 1550/2125/7206 1549/2124/7205
f 1537/2110/7193 1548/2123/7204 1550/2125/7206
f 1547/2122/7203 1551/2126/7207 1548/2123/7204
f 1536/2109/7192 1551/2126/7207 1547/2122/7203
f 1546/2121/7202 1552/2127/7208 1543/2118/7199
f 1553/2128/7209 1552/2127/7208 1546/2121/7202
f 1554/2129/7210 1553/2128/7209 1546/2121/7202
f 1543/2118/7199 1555/2130/7211 1536/2109/7192
f 1536/2109/7192 1555/2130/7211 1551/2126/7207
f 1555/2130/7211 1556/2131/7212 1551/2126/7207
f 1551/2126/7207 1557/2132/7213 1548/2123/7204
f 1556/2131/7212 1557/2132/7213 1551/2126/7207
f 1548/2123/7204 1558/2133/7214 1550/2125/7206
f 1548/2123/7204 1557/2132/7213 1558/2133/7214
f 1556/2131/7212 1559/2134/7215 1557/2132/7213
f 1557/2132/7213 1560/2135/7216 1558/2133/7214
f 1559/2134/7215 1560/2135/7216 1557/2132/7213
f 1555/2130/7211 1561/2136/7217 1556/2131/7212
f 1561/2136/7217 1559/2134/7215 1556/2131/7212
f 1543/2118/7199 1561/2136/7217 1555/2130/7211
f 1543/2118/7199 1562/2137/7218 1561/2136/7217
f 1552/2127/7208 1562/2137/7218 1543/2118/7199
f 1553/2128/7209 1563/2138/7219 1552/2127/7208
f 1563/2138/7219 1564/2139/7220 1552/2127/7208
f 1562/2137/7218 1565/2140/7221 1561/2136/7217
f 1561/2136/7217 1565/2140/7221 1559/2134/7215
f 1559/2134/7215 1566/2141/7222 1560/2135/7216
f 1565/2140/7221 1566/2141/7222 1559/2134/7215
f 1552/2127/7208 1567/2142/7223 1562/2137/7218
f 1564/2139/7220 1567/2142/7223 1552/2127/7208
f 1563/2138/7219 1567/2142/7223 1564/2139/7220
f 1567/2142/7223 1565/2140/7221 1562/2137/7218
f 1567/2142/7223 1568/2143/7224 1565/2140/7221
f 1558/2133/7214 1570/2145/7226 1569/2144/7225
f 1560/2135/7216 1570/2145/7226 1558/2133/7214
f 1565/2140/7221 1568/2143/7224 1571/2146/7227
f 1565/2140/7221 1572/2147/7228 1566/2141/7222
f 1573/2148/7229 1566/2141/7222 1572/2147/7228
f 1560/2135/7216 1566/2141/7222 1573/2148/7229
f 1570/2145/7226 1560/2135/7216 1574/2149/7230
f 1569/2144/7225 1570/2145/7226 1575/2150/7231
f 1575/2150/7231 1570/2145/7226 1574/2149/7230
f 1574/2149/7230 1576/2151/7232 1575/2150/7231
f 1573/2148/7229 1574/2149/7230 1560/2135/7216
f 1577/2152/7233 1573/2148/7229 1572/2147/7228
f 1578/2153/7234 1577/2152/7233 1572/2147/7228
f 1565/2140/7221 1571/2146/7227 1572/2147/7228
f 1579/2154/7235 1578/2153/7234 1571/2146/7227
f 1571/2146/7227 1568/2143/7224 1579/2154/7235
f 1572/2147/7228 1571/2146/7227 1578/2153/7234
f 1573/2148/7229 1580/2155/7236 1574/2149/7230
f 1573/2148/7229 1577/2152/7233 1580/2155/7236
f 1574/2149/7230 1580/2155/7236 1576/2151/7232
f 1581/2156/7237 1578/2153/7234 1579/2154/7235
f 1581/2156/7237 1582/2157/7238 1578/2153/7234
f 1581/2156/7237 1583/2158/7239 1582/2157/7238
f 1584/2159/7240 1583/2158/7239 1581/2156/7237
f 1578/2153/7234 1585/2160/7241 1577/2152/7233
f 1577/2152/7233 1585/2160/7241 1586/2161/7242
f 1577/2152/7233 1586/2161/7242 1580/2155/7236
f 1587/2162/7243 1586/2161/7242 1585/2160/7241
f 1578/2153/7234 1588/2163/7244 1585/2160/7241
f 1582/2157/7238 1588/2163/7244 1578/2153/7234
f 1582/2157/7238 1589/2164/7245 1588/2163/7244
f 1583/2158/7239 1589/2164/7245 1582/2157/7238
f 1583/2158/7239 1590/2165/7246 1589/2164/7245
f 1583/2158/7239 1591/2166/7247 1590/2165/7246
f 1592/2167/7248 1587/2162/7243 1585/2160/7241
f 1592/2167/7248 1093/1514/6749 1587/2162/7243
f 1593/2168/7249 1592/2167/7248 1585/2160/7241
f 1585/2160/7241 1588/2163/7244 1593/2168/7249
f 1588/2163/7244 1589/2164/7245 1593/2168/7249
f 1593/2168/7249 1589/2164/7245 1590/2165/7246
f 1591/2166/7247 1595/2170/7251 1594/2169/7250
f 954/1315/6610 1596/2171/7252 1595/2170/7251
f 1594/2169/7250 1595/2170/7251 1596/2171/7252
f 1598/2173/7254 1597/2172/7253 1594/2169/7250
f 1594/2169/7250 1597/2172/7253 1591/2166/7247
f 1596/2171/7252 1598/2173/7254 1594/2169/7250
f 1597/2172/7253 1599/2174/7255 1591/2166/7247
f 1591/2166/7247 1599/2174/7255 1590/2165/7246
f 1599/2174/7255 1600/2175/7256 1590/2165/7246
f 1590/2165/7246 1600/2175/7256 1593/2168/7249
f 1600/2175/7256 1592/2167/7248 1593/2168/7249
f 1592/2167/7248 1083/1503/6739 1093/1514/6749
f 1600/2175/7256 1083/1503/6739 1592/2167/7248
f 1600/2175/7256 1599/2174/7255 1083/1503/6739
f 1597/2172/7253 1081/1501/6737 1599/2174/7255
f 1597/2172/7253 1601/2176/7257 1081/1501/6737
f 1598/2173/7254 1601/2176/7257 1597/2172/7253
f 1602/2177/7258 1598/2173/7254 1596/2171/7252
f 1598/2173/7254 1603/2178/7259 1601/2176/7257
f 1602/2177/7258 1603/2178/7259 1598/2173/7254
f 1083/1503/6739 1599/2174/7255 1081/1501/6737
f 1093/1514/6749 1099/1522/6755 1604/2179/7260
f 1587/2162/7243 1093/1514/6749 1604/2179/7260
f 1605/2180/7261 1587/2162/7243 1604/2179/7260
f 1605/2180/7261 1586/2161/7242 1587/2162/7243
f 1580/2155/7236 1586/2161/7242 1605/2180/7261
f 1605/2180/7261 1604/2179/7260 1606/2181/7262
f 1606/2181/7262 1604/2179/7260 1117/1548/6773
f 1604/2179/7260 1099/1522/6755 1117/1548/6773
f 1606/2181/7262 1576/2151/7232 1605/2180/7261
f 1576/2151/7232 1580/2155/7236 1605/2180/7261
f 1575/2150/7231 1576/2151/7232 1607/2182/7263
f 1607/2182/7263 1576/2151/7232 1606/2181/7262
f 1608/2183/7264 1607/2182/7263 1606/2181/7262
f 1608/2183/7264 1606/2181/7262 1117/1548/6773
f 1609/2184/7265 1607/2182/7263 1608/2183/7264
f 1608/2183/7264 1117/1548/6773 1610/2185/7266
f 1575/2150/7231 1607/2182/7263 1611/2186/7267
f 1611/2186/7267 1607/2182/7263 1609/2184/7265
f 1608/2183/7264 1612/2187/7268 1609/2184/7265
f 1608/2183/7264 1610/2185/7266 1612/2187/7268
f 1612/2187/7268 1610/2185/7266 1613/2188/7269
f 1136/1571/6792 1613/2188/7269 1610/2185/7266
f 1136/1571/6792 1610/2185/7266 1117/1548/6773
f 1136/1571/6792 1165/1619/6821 1613/2188/7269
f 1612/2187/7268 1613/2188/7269 1614/2189/7270
f 1613/2188/7269 1165/1619/6821 1614/2189/7270
f 1609/2184/7265 1612/2187/7268 1615/2190/7271
f 1615/2190/7271 1612/2187/7268 1614/2189/7270
f 1575/2150/7231 1611/2186/7267 1616/2191/7272
f 1575/2150/7231 1616/2191/7272 1569/2144/7225
f 1609/2184/7265 1615/2190/7271 1617/2192/7273
f 1617/2195/7273 1615/2194/7271 1618/2193/7274
f 1615/2194/7271 1614/2196/7270 1618/2193/7274
f 1614/2196/7270 1187/2197/6843 1618/2193/7274
f 1614/2196/7270 1166/2198/6822 1187/2197/6843
f 1165/1619/6821 1166/1621/6822 1614/2189/7270
f 1618/2199/7274 1187/1646/6843 1168/1623/6824
f 1618/2199/7274 1168/1623/6824 1186/1645/6842
f 1619/2200/7275 1618/2199/7274 1186/1645/6842
f 1617/2195/7273 1618/2193/7274 1619/2201/7275
f 1620/2202/7276 1617/2195/7273 1619/2201/7275
f 1611/2186/7267 1617/2192/7273 1620/2203/7276
f 1609/2184/7265 1617/2192/7273 1611/2186/7267
f 1616/2191/7272 1611/2186/7267 1620/2203/7276
f 1616/2191/7272 1620/2203/7276 1621/2204/7277
f 1622/2205/7278 1616/2191/7272 1621/2204/7277
f 1623/2206/7279 1616/2191/7272 1622/2205/7278
f 1569/2144/7225 1616/2191/7272 1623/2206/7279
f 1558/2133/7214 1569/2144/7225 1623/2206/7279
f 1625/2208/7281 1623/2206/7279 1624/2207/7280
f 1624/2207/7280 1623/2206/7279 1622/2205/7278
f 1558/2133/7214 1623/2206/7279 1625/2208/7281
f 1622/2205/7278 1621/2204/7277 1626/2209/7282
f 1624/2207/7280 1622/2205/7278 1626/2209/7282
f 1626/2212/7282 1621/2211/7277 1627/2210/7283
f 1621/2211/7277 1619/2200/7275 1627/2210/7283
f 1621/2213/7277 1620/2202/7276 1619/2201/7275
f 1619/2200/7275 1186/1645/6842 1627/2210/7283
f 1624/2214/7280 1626/2212/7282 1627/2210/7283
f 1542/2117/7198 1624/2214/7280 1627/2210/7283
f 1628/2217/7284 1624/2216/7280 1542/2215/7198
f 1625/2208/7281 1624/2207/7280 1628/2218/7284
f 1550/2125/7206 1625/2208/7281 1628/2218/7284
f 1558/2133/7214 1625/2208/7281 1550/2125/7206
f 1629/2219/7285 1628/2217/7284 1542/2215/7198
f 1629/2220/7285 1550/2125/7206 1628/2218/7284
f 1627/2210/7283 1186/1645/6842 1630/2221/7286
f 1630/2221/7286 1186/1645/6842 1238/1716/6894
f 1631/2222/7287 1630/2221/7286 1238/1716/6894
f 1627/2210/7283 1630/2221/7286 1632/2223/7288
f 1542/2117/7198 1627/2210/7283 1632/2223/7288
f 1540/2224/7196 1629/2219/7285 1542/2215/7198
f 1540/2115/7196 1549/2124/7205 1629/2220/7285
f 1549/2124/7205 1550/2125/7206 1629/2220/7285
f 1542/2117/7198 1632/2223/7288 1541/2116/7197
f 1632/2223/7288 1630/2221/7286 1631/2222/7287
f 1631/2222/7287 1238/1716/6894 1258/1742/6914
f 1519/2084/7175 1632/2223/7288 1631/2222/7287
f 1541/2116/7197 1632/2223/7288 1519/2084/7175
f 1633/2225/7289 1631/2222/7287 1258/1742/6914
f 1258/1742/6914 1257/1741/6913 1634/2226/7290
f 1258/1742/6914 1634/2226/7290 1635/2227/7291
f 1633/2225/7289 1258/1742/6914 1635/2227/7291
f 1631/2222/7287 1633/2225/7289 1499/2060/7155
f 1519/2084/7175 1631/2222/7287 1499/2060/7155
f 1633/2225/7289 1635/2227/7291 1636/2228/7292
f 1635/2227/7291 1634/2226/7290 1636/2228/7292
f 1634/2230/7290 1275/1768/6931 1636/2229/7292
f 1634/2230/7290 1257/1747/6913 1275/1768/6931
f 1257/1747/6913 1260/1745/6916 1275/1768/6931
f 1636/2231/7292 1275/1766/6931 1276/1767/6932
f 1638/2233/7294 1636/2231/7292 1637/2232/7293
f 1637/2232/7293 1636/2231/7292 1276/1767/6932
f 1633/2225/7289 1636/2228/7292 1638/2234/7294
f 1639/2235/7295 1633/2225/7289 1638/2234/7294
f 1640/2236/7296 1633/2225/7289 1639/2235/7295
f 1499/2060/7155 1633/2225/7289 1640/2236/7296
f 1640/2236/7296 1639/2235/7295 1641/2237/7297
f 1639/2235/7295 1638/2234/7294 1642/2238/7298
f 1641/2237/7297 1639/2235/7295 1642/2238/7298
f 1642/2240/7298 1638/2233/7294 1643/2239/7299
f 1643/2239/7299 1638/2233/7294 1637/2232/7293
f 1643/2239/7299 1637/2232/7293 1296/1789/6952
f 1637/2232/7293 1276/1767/6932 1286/1779/6942
f 1296/1789/6952 1637/2232/7293 1286/1779/6942
f 1644/2241/7300 1642/2240/7298 1643/2239/7299
f 1644/2241/7300 1643/2239/7299 1645/2242/7301
f 1645/2242/7301 1643/2239/7299 1296/1789/6952
f 1646/2243/7302 1642/2240/7298 1644/2241/7300
f 1641/2246/7297 1642/2245/7298 1646/2244/7302
f 1647/2247/7303 1641/2246/7297 1646/2244/7302
f 1640/2236/7296 1641/2237/7297 1647/2248/7303
f 1492/2050/7148 1640/2236/7296 1647/2248/7303
f 1499/2060/7155 1640/2236/7296 1492/2050/7148
f 1647/2247/7303 1646/2244/7302 1648/2249/7304
f 1648/2252/7304 1646/2251/7302 1649/2250/7305
f 1649/2253/7305 1646/2243/7302 1644/2241/7300
f 1649/2253/7305 1644/2241/7300 1305/1802/6961
f 1305/1802/6961 1644/2241/7300 1645/2242/7301
f 1645/2242/7301 1296/1789/6952 1297/1790/6953
f 1305/1802/6961 1645/2242/7301 1297/1790/6953
f 1306/1805/6962 1649/2250/7305 1305/1804/6961
f 1650/2254/7306 1648/2252/7304 1649/2250/7305
f 1650/2254/7306 1649/2250/7305 1306/1805/6962
f 1507/2070/7163 1648/2252/7304 1650/2254/7306
f 1648/2249/7304 1490/2255/7146 1647/2247/7303
f 1507/2070/7163 1490/2047/7146 1648/2252/7304
f 1492/2050/7148 1647/2248/7303 1490/2048/7146
f 1507/2070/7163 1650/2254/7306 1500/2061/7156
f 1491/2049/7147 1650/2254/7306 1306/1805/6962
f 1650/2254/7306 1491/2049/7147 1500/2061/7156
f 1320/1826/6976 1491/2049/7147 1306/1805/6962
f 1491/2049/7147 1320/1826/6976 1332/1841/6988
f 1337/1846/6993 1476/2028/7132 1332/1841/6988
f 1601/2176/7257 1072/1489/6728 1074/1491/6730
f 1081/1501/6737 1601/2176/7257 1074/1491/6730
f 1601/2176/7257 1057/1468/6713 1072/1489/6728
f 1601/2176/7257 1042/1448/6698 1057/1468/6713
f 1603/2178/7259 1042/1448/6698 1601/2176/7257
f 1002/1381/6658 1042/1448/6698 1603/2178/7259
f 1002/1381/6658 1021/1412/6677 1042/1448/6698
f 1602/2177/7258 1002/1381/6658 1603/2178/7259
f 1001/1380/6657 1002/1381/6658 1602/2177/7258
f 1001/1380/6657 1602/2177/7258 1596/2171/7252
f 988/1363/6644 1001/1380/6657 1596/2171/7252
f 954/1315/6610 988/1363/6644 1596/2171/7252
f 956/1317/6612 988/1363/6644 954/1315/6610
f 980/1350/6636 988/1363/6644 956/1317/6612
f 954/1315/6610 1595/2170/7251 1651/2256/7307
f 1651/2256/7307 1595/2170/7251 1652/2257/7308
f 1595/2170/7251 1591/2166/7247 1652/2257/7308
f 1652/2257/7308 1591/2166/7247 1583/2158/7239
f 1583/2158/7239 1584/2159/7240 1652/2257/7308
f 1584/2159/7240 1653/2258/7309 1652/2257/7308
f 1653/2258/7309 1654/2259/7310 1652/2257/7308
f 1652/2257/7308 1654/2259/7310 1651/2256/7307
f 1654/2259/7310 955/1316/6611 1651/2256/7307
f 1651/2256/7307 955/1316/6611 954/1315/6610
f 1656/2261/7312 1653/2258/7309 1655/2260/7311
f 1655/2260/7311 1653/2258/7309 1584/2159/7240
f 1584/2159/7240 1581/2156/7237 1579/2154/7235
f 1579/2154/7235 1655/2260/7311 1584/2159/7240
f 1567/2142/7223 1655/2260/7311 1568/2143/7224
f 1656/2261/7312 1655/2260/7311 1567/2142/7223
f 1568/2143/7224 1655/2260/7311 1579/2154/7235
f 1657/2262/7313 1653/2258/7309 1656/2261/7312
f 1657/2262/7313 1654/2259/7310 1653/2258/7309
f 1658/2263/7314 1657/2262/7313 1656/2261/7312
f 1659/2264/7315 1656/2261/7312 1567/2142/7223
f 1658/2263/7314 1656/2261/7312 1659/2264/7315
f 1659/2264/7315 1567/2142/7223 1563/2138/7219
f 1660/2265/7316 1659/2264/7315 1563/2138/7219
f 1661/2266/7317 1657/2262/7313 1658/2263/7314
f 1661/2266/7317 1654/2259/7310 1657/2262/7313
f 1662/2267/7318 1654/2259/7310 1661/2266/7317
f 1662/2267/7318 955/1316/6611 1654/2259/7310
f 944/1302/6600 955/1316/6611 1662/2267/7318
f 951/1312/6607 944/1302/6600 1662/2267/7318
f 1662/2267/7318 1661/2266/7317 1663/2268/7319
f 1660/2265/7316 1563/2138/7219 1664/2269/7320
f 1554/2129/7210 1664/2269/7320 1553/2128/7209
f 1664/2269/7320 1563/2138/7219 1553/2128/7209
f 1665/2270/7321 1660/2265/7316 1664/2269/7320
f 1658/2263/7314 1659/2264/7315 1660/2265/7316
f 1661/2266/7317 1658/2263/7314 1666/2271/7322
f 1666/2271/7322 1658/2263/7314 1660/2265/7316
f 1663/2268/7319 1661/2266/7317 1666/2271/7322
f 1662/2267/7318 1663/2268/7319 1667/2272/7323
f 951/1312/6607 1662/2267/7318 1668/2273/7324
f 1668/2273/7324 1662/2267/7318 1667/2272/7323
f 943/1301/6599 951/1312/6607 1668/2273/7324
f 1668/2273/7324 919/1264/6575 943/1301/6599
f 1667/2272/7323 1669/2274/7325 1668/2273/7324
f 1660/2265/7316 1670/2275/7326 1666/2271/7322
f 1670/2275/7326 1663/2268/7319 1666/2271/7322
f 1665/2270/7321 1670/2275/7326 1660/2265/7316
f 1671/2276/7327 1664/2269/7320 1554/2129/7210
f 1671/2276/7327 1665/2270/7321 1664/2269/7320
f 1672/2277/7328 1665/2270/7321 1671/2276/7327
f 1673/2278/7329 1665/2270/7321 1672/2277/7328
f 1673/2278/7329 1670/2275/7326 1665/2270/7321
f 1674/2279/7330 1670/2275/7326 1673/2278/7329
f 1674/2279/7330 1663/2268/7319 1670/2275/7326
f 1674/2279/7330 1667/2272/7323 1663/2268/7319
f 1674/2279/7330 1669/2274/7325 1667/2272/7323
f 921/1266/6577 1668/2273/7324 1669/2274/7325
f 921/1266/6577 919/1264/6575 1668/2273/7324
f 1669/2274/7325 909/1252/6565 921/1266/6577
f 1674/2279/7330 910/1253/6566 1669/2274/7325
f 910/1253/6566 909/1252/6565 1669/2274/7325
f 1673/2278/7329 1675/2280/7331 1674/2279/7330
f 1675/2280/7331 910/1253/6566 1674/2279/7330
f 1671/2276/7327 1676/2281/7332 1672/2277/7328
f 1677/2282/7333 1676/2281/7332 1671/2276/7327
f 1554/2129/7210 1677/2282/7333 1671/2276/7327
f 1677/2282/7333 1554/2129/7210 1546/2121/7202
f 1544/2119/7200 1545/2120/7201 1677/2282/7333
f 1677/2282/7333 1546/2121/7202 1544/2119/7200
f 1675/2280/7331 1673/2278/7329 1672/2277/7328
f 903/1246/6559 910/1253/6566 1675/2280/7331
f 1678/2283/7334 903/1246/6559 1675/2280/7331
f 1676/2281/7332 1675/2280/7331 1672/2277/7328
f 1678/2283/7334 1675/2280/7331 1676/2281/7332
f 1679/2284/7335 1676/2281/7332 1677/2282/7333
f 1679/2284/7335 1677/2282/7333 1545/2120/7201
f 1680/2285/7336 1545/2120/7201 1533/2106/7189
f 1680/2285/7336 1679/2284/7335 1545/2120/7201
f 1681/2286/7337 1678/2283/7334 1676/2281/7332
f 901/1244/6557 1678/2283/7334 1681/2286/7337
f 901/1244/6557 903/1246/6559 1678/2283/7334
f 1682/2287/7338 1681/2286/7337 1676/2281/7332
f 901/1244/6557 1681/2286/7337 1682/2287/7338
f 1682/2287/7338 1676/2281/7332 1679/2284/7335
f 1683/2288/7339 1679/2284/7335 1680/2285/7336
f 1684/2289/7340 1533/2106/7189 1534/2107/7190
f 1680/2285/7336 1533/2106/7189 1684/2289/7340
f 1684/2289/7340 1534/2107/7190 1523/2092/7179
f 1517/2082/7173 1684/2289/7340 1523/2092/7179
f 1685/2290/7341 1684/2289/7340 1517/2082/7173
f 1686/2291/7342 1684/2289/7340 1685/2290/7341
f 1686/2291/7342 1680/2285/7336 1684/2289/7340
f 1687/2292/7343 1680/2285/7336 1686/2291/7342
f 1687/2292/7343 1683/2288/7339 1680/2285/7336
f 1683/2288/7339 1682/2287/7338 1679/2284/7335
f 1688/2293/7344 1682/2287/7338 1683/2288/7339
f 1688/2293/7344 901/1244/6557 1682/2287/7338
f 902/1245/6558 901/1244/6557 1688/2293/7344
f 891/1234/6547 1688/2293/7344 1683/2288/7339
f 890/1233/6546 1688/2293/7344 891/1234/6547
f 890/1233/6546 902/1245/6558 1688/2293/7344
f 891/1234/6547 1683/2288/7339 1687/2292/7343
f 1689/2294/7345 1687/2292/7343 1686/2291/7342
f 1689/2294/7345 1686/2291/7342 1685/2290/7341
f 1685/2290/7341 1690/2295/7346 1689/2294/7345
f 1690/2295/7346 1691/2296/7347 1689/2294/7345
f 891/1234/6547 1687/2292/7343 883/1224/6539
f 883/1224/6539 1687/2292/7343 1691/2296/7347
f 1691/2296/7347 1687/2292/7343 1689/2294/7345
f 1690/2295/7346 1685/2290/7341 1692/2297/7348
f 1693/2298/7349 1690/2295/7346 1692/2297/7348
f 1692/2297/7348 1685/2290/7341 1511/2075/7167
f 1685/2290/7341 1517/2082/7173 1511/2075/7167
f 1694/2299/7350 1692/2297/7348 1511/2075/7167
f 1695/2300/7351 1692/2297/7348 1694/2299/7350
f 1695/2300/7351 1693/2298/7349 1692/2297/7348
f 1696/2301/7352 1693/2298/7349 1695/2300/7351
f 1696/2301/7352 1690/2295/7346 1693/2298/7349
f 1691/2296/7347 1690/2295/7346 1696/2301/7352
f 879/1217/6535 883/1224/6539 1691/2296/7347
f 879/1217/6535 1691/2296/7347 1697/2302/7353
f 1698/2303/7354 1691/2296/7347 1696/2301/7352
f 1697/2302/7353 1691/2296/7347 1698/2303/7354
f 1699/2304/7355 1696/2301/7352 1695/2300/7351
f 1698/2303/7354 1696/2301/7352 1699/2304/7355
f 1700/2305/7356 1695/2300/7351 1694/2299/7350
f 1699/2304/7355 1695/2300/7351 1700/2305/7356
f 1700/2305/7356 1694/2299/7350 1701/2306/7357
f 1694/2299/7350 1511/2075/7167 1702/2307/7358
f 1702/2307/7358 1511/2075/7167 1502/2064/7158
f 1486/2040/7142 1702/2307/7358 1495/2054/7151
f 1702/2307/7358 1502/2064/7158 1495/2054/7151
f 1486/2040/7142 1703/2308/7359 1702/2307/7358
f 1703/2308/7359 1694/2299/7350 1702/2307/7358
f 1704/2309/7360 1694/2299/7350 1703/2308/7359
f 1704/2309/7360 1701/2306/7357 1694/2299/7350
f 1705/2310/7361 1699/2304/7355 1700/2305/7356
f 1706/2311/7362 1699/2304/7355 1705/2310/7361
f 1706/2311/7362 1698/2303/7354 1699/2304/7355
f 875/1212/6531 1698/2303/7354 1706/2311/7362
f 875/1212/6531 1697/2302/7353 1698/2303/7354
f 876/1213/6532 1697/2302/7353 875/1212/6531
f 877/1216/6533 1697/2302/7353 876/1213/6532
f 877/1216/6533 879/1217/6535 1697/2302/7353
f 1700/2305/7356 1707/2312/7363 1705/2310/7361
f 1701/2306/7357 1707/2312/7363 1700/2305/7356
f 1704/2309/7360 1484/2038/7140 1701/2306/7357
f 1703/2308/7359 1484/2038/7140 1704/2309/7360
f 1484/2038/7140 1703/2308/7359 1483/2037/7139
f 1483/2037/7139 1703/2308/7359 1486/2040/7142
f 1707/2312/7363 1701/2306/7357 1708/2313/7364
f 1708/2313/7364 1701/2306/7357 1484/2038/7140
f 869/1204/6525 875/1212/6531 1706/2311/7362
f 869/1204/6525 1706/2311/7362 1705/2310/7361
f 1709/2314/7365 1705/2310/7361 1707/2312/7363
f 869/1204/6525 1705/2310/7361 1709/2314/7365
f 1709/2314/7365 1707/2312/7363 1708/2313/7364
f 1710/2315/7366 1708/2313/7364 1484/2038/7140
f 1710/2315/7366 1484/2038/7140 1473/2024/7129
f 1472/2022/7128 1710/2315/7366 1473/2024/7129
f 1709/2314/7365 1708/2313/7364 1711/2316/7367
f 1711/2316/7367 1708/2313/7364 1710/2315/7366
f 869/1204/6525 1709/2314/7365 1712/2317/7368
f 1712/2317/7368 1709/2314/7365 1711/2316/7367
f 868/1203/6524 869/1204/6525 1712/2317/7368
f 1711/2316/7367 859/1194/6515 1712/2317/7368
f 859/1194/6515 847/1178/6503 1712/2317/7368
f 1712/2317/7368 847/1178/6503 868/1203/6524
f 1710/2315/7366 1713/2318/7369 1711/2316/7367
f 1713/2318/7369 859/1194/6515 1711/2316/7367
f 1714/2319/7370 1713/2318/7369 1710/2315/7366
f 1710/2315/7366 1472/2022/7128 1714/2319/7370
f 1472/2022/7128 1715/2320/7371 1714/2319/7370
f 848/1179/6504 859/1194/6515 1713/2318/7369
f 1716/2321/7372 1714/2319/7370 1715/2320/7371
f 1715/2320/7371 1472/2022/7128 1460/2322/7116
f 1472/2022/7128 1461/2023/7117 1460/2322/7116
f 1451/2323/7107 1715/2320/7371 1460/2322/7116
f 1717/2324/7373 1715/2320/7371 1451/2323/7107
f 1717/2324/7373 1716/2321/7372 1715/2320/7371
f 1718/2325/7374 1716/2321/7372 1717/2324/7373
f 1718/2325/7374 1714/2319/7370 1716/2321/7372
f 1719/2326/7375 1714/2319/7370 1718/2325/7374
f 1719/2326/7375 1713/2318/7369 1714/2319/7370
f 848/1179/6504 1713/2318/7369 1719/2326/7375
f 838/1168/6494 1719/2326/7375 1718/2325/7374
f 839/1169/6495 1719/2326/7375 838/1168/6494
f 839/1169/6495 848/1179/6504 1719/2326/7375
f 1718/2325/7374 1717/2324/7373 1449/2327/7105
f 1449/2327/7105 1717/2324/7373 1451/2323/7107
f 828/1156/6484 1718/2325/7374 827/1155/6483
f 827/1155/6483 1718/2325/7374 1449/2327/7105
f 828/1156/6484 838/1168/6494 1718/2325/7374
f 690/951/6346 1400/1917/7056 700/962/6356
f 700/962/6356 1400/1917/7056 1720/2328/7376
f 1720/2328/7376 1400/1917/7056 1399/1916/7055
f 1720/2328/7376 1399/1916/7055 1721/2329/7377
f 1399/1916/7055 1394/1910/7050 1721/2329/7377
f 700/962/6356 1720/2328/7376 1722/2330/7378
f 1722/2330/7378 1720/2328/7376 1721/2329/7377
f 1723/2331/7379 700/962/6356 1722/2330/7378
f 1723/2331/7379 1722/2330/7378 1724/2332/7380
f 1724/2332/7380 1722/2330/7378 1721/2329/7377
f 1725/2333/7381 1394/1910/7050 1398/1915/7054
f 1721/2329/7377 1394/1910/7050 1725/2333/7381
f 1723/2331/7379 1724/2332/7380 1726/2334/7382
f 1726/2334/7382 1724/2332/7380 1721/2329/7377
f 688/949/6344 700/962/6356 1723/2331/7379
f 688/949/6344 1723/2331/7379 689/950/6345
f 689/950/6345 1723/2331/7379 1726/2334/7382
f 689/950/6345 1726/2334/7382 1727/2335/7383
f 1726/2334/7382 1721/2329/7377 1728/2336/7384
f 1727/2335/7383 1726/2334/7382 1728/2336/7384
f 1721/2329/7377 1725/2333/7381 1728/2336/7384
f 1398/1915/7054 1397/1913/7053 1725/2333/7381
f 1397/1913/7053 1729/2337/7385 1725/2333/7381
f 1725/2333/7381 1729/2337/7385 1728/2336/7384
f 1729/2337/7385 1730/2338/7386 1728/2336/7384
f 1731/2339/7387 1728/2336/7384 1730/2338/7386
f 1727/2335/7383 1728/2336/7384 1731/2339/7387
f 672/931/6328 689/950/6345 1727/2335/7383
f 672/931/6328 1727/2335/7383 1731/2339/7387
f 666/924/6322 672/931/6328 1731/2339/7387
f 1731/2339/7387 1730/2338/7386 1732/2340/7388
f 1730/2338/7386 1729/2337/7385 1733/2341/7389
f 1729/2337/7385 1397/1913/7053 1385/1894/7041
f 1729/2337/7385 1385/1894/7041 1733/2341/7389
f 1730/2338/7386 1733/2341/7389 1734/2342/7390
f 1734/2342/7390 1733/2341/7389 1735/2343/7391
f 1730/2338/7386 1734/2342/7390 1732/2340/7388
f 666/924/6322 1731/2339/7387 667/925/6323
f 667/925/6323 1731/2339/7387 1732/2340/7388
f 667/925/6323 1732/2340/7388 1736/2344/7392
f 1732/2340/7388 1734/2342/7390 1737/2345/7393
f 1736/2344/7392 1732/2340/7388 1737/2345/7393
f 1737/2345/7393 1734/2342/7390 1738/2346/7394
f 1734/2342/7390 1735/2343/7391 1738/2346/7394
f 1735/2343/7391 1739/2347/7395 1738/2346/7394
f 1740/2348/7396 1738/2346/7394 1739/2347/7395
f 1737/2345/7393 1738/2346/7394 1741/2349/7397
f 1741/2349/7397 1738/2346/7394 1740/2348/7396
f 1742/2350/7398 1737/2345/7393 1741/2349/7397
f 1736/2344/7392 1737/2345/7393 1743/2351/7399
f 1743/2351/7399 1737/2345/7393 1742/2350/7398
f 668/926/6324 667/925/6323 1736/2344/7392
f 668/926/6324 1736/2344/7392 1743/2351/7399
f 1742/2350/7398 1741/2349/7397 1744/2352/7400
f 1745/2353/7401 1742/2350/7398 1744/2352/7400
f 1741/2349/7397 1740/2348/7396 1746/2354/7402
f 1744/2352/7400 1741/2349/7397 1746/2354/7402
f 1746/2354/7402 1740/2348/7396 1747/2355/7403
f 1740/2348/7396 1739/2347/7395 1748/2356/7404
f 1747/2355/7403 1740/2348/7396 1748/2356/7404
f 1739/2347/7395 1749/2357/7405 1748/2356/7404
f 1747/2355/7403 1748/2356/7404 1750/2358/7406
f 1748/2356/7404 1749/2357/7405 1750/2358/7406
f 1746/2354/7402 1747/2355/7403 1751/2359/7407
f 1751/2359/7407 1747/2355/7403 1750/2358/7406
f 1744/2352/7400 1746/2354/7402 1752/2360/7408
f 1752/2360/7408 1746/2354/7402 1751/2359/7407
f 1745/2353/7401 1744/2352/7400 1753/2361/7409
f 1753/2361/7409 1744/2352/7400 1752/2360/7408
f 1743/2351/7399 1742/2350/7398 1754/2362/7410
f 1745/2353/7401 1753/2361/7409 1755/2363/7411
f 1753/2361/7409 1752/2360/7408 1756/2364/7412
f 1755/2363/7411 1753/2361/7409 1756/2364/7412
f 1752/2360/7408 1751/2359/7407 1757/2365/7413
f 1756/2364/7412 1752/2360/7408 1757/2365/7413
f 1751/2359/7407 1750/2358/7406 1757/2365/7413
f 1758/2366/7414 1757/2365/7413 1750/2358/7406
f 1759/2367/7415 1758/2366/7414 1750/2358/7406
f 1759/2367/7415 1750/2358/7406 1749/2357/7405
f 1757/2365/7413 1758/2366/7414 1760/2368/7416
f 1761/2369/7417 1760/2368/7416 1758/2366/7414
f 1762/2370/7418 1761/2369/7417 1758/2366/7414
f 1762/2370/7418 1758/2366/7414 1759/2367/7415
f 1763/2371/7419 1757/2365/7413 1760/2368/7416
f 1756/2364/7412 1757/2365/7413 1763/2371/7419
f 1755/2363/7411 1756/2364/7412 1764/2372/7420
f 1764/2372/7420 1756/2364/7412 1763/2371/7419
f 1745/2353/7401 1755/2363/7411 1765/2373/7421
f 1765/2373/7421 1755/2363/7411 1764/2372/7420
f 1742/2350/7398 1745/2353/7401 1765/2373/7421
f 1742/2350/7398 1765/2373/7421 1754/2362/7410
f 1766/2374/7422 1754/2362/7410 1765/2373/7421
f 1766/2377/7422 1765/2376/7421 1767/2375/7423
f 1768/2378/7424 1767/2375/7423 1765/2376/7421
f 1764/2381/7420 1769/2380/7425 1765/2379/7421
f 1769/2382/7425 1768/2378/7424 1765/2376/7421
f 1763/2384/7419 1770/2383/7426 1764/2381/7420
f 1770/2383/7426 1769/2380/7425 1764/2381/7420
f 1771/2385/7427 1770/2383/7426 1763/2384/7419
f 1760/2386/7416 1771/2385/7427 1763/2384/7419
f 1761/2389/7417 1772/2388/7428 1760/2387/7416
f 1772/2388/7428 1771/2390/7427 1760/2387/7416
f 1762/2370/7418 1773/2391/7429 1761/2369/7417
f 1761/2369/7417 1773/2391/7429 1774/2392/7430
f 1774/2395/7430 1775/2394/7431 1761/2393/7417
f 1775/2396/7431 1772/2388/7428 1761/2389/7417
f 1773/2391/7429 1762/2370/7418 1759/2367/7415
f 1776/2397/7432 1773/2391/7429 1759/2367/7415
f 1778/2399/7434 1777/2398/7433 1776/2397/7432
f 1777/2398/7433 1773/2391/7429 1776/2397/7432
f 1773/2391/7429 1777/2398/7433 1774/2392/7430
f 1779/2400/7435 1772/2388/7428 1775/2396/7431
f 1780/2401/7436 1771/2390/7427 1772/2388/7428
f 1780/2401/7436 1772/2388/7428 1779/2400/7435
f 1780/2401/7436 1770/2402/7426 1771/2390/7427
f 1781/2403/7437 1769/2382/7425 1770/2402/7426
f 1781/2403/7437 1770/2402/7426 1780/2401/7436
f 1781/2403/7437 1768/2378/7424 1769/2382/7425
f 1782/2404/7438 1768/2378/7424 1781/2403/7437
f 1782/2404/7438 1767/2375/7423 1768/2378/7424
f 1783/2405/7439 1775/2394/7431 1774/2395/7430
f 1779/2400/7435 1775/2396/7431 1783/2406/7439
f 1774/2392/7430 1777/2398/7433 1784/2407/7440
f 1784/2408/7440 1783/2405/7439 1774/2395/7430
f 1785/2409/7441 1777/2398/7433 1778/2399/7434
f 1784/2407/7440 1777/2398/7433 1785/2409/7441
f 1784/2408/7440 1786/2410/7442 1783/2405/7439
f 1784/2408/7440 1785/2411/7441 1786/2410/7442
f 1783/2405/7439 1786/2410/7442 1787/2412/7443
f 1788/2415/7444 1783/2414/7439 1787/2413/7443
f 1779/2400/7435 1783/2406/7439 1788/2416/7444
f 1789/2417/7445 1779/2400/7435 1788/2416/7444
f 1790/2418/7446 1780/2401/7436 1779/2400/7435
f 1790/2418/7446 1779/2400/7435 1789/2417/7445
f 1790/2418/7446 1781/2403/7437 1780/2401/7436
f 1791/2419/7447 1790/2418/7446 1789/2417/7445
f 1792/2420/7448 1790/2418/7446 1791/2419/7447
f 1793/2421/7449 1781/2403/7437 1790/2418/7446
f 1793/2421/7449 1790/2418/7446 1792/2420/7448
f 1792/2420/7448 1791/2419/7447 1794/2422/7450
f 1791/2419/7447 1789/2417/7445 1795/2423/7451
f 1796/2424/7452 1791/2419/7447 1795/2423/7451
f 1797/2427/7453 1796/2426/7452 1795/2425/7451
f 1798/2428/7454 1796/2426/7452 1797/2427/7453
f 1799/2429/7455 1796/2426/7452 1798/2428/7454
f 1800/2430/7456 1791/2419/7447 1796/2424/7452
f 1800/2431/7456 1796/2426/7452 1799/2429/7455
f 1800/2430/7456 1794/2422/7450 1791/2419/7447
f 1801/2432/7457 1794/2422/7450 1800/2430/7456
f 1802/2433/7458 1792/2420/7448 1794/2422/7450
f 1802/2433/7458 1794/2422/7450 1801/2432/7457
f 1803/2434/7459 1792/2420/7448 1802/2433/7458
f 1804/2435/7460 1792/2420/7448 1803/2434/7459
f 1804/2438/7460 1803/2437/7459 1805/2436/7461
f 1805/2436/7461 1803/2437/7459 1806/2439/7462
f 1802/2442/7458 1806/2441/7462 1803/2440/7459
f 1807/2443/7463 1806/2441/7462 1802/2442/7458
f 1801/2445/7457 1808/2444/7464 1802/2442/7458
f 1808/2444/7464 1807/2443/7463 1802/2442/7458
f 1800/2447/7456 1809/2446/7465 1801/2445/7457
f 1809/2446/7465 1808/2444/7464 1801/2445/7457
f 1810/2448/7466 1809/2446/7465 1800/2447/7456
f 1799/2450/7455 1811/2449/7467 1800/2447/7456
f 1811/2449/7467 1810/2448/7466 1800/2447/7456
f 1798/2452/7454 1812/2451/7468 1799/2450/7455
f 1812/2451/7468 1811/2449/7467 1799/2450/7455
f 1812/2451/7468 1798/2452/7454 1813/2453/7469
f 1797/2427/7453 1795/2425/7451 929/1279/6585
f 1814/2454/7470 1798/2428/7454 1797/2427/7453
f 1813/2453/7469 1798/2452/7454 1814/2455/7470
f 1813/2457/7469 895/1238/6551 1812/2456/7468
f 1814/2455/7470 1815/2458/7471 1813/2453/7469
f 1815/2459/7471 895/1238/6551 1813/2457/7469
f 1811/2461/7467 1812/2456/7468 1816/2460/7472
f 1816/2460/7472 1812/2456/7468 895/1238/6551
f 1817/2463/7473 1810/2462/7466 1811/2461/7467
f 1816/2460/7472 1817/2463/7473 1811/2461/7467
f 1818/2464/7474 1810/2462/7466 1817/2463/7473
f 1809/2465/7465 1810/2462/7466 1818/2464/7474
f 1819/2466/7475 1809/2465/7465 1818/2464/7474
f 1808/2467/7464 1809/2465/7465 1819/2466/7475
f 1807/2468/7463 1808/2467/7464 1819/2466/7475
f 1820/2469/7476 1807/2468/7463 1819/2466/7475
f 1807/2471/7463 1820/2470/7476 1806/2439/7462
f 1806/2439/7462 1821/2472/7477 1805/2436/7461
f 1821/2472/7477 1806/2439/7462 1820/2470/7476
f 1818/2464/7474 1817/2463/7473 1822/2473/7478
f 1817/2463/7473 1816/2460/7472 1822/2473/7478
f 1814/2454/7470 1797/2427/7453 930/1280/6586
f 930/2474/6586 1815/2458/7471 1814/2455/7470
f 930/1280/6586 1797/2427/7453 929/1279/6585
f 929/1279/6585 1823/2475/7479 940/1298/6596
f 929/1279/6585 1795/2425/7451 1823/2475/7479
f 1823/2475/7479 1789/2477/7445 1824/2476/7480
f 1795/2425/7451 1789/2477/7445 1823/2475/7479
f 1789/2477/7445 1825/2478/7481 1824/2476/7480
f 1823/2475/7479 1824/2476/7480 1826/2479/7482
f 1824/2476/7480 1828/2481/7484 1827/2480/7483
f 1824/2476/7480 1827/2480/7483 1826/2479/7482
f 1825/2478/7481 1828/2481/7484 1824/2476/7480
f 1825/2478/7481 1829/2482/7485 1828/2481/7484
f 1825/2478/7481 1830/2483/7486 1829/2482/7485
f 1825/2478/7481 1831/2484/7487 1830/2483/7486
f 1788/2415/7444 1831/2484/7487 1825/2478/7481
f 1789/2477/7445 1788/2415/7444 1825/2478/7481
f 1787/2413/7443 1831/2484/7487 1788/2415/7444
f 1833/2487/7489 1831/2486/7487 1832/2485/7488
f 1830/2488/7486 1831/2486/7487 1833/2487/7489
f 1834/2489/7490 1830/2488/7486 1833/2487/7489
f 1829/2490/7485 1830/2488/7486 1834/2489/7490
f 1835/2491/7491 1829/2490/7485 1834/2489/7490
f 1828/2492/7484 1829/2490/7485 1835/2491/7491
f 1836/2493/7492 1828/2492/7484 1835/2491/7491
f 1827/2494/7483 1828/2492/7484 1836/2493/7492
f 1837/2495/7493 1827/2494/7483 1836/2493/7492
f 1838/2496/7494 1827/2494/7483 1837/2495/7493
f 1826/2479/7482 1827/2480/7483 1838/2497/7494
f 1823/2475/7479 1826/2479/7482 1839/2498/7495
f 1823/2475/7479 1839/2498/7495 940/1298/6596
f 1826/2479/7482 1838/2497/7494 1839/2498/7495
f 1841/2500/7497 1840/2499/7496 1837/2495/7493
f 1836/2493/7492 1841/2500/7497 1837/2495/7493
f 1842/2501/7498 1841/2500/7497 1836/2493/7492
f 1835/2491/7491 1842/2501/7498 1836/2493/7492
f 1843/2502/7499 1842/2501/7498 1835/2491/7491
f 1834/2489/7490 1843/2502/7499 1835/2491/7491
f 1844/2503/7500 1843/2502/7499 1834/2489/7490
f 1833/2487/7489 1844/2503/7500 1834/2489/7490
f 1845/2504/7501 1844/2503/7500 1833/2487/7489
f 1832/2485/7488 1845/2504/7501 1833/2487/7489
f 1778/2399/7434 1845/2504/7501 1832/2485/7488
f 1785/2409/7441 1778/2399/7434 1832/2485/7488
f 1832/2485/7488 1831/2486/7487 1785/2409/7441
f 1831/2505/7487 1786/2410/7442 1785/2411/7441
f 1787/2412/7443 1786/2410/7442 1831/2505/7487
f 1837/2495/7493 1840/2499/7496 1846/2506/7502
f 1846/2506/7502 1838/2496/7494 1837/2495/7493
f 1847/2507/7503 1840/2499/7496 1841/2500/7497
f 1842/2501/7498 1848/2508/7504 1841/2500/7497
f 1849/2509/7505 1848/2508/7504 1842/2501/7498
f 1843/2502/7499 1849/2509/7505 1842/2501/7498
f 1850/2510/7506 1849/2509/7505 1843/2502/7499
f 1844/2503/7500 1850/2510/7506 1843/2502/7499
f 1851/2511/7507 1850/2510/7506 1844/2503/7500
f 1845/2504/7501 1851/2511/7507 1844/2503/7500
f 1852/2512/7508 1851/2511/7507 1845/2504/7501
f 1851/2511/7507 1853/2513/7509 1850/2510/7506
f 1854/2514/7510 1840/2499/7496 1847/2507/7503
f 1840/2499/7496 1854/2514/7510 1846/2506/7502
f 1847/2507/7503 1856/2516/7512 1855/2515/7511
f 1855/2515/7511 1854/2514/7510 1847/2507/7503
f 1847/2507/7503 1857/2517/7513 1856/2516/7512
f 1841/2500/7497 1857/2517/7513 1847/2507/7503
f 1841/2500/7497 1848/2508/7504 1857/2517/7513
f 1858/2518/7514 1853/2513/7509 1851/2511/7507
f 1852/2512/7508 1858/2518/7514 1851/2511/7507
f 1858/2518/7514 1859/2519/7515 1853/2513/7509
f 1850/2510/7506 1860/2520/7516 1849/2509/7505
f 1849/2509/7505 1860/2520/7516 1848/2508/7504
f 1860/2520/7516 1861/2521/7517 1848/2508/7504
f 1848/2508/7504 1862/2522/7518 1857/2517/7513
f 1862/2522/7518 1863/2523/7519 1857/2517/7513
f 1857/2517/7513 1863/2523/7519 1856/2516/7512
f 1856/2516/7512 1864/2524/7520 1855/2515/7511
f 1863/2523/7519 1865/2525/7521 1856/2516/7512
f 1856/2516/7512 1865/2525/7521 1864/2524/7520
f 1848/2508/7504 1861/2521/7517 1862/2522/7518
f 1867/2527/7523 1866/2526/7522 1861/2521/7517
f 1860/2520/7516 1867/2527/7523 1861/2521/7517
f 1868/2528/7524 1867/2527/7523 1860/2520/7516
f 1850/2510/7506 1868/2528/7524 1860/2520/7516
f 1859/2519/7515 1868/2528/7524 1850/2510/7506
f 1853/2513/7509 1859/2519/7515 1850/2510/7506
f 1868/2528/7524 1869/2529/7525 1867/2527/7523
f 1861/2521/7517 1866/2526/7522 1862/2522/7518
f 1867/2527/7523 1870/2530/7526 1866/2526/7522
f 1869/2529/7525 1871/2531/7527 1867/2527/7523
f 1867/2527/7523 1871/2531/7527 1870/2530/7526
f 1871/2531/7527 1872/2532/7528 1870/2530/7526
f 1866/2526/7522 1870/2530/7526 1873/2533/7529
f 1866/2526/7522 1873/2533/7529 1862/2522/7518
f 1862/2522/7518 1873/2533/7529 1863/2523/7519
f 1873/2533/7529 1874/2534/7530 1863/2523/7519
f 1863/2523/7519 1874/2534/7530 1865/2525/7521
f 1865/2525/7521 1874/2534/7530 1875/2535/7531
f 1865/2525/7521 1875/2535/7531 1864/2524/7520
f 1873/2533/7529 1876/2536/7532 1874/2534/7530
f 1870/2530/7526 1876/2536/7532 1873/2533/7529
f 1870/2530/7526 1872/2532/7528 1876/2536/7532
f 1356/1865/7012 1345/1854/7001 1872/2532/7528
f 1871/2531/7527 1356/1865/7012 1872/2532/7528
f 1357/1866/7013 1356/1865/7012 1871/2531/7527
f 1869/2529/7525 1357/1866/7013 1871/2531/7527
f 1362/1871/7018 1357/1866/7013 1869/2529/7525
f 1384/1893/7040 1362/1871/7018 1869/2529/7525
f 1385/1894/7041 1384/1893/7040 1877/2537/7533
f 1877/2537/7533 1384/1893/7040 1869/2529/7525
f 1877/2537/7533 1869/2529/7525 1868/2528/7524
f 1878/2538/7534 1385/1894/7041 1877/2537/7533
f 1878/2538/7534 1877/2537/7533 1879/2539/7535
f 1879/2539/7535 1877/2537/7533 1868/2528/7524
f 1878/2538/7534 1879/2539/7535 1880/2540/7536
f 1879/2539/7535 1868/2528/7524 1881/2541/7537
f 1880/2540/7536 1879/2539/7535 1881/2541/7537
f 1881/2541/7537 1868/2528/7524 1859/2519/7515
f 1880/2540/7536 1881/2541/7537 1882/2542/7538
f 1882/2542/7538 1881/2541/7537 1859/2519/7515
f 1735/2343/7391 1878/2538/7534 1880/2540/7536
f 1735/2343/7391 1880/2540/7536 1739/2347/7395
f 1739/2347/7395 1880/2540/7536 1882/2542/7538
f 1735/2343/7391 1733/2341/7389 1878/2538/7534
f 1733/2341/7389 1385/1894/7041 1878/2538/7534
f 1739/2347/7395 1882/2542/7538 1749/2357/7405
f 1882/2542/7538 1859/2519/7515 1858/2518/7514
f 1749/2357/7405 1882/2542/7538 1858/2518/7514
f 1749/2357/7405 1858/2518/7514 1852/2512/7508
f 1749/2357/7405 1852/2512/7508 1759/2367/7415
f 1759/2367/7415 1852/2512/7508 1845/2504/7501
f 1776/2397/7432 1759/2367/7415 1845/2504/7501
f 1776/2397/7432 1845/2504/7501 1778/2399/7434
f 1876/2536/7532 1872/2532/7528 1883/2543/7539
f 1872/2532/7528 1345/1854/7001 1883/2543/7539
f 1876/2536/7532 1883/2543/7539 1884/2544/7540
f 1876/2536/7532 1884/2544/7540 1874/2534/7530
f 1345/1854/7001 1343/1852/6999 1883/2543/7539
f 1883/2543/7539 1343/1852/6999 1885/2545/7541
f 1883/2543/7539 1885/2545/7541 1884/2544/7540
f 1884/2544/7540 1885/2545/7541 1886/2546/7542
f 1884/2544/7540 1886/2546/7542 1874/2534/7530
f 1874/2534/7530 1886/2546/7542 1875/2535/7531
f 1885/2545/7541 1339/1848/6995 1886/2546/7542
f 1886/2546/7542 1339/1848/6995 1887/2547/7543
f 1886/2546/7542 1887/2547/7543 1875/2535/7531
f 1343/1852/6999 1339/1848/6995 1885/2545/7541
f 1339/1848/6995 1334/1843/6990 1887/2547/7543
f 1875/2535/7531 1887/2547/7543 1888/2548/7544
f 1875/2535/7531 1888/2548/7544 1889/2549/7545
f 1334/1843/6990 1335/1844/6991 1887/2547/7543
f 1887/2547/7543 1335/1844/6991 1890/2550/7546
f 1887/2547/7543 1890/2550/7546 1888/2548/7544
f 1335/1844/6991 1330/1839/6986 1890/2550/7546
f 1890/2550/7546 1330/1839/6986 1891/2551/7547
f 1890/2550/7546 1891/2551/7547 1888/2548/7544
f 1889/2549/7545 1888/2548/7544 1892/2552/7548
f 1864/2524/7520 1875/2535/7531 1889/2549/7545
f 1888/2548/7544 1891/2551/7547 1892/2552/7548
f 1335/1844/6991 1324/1833/6980 1330/1839/6986
f 1330/1839/6986 1323/1832/6979 1891/2551/7547
f 1891/2551/7547 1323/1832/6979 1893/2553/7549
f 1891/2551/7547 1893/2553/7549 1894/2554/7550
f 1892/2552/7548 1891/2551/7547 1894/2554/7550
f 1895/2555/7551 1892/2552/7548 1894/2554/7550
f 1889/2549/7545 1892/2552/7548 1896/2556/7552
f 1896/2556/7552 1892/2552/7548 1895/2555/7551
f 1895/2559/7551 1894/2558/7550 1897/2557/7553
f 1893/2561/7549 1898/2560/7554 1894/2558/7550
f 1323/1832/6979 1316/1831/6972 1893/2553/7549
f 1893/2561/7549 1316/1821/6972 1898/2560/7554
f 1898/2564/7554 1316/2563/6972 1899/2562/7555
f 1898/2564/7554 1899/2562/7555 1900/2565/7556
f 1894/2558/7550 1898/2560/7554 1900/2566/7556
f 1897/2557/7553 1894/2558/7550 1900/2566/7556
f 1897/2557/7553 1900/2566/7556 1901/2567/7557
f 1895/2559/7551 1897/2557/7553 1902/2568/7558
f 1902/2568/7558 1897/2557/7553 1901/2567/7557
f 1896/2556/7552 1895/2555/7551 1903/2569/7559
f 1895/2559/7551 1902/2568/7558 1904/2570/7560
f 1903/2571/7559 1895/2559/7551 1904/2570/7560
f 1902/2568/7558 1901/2567/7557 1905/2572/7561
f 1904/2570/7560 1902/2568/7558 1905/2572/7561
f 1901/2567/7557 1907/2574/7563 1906/2573/7562
f 1905/2572/7561 1901/2567/7557 1906/2573/7562
f 1901/2567/7557 1900/2566/7556 1908/2575/7564
f 1901/2567/7557 1908/2575/7564 1907/2574/7563
f 1900/2566/7556 1909/2576/7565 1908/2575/7564
f 1900/2566/7556 1899/2577/7555 1909/2576/7565
f 1907/2574/7563 1911/2579/7567 1910/2578/7566
f 1906/2573/7562 1907/2574/7563 1910/2578/7566
f 1905/2572/7561 1906/2573/7562 1912/2580/7568
f 1906/2573/7562 1910/2578/7566 1913/2581/7569
f 1912/2580/7568 1906/2573/7562 1913/2581/7569
f 1904/2570/7560 1905/2572/7561 1914/2582/7570
f 1914/2582/7570 1905/2572/7561 1912/2580/7568
f 1903/2571/7559 1904/2570/7560 1915/2583/7571
f 1915/2583/7571 1904/2570/7560 1914/2582/7570
f 1896/2556/7552 1903/2569/7559 1916/2584/7572
f 1916/2585/7572 1903/2571/7559 1915/2583/7571
f 1915/2583/7571 1917/2586/7573 1916/2585/7572
f 1914/2582/7570 1918/2587/7574 1915/2583/7571
f 1918/2587/7574 1917/2586/7573 1915/2583/7571
f 1912/2580/7568 1919/2588/7575 1914/2582/7570
f 1919/2588/7575 1918/2587/7574 1914/2582/7570
f 1913/2581/7569 1920/2589/7576 1912/2580/7568
f 1920/2589/7576 1919/2588/7575 1912/2580/7568
f 1913/2581/7569 1910/2578/7566 1921/2590/7577
f 1921/2590/7577 1922/2591/7578 1913/2581/7569
f 1922/2591/7578 1920/2589/7576 1913/2581/7569
f 1910/2578/7566 1923/2592/7579 1921/2590/7577
f 1910/2578/7566 1911/2579/7567 1924/2593/7580
f 1910/2578/7566 1924/2593/7580 1923/2592/7579
f 1907/2574/7563 1908/2575/7564 1925/2594/7581
f 1907/2574/7563 1925/2594/7581 1926/2595/7582
f 1911/2579/7567 1907/2574/7563 1926/2595/7582
f 1911/2579/7567 1926/2595/7582 1927/2596/7583
f 1924/2593/7580 1911/2579/7567 1927/2596/7583
f 1924/2593/7580 1927/2596/7583 1928/2597/7584
f 1923/2592/7579 1924/2593/7580 1928/2597/7584
f 1923/2592/7579 1928/2597/7584 1929/2598/7585
f 1921/2590/7577 1923/2592/7579 1929/2598/7585
f 1929/2598/7585 1930/2599/7586 1921/2590/7577
f 1930/2599/7586 1922/2591/7578 1921/2590/7577
f 966/1333/6622 1920/2601/7576 1922/2600/7578
f 1931/2603/7587 1922/2600/7578 1930/2602/7586
f 966/1333/6622 1922/2600/7578 1931/2603/7587
f 1932/2606/7588 1919/2605/7575 1920/2604/7576
f 1932/2607/7588 1920/2601/7576 966/1333/6622
f 1933/2608/7589 1918/2587/7574 1919/2588/7575
f 1933/2609/7589 1919/2605/7575 1932/2606/7588
f 1933/2608/7589 1917/2586/7573 1918/2587/7574
f 966/1333/6622 1933/2610/7589 1932/2607/7588
f 968/1335/6624 966/1333/6622 1931/2603/7587
f 1927/2596/7583 1934/2611/7590 1928/2597/7584
f 1931/2603/7587 1930/2602/7586 1935/2612/7591
f 994/1371/6650 1931/2603/7587 1935/2612/7591
f 968/1335/6624 1931/2603/7587 994/1371/6650
f 1930/2602/7586 1936/2613/7592 1935/2612/7591
f 994/1371/6650 1935/2612/7591 1936/2613/7592
f 1930/2599/7586 1929/2598/7585 1937/2614/7593
f 1937/2617/7593 1936/2616/7592 1930/2615/7586
f 1938/2618/7594 1929/2598/7585 1928/2597/7584
f 1938/2618/7594 1937/2614/7593 1929/2598/7585
f 1927/2596/7583 1926/2595/7582 1939/2619/7595
f 1927/2596/7583 1939/2619/7595 1934/2611/7590
f 1938/2618/7594 1928/2597/7584 1940/2620/7596
f 1937/2614/7593 1938/2618/7594 1941/2621/7597
f 1940/2620/7596 1941/2621/7597 1938/2618/7594
f 1937/2617/7593 1941/2622/7597 1936/2616/7592
f 1942/2623/7598 1936/2616/7592 1941/2622/7597
f 994/1371/6650 1936/2613/7592 1942/2624/7598
f 1926/2595/7582 1943/2625/7599 1939/2619/7595
f 1940/2620/7596 1928/2597/7584 1934/2611/7590
f 1940/2620/7596 1934/2611/7590 1944/2626/7600
f 1941/2621/7597 1940/2620/7596 1944/2626/7600
f 1944/2626/7600 1945/2627/7601 1941/2621/7597
f 1945/2628/7601 1942/2623/7598 1941/2622/7597
f 1944/2626/7600 1934/2611/7590 1946/2629/7602
f 1946/2629/7602 1947/2630/7603 1944/2626/7600
f 1947/2630/7603 1945/2627/7601 1944/2626/7600
f 1934/2611/7590 1948/2631/7604 1946/2629/7602
f 1934/2611/7590 1949/2632/7605 1948/2631/7604
f 1934/2611/7590 1939/2619/7595 1949/2632/7605
f 1939/2619/7595 1943/2625/7599 1949/2632/7605
f 1925/2594/7581 1950/2633/7606 1926/2595/7582
f 1925/2594/7581 1293/1786/6949 1950/2633/7606
f 1951/2634/7607 1293/1786/6949 1925/2594/7581
f 1943/2625/7599 1953/2636/7609 1952/2635/7608
f 1952/2635/7608 1953/2636/7609 1954/2637/7610
f 1943/2625/7599 1952/2635/7608 1954/2637/7610
f 1949/2632/7605 1943/2625/7599 1954/2637/7610
f 1949/2632/7605 1954/2637/7610 1955/2638/7611
f 1948/2631/7604 1949/2632/7605 1955/2638/7611
f 1955/2638/7611 1946/2629/7602 1948/2631/7604
f 1957/2640/7613 1955/2638/7611 1956/2639/7612
f 1957/2640/7613 1946/2629/7602 1955/2638/7611
f 1956/2639/7612 1955/2638/7611 1958/2641/7614
f 1955/2638/7611 1954/2637/7610 1958/2641/7614
f 1958/2641/7614 1954/2637/7610 1959/2642/7615
f 1959/2642/7615 1954/2637/7610 1960/2643/7616
f 1954/2637/7610 1953/2636/7609 1960/2643/7616
f 1953/2636/7609 1961/2644/7617 1960/2643/7616
f 1926/2595/7582 1950/2633/7606 1943/2625/7599
f 1293/1786/6949 1281/1774/6937 1950/2633/7606
f 1950/2633/7606 1281/1774/6937 1943/2625/7599
f 1960/2643/7616 1961/2644/7617 1962/2645/7618
f 1962/2645/7618 1963/2646/7619 1960/2643/7616
f 1963/2646/7619 1964/2647/7620 1960/2643/7616
f 1960/2643/7616 1964/2647/7620 1959/2642/7615
f 1964/2647/7620 1965/2648/7621 1959/2642/7615
f 1959/2642/7615 1965/2648/7621 1958/2641/7614
f 1965/2648/7621 1966/2649/7622 1958/2641/7614
f 1958/2641/7614 1966/2649/7622 1956/2639/7612
f 1966/2649/7622 1965/2648/7621 1967/2650/7623
f 1967/2650/7623 1965/2648/7621 1968/2651/7624
f 1965/2648/7621 1964/2647/7620 1968/2651/7624
f 1968/2651/7624 1964/2647/7620 1969/2652/7625
f 1964/2647/7620 1963/2646/7619 1969/2652/7625
f 1969/2652/7625 1963/2646/7619 1970/2653/7626
f 1971/2654/7627 1963/2646/7619 1962/2645/7618
f 1970/2653/7626 1963/2646/7619 1972/2655/7628
f 1963/2658/7619 1971/2657/7627 1972/2656/7628
f 1281/1774/6937 1973/2659/7629 1943/2625/7599
f 1943/2625/7599 1973/2659/7629 1953/2636/7609
f 1281/1774/6937 1270/1758/6926 1973/2659/7629
f 1270/1758/6926 1280/1773/6936 1974/2660/7630
f 1270/1758/6926 1974/2660/7630 1973/2659/7629
f 1973/2659/7629 1974/2660/7630 1975/2661/7631
f 1973/2659/7629 1975/2661/7631 1953/2636/7609
f 1953/2636/7609 1975/2661/7631 1961/2644/7617
f 1962/2645/7618 1961/2644/7617 1976/2662/7632
f 1976/2662/7632 1977/2663/7633 1962/2645/7618
f 1977/2663/7633 1971/2654/7627 1962/2645/7618
f 1972/2655/7628 1971/2654/7627 1977/2663/7633
f 1977/2663/7633 1978/2664/7634 1972/2655/7628
f 1978/2664/7634 1979/2665/7635 1972/2655/7628
f 1972/2655/7628 1979/2665/7635 1970/2653/7626
f 1979/2665/7635 1980/2666/7636 1970/2653/7626
f 1970/2653/7626 1980/2666/7636 1969/2652/7625
f 1980/2666/7636 1981/2667/7637 1969/2652/7625
f 1969/2652/7625 1981/2667/7637 1968/2651/7624
f 1981/2667/7637 1065/2668/6721 1968/2651/7624
f 1968/2651/7624 1065/2668/6721 1967/2650/7623
f 1065/2668/6721 1063/1476/6719 1967/2650/7623
f 1065/1479/6721 1981/2669/7637 1064/1478/6720
f 1981/2669/7637 1980/2671/7636 1982/2670/7638
f 1981/2669/7637 1982/2670/7638 1064/1478/6720
f 1980/2666/7636 1979/2665/7635 1983/2672/7639
f 1980/2671/7636 1983/2673/7639 1982/2670/7638
f 1979/2665/7635 1978/2664/7634 1983/2672/7639
f 1978/2664/7634 1984/2674/7640 1983/2672/7639
f 1985/2675/7641 1977/2663/7633 1976/2662/7632
f 1976/2662/7632 1961/2644/7617 1986/2676/7642
f 1986/2676/7642 1985/2675/7641 1976/2662/7632
f 1975/2661/7631 1987/2677/7643 1961/2644/7617
f 1961/2644/7617 1987/2677/7643 1986/2676/7642
f 1974/2660/7630 1988/2678/7644 1975/2661/7631
f 1975/2661/7631 1988/2678/7644 1987/2677/7643
f 1986/2676/7642 1987/2677/7643 1989/2679/7645
f 1987/2677/7643 1988/2678/7644 1989/2679/7645
f 1989/2679/7645 1990/2680/7646 1986/2676/7642
f 1990/2680/7646 1985/2675/7641 1986/2676/7642
f 1985/2675/7641 1991/2681/7647 1977/2663/7633
f 1991/2681/7647 1978/2664/7634 1977/2663/7633
f 1978/2664/7634 1991/2681/7647 1992/2682/7648
f 1978/2664/7634 1992/2682/7648 1984/2674/7640
f 1984/2684/7640 1992/2683/7648 1096/1518/6752
f 1984/2684/7640 1096/1518/6752 1088/1508/6744
f 1983/2673/7639 1984/2684/7640 1088/1508/6744
f 1983/2673/7639 1088/1508/6744 1087/1507/6743
f 1982/2670/7638 1983/2673/7639 1087/1507/6743
f 1982/2670/7638 1087/1507/6743 1077/1495/6733
f 1064/1478/6720 1982/2670/7638 1077/1495/6733
f 1991/2681/7647 1993/2685/7649 1992/2682/7648
f 1992/2683/7648 1993/2686/7649 1096/1518/6752
f 1280/1773/6936 1249/1732/6905 1974/2660/7630
f 1974/2660/7630 1249/1732/6905 1988/2678/7644
f 1280/1773/6936 1250/1733/6906 1249/1732/6905
f 1994/2687/7650 1991/2681/7647 1985/2675/7641
f 1991/2681/7647 1994/2687/7650 1995/2688/7651
f 1991/2681/7647 1995/2688/7651 1993/2685/7649
f 1993/2686/7649 1995/2689/7651 1098/1521/6754
f 1993/2686/7649 1098/1521/6754 1096/1518/6752
f 1990/2680/7646 1994/2687/7650 1985/2675/7641
f 1988/2678/7644 1249/1732/6905 1989/2679/7645
f 1989/2679/7645 1249/1732/6905 1996/2690/7652
f 1996/2690/7652 1997/2691/7653 1989/2679/7645
f 1997/2691/7653 1990/2680/7646 1989/2679/7645
f 1994/2687/7650 1998/2692/7654 1995/2688/7651
f 1995/2688/7651 1998/2692/7654 1102/2693/6758
f 1995/2689/7651 1102/1528/6758 1098/1521/6754
f 1997/2691/7653 1994/2687/7650 1990/2680/7646
f 1994/2687/7650 1999/2694/7655 1998/2692/7654
f 1998/2692/7654 1999/2694/7655 1102/2693/6758
f 2000/2695/7656 1997/2691/7653 1996/2690/7652
f 1996/2690/7652 1249/1732/6905 1235/1712/6891
f 1235/1712/6891 2000/2695/7656 1996/2690/7652
f 1249/1732/6905 1241/1719/6897 1235/1712/6891
f 1997/2691/7653 2000/2695/7656 2001/2696/7657
f 2001/2696/7657 2002/2697/7658 1997/2691/7653
f 2002/2697/7658 1994/2687/7650 1997/2691/7653
f 1994/2687/7650 2002/2697/7658 1999/2694/7655
f 2002/2697/7658 2003/2698/7659 1999/2694/7655
f 1999/2694/7655 2003/2698/7659 1121/2699/6777
f 1999/2694/7655 1121/2699/6777 1102/2693/6758
f 2004/2700/7660 2002/2697/7658 2001/2696/7657
f 2002/2697/7658 2004/2700/7660 2003/2698/7659
f 2005/2701/7661 2000/2695/7656 1235/1712/6891
f 2000/2695/7656 2005/2701/7661 2001/2696/7657
f 1232/1709/6888 2005/2701/7661 1235/1712/6891
f 1233/1710/6889 2005/2701/7661 1232/1709/6888
f 2001/2696/7657 2005/2701/7661 2006/2702/7662
f 2005/2701/7661 1233/1710/6889 2006/2702/7662
f 2006/2702/7662 2004/2700/7660 2001/2696/7657
f 2004/2700/7660 2007/2703/7663 2003/2698/7659
f 2003/2698/7659 2007/2703/7663 1121/2699/6777
f 2004/2700/7660 2008/2704/7664 2007/2703/7663
f 2007/2703/7663 2008/2704/7664 1128/1606/6784
f 2007/2703/7663 1128/1606/6784 1121/2699/6777
f 1158/1608/6814 2004/2700/7660 2006/2702/7662
f 2004/2700/7660 1158/1608/6814 2008/2704/7664
f 1233/1710/6889 1158/1608/6814 2006/2702/7662
f 1233/1710/6889 1213/1685/6869 1197/1660/6853
f 1197/1660/6853 1158/1608/6814 1233/1710/6889
f 1158/1608/6814 1156/1605/6812 2008/2704/7664
f 2008/2704/7664 1156/1605/6812 1128/1606/6784
f 1157/1607/6813 1158/1608/6814 1197/1660/6853
f 1063/1476/6719 1050/1459/6706 1967/2650/7623
f 1967/2650/7623 1050/1459/6706 2009/2705/7665
f 2010/2706/7666 1967/2650/7623 2009/2705/7665
f 2009/2705/7665 2011/2707/7667 2010/2706/7666
f 2011/2707/7667 2009/2705/7665 1050/1459/6706
f 1967/2650/7623 2010/2706/7666 1956/2639/7612
f 1967/2650/7623 1956/2639/7612 1966/2649/7622
f 2010/2706/7666 1957/2640/7613 1956/2639/7612
f 2012/2708/7668 1957/2640/7613 2010/2706/7666
f 2010/2706/7666 2011/2707/7667 2012/2708/7668
f 2012/2708/7668 2011/2707/7667 1031/2709/6687
f 1050/1459/6706 1032/1431/6688 2011/2707/7667
f 1032/1431/6688 1031/2709/6687 2011/2707/7667
f 2012/2708/7668 1031/2709/6687 2013/2710/7669
f 1947/2630/7603 2013/2710/7669 2014/2711/7670
f 2012/2708/7668 2013/2710/7669 1947/2630/7603
f 1011/1393/6667 2014/2713/7670 2013/2712/7669
f 2013/2712/7669 1031/1425/6687 1011/1393/6667
f 1957/2640/7613 2012/2708/7668 1946/2629/7602
f 1947/2630/7603 1946/2629/7602 2012/2708/7668
f 2014/2711/7670 1945/2627/7601 1947/2630/7603
f 994/1371/6650 1945/2714/7601 2014/2713/7670
f 994/1371/6650 2014/2713/7670 1011/1393/6667
f 994/1371/6650 1942/2624/7598 1945/2714/7601
f 1311/1811/6967 1300/1793/6956 1951/2634/7607
f 1951/2634/7607 1300/1793/6956 1293/1786/6949
f 1899/2577/7555 1301/1794/6957 1311/1811/6967
f 1312/1812/6968 1301/1794/6957 1899/2577/7555
f 1899/2577/7555 1311/1811/6967 1908/2575/7564
f 1311/1811/6967 1951/2634/7607 1925/2594/7581
f 1908/2575/7564 1311/1811/6967 1925/2594/7581
f 1909/2576/7565 1899/2577/7555 1908/2575/7564
f 1316/1821/6972 1312/1812/6968 1899/2577/7555
f 1933/2608/7589 2015/2715/7671 1917/2586/7573
f 2016/2717/7672 2015/2716/7671 1933/2610/7589
f 966/1333/6622 2016/2717/7672 1933/2610/7589
f 947/1306/6603 2016/2717/7672 966/1333/6622
f 2016/2717/7672 2017/2718/7673 2015/2716/7671
f 2018/2719/7674 2017/2718/7673 2016/2717/7672
f 1916/2585/7572 2015/2715/7671 2019/2720/7675
f 2015/2715/7671 2017/2721/7673 2019/2720/7675
f 1917/2586/7573 2015/2715/7671 1916/2585/7572
f 2019/2724/7675 2017/2723/7673 2020/2722/7676
f 2017/2723/7673 2021/2725/7677 2020/2722/7676
f 2018/2719/7674 2021/2726/7677 2017/2718/7673
f 947/1306/6603 2018/2719/7674 2016/2717/7672
f 2018/2719/7674 2022/2727/7678 2021/2726/7677
f 1839/2498/7495 2022/2727/7678 2018/2719/7674
f 2020/2722/7676 2021/2725/7677 2023/2728/7679
f 2021/2725/7677 2022/2729/7678 2023/2728/7679
f 2025/2731/7681 2024/2730/7680 2020/2722/7676
f 2023/2728/7679 2025/2731/7681 2020/2722/7676
f 2020/2722/7676 2024/2730/7680 2019/2724/7675
f 2024/2730/7680 1896/2556/7552 2019/2724/7675
f 2019/2724/7675 1896/2556/7552 1916/2584/7572
f 1889/2549/7545 1896/2556/7552 2024/2730/7680
f 2025/2731/7681 1889/2549/7545 2024/2730/7680
f 1864/2524/7520 1889/2549/7545 2025/2731/7681
f 1855/2515/7511 1864/2524/7520 2025/2731/7681
f 1855/2515/7511 2025/2731/7681 2023/2728/7679
f 2026/2732/7682 1855/2515/7511 2023/2728/7679
f 2023/2728/7679 2022/2729/7678 2026/2732/7682
f 2022/2729/7678 2027/2733/7683 2026/2732/7682
f 1839/2498/7495 2027/2734/7683 2022/2727/7678
f 940/1298/6596 1839/2498/7495 2018/2719/7674
f 947/1306/6603 940/1298/6596 2018/2719/7674
f 1838/2497/7494 2027/2734/7683 1839/2498/7495
f 2027/2733/7683 2028/2735/7684 2026/2732/7682
f 2029/2736/7685 2027/2733/7683 1838/2496/7494
f 2029/2736/7685 2028/2735/7684 2027/2733/7683
f 2028/2735/7684 1855/2515/7511 2026/2732/7682
f 2028/2735/7684 1854/2514/7510 1855/2515/7511
f 2029/2736/7685 1854/2514/7510 2028/2735/7684
f 1846/2506/7502 1854/2514/7510 2029/2736/7685
f 2029/2736/7685 1838/2496/7494 1846/2506/7502
f 916/2737/6572 1815/2458/7471 930/2474/6586
f 908/1251/6564 1815/2459/7471 916/1259/6572
f 895/1238/6551 1815/2459/7471 908/1251/6564
f 894/1237/6550 1816/2460/7472 895/1238/6551
f 894/2740/6550 889/2739/6545 2030/2738/7686
f 1816/2460/7472 894/1237/6550 1822/2473/7478
f 1822/2741/7478 894/2740/6550 2030/2738/7686
f 889/1232/6545 886/1229/6542 2031/2742/7687
f 2030/2738/7686 889/2739/6545 2031/2743/7687
f 2032/2746/7688 2030/2745/7686 2031/2744/7687
f 2032/2747/7688 1822/2741/7478 2030/2738/7686
f 1818/2464/7474 1822/2473/7478 2032/2748/7688
f 1818/2464/7474 2032/2748/7688 2033/2749/7689
f 2031/2744/7687 887/2751/6543 2034/2750/7690
f 2032/2746/7688 2031/2744/7687 2034/2750/7690
f 2031/2742/7687 886/1229/6542 887/1230/6543
f 887/2751/6543 878/1215/6534 866/1201/6522
f 2034/2750/7690 887/2751/6543 866/1201/6522
f 866/1201/6522 2035/2752/7691 2034/2750/7690
f 2035/2752/7691 2036/2753/7692 2034/2750/7690
f 2034/2750/7690 2036/2753/7692 2032/2746/7688
f 2036/2753/7692 2033/2754/7689 2032/2746/7688
f 1819/2466/7475 1818/2464/7474 2033/2749/7689
f 1820/2469/7476 1819/2466/7475 2033/2749/7689
f 2037/2755/7693 2036/2753/7692 2035/2752/7691
f 2037/2755/7693 2035/2752/7691 2038/2756/7694
f 2038/2756/7694 2035/2752/7691 866/1201/6522
f 2039/2757/7695 2037/2755/7693 2038/2756/7694
f 2036/2753/7692 1820/2470/7476 2033/2754/7689
f 1821/2472/7477 1820/2470/7476 2036/2753/7692
f 2041/2759/7697 2036/2753/7692 2040/2758/7696
f 2041/2759/7697 1821/2472/7477 2036/2753/7692
f 2040/2758/7696 2036/2753/7692 2037/2755/7693
f 2042/2760/7698 2038/2756/7694 862/1197/6518
f 2039/2757/7695 2038/2756/7694 2042/2760/7698
f 2038/2756/7694 866/1201/6522 862/1197/6518
f 2043/2761/7699 2039/2757/7695 2042/2760/7698
f 2044/2762/7700 1821/2472/7477 2041/2759/7697
f 2045/2763/7701 2041/2759/7697 2040/2758/7696
f 2043/2761/7699 2042/2760/7698 865/1200/6521
f 865/1200/6521 2042/2760/7698 864/1199/6520
f 2042/2760/7698 862/1197/6518 864/1199/6520
f 2046/2764/7702 2039/2757/7695 2043/2761/7699
f 2046/2764/7702 2037/2755/7693 2039/2757/7695
f 2046/2764/7702 2040/2758/7696 2037/2755/7693
f 2047/2765/7703 2040/2758/7696 2046/2764/7702
f 2047/2765/7703 2045/2763/7701 2040/2758/7696
f 2048/2766/7704 2045/2763/7701 2047/2765/7703
f 2048/2766/7704 2049/2767/7705 2045/2763/7701
f 2049/2767/7705 2041/2759/7697 2045/2763/7701
f 2049/2767/7705 2044/2762/7700 2041/2759/7697
f 2050/2768/7706 1821/2472/7477 2044/2762/7700
f 1821/2472/7477 2050/2768/7706 1805/2436/7461
f 1805/2436/7461 2050/2768/7706 1804/2438/7460
f 2051/2769/7707 2044/2762/7700 2049/2767/7705
f 2051/2769/7707 2050/2768/7706 2044/2762/7700
f 2052/2770/7708 2049/2767/7705 2048/2766/7704
f 2052/2770/7708 2051/2769/7707 2049/2767/7705
f 2054/2772/7710 2048/2766/7704 2053/2771/7709
f 2054/2772/7710 2052/2770/7708 2048/2766/7704
f 2053/2771/7709 2048/2766/7704 2047/2765/7703
f 2055/2773/7711 2047/2765/7703 2046/2764/7702
f 2053/2771/7709 2047/2765/7703 2055/2773/7711
f 2055/2773/7711 2046/2764/7702 2056/2774/7712
f 2056/2774/7712 2046/2764/7702 2043/2761/7699
f 2057/2775/7713 865/1200/6521 855/1189/6511
f 2057/2775/7713 855/1189/6511 2058/2776/7714
f 2057/2775/7713 2058/2776/7714 2059/2777/7715
f 2043/2761/7699 865/1200/6521 2057/2775/7713
f 2056/2774/7712 2043/2761/7699 2057/2775/7713
f 2055/2773/7711 2056/2774/7712 2060/2778/7716
f 2061/2779/7717 2052/2770/7708 2054/2772/7710
f 2061/2779/7717 2062/2780/7718 2052/2770/7708
f 2062/2780/7718 2051/2769/7707 2052/2770/7708
f 2062/2780/7718 2063/2781/7719 2051/2769/7707
f 2063/2781/7719 2050/2768/7706 2051/2769/7707
f 1804/2438/7460 2050/2768/7706 2064/2782/7720
f 2050/2768/7706 2063/2781/7719 2064/2782/7720
f 2064/2783/7720 1792/2420/7448 1804/2435/7460
f 2064/2783/7720 1793/2421/7449 1792/2420/7448
f 2065/2784/7721 2063/2781/7719 2062/2780/7718
f 2063/2781/7719 2065/2784/7721 2064/2782/7720
f 2061/2779/7717 2065/2784/7721 2062/2780/7718
f 2054/2772/7710 2066/2785/7722 2061/2779/7717
f 2053/2771/7709 2066/2785/7722 2054/2772/7710
f 2055/2773/7711 2066/2785/7722 2053/2771/7709
f 2056/2774/7712 2067/2786/7723 2060/2778/7716
f 2057/2775/7713 2059/2777/7715 2056/2774/7712
f 2059/2777/7715 2067/2786/7723 2056/2774/7712
f 2068/2787/7724 2055/2773/7711 2060/2778/7716
f 2068/2787/7724 2066/2785/7722 2055/2773/7711
f 2069/2788/7725 2066/2785/7722 2068/2787/7724
f 2069/2788/7725 2070/2789/7726 2066/2785/7722
f 2066/2785/7722 2070/2789/7726 2061/2779/7717
f 2061/2779/7717 2070/2789/7726 2071/2790/7727
f 2072/2791/7728 2061/2779/7717 2071/2790/7727
f 2072/2791/7728 2065/2784/7721 2061/2779/7717
f 2064/2782/7720 2065/2784/7721 2073/2792/7729
f 2065/2784/7721 2072/2791/7728 2073/2792/7729
f 2064/2783/7720 2074/2793/7730 1793/2421/7449
f 2073/2794/7729 2074/2793/7730 2064/2783/7720
f 2075/2795/7731 2074/2793/7730 2073/2794/7729
f 2073/2794/7729 2076/2796/7732 2075/2795/7731
f 2072/2791/7728 2076/2797/7732 2073/2792/7729
f 2072/2791/7728 2071/2790/7727 2076/2797/7732
f 2070/2789/7726 2077/2798/7733 2071/2790/7727
f 2077/2798/7733 2076/2797/7732 2071/2790/7727
f 2078/2799/7734 2070/2789/7726 2069/2788/7725
f 2078/2799/7734 2077/2798/7733 2070/2789/7726
f 2080/2801/7736 2059/2777/7715 2079/2800/7735
f 2080/2801/7736 2067/2786/7723 2059/2777/7715
f 2081/2802/7737 2067/2786/7723 2080/2801/7736
f 2082/2803/7738 2060/2778/7716 2067/2786/7723
f 2082/2803/7738 2068/2787/7724 2060/2778/7716
f 2069/2788/7725 2068/2787/7724 2082/2803/7738
f 2083/2804/7739 2078/2799/7734 2069/2788/7725
f 2084/2805/7740 2077/2798/7733 2078/2799/7734
f 2076/2797/7732 2077/2798/7733 2085/2806/7741
f 2077/2798/7733 2084/2805/7740 2085/2806/7741
f 2076/2796/7732 2086/2807/7742 2075/2795/7731
f 2085/2808/7741 2086/2807/7742 2076/2796/7732
f 2075/2795/7731 2087/2809/7743 2074/2793/7730
f 2086/2807/7742 2087/2809/7743 2075/2795/7731
f 2088/2810/7744 2087/2809/7743 2086/2807/7742
f 2085/2808/7741 2088/2810/7744 2086/2807/7742
f 2089/2811/7745 2088/2810/7744 2085/2808/7741
f 2085/2806/7741 2084/2805/7740 2089/2812/7745
f 2090/2813/7746 2084/2805/7740 2078/2799/7734
f 2084/2805/7740 2090/2813/7746 2089/2812/7745
f 2083/2804/7739 2090/2813/7746 2078/2799/7734
f 2083/2804/7739 2069/2788/7725 2082/2803/7738
f 2091/2814/7747 2081/2802/7737 2080/2801/7736
f 2091/2814/7747 2080/2801/7736 2079/2800/7735
f 2092/2815/7748 2067/2786/7723 2081/2802/7737
f 2092/2815/7748 2082/2803/7738 2067/2786/7723
f 2093/2816/7749 2082/2803/7738 2092/2815/7748
f 2093/2816/7749 2083/2804/7739 2082/2803/7738
f 2095/2818/7751 2094/2817/7750 2083/2804/7739
f 2094/2817/7750 2090/2813/7746 2083/2804/7739
f 2089/2812/7745 2090/2813/7746 2096/2819/7752
f 2090/2813/7746 2094/2817/7750 2096/2819/7752
f 2096/2820/7752 2088/2810/7744 2089/2811/7745
f 2088/2810/7744 2097/2821/7753 2087/2809/7743
f 2096/2820/7752 2097/2821/7753 2088/2810/7744
f 2098/2822/7754 2097/2821/7753 2096/2820/7752
f 2096/2819/7752 2094/2817/7750 2098/2823/7754
f 2099/2824/7755 2094/2817/7750 2095/2818/7751
f 2100/2825/7756 2083/2804/7739 2093/2816/7749
f 2095/2818/7751 2083/2804/7739 2100/2825/7756
f 2101/2826/7757 2093/2816/7749 2092/2815/7748
f 2100/2825/7756 2093/2816/7749 2101/2826/7757
f 2102/2827/7758 2092/2815/7748 2081/2802/7737
f 2101/2826/7757 2092/2815/7748 2102/2827/7758
f 2103/2828/7759 2081/2802/7737 2091/2814/7747
f 2102/2827/7758 2081/2802/7737 2103/2828/7759
f 2099/2824/7755 2095/2818/7751 2104/2829/7760
f 2106/2831/7762 2105/2830/7761 2099/2824/7755
f 2105/2830/7761 2094/2817/7750 2099/2824/7755
f 2094/2817/7750 2105/2830/7761 2098/2823/7754
f 2098/2822/7754 2107/2832/7763 2097/2821/7753
f 2108/2833/7764 2107/2832/7763 2098/2822/7754
f 2098/2822/7754 2105/2834/7761 2108/2833/7764
f 2106/2831/7762 2099/2824/7755 2104/2829/7760
f 2109/2835/7765 2101/2826/7757 2102/2827/7758
f 2109/2835/7765 2102/2827/7758 2103/2828/7759
f 2111/2837/7767 2109/2835/7765 2110/2836/7766
f 2111/2837/7767 2101/2826/7757 2109/2835/7765
f 2112/2838/7768 2101/2826/7757 2111/2837/7767
f 2112/2838/7768 2100/2825/7756 2101/2826/7757
f 2113/2839/7769 2095/2818/7751 2100/2825/7756
f 2113/2839/7769 2104/2829/7760 2095/2818/7751
f 2114/2840/7770 2104/2829/7760 2113/2839/7769
f 2114/2840/7770 2106/2831/7762 2104/2829/7760
f 2115/2841/7771 2106/2831/7762 2114/2840/7770
f 2115/2841/7771 2116/2842/7772 2106/2831/7762
f 2116/2842/7772 2105/2830/7761 2106/2831/7762
f 2108/2833/7764 625/866/6281 2107/2832/7763
f 2117/2843/7773 2116/2842/7772 2115/2841/7771
f 2118/2844/7774 2115/2841/7771 2114/2840/7770
f 2117/2843/7773 2115/2841/7771 2118/2844/7774
f 2119/2845/7775 2114/2840/7770 2113/2839/7769
f 2118/2844/7774 2114/2840/7770 2119/2845/7775
f 2113/2839/7769 2100/2825/7756 2112/2838/7768
f 2121/2847/7777 2110/2836/7766 2120/2846/7776
f 2122/2848/7778 2110/2836/7766 2121/2847/7777
f 2122/2848/7778 2111/2837/7767 2110/2836/7766
f 2111/2837/7767 2113/2839/7769 2112/2838/7768
f 2119/2845/7775 2113/2839/7769 2111/2837/7767
f 2123/2849/7779 2118/2844/7774 2119/2845/7775
f 2124/2850/7780 2116/2842/7772 2117/2843/7773
f 2108/2833/7764 2105/2834/7761 2125/2851/7781
f 2105/2830/7761 2116/2842/7772 2125/2852/7781
f 2125/2851/7781 625/866/6281 2108/2833/7764
f 2116/2842/7772 2124/2850/7780 2125/2852/7781
f 10/13/5666 2124/2850/7780 2117/2843/7773
f 10/13/5666 2117/2843/7773 2118/2844/7774
f 2126/2853/7782 2119/2845/7775 2111/2837/7767
f 2126/2853/7782 2111/2837/7767 2122/2848/7778
f 2127/2854/7783 2122/2848/7778 2121/2847/7777
f 2127/2854/7783 2126/2853/7782 2122/2848/7778
f 2128/2855/7784 2118/2844/7774 2123/2849/7779
f 11/14/5667 2118/2844/7774 2128/2855/7784
f 11/14/5667 10/13/5666 2118/2844/7774
f 2121/2847/7777 2120/2846/7776 2129/2856/7785
f 2131/2858/7787 2130/2857/7786 2120/2846/7776
f 2120/2861/7776 2130/2860/7786 2129/2859/7785
f 2126/2853/7782 2132/2862/7788 2119/2845/7775
f 2119/2845/7775 2132/2862/7788 2123/2849/7779
f 2132/2862/7788 2133/2863/7789 2123/2849/7779
f 2123/2849/7779 2133/2863/7789 2128/2855/7784
f 2133/2863/7789 26/33/5682 2128/2855/7784
f 2128/2855/7784 26/33/5682 11/14/5667
f 38/46/5694 2133/2863/7789 2132/2862/7788
f 38/46/5694 26/33/5682 2133/2863/7789
f 38/46/5694 2132/2862/7788 2126/2853/7782
f 2134/2864/7790 2127/2854/7783 2121/2847/7777
f 2134/2864/7790 2121/2847/7777 2129/2856/7785
f 2135/2865/7791 2129/2859/7785 2130/2860/7786
f 2131/2858/7787 2120/2846/7776 2136/2866/7792
f 2137/2867/7793 2130/2857/7786 2131/2858/7787
f 2137/2868/7793 2135/2865/7791 2130/2860/7786
f 2138/2869/7794 2129/2859/7785 2135/2865/7791
f 2138/2869/7794 2134/2870/7790 2129/2859/7785
f 2139/2871/7795 2127/2854/7783 2134/2864/7790
f 2139/2871/7795 2126/2853/7782 2127/2854/7783
f 49/58/5705 2126/2853/7782 2139/2871/7795
f 49/58/5705 38/46/5694 2126/2853/7782
f 37/45/5693 38/46/5694 49/58/5705
f 2140/2873/7796 2139/2872/7795 2134/2870/7790
f 2140/2873/7796 2134/2870/7790 2138/2869/7794
f 2141/2874/7797 2138/2869/7794 2135/2865/7791
f 2142/2875/7798 2135/2865/7791 2137/2868/7793
f 2141/2874/7797 2135/2865/7791 2142/2875/7798
f 2143/2876/7799 2137/2867/7793 2131/2858/7787
f 2142/2877/7798 2137/2867/7793 2143/2876/7799
f 2145/2879/7801 2136/2866/7792 2144/2878/7800
f 2131/2858/7787 2136/2866/7792 2145/2879/7801
f 2144/2878/7800 2136/2866/7792 2146/2880/7802
f 2147/2881/7803 2131/2858/7787 2145/2879/7801
f 2143/2876/7799 2131/2858/7787 2147/2881/7803
f 2148/2882/7804 2143/2876/7799 2147/2881/7803
f 2149/2883/7805 2143/2876/7799 2148/2882/7804
f 2149/2883/7805 2142/2877/7798 2143/2876/7799
f 2150/2884/7806 2142/2877/7798 2149/2883/7805
f 2150/2885/7806 2141/2874/7797 2142/2875/7798
f 2151/2886/7807 2138/2869/7794 2141/2874/7797
f 2151/2886/7807 2140/2873/7796 2138/2869/7794
f 64/82/5720 2140/2873/7796 2151/2886/7807
f 64/82/5720 2139/2872/7795 2140/2873/7796
f 70/87/5726 2151/2886/7807 2141/2874/7797
f 2152/2887/7808 2141/2874/7797 2150/2885/7806
f 70/87/5726 2141/2874/7797 2152/2887/7808
f 2153/2888/7809 2150/2884/7806 2149/2883/7805
f 2152/2887/7808 2150/2885/7806 2153/2889/7809
f 2153/2888/7809 2149/2883/7805 2148/2882/7804
f 2152/2887/7808 2154/2890/7810 70/87/5726
f 2153/2889/7809 2155/2891/7811 2152/2887/7808
f 2155/2891/7811 2154/2890/7810 2152/2887/7808
f 2148/2893/7804 2156/2892/7812 2153/2889/7809
f 2156/2892/7812 2155/2891/7811 2153/2889/7809
f 2157/2894/7813 2156/2892/7812 2148/2893/7804
f 2158/2895/7814 2156/2892/7812 2157/2894/7813
f 2159/2896/7815 2158/2895/7814 2157/2894/7813
f 2148/2893/7804 2159/2896/7815 2157/2894/7813
f 2160/2897/7816 2159/2896/7815 2148/2893/7804
f 2148/2882/7804 2147/2881/7803 2160/2898/7816
f 2159/2896/7815 2160/2897/7816 2161/2899/7817
f 2161/2899/7817 2160/2897/7816 2162/2900/7818
f 2158/2895/7814 2159/2896/7815 2163/2901/7819
f 2163/2901/7819 2159/2896/7815 2161/2899/7817
f 2156/2892/7812 2158/2895/7814 2164/2902/7820
f 2164/2902/7820 2158/2895/7814 2163/2901/7819
f 2165/2903/7821 2156/2892/7812 2164/2902/7820
f 2155/2891/7811 2156/2892/7812 2165/2903/7821
f 2154/2890/7810 2155/2891/7811 2166/2904/7822
f 2166/2904/7822 2155/2891/7811 2165/2903/7821
f 2167/2905/7823 2166/2904/7822 2165/2903/7821
f 2168/2906/7824 2165/2903/7821 2164/2902/7820
f 2169/2907/7825 2163/2901/7819 2161/2899/7817
f 2164/2902/7820 2163/2901/7819 2169/2907/7825
f 2169/2907/7825 2161/2899/7817 2162/2900/7818
f 2160/2897/7816 2170/2908/7826 2162/2900/7818
f 2171/2909/7827 2170/2908/7826 2160/2897/7816
f 2172/2910/7828 2170/2908/7826 2171/2909/7827
f 2170/2908/7826 2172/2910/7828 2173/2911/7829
f 2162/2900/7818 2170/2908/7826 2173/2911/7829
f 2174/2912/7830 2162/2900/7818 2173/2911/7829
f 2175/2913/7831 2174/2912/7830 2173/2911/7829
f 2174/2912/7830 2169/2907/7825 2162/2900/7818
f 2176/2914/7832 2169/2907/7825 2174/2912/7830
f 2176/2914/7832 2164/2902/7820 2169/2907/7825
f 2168/2906/7824 2164/2902/7820 2176/2914/7832
f 2167/2905/7823 2165/2903/7821 2168/2906/7824
f 2178/2916/7834 2175/2913/7831 2177/2915/7833
f 2179/2917/7835 2175/2913/7831 2178/2916/7834
f 2175/2913/7831 2173/2911/7829 2177/2915/7833
f 2177/2915/7833 2173/2911/7829 2180/2918/7836
f 2173/2911/7829 2172/2910/7828 2180/2918/7836
f 2182/2920/7838 2178/2916/7834 2181/2919/7837
f 2182/2920/7838 2179/2917/7835 2178/2916/7834
f 2183/2921/7839 2175/2913/7831 2179/2917/7835
f 2183/2921/7839 2174/2912/7830 2175/2913/7831
f 2183/2921/7839 2176/2914/7832 2174/2912/7830
f 2183/2921/7839 2184/2922/7840 2176/2914/7832
f 2179/2917/7835 2184/2922/7840 2183/2921/7839
f 2181/2919/7837 2185/2923/7841 2182/2920/7838
f 2184/2922/7840 2179/2917/7835 2186/2924/7842
f 2186/2924/7842 2179/2917/7835 2182/2920/7838
f 2168/2906/7824 2176/2914/7832 2187/2925/7843
f 2187/2925/7843 2176/2914/7832 2184/2922/7840
f 2188/2926/7844 2184/2922/7840 2186/2924/7842
f 2188/2926/7844 2187/2925/7843 2184/2922/7840
f 2189/2927/7845 2186/2924/7842 2182/2920/7838
f 2189/2927/7845 2182/2920/7838 2185/2923/7841
f 2189/2927/7845 2185/2923/7841 2190/2928/7846
f 2190/2928/7846 2185/2923/7841 2191/2929/7847
f 2193/2931/7849 2191/2929/7847 2192/2930/7848
f 2193/2931/7849 2190/2928/7846 2191/2929/7847
f 2194/2932/7850 2190/2928/7846 2193/2931/7849
f 2195/2933/7851 2190/2928/7846 2194/2932/7850
f 2195/2933/7851 2189/2927/7845 2190/2928/7846
f 2196/2934/7852 2186/2924/7842 2189/2927/7845
f 2196/2934/7852 2188/2926/7844 2186/2924/7842
f 2197/2935/7853 2189/2927/7845 2195/2933/7851
f 2197/2935/7853 2196/2934/7852 2189/2927/7845
f 2198/2936/7854 2194/2932/7850 2193/2931/7849
f 2199/2937/7855 2193/2931/7849 2192/2930/7848
f 2198/2936/7854 2193/2931/7849 2199/2937/7855
f 2201/2939/7857 2192/2930/7848 2200/2938/7856
f 2199/2937/7855 2192/2930/7848 2201/2939/7857
f 2192/2930/7848 2191/2929/7847 2200/2938/7856
f 2185/2923/7841 2200/2938/7856 2191/2929/7847
f 2185/2923/7841 2181/2919/7837 2202/2940/7858
f 2200/2938/7856 2185/2923/7841 2203/2941/7859
f 2185/2923/7841 2202/2940/7858 2203/2941/7859
f 2204/2942/7860 2200/2938/7856 2203/2941/7859
f 2205/2943/7861 2200/2938/7856 2204/2942/7860
f 2201/2939/7857 2200/2938/7856 2206/2944/7862
f 2206/2944/7862 2200/2938/7856 2205/2943/7861
f 2207/2945/7863 2201/2939/7857 2206/2944/7862
f 2194/2932/7850 2197/2935/7853 2195/2933/7851
f 2208/2946/7864 2199/2937/7855 2201/2939/7857
f 2208/2946/7864 2201/2939/7857 2209/2947/7865
f 2209/2947/7865 2201/2939/7857 2207/2945/7863
f 2207/2950/7863 2211/2949/7867 2210/2948/7866
f 2209/2947/7865 2207/2945/7863 2210/2951/7866
f 2207/2950/7863 2206/2952/7862 2211/2949/7867
f 2206/2955/7862 2212/2954/7868 2211/2953/7867
f 2206/2955/7862 2205/2956/7861 2212/2954/7868
f 2205/2956/7861 2213/2957/7869 2212/2954/7868
f 2205/2960/7861 2204/2959/7860 2213/2958/7869
f 2204/2959/7860 2203/2961/7859 2213/2958/7869
f 2212/2954/7868 2213/2957/7869 2214/2962/7870
f 2212/2954/7868 2214/2962/7870 2215/2963/7871
f 2211/2953/7867 2212/2954/7868 2215/2963/7871
f 2210/2964/7866 2211/2953/7867 2215/2963/7871
f 2199/2937/7855 2216/2965/7872 2198/2936/7854
f 2208/2946/7864 2217/2966/7873 2199/2937/7855
f 2218/2967/7874 2208/2946/7864 2209/2947/7865
f 2217/2966/7873 2208/2946/7864 2218/2967/7874
f 2219/2968/7875 2209/2947/7865 2210/2951/7866
f 2218/2967/7874 2209/2947/7865 2219/2968/7875
f 2219/2969/7875 2210/2964/7866 2215/2963/7871
f 2215/2963/7871 2221/2971/7877 2220/2970/7876
f 2215/2963/7871 2214/2962/7870 2221/2971/7877
f 2214/2962/7870 2222/2972/7878 2221/2971/7877
f 2223/2973/7879 2219/2969/7875 2215/2963/7871
f 2223/2974/7879 2218/2967/7874 2219/2968/7875
f 2216/2965/7872 2199/2937/7855 2217/2966/7873
f 2216/2965/7872 2225/2976/7881 2224/2975/7880
f 2227/2978/7883 2225/2976/7881 2226/2977/7882
f 2216/2965/7872 2226/2977/7882 2225/2976/7881
f 2216/2965/7872 2217/2966/7873 2226/2977/7882
f 2217/2966/7873 2218/2967/7874 2226/2977/7882
f 2228/2979/7884 2218/2967/7874 2223/2974/7879
f 2226/2977/7882 2218/2967/7874 2228/2979/7884
f 2223/2973/7879 2215/2963/7871 2220/2970/7876
f 2229/2980/7885 2223/2973/7879 2220/2970/7876
f 2230/2981/7886 2223/2973/7879 2229/2980/7885
f 2228/2979/7884 2223/2974/7879 2230/2982/7886
f 2221/2971/7877 2232/2984/7888 2231/2983/7887
f 2233/2985/7889 2221/2971/7877 2231/2983/7887
f 2220/2970/7876 2221/2971/7877 2233/2985/7889
f 2234/2986/7890 2220/2970/7876 2233/2985/7889
f 2235/2987/7891 2229/2980/7885 2220/2970/7876
f 2230/2981/7886 2229/2980/7885 2235/2987/7891
f 2236/2988/7892 2230/2981/7886 2235/2987/7891
f 2236/2989/7892 2227/2978/7883 2230/2982/7886
f 2227/2978/7883 2228/2979/7884 2230/2982/7886
f 2237/2990/7893 2227/2978/7883 2236/2989/7892
f 2237/2990/7893 2225/2976/7881 2227/2978/7883
f 2238/2991/7894 2225/2976/7881 2237/2990/7893
f 2238/2991/7894 2224/2975/7880 2225/2976/7881
f 2239/2992/7895 2237/2990/7893 2236/2989/7892
f 2236/2988/7892 2235/2987/7891 2240/2993/7896
f 2239/2994/7895 2236/2988/7892 2240/2993/7896
f 2235/2987/7891 2220/2970/7876 2234/2986/7890
f 2240/2993/7896 2235/2987/7891 2234/2986/7890
f 2232/2984/7888 2241/2995/7897 2231/2983/7887
f 2243/2997/7899 2231/2983/7887 2242/2996/7898
f 2233/2985/7889 2231/2983/7887 2243/2997/7899
f 2244/2998/7900 2239/2994/7895 2240/2993/7896
f 2244/2999/7900 2237/2990/7893 2239/2992/7895
f 2245/3000/7901 2237/2990/7893 2244/2999/7900
f 2245/3000/7901 2238/2991/7894 2237/2990/7893
f 2246/3001/7902 2244/2998/7900 2240/2993/7896
f 2246/3002/7902 2245/3000/7901 2244/2999/7900
f 2242/2996/7898 2231/2983/7887 2247/3003/7903
f 2231/2983/7887 2248/3004/7904 2247/3003/7903
f 2231/2983/7887 2241/2995/7897 2248/3004/7904
f 2247/3007/7903 2250/3006/7906 2249/3005/7905
f 2247/3003/7903 2248/3004/7904 2250/3008/7906
f 2247/3007/7903 2249/3005/7905 2251/3009/7907
f 2242/2996/7898 2247/3003/7903 2251/3010/7907
f 2242/2996/7898 2251/3010/7907 2252/3011/7908
f 2243/2997/7899 2242/2996/7898 2252/3011/7908
f 2243/2997/7899 2252/3011/7908 2253/3012/7909
f 2233/2985/7889 2243/2997/7899 2254/3013/7910
f 2240/2993/7896 2234/2986/7890 2255/3014/7911
f 2246/3001/7902 2240/2993/7896 2255/3014/7911
f 2243/2997/7899 2253/3012/7909 2256/3015/7912
f 2254/3013/7910 2243/2997/7899 2256/3015/7912
f 2256/3018/7912 2253/3017/7909 2257/3016/7913
f 2258/3020/7914 2253/3017/7909 2252/3019/7908
f 2258/3020/7914 2257/3016/7913 2253/3017/7909
f 2251/3021/7907 2258/3020/7914 2252/3019/7908
f 2259/3024/7915 2258/3023/7914 2251/3022/7907
f 2251/3022/7907 2249/3025/7905 2259/3024/7915
f 2259/3024/7915 2249/3025/7905 2260/3026/7916
f 2249/3025/7905 2250/3027/7906 2260/3026/7916
f 2259/3024/7915 2260/3026/7916 2261/3028/7917
f 2259/3024/7915 2262/3029/7918 2258/3023/7914
f 2259/3024/7915 2261/3028/7917 2263/3030/7919
f 2262/3029/7918 2259/3024/7915 2263/3030/7919
f 2262/3029/7918 2264/3031/7920 2258/3023/7914
f 2257/3032/7913 2258/3023/7914 2264/3031/7920
f 2265/3033/7921 2256/3018/7912 2257/3016/7913
f 2265/3035/7921 2257/3032/7913 2266/3034/7922
f 2263/3030/7919 2266/3034/7922 2257/3032/7913
f 2233/2985/7889 2254/3013/7910 2267/3036/7923
f 2234/2986/7890 2233/2985/7889 2267/3036/7923
f 2269/3038/7925 2254/3013/7910 2268/3037/7924
f 2254/3013/7910 2256/3015/7912 2270/3039/7926
f 2268/3037/7924 2254/3013/7910 2270/3039/7926
f 2270/3040/7926 2256/3018/7912 2265/3033/7921
f 2271/3041/7927 2265/3035/7921 2266/3034/7922
f 2262/3029/7918 2263/3030/7919 2257/3032/7913
f 2257/3032/7913 2264/3031/7920 2262/3029/7918
f 2263/3030/7919 2261/3028/7917 2272/3042/7928
f 2273/3043/7929 2270/3040/7926 2265/3033/7921
f 2273/3044/7929 2265/3035/7921 2271/3041/7927
f 2274/3045/7930 2270/3040/7926 2273/3043/7929
f 2268/3037/7924 2270/3039/7926 2274/3046/7930
f 2267/3036/7923 2254/3013/7910 2269/3038/7925
f 2268/3037/7924 2274/3046/7930 2275/3047/7931
f 2269/3038/7925 2268/3037/7924 2275/3047/7931
f 2275/3049/7931 2274/3045/7930 2276/3048/7932
f 2276/3048/7932 2274/3045/7930 2273/3043/7929
f 2276/3051/7932 2273/3044/7929 2277/3050/7933
f 2277/3050/7933 2273/3044/7929 2271/3041/7927
f 2271/3041/7927 2266/3034/7922 2278/3052/7934
f 2278/3052/7934 2266/3034/7922 2263/3030/7919
f 2278/3052/7934 2263/3030/7919 2272/3042/7928
f 2280/3054/7936 2272/3042/7928 2279/3053/7935
f 2280/3054/7936 2279/3053/7935 2281/3055/7937
f 2282/3056/7938 2276/3051/7932 2277/3050/7933
f 2283/3057/7939 2269/3038/7925 2275/3047/7931
f 2283/3057/7939 2275/3047/7931 2284/3058/7940
f 2284/3059/7940 2275/3049/7931 2276/3048/7932
f 2280/3054/7936 2281/3055/7937 2285/3060/7941
f 2281/3055/7937 2279/3053/7935 2286/3061/7942
f 2285/3060/7941 2281/3055/7937 2286/3061/7942
f 2286/3061/7942 2279/3053/7935 2287/3062/7943
f 2285/3060/7941 2286/3061/7942 2288/3063/7944
f 2286/3061/7942 2287/3062/7943 2289/3064/7945
f 2288/3063/7944 2286/3061/7942 2289/3064/7945
f 2290/3065/7946 2272/3042/7928 2280/3054/7936
f 2290/3065/7946 2278/3052/7934 2272/3042/7928
f 2291/3067/7947 2284/3066/7940 2276/3051/7932
f 2291/3067/7947 2276/3051/7932 2282/3056/7938
f 2292/3068/7948 2291/3067/7947 2282/3056/7938
f 2292/3068/7948 2282/3056/7938 2293/3069/7949
f 2293/3069/7949 2282/3056/7938 2277/3050/7933
f 2293/3069/7949 2277/3050/7933 2271/3041/7927
f 2295/3071/7951 2290/3065/7946 2294/3070/7950
f 2294/3070/7950 2290/3065/7946 2280/3054/7936
f 2294/3070/7950 2280/3054/7936 2296/3072/7952
f 2296/3072/7952 2280/3054/7936 2285/3060/7941
f 2285/3060/7941 2288/3063/7944 2297/3073/7953
f 2296/3072/7952 2285/3060/7941 2297/3073/7953
f 2298/3074/7954 2294/3070/7950 2296/3072/7952
f 2298/3074/7954 2296/3072/7952 2299/3075/7955
f 2299/3075/7955 2296/3072/7952 2297/3073/7953
f 2300/3076/7956 2295/3071/7951 2294/3070/7950
f 2300/3076/7956 2294/3070/7950 2298/3074/7954
f 2301/3077/7957 2278/3052/7934 2290/3065/7946
f 2301/3077/7957 2290/3065/7946 2295/3071/7951
f 2302/3078/7958 2271/3041/7927 2278/3052/7934
f 2302/3078/7958 2278/3052/7934 2301/3077/7957
f 2303/3079/7959 2293/3069/7949 2271/3041/7927
f 2303/3079/7959 2271/3041/7927 2302/3078/7958
f 2304/3080/7960 2292/3068/7948 2293/3069/7949
f 2304/3080/7960 2293/3069/7949 2303/3079/7959
f 2305/3081/7961 2291/3067/7947 2292/3068/7948
f 2305/3081/7961 2292/3068/7948 2304/3080/7960
f 2306/3082/7962 2304/3080/7960 2303/3079/7959
f 2306/3082/7962 2303/3079/7959 2307/3083/7963
f 2307/3083/7963 2303/3079/7959 2302/3078/7958
f 2307/3083/7963 2302/3078/7958 2308/3084/7964
f 2308/3084/7964 2302/3078/7958 2301/3077/7957
f 2308/3084/7964 2301/3077/7957 2295/3071/7951
f 2299/3075/7955 2297/3073/7953 2309/3085/7965
f 2309/3085/7965 2297/3073/7953 2310/3086/7966
f 2310/3086/7966 2297/3073/7953 2288/3063/7944
f 2310/3086/7966 2288/3063/7944 2311/3087/7967
f 2312/3088/7968 2309/3085/7965 2310/3086/7966
f 2313/3089/7969 2306/3082/7962 2307/3083/7963
f 2313/3089/7969 2307/3083/7963 2308/3084/7964
f 2314/3090/7970 2306/3082/7962 2313/3089/7969
f 2314/3090/7970 2313/3089/7969 2315/3091/7971
f 2315/3091/7971 2313/3089/7969 2308/3084/7964
f 2315/3091/7971 2308/3084/7964 2300/3076/7956
f 2300/3076/7956 2308/3084/7964 2295/3071/7951
f 2312/3088/7968 2310/3086/7966 2316/3092/7972
f 2317/3093/7973 2312/3088/7968 2316/3092/7972
f 2310/3086/7966 2311/3087/7967 2316/3092/7972
f 2317/3093/7973 2316/3092/7972 2318/3094/7974
f 2319/3095/7975 2309/3085/7965 2312/3088/7968
f 2319/3095/7975 2312/3088/7968 2317/3093/7973
f 2299/3075/7955 2309/3085/7965 2319/3095/7975
f 2320/3096/7976 2300/3076/7956 2298/3074/7954
f 2321/3097/7977 2315/3091/7971 2300/3076/7956
f 2321/3097/7977 2300/3076/7956 2320/3096/7976
f 2322/3098/7978 2314/3090/7970 2315/3091/7971
f 2322/3098/7978 2315/3091/7971 2321/3097/7977
f 2323/3099/7979 2320/3096/7976 2298/3074/7954
f 2323/3099/7979 2298/3074/7954 2324/3100/7980
f 2324/3100/7980 2298/3074/7954 2299/3075/7955
f 2324/3100/7980 2299/3075/7955 2325/3101/7981
f 2325/3101/7981 2299/3075/7955 2319/3095/7975
f 2325/3101/7981 2319/3095/7975 2326/3102/7982
f 2326/3102/7982 2319/3095/7975 2317/3093/7973
f 2327/3103/7983 2325/3101/7981 2326/3102/7982
f 2327/3103/7983 2324/3100/7980 2325/3101/7981
f 2328/3104/7984 2324/3100/7980 2327/3103/7983
f 2323/3099/7979 2324/3100/7980 2328/3104/7984
f 2321/3097/7977 2320/3096/7976 2329/3105/7985
f 2329/3105/7985 2320/3096/7976 2323/3099/7979
f 2329/3105/7985 2323/3099/7979 2330/3106/7986
f 2330/3106/7986 2323/3099/7979 2328/3104/7984
f 2327/3103/7983 2326/3102/7982 2331/3107/7987
f 2331/3107/7987 2326/3102/7982 2332/3108/7988
f 2332/3108/7988 2326/3102/7982 2317/3093/7973
f 2317/3093/7973 2318/3094/7974 2333/3109/7989
f 2334/3110/7990 2317/3093/7973 2333/3109/7989
f 2333/3109/7989 2318/3094/7974 2335/3111/7991
f 2332/3108/7988 2317/3093/7973 2334/3110/7990
f 2336/3112/7992 2329/3105/7985 2330/3106/7986
f 2321/3097/7977 2329/3105/7985 2336/3112/7992
f 2337/3113/7993 2321/3097/7977 2336/3112/7992
f 2328/3104/7984 2327/3103/7983 2331/3107/7987
f 2338/3114/7994 2331/3107/7987 2332/3108/7988
f 2338/3114/7994 2332/3108/7988 2339/3115/7995
f 2339/3115/7995 2332/3108/7988 2334/3110/7990
f 2334/3110/7990 2333/3109/7989 2340/3116/7996
f 2333/3109/7989 2335/3111/7991 2341/3117/7997
f 2340/3116/7996 2333/3109/7989 2341/3117/7997
f 2340/3116/7996 2341/3117/7997 2342/3118/7998
f 2343/3119/7999 2334/3110/7990 2340/3116/7996
f 2344/3120/8000 2338/3114/7994 2339/3115/7995
f 2344/3120/8000 2339/3115/7995 2345/3121/8001
f 2345/3121/8001 2339/3115/7995 2334/3110/7990
f 2346/3122/8002 2328/3104/7984 2331/3107/7987
f 2330/3106/7986 2328/3104/7984 2346/3122/8002
f 2347/3123/8003 2337/3113/7993 2336/3112/7992
f 2345/3121/8001 2334/3110/7990 2343/3119/7999
f 2343/3119/7999 2340/3116/7996 557/767/6213
f 557/767/6213 2340/3116/7996 2342/3118/7998
f 548/754/6204 2343/3119/7999 557/767/6213
f 2345/3121/8001 2343/3119/7999 539/738/6195
f 2348/3124/8004 2338/3114/7994 2344/3120/8000
f 2349/3125/8005 2346/3122/8002 2331/3107/7987
f 2349/3125/8005 2331/3107/7987 2338/3114/7994
f 2350/3126/8006 2330/3106/7986 2346/3122/8002
f 2350/3126/8006 2346/3122/8002 2349/3125/8005
f 2351/3127/8007 2336/3112/7992 2330/3106/7986
f 2351/3127/8007 2330/3106/7986 2350/3126/8006
f 2352/3128/8008 2347/3123/8003 2336/3112/7992
f 2352/3128/8008 2336/3112/7992 2351/3127/8007
f 2349/3125/8005 2338/3114/7994 2348/3124/8004
f 2348/3124/8004 2344/3120/8000 2353/3129/8009
f 2353/3129/8009 2344/3120/8000 2345/3121/8001
f 2353/3129/8009 2345/3121/8001 539/738/6195
f 544/749/6200 2343/3119/7999 548/754/6204
f 539/738/6195 2343/3119/7999 544/749/6200
f 2354/3130/8010 2349/3125/8005 2348/3124/8004
f 2355/3131/8011 2350/3126/8006 2349/3125/8005
f 2355/3131/8011 2349/3125/8005 2354/3130/8010
f 2351/3127/8007 2350/3126/8006 2355/3131/8011
f 2356/3132/8012 2355/3131/8011 2354/3130/8010
f 2348/3124/8004 2353/3129/8009 2357/3133/8013
f 2357/3133/8013 2353/3129/8009 539/738/6195
f 2358/3134/8014 2348/3124/8004 2357/3133/8013
f 2359/3135/8015 2356/3132/8012 2354/3130/8010
f 2360/3136/8016 2355/3131/8011 2356/3132/8012
f 2360/3136/8016 2356/3132/8012 2359/3135/8015
f 2351/3127/8007 2355/3131/8011 2360/3136/8016
f 2354/3130/8010 2348/3124/8004 2358/3134/8014
f 530/725/6186 2358/3134/8014 2357/3133/8013
f 530/725/6186 2357/3133/8013 531/726/6187
f 531/726/6187 2357/3133/8013 539/738/6195
f 2361/3137/8017 2354/3130/8010 2358/3134/8014
f 2361/3137/8017 2358/3134/8014 530/725/6186
f 2359/3135/8015 2354/3130/8010 2361/3137/8017
f 2362/3138/8018 2359/3135/8015 2361/3137/8017
f 2362/3138/8018 2361/3137/8017 521/713/6177
f 521/713/6177 2361/3137/8017 530/725/6186
f 516/704/6172 2362/3138/8018 521/713/6177
f 2364/3140/8020 2363/3139/8019 2347/3123/8003
f 2365/3141/8021 2363/3139/8019 2364/3140/8020
f 2366/3142/8022 2364/3140/8020 2347/3123/8003
f 2366/3142/8022 2347/3123/8003 2352/3128/8008
f 2367/3143/8023 2366/3142/8022 2352/3128/8008
f 2367/3143/8023 2352/3128/8008 2351/3127/8007
f 2368/3144/8024 2359/3135/8015 2362/3138/8018
f 2369/3145/8025 2360/3136/8016 2359/3135/8015
f 2370/3146/8026 2351/3127/8007 2360/3136/8016
f 2370/3146/8026 2360/3136/8016 2369/3145/8025
f 2371/3147/8027 2367/3143/8023 2351/3127/8007
f 2371/3147/8027 2351/3127/8007 2370/3146/8026
f 2372/3148/8028 2366/3142/8022 2367/3143/8023
f 2373/3149/8029 2372/3148/8028 2367/3143/8023
f 2373/3149/8029 2367/3143/8023 2371/3147/8027
f 2372/3148/8028 2374/3150/8030 2366/3142/8022
f 2375/3151/8031 2364/3140/8020 2366/3142/8022
f 2374/3150/8030 2375/3151/8031 2366/3142/8022
f 2375/3151/8031 2365/3141/8021 2364/3140/8020
f 2376/3152/8032 2365/3141/8021 2375/3151/8031
f 2376/3152/8032 2375/3151/8031 2374/3150/8030
f 2377/3153/8033 2376/3152/8032 2374/3150/8030
f 2372/3148/8028 2377/3153/8033 2374/3150/8030
f 2378/3154/8034 2372/3148/8028 2373/3149/8029
f 2379/3155/8035 2378/3154/8034 2373/3149/8029
f 2379/3155/8035 2373/3149/8029 2380/3156/8036
f 2380/3156/8036 2373/3149/8029 2371/3147/8027
f 2380/3156/8036 2371/3147/8027 2381/3157/8037
f 2381/3157/8037 2371/3147/8027 2370/3146/8026
f 2369/3145/8025 2359/3135/8015 496/673/6152
f 496/673/6152 2359/3135/8015 2368/3144/8024
f 2382/3158/8038 2370/3146/8026 2369/3145/8025
f 2382/3158/8038 2369/3145/8025 496/673/6152
f 2381/3157/8037 2370/3146/8026 2382/3158/8038
f 2378/3154/8034 2377/3153/8033 2372/3148/8028
f 2383/3159/8039 2376/3152/8032 2377/3153/8033
f 2378/3154/8034 2383/3159/8039 2377/3153/8033
f 239/304/5895 2376/3152/8032 2384/3160/8040
f 2383/3159/8039 2384/3160/8040 2376/3152/8032
f 2385/3161/8041 2378/3154/8034 2379/3155/8035
f 2385/3161/8041 2379/3155/8035 2386/3162/8042
f 2386/3162/8042 2379/3155/8035 2380/3156/8036
f 2381/3157/8037 2382/3158/8038 2387/3163/8043
f 2387/3163/8043 2382/3158/8038 496/673/6152
f 2380/3156/8036 2381/3157/8037 2387/3163/8043
f 2388/3164/8044 2385/3161/8041 2386/3162/8042
f 2389/3165/8045 2378/3154/8034 2385/3161/8041
f 2390/3166/8046 2389/3165/8045 2385/3161/8041
f 2390/3166/8046 2385/3161/8041 2388/3164/8044
f 2389/3165/8045 2383/3159/8039 2378/3154/8034
f 2391/3167/8047 2384/3160/8040 2383/3159/8039
f 281/369/5937 239/304/5895 2384/3160/8040
f 2391/3167/8047 281/369/5937 2384/3160/8040
f 2389/3165/8045 2391/3167/8047 2383/3159/8039
f 315/412/5971 2389/3165/8045 2390/3166/8046
f 323/420/5979 315/412/5971 2390/3166/8046
f 323/420/5979 2390/3166/8046 2392/3168/8048
f 2392/3168/8048 2390/3166/8046 2388/3164/8044
f 490/662/6146 2387/3163/8043 496/673/6152
f 2386/3162/8042 2380/3156/8036 2387/3163/8043
f 2393/3169/8049 2388/3164/8044 2386/3162/8042
f 2394/3170/8050 2392/3168/8048 2388/3164/8044
f 2394/3170/8050 2388/3164/8044 2393/3169/8049
f 306/400/5962 2391/3167/8047 2389/3165/8045
f 306/400/5962 281/369/5937 2391/3167/8047
f 315/412/5971 306/400/5962 2389/3165/8045
f 2393/3169/8049 2386/3162/8042 2387/3163/8043
f 2395/3171/8051 2393/3169/8049 2387/3163/8043
f 2395/3171/8051 2387/3163/8043 490/662/6146
f 2396/3172/8052 2394/3170/8050 2393/3169/8049
f 2396/3172/8052 2393/3169/8049 2395/3171/8051
f 2397/3173/8053 2392/3168/8048 2394/3170/8050
f 2397/3173/8053 2394/3170/8050 2396/3172/8052
f 336/438/5992 2392/3168/8048 2397/3173/8053
f 323/420/5979 2392/3168/8048 336/438/5992
f 346/450/6002 2397/3173/8053 2396/3172/8052
f 346/450/6002 2396/3172/8052 2398/3174/8054
f 2398/3174/8054 2396/3172/8052 2395/3171/8051
f 2399/3175/8055 2395/3171/8051 490/662/6146
f 363/474/6019 2398/3174/8054 2395/3171/8051
f 363/474/6019 2395/3171/8051 2399/3175/8055
f 346/450/6002 2398/3174/8054 363/474/6019
f 338/440/5994 2397/3173/8053 346/450/6002
f 336/438/5992 2397/3173/8053 338/440/5994
f 2400/3176/8056 363/474/6019 2399/3175/8055
f 2399/3175/8055 490/662/6146 489/661/6145
f 2400/3176/8056 2399/3175/8055 489/661/6145
f 2400/3176/8056 489/661/6145 470/3177/6126
f 470/3177/6126 489/661/6145 471/660/6127
f 364/475/6020 2400/3176/8056 469/3178/6125
f 469/3178/6125 2400/3176/8056 470/3177/6126
f 363/474/6019 2400/3176/8056 364/475/6020
f 2401/3179/8057 364/475/6020 469/3178/6125
f 469/636/6125 468/632/6124 2401/3180/8057
f 380/496/6036 468/632/6124 459/617/6115
f 380/496/6036 2401/3180/8057 468/632/6124
f 2401/3179/8057 379/494/6035 364/475/6020
f 380/496/6036 379/498/6035 2401/3180/8057
f 459/617/6115 381/499/6037 380/496/6036
f 426/564/6082 381/499/6037 459/617/6115
f 426/564/6082 459/617/6115 458/616/6114
f 391/517/6047 381/499/6037 426/564/6082
f 401/534/6057 391/517/6047 426/564/6082
f 413/565/6069 401/534/6057 426/564/6082
f 497/674/6153 496/673/6152 2368/3144/8024
f 497/674/6153 2368/3144/8024 509/693/6165
f 509/693/6165 2368/3144/8024 516/704/6172
f 2368/3144/8024 2362/3138/8018 516/704/6172
f 239/304/5895 2365/3141/8021 2376/3152/8032
f 2363/3139/8019 2337/3113/7993 2347/3123/8003
f 2365/3141/8021 2402/3181/8058 2363/3139/8019
f 2363/3139/8019 2322/3098/7978 2337/3113/7993
f 2363/3139/8019 2403/3182/8059 2322/3098/7978
f 2363/3139/8019 2402/3181/8058 2403/3182/8059
f 239/304/5895 226/286/5882 2365/3141/8021
f 226/286/5882 223/281/5879 2365/3141/8021
f 2365/3141/8021 223/281/5879 2402/3181/8058
f 2337/3113/7993 2322/3098/7978 2321/3097/7977
f 223/281/5879 2404/3183/8060 2402/3181/8058
f 223/281/5879 225/284/5881 2404/3183/8060
f 225/284/5881 2405/3184/8061 2404/3183/8060
f 2403/3182/8059 2314/3090/7970 2322/3098/7978
f 2403/3182/8059 2406/3185/8062 2314/3090/7970
f 2403/3182/8059 2402/3181/8058 2406/3185/8062
f 2405/3184/8061 2407/3186/8063 2404/3183/8060
f 2404/3183/8060 2407/3186/8063 2402/3181/8058
f 225/284/5881 214/285/5870 2405/3184/8061
f 214/285/5870 2408/3187/8064 2405/3184/8061
f 2405/3184/8061 2408/3187/8064 2407/3186/8063
f 2409/3189/8065 2408/3188/8064 214/266/5870
f 200/243/5856 2409/3189/8065 214/266/5870
f 2408/3187/8064 2410/3190/8066 2407/3186/8063
f 2411/3192/8067 2410/3191/8066 2408/3188/8064
f 2409/3189/8065 2411/3192/8067 2408/3188/8064
f 2407/3186/8063 2410/3190/8066 2412/3193/8068
f 2407/3186/8063 2412/3193/8068 2402/3181/8058
f 2406/3185/8062 2306/3082/7962 2314/3090/7970
f 2402/3181/8058 2305/3081/7961 2406/3185/8062
f 2406/3185/8062 2305/3081/7961 2304/3080/7960
f 2406/3185/8062 2304/3080/7960 2306/3082/7962
f 2412/3193/8068 2413/3194/8069 2402/3181/8058
f 2402/3181/8058 2413/3194/8069 2305/3081/7961
f 2412/3193/8068 2410/3190/8066 2413/3194/8069
f 2414/3195/8070 2411/3192/8067 2409/3189/8065
f 200/243/5856 2414/3195/8070 2409/3189/8065
f 201/244/5857 2414/3195/8070 200/243/5856
f 2411/3192/8067 2414/3195/8070 2410/3191/8066
f 2410/3190/8066 2415/3196/8071 2413/3194/8069
f 2414/3195/8070 2415/3197/8071 2410/3191/8066
f 2415/3196/8071 2416/3198/8072 2413/3194/8069
f 2413/3194/8069 2416/3198/8072 2291/3067/7947
f 2413/3194/8069 2291/3067/7947 2305/3081/7961
f 2283/3057/7939 2416/3199/8072 2415/3197/8071
f 2414/3195/8070 2283/3057/7939 2415/3197/8071
f 188/227/5844 189/228/5845 201/244/5857
f 201/244/5857 2269/3038/7925 2414/3195/8070
f 2414/3195/8070 2269/3038/7925 2283/3057/7939
f 2416/3198/8072 2284/3066/7940 2291/3067/7947
f 2283/3057/7939 2284/3058/7940 2416/3199/8072
f 201/244/5857 2267/3036/7923 2269/3038/7925
f 189/228/5845 2417/3200/8073 201/244/5857
f 176/210/5832 2417/3200/8073 189/228/5845
f 175/211/5831 2417/3200/8073 176/210/5832
f 175/211/5831 2418/3201/8074 2417/3200/8073
f 2418/3201/8074 2419/3202/8075 2417/3200/8073
f 2417/3200/8073 2267/3036/7923 201/244/5857
f 2420/3203/8076 2419/3202/8075 2418/3201/8074
f 2420/3203/8076 2421/3204/8077 2419/3202/8075
f 167/3205/5823 2418/3201/8074 175/211/5831
f 167/3205/5823 2420/3203/8076 2418/3201/8074
f 167/198/5823 165/196/5821 2420/3206/8076
f 165/196/5821 2422/3207/8078 2420/3206/8076
f 2420/3206/8076 2422/3207/8078 2421/3208/8077
f 2421/3204/8077 2423/3209/8079 2419/3202/8075
f 2422/3207/8078 2424/3210/8080 2421/3208/8077
f 2421/3208/8077 2424/3210/8080 2423/3211/8079
f 2419/3202/8075 2255/3014/7911 2417/3200/8073
f 2423/3209/8079 2255/3014/7911 2419/3202/8075
f 2417/3200/8073 2234/2986/7890 2267/3036/7923
f 2417/3200/8073 2255/3014/7911 2234/2986/7890
f 2423/3209/8079 2425/3212/8081 2255/3014/7911
f 2423/3211/8079 2424/3210/8080 2425/3213/8081
f 2422/3207/8078 139/168/5795 2424/3210/8080
f 165/196/5821 144/173/5800 2422/3207/8078
f 144/173/5800 139/168/5795 2422/3207/8078
f 139/168/5795 2238/2991/7894 2424/3210/8080
f 139/168/5795 134/163/5790 2238/2991/7894
f 2424/3210/8080 2426/3214/8082 2425/3213/8081
f 2424/3210/8080 2238/2991/7894 2426/3214/8082
f 2425/3212/8081 2246/3001/7902 2255/3014/7911
f 2426/3214/8082 2245/3000/7901 2425/3213/8081
f 2425/3213/8081 2245/3000/7901 2246/3002/7902
f 2426/3214/8082 2238/2991/7894 2245/3000/7901
f 134/163/5790 2224/2975/7880 2238/2991/7894
f 134/163/5790 2427/3215/8083 2224/2975/7880
f 134/163/5790 133/162/5789 2427/3215/8083
f 133/162/5789 125/153/5781 2427/3215/8083
f 2224/2975/7880 2428/3216/8084 2216/2965/7872
f 2427/3215/8083 2428/3216/8084 2224/2975/7880
f 2427/3215/8083 125/153/5781 2428/3216/8084
f 125/153/5781 2429/3217/8085 2428/3216/8084
f 125/153/5781 2430/3218/8086 2429/3217/8085
f 2428/3216/8084 2431/3219/8087 2216/2965/7872
f 2428/3216/8084 2429/3217/8085 2431/3219/8087
f 2216/2965/7872 2431/3219/8087 2198/2936/7854
f 2431/3219/8087 2432/3220/8088 2198/2936/7854
f 2429/3217/8085 2432/3220/8088 2431/3219/8087
f 2429/3217/8085 2433/3221/8089 2432/3220/8088
f 2430/3218/8086 2433/3221/8089 2429/3217/8085
f 125/153/5781 118/144/5774 2430/3218/8086
f 2430/3218/8086 2434/3222/8090 2433/3221/8089
f 118/144/5774 2434/3222/8090 2430/3218/8086
f 118/144/5774 117/143/5773 2434/3222/8090
f 2434/3222/8090 2435/3223/8091 2433/3221/8089
f 2434/3222/8090 2436/3224/8092 2435/3223/8091
f 117/143/5773 2436/3224/8092 2434/3222/8090
f 2433/3221/8089 2435/3223/8091 2437/3225/8093
f 2433/3221/8089 2197/2935/7853 2432/3220/8088
f 2433/3221/8089 2437/3225/8093 2197/2935/7853
f 2432/3220/8088 2194/2932/7850 2198/2936/7854
f 2432/3220/8088 2197/2935/7853 2194/2932/7850
f 2437/3225/8093 2438/3226/8094 2197/2935/7853
f 2435/3223/8091 2438/3226/8094 2437/3225/8093
f 2435/3223/8091 2439/3227/8095 2438/3226/8094
f 2436/3224/8092 2439/3227/8095 2435/3223/8091
f 117/143/5773 2440/3228/8096 2436/3224/8092
f 2436/3224/8092 2440/3228/8096 2439/3227/8095
f 107/130/5763 2440/3228/8096 117/143/5773
f 107/130/5763 106/131/5762 2440/3228/8096
f 2440/3228/8096 2441/3229/8097 2439/3227/8095
f 2440/3228/8096 2442/3230/8098 2441/3229/8097
f 106/131/5762 2442/3230/8098 2440/3228/8096
f 2439/3227/8095 2443/3231/8099 2438/3226/8094
f 2439/3227/8095 2441/3229/8097 2443/3231/8099
f 2438/3226/8094 2443/3231/8099 2188/2926/7844
f 2438/3226/8094 2196/2934/7852 2197/2935/7853
f 2438/3226/8094 2188/2926/7844 2196/2934/7852
f 2441/3229/8097 2444/3232/8100 2443/3231/8099
f 2441/3229/8097 2442/3230/8098 2444/3232/8100
f 106/131/5762 95/3233/5751 2442/3230/8098
f 95/3233/5751 2445/3234/8101 2442/3230/8098
f 96/3235/5752 95/3233/5751 106/131/5762
f 95/118/5751 91/114/5747 2445/3236/8101
f 91/114/5747 73/92/5729 2445/3236/8101
f 2442/3230/8098 2445/3234/8101 2444/3232/8100
f 2444/3232/8100 2187/2925/7843 2443/3231/8099
f 2443/3231/8099 2187/2925/7843 2188/2926/7844
f 2444/3232/8100 2168/2906/7824 2187/2925/7843
f 2445/3234/8101 2168/2906/7824 2444/3232/8100
f 73/92/5729 83/106/5739 2445/3236/8101
f 2445/3236/8101 83/106/5739 2167/3237/7823
f 2168/2906/7824 2445/3234/8101 2167/2905/7823
f 83/106/5739 72/90/5728 2167/3237/7823
f 2167/2905/7823 71/88/5727 2166/2904/7822
f 72/90/5728 71/3238/5727 2167/3237/7823
f 71/88/5727 2154/2890/7810 2166/2904/7822
f 71/88/5727 70/87/5726 2154/2890/7810
f 65/78/5721 2151/2886/7807 70/87/5726
f 64/82/5720 2151/2886/7807 65/78/5721
f 50/59/5706 49/58/5705 64/77/5720
f 49/58/5705 2139/2871/7795 64/77/5720
f 557/767/6213 2342/3118/7998 565/779/6221
f 2342/3118/7998 2446/3239/8102 565/779/6221
f 565/779/6221 2446/3239/8102 577/798/6233
f 2446/3239/8102 593/819/6249 577/798/6233
f 2446/3239/8102 601/832/6257 593/819/6249
f 593/819/6249 601/832/6257 592/818/6248
f 2342/3118/7998 2447/3240/8103 2446/3239/8102
f 2446/3239/8102 2447/3240/8103 601/832/6257
f 592/818/6248 601/832/6257 599/830/6255
f 2447/3240/8103 2448/3241/8104 601/832/6257
f 2447/3240/8103 2449/3242/8105 2448/3241/8104
f 2341/3117/7997 2449/3242/8105 2447/3240/8103
f 2342/3118/7998 2341/3117/7997 2447/3240/8103
f 2335/3111/7991 2450/3243/8106 2449/3242/8105
f 2341/3117/7997 2335/3111/7991 2449/3242/8105
f 2449/3242/8105 2451/3244/8107 2448/3241/8104
f 601/832/6257 2448/3241/8104 2452/3245/8108
f 2450/3243/8106 2451/3244/8107 2449/3242/8105
f 2318/3094/7974 2453/3246/8109 2450/3243/8106
f 2335/3111/7991 2318/3094/7974 2450/3243/8106
f 2450/3243/8106 2453/3246/8109 2451/3244/8107
f 2453/3246/8109 2454/3247/8110 2451/3244/8107
f 601/832/6257 2452/3245/8108 600/831/6256
f 2453/3246/8109 2455/3248/8111 2454/3247/8110
f 2454/3247/8110 2455/3248/8111 2456/3249/8112
f 600/831/6256 621/861/6277 602/833/6258
f 2316/3092/7972 2457/3250/8113 2455/3248/8111
f 2453/3246/8109 2316/3092/7972 2455/3248/8111
f 2455/3248/8111 2457/3250/8113 2458/3251/8114
f 2318/3094/7974 2316/3092/7972 2453/3246/8109
f 2316/3092/7972 2311/3087/7967 2457/3250/8113
f 2311/3087/7967 2459/3252/8115 2457/3250/8113
f 2457/3250/8113 2459/3252/8115 2460/3253/8116
f 2457/3250/8113 2460/3253/8116 2458/3251/8114
f 2458/3251/8114 2460/3253/8116 2455/3248/8111
f 2452/3245/8108 644/890/6300 642/888/6298
f 600/831/6256 2452/3245/8108 642/888/6298
f 600/831/6256 642/888/6298 621/861/6277
f 2448/3241/8104 2461/3254/8117 2452/3245/8108
f 2462/3255/8118 2448/3241/8104 2451/3244/8107
f 2448/3241/8104 2462/3255/8118 2461/3254/8117
f 2451/3244/8107 2454/3247/8110 2462/3255/8118
f 2456/3249/8112 2463/3256/8119 2454/3247/8110
f 2454/3247/8110 2463/3256/8119 2462/3255/8118
f 2455/3248/8111 2464/3257/8120 2456/3249/8112
f 2460/3253/8116 2465/3258/8121 2455/3248/8111
f 2455/3248/8111 2465/3258/8121 2464/3257/8120
f 2459/3252/8115 2466/3259/8122 2460/3253/8116
f 2460/3253/8116 2466/3259/8122 2465/3258/8121
f 2311/3087/7967 2288/3063/7944 2459/3252/8115
f 2288/3063/7944 2467/3260/8123 2459/3252/8115
f 2459/3252/8115 2467/3260/8123 2468/3261/8124
f 2459/3252/8115 2468/3261/8124 2466/3259/8122
f 2466/3259/8122 2468/3261/8124 2469/3262/8125
f 2466/3259/8122 2469/3262/8125 2465/3258/8121
f 2465/3258/8121 2469/3262/8125 2470/3263/8126
f 2465/3258/8121 2470/3263/8126 2464/3257/8120
f 2456/3249/8112 2464/3257/8120 2463/3256/8119
f 2462/3255/8118 2463/3256/8119 2471/3264/8127
f 2471/3264/8127 2461/3254/8117 2462/3255/8118
f 2461/3254/8117 2472/3265/8128 2452/3245/8108
f 2452/3245/8108 2472/3265/8128 651/903/6307
f 2452/3245/8108 651/903/6307 644/890/6300
f 2461/3254/8117 2473/3266/8129 2472/3265/8128
f 2474/3267/8130 2461/3254/8117 2471/3264/8127
f 2461/3254/8117 2474/3267/8130 2473/3266/8129
f 2464/3257/8120 2475/3268/8131 2463/3256/8119
f 2463/3256/8119 2475/3268/8131 2471/3264/8127
f 2464/3257/8120 2470/3263/8126 2475/3268/8131
f 2469/3262/8125 2476/3269/8132 2470/3263/8126
f 2468/3261/8124 2477/3270/8133 2469/3262/8125
f 2469/3262/8125 2477/3270/8133 2476/3269/8132
f 2467/3260/8123 2478/3271/8134 2468/3261/8124
f 2468/3261/8124 2478/3271/8134 2477/3270/8133
f 2289/3064/7945 2479/3272/8135 2467/3260/8123
f 2288/3063/7944 2289/3064/7945 2467/3260/8123
f 2467/3260/8123 2479/3272/8135 2478/3271/8134
f 2289/3064/7945 2480/3273/8136 2479/3272/8135
f 2479/3272/8135 2480/3273/8136 2478/3271/8134
f 2470/3263/8126 2476/3269/8132 2481/3274/8137
f 2470/3263/8126 2481/3274/8137 2475/3268/8131
f 2471/3264/8127 2475/3268/8131 2482/3275/8138
f 2475/3268/8131 2481/3274/8137 2482/3275/8138
f 2482/3275/8138 2483/3276/8139 2471/3264/8127
f 2483/3276/8139 2474/3267/8130 2471/3264/8127
f 2472/3265/8128 2473/3266/8129 653/905/6309
f 2472/3265/8128 653/905/6309 651/903/6307
f 2473/3266/8129 2484/3277/8140 653/905/6309
f 2474/3267/8130 2485/3278/8141 2473/3266/8129
f 2473/3266/8129 2485/3278/8141 2484/3277/8140
f 2474/3267/8130 2483/3276/8139 2485/3278/8141
f 2486/3279/8142 2483/3276/8139 2482/3275/8138
f 2482/3275/8138 2481/3274/8137 2486/3279/8142
f 2476/3269/8132 2487/3280/8143 2481/3274/8137
f 2481/3274/8137 2487/3280/8143 2486/3279/8142
f 2476/3269/8132 2488/3281/8144 2487/3280/8143
f 2477/3270/8133 2488/3281/8144 2476/3269/8132
f 2478/3271/8134 2489/3282/8145 2477/3270/8133
f 2477/3270/8133 2489/3282/8145 2488/3281/8144
f 2480/3273/8136 2490/3283/8146 2478/3271/8134
f 2478/3271/8134 2490/3283/8146 2489/3282/8145
f 2492/3285/8148 2491/3284/8147 2480/3273/8136
f 2289/3064/7945 2492/3285/8148 2480/3273/8136
f 2480/3273/8136 2491/3284/8147 2490/3283/8146
f 2287/3062/7943 2492/3285/8148 2289/3064/7945
f 2279/3053/7935 2493/3286/8149 2492/3285/8148
f 2287/3062/7943 2279/3053/7935 2492/3285/8148
f 2492/3285/8148 2493/3286/8149 2491/3284/8147
f 2493/3286/8149 2494/3287/8150 2491/3284/8147
f 2491/3284/8147 2494/3287/8150 2495/3288/8151
f 2491/3284/8147 2495/3288/8151 2490/3283/8146
f 2490/3283/8146 2495/3288/8151 2496/3289/8152
f 2490/3283/8146 2496/3289/8152 2489/3282/8145
f 2489/3282/8145 2496/3289/8152 2497/3290/8153
f 2489/3282/8145 2497/3290/8153 2488/3281/8144
f 2488/3281/8144 2497/3290/8153 2498/3291/8154
f 2488/3281/8144 2498/3291/8154 2487/3280/8143
f 2487/3280/8143 2498/3291/8154 2486/3279/8142
f 2486/3279/8142 2499/3292/8155 675/934/6331
f 2486/3279/8142 675/934/6331 2483/3276/8139
f 2483/3276/8139 675/934/6331 2500/3293/8156
f 2483/3276/8139 2500/3293/8156 2485/3278/8141
f 2485/3278/8141 2500/3293/8156 2501/3294/8157
f 2485/3278/8141 2501/3294/8157 2484/3277/8140
f 2484/3277/8140 2501/3294/8157 665/923/6321
f 2484/3277/8140 665/923/6321 653/905/6309
f 2500/3293/8156 673/932/6329 2501/3294/8157
f 2501/3294/8157 673/932/6329 669/928/6325
f 2501/3294/8157 669/928/6325 665/923/6321
f 2500/3293/8156 675/934/6331 673/932/6329
f 2502/3295/8158 2499/3292/8155 2486/3279/8142
f 2486/3279/8142 2498/3291/8154 2497/3290/8153
f 2497/3290/8153 2502/3295/8158 2486/3279/8142
f 2495/3288/8151 2503/3296/8159 2496/3289/8152
f 2494/3287/8150 2504/3297/8160 2495/3288/8151
f 2495/3288/8151 2504/3297/8160 2503/3296/8159
f 2261/3028/7917 2505/3298/8161 2494/3287/8150
f 2493/3286/8149 2261/3028/7917 2494/3287/8150
f 2494/3287/8150 2505/3298/8161 2504/3297/8160
f 2272/3042/7928 2261/3028/7917 2493/3286/8149
f 2279/3053/7935 2272/3042/7928 2493/3286/8149
f 2261/3028/7917 2506/3299/8162 2505/3298/8161
f 2496/3289/8152 2502/3295/8158 2497/3290/8153
f 2496/3289/8152 2503/3296/8159 2507/3300/8163
f 2506/3299/8162 2508/3301/8164 2505/3298/8161
f 2261/3028/7917 2509/3302/8165 2506/3299/8162
f 2506/3299/8162 2509/3302/8165 2508/3301/8164
f 2509/3302/8165 2510/3303/8166 2508/3301/8164
f 2496/3289/8152 2507/3300/8163 692/954/6348
f 2496/3289/8152 692/954/6348 2502/3295/8158
f 2502/3295/8158 692/954/6348 674/933/6330
f 2502/3295/8158 674/933/6330 2499/3292/8155
f 2510/3303/8166 2511/3304/8167 2508/3301/8164
f 2508/3301/8164 2511/3304/8167 2505/3298/8161
f 2509/3302/8165 2511/3304/8167 2510/3303/8166
f 2261/3028/7917 2260/3026/7916 2509/3302/8165
f 2260/3026/7916 2512/3305/8168 2509/3302/8165
f 2509/3302/8165 2512/3305/8168 2511/3304/8167
f 2512/3305/8168 2513/3306/8169 2511/3304/8167
f 2511/3304/8167 2513/3306/8169 2514/3307/8170
f 2511/3304/8167 2514/3307/8170 2515/3308/8171
f 2511/3304/8167 2515/3308/8171 2505/3298/8161
f 2507/3300/8163 693/955/6349 692/954/6348
f 2513/3306/8169 2516/3309/8172 2514/3307/8170
f 2516/3309/8172 2515/3308/8171 2514/3307/8170
f 2512/3312/8168 2517/3311/8173 2513/3310/8169
f 2517/3311/8173 2518/3313/8174 2513/3310/8169
f 2513/3310/8169 2518/3313/8174 2516/3314/8172
f 2260/3026/7916 2250/3027/7906 2512/3305/8168
f 2250/3315/7906 2517/3311/8173 2512/3312/8168
f 2241/2995/7897 2517/3316/8173 2250/3008/7906
f 2248/3004/7904 2241/2995/7897 2250/3008/7906
f 2519/3318/8175 2518/3317/8174 2517/3316/8173
f 2241/2995/7897 2519/3318/8175 2517/3316/8173
f 2518/3313/8174 2520/3319/8176 2516/3314/8172
f 2521/3320/8177 2520/3319/8176 2518/3313/8174
f 2519/3318/8175 2521/3321/8177 2518/3317/8174
f 2522/3322/8178 2516/3314/8172 2520/3319/8176
f 2522/3323/8178 2515/3308/8171 2516/3309/8172
f 2515/3308/8171 2523/3324/8179 2505/3298/8161
f 2505/3298/8161 2523/3324/8179 2524/3325/8180
f 2504/3297/8160 2505/3298/8161 2524/3325/8180
f 2504/3297/8160 2525/3326/8181 2503/3296/8159
f 2526/3327/8182 2504/3297/8160 2524/3325/8180
f 2504/3297/8160 2526/3327/8182 2525/3326/8181
f 2522/3323/8178 2527/3328/8183 2523/3324/8179
f 2515/3308/8171 2522/3323/8178 2523/3324/8179
f 2528/3329/8184 2520/3319/8176 2521/3320/8177
f 2522/3322/8178 2520/3319/8176 2528/3329/8184
f 2232/2984/7888 2521/3321/8177 2519/3318/8175
f 2232/2984/7888 2528/3330/8184 2521/3321/8177
f 2232/2984/7888 2519/3318/8175 2241/2995/7897
f 2232/2984/7888 2529/3331/8185 2528/3330/8184
f 2527/3333/8183 2528/3330/8184 2530/3332/8186
f 2522/3322/8178 2528/3329/8184 2527/3334/8183
f 2529/3331/8185 2530/3332/8186 2528/3330/8184
f 2527/3328/8183 2531/3335/8187 2523/3324/8179
f 2532/3337/8188 2531/3336/8187 2527/3333/8183
f 2530/3332/8186 2532/3337/8188 2527/3333/8183
f 2523/3324/8179 2531/3335/8187 2533/3338/8189
f 2523/3324/8179 2533/3338/8189 2534/3339/8190
f 2524/3325/8180 2523/3324/8179 2534/3339/8190
f 2524/3325/8180 2534/3339/8190 2526/3327/8182
f 2526/3327/8182 2535/3340/8191 2525/3326/8181
f 2525/3326/8181 2535/3340/8191 2536/3341/8192
f 2525/3326/8181 2536/3341/8192 2503/3296/8159
f 2537/3342/8193 2535/3340/8191 2526/3327/8182
f 2526/3327/8182 2534/3339/8190 2538/3343/8194
f 2538/3343/8194 2537/3342/8193 2526/3327/8182
f 2534/3339/8190 2533/3338/8189 2538/3343/8194
f 2531/3335/8187 2539/3344/8195 2533/3338/8189
f 2538/3343/8194 2533/3338/8189 2539/3344/8195
f 2540/3347/8196 2539/3346/8195 2531/3345/8187
f 2532/3337/8188 2540/3348/8196 2531/3336/8187
f 2541/3349/8197 2532/3337/8188 2530/3332/8186
f 2541/3349/8197 2540/3348/8196 2532/3337/8188
f 2529/3331/8185 2541/3349/8197 2530/3332/8186
f 2221/2971/7877 2529/3331/8185 2232/2984/7888
f 2221/2971/7877 2222/2972/7878 2529/3331/8185
f 2541/3349/8197 2542/3350/8198 2540/3348/8196
f 2222/2972/7878 2542/3350/8198 2541/3349/8197
f 2529/3331/8185 2222/2972/7878 2541/3349/8197
f 2543/3351/8199 2539/3346/8195 2540/3347/8196
f 2542/3350/8198 2543/3352/8199 2540/3348/8196
f 2537/3342/8193 2539/3344/8195 2543/3353/8199
f 2537/3342/8193 2538/3343/8194 2539/3344/8195
f 2535/3355/8191 2537/3354/8193 709/975/6365
f 2535/3355/8191 709/975/6365 705/971/6361
f 2536/3341/8192 2535/3340/8191 705/968/6361
f 2536/3341/8192 705/968/6361 699/961/6355
f 2503/3296/8159 2536/3341/8192 699/961/6355
f 2537/3354/8193 2544/3356/8200 709/975/6365
f 2537/3342/8193 2545/3358/8201 2544/3357/8200
f 2537/3342/8193 2543/3353/8199 2545/3358/8201
f 2543/3353/8199 2546/3359/8202 2545/3358/8201
f 2547/3362/8203 2546/3361/8202 2543/3360/8199
f 2542/3350/8198 2547/3363/8203 2543/3352/8199
f 753/1042/6409 2547/3363/8203 2542/3350/8198
f 2222/2972/7878 753/1042/6409 2542/3350/8198
f 2214/2962/7870 2548/3364/8204 2222/2972/7878
f 2548/3364/8204 753/1042/6409 2222/2972/7878
f 2545/3358/8201 2546/3359/8202 2549/3365/8205
f 2545/3358/8201 2549/3365/8205 2544/3357/8200
f 2544/3357/8200 2549/3365/8205 2550/3366/8206
f 2544/3357/8200 2550/3366/8206 709/977/6365
f 709/977/6365 2550/3366/8206 710/976/6366
f 2549/3365/8205 2551/3367/8207 2550/3366/8206
f 2550/3366/8206 2551/3367/8207 718/987/6374
f 2550/3366/8206 718/987/6374 710/976/6366
f 2549/3365/8205 2546/3359/8202 2551/3367/8207
f 2546/3359/8202 2552/3368/8208 2551/3367/8207
f 2553/3370/8209 2552/3369/8208 2546/3361/8202
f 2547/3362/8203 2553/3370/8209 2546/3361/8202
f 2554/3372/8210 2553/3371/8209 2547/3363/8203
f 753/1042/6409 2554/3372/8210 2547/3363/8203
f 2213/2957/7869 2548/3364/8204 2214/2962/7870
f 2213/2957/7869 2555/3373/8211 2548/3364/8204
f 2555/3373/8211 2556/3374/8212 2548/3364/8204
f 2553/3370/8209 728/999/6384 2552/3369/8208
f 2554/3372/8210 728/1025/6384 2553/3371/8209
f 2551/3367/8207 2552/3368/8208 719/988/6375
f 2552/3369/8208 727/998/6383 719/995/6375
f 728/999/6384 727/998/6383 2552/3369/8208
f 2551/3367/8207 719/988/6375 718/987/6374
f 2556/3374/8212 2557/3375/8213 2548/3364/8204
f 2558/3376/8214 2556/3374/8212 2555/3373/8211
f 2558/3376/8214 2559/3377/8215 2556/3374/8212
f 2560/3378/8216 2555/3373/8211 2213/2957/7869
f 2560/3378/8216 2558/3376/8214 2555/3373/8211
f 2203/2961/7859 2560/3379/8216 2213/2958/7869
f 2203/2941/7859 2202/2940/7858 2560/3380/8216
f 2202/2940/7858 2558/3381/8214 2560/3380/8216
f 2202/2940/7858 2561/3382/8217 2558/3381/8214
f 2562/3384/8218 2559/3383/8215 2558/3381/8214
f 2561/3382/8217 2562/3384/8218 2558/3381/8214
f 2559/3377/8215 2557/3375/8213 2556/3374/8212
f 2557/3375/8213 753/1042/6409 2548/3364/8204
f 2554/3372/8210 743/1022/6399 728/1025/6384
f 753/1042/6409 743/1022/6399 2554/3372/8210
f 2559/3377/8215 2563/3385/8219 2557/3375/8213
f 2562/3384/8218 2564/3386/8220 2559/3383/8215
f 2561/3382/8217 2565/3387/8221 2562/3384/8218
f 2565/3387/8221 2566/3388/8222 2562/3384/8218
f 2562/3384/8218 2566/3388/8222 2564/3386/8220
f 2202/2940/7858 2181/2919/7837 2561/3382/8217
f 2181/2919/7837 2565/3387/8221 2561/3382/8217
f 2566/3388/8222 2567/3389/8223 2564/3386/8220
f 2564/3386/8220 2568/3390/8224 2559/3383/8215
f 2564/3386/8220 2569/3391/8225 2568/3390/8224
f 2567/3389/8223 2569/3391/8225 2564/3386/8220
f 2568/3392/8224 2563/3385/8219 2559/3377/8215
f 2557/3375/8213 744/1024/6400 753/1042/6409
f 758/1049/6414 744/1024/6400 2557/3375/8213
f 2563/3385/8219 2570/3393/8226 2557/3375/8213
f 2571/3394/8227 2570/3393/8226 2563/3385/8219
f 2568/3392/8224 2571/3394/8227 2563/3385/8219
f 2572/3396/8228 2571/3395/8227 2568/3390/8224
f 2569/3391/8225 2572/3396/8228 2568/3390/8224
f 2567/3389/8223 2573/3397/8229 2569/3391/8225
f 2566/3388/8222 2573/3397/8229 2567/3389/8223
f 2565/3387/8221 2177/2915/7833 2566/3388/8222
f 2573/3397/8229 2566/3388/8222 2574/3398/8230
f 2569/3391/8225 2573/3397/8229 2572/3396/8228
f 2572/3396/8228 2575/3399/8231 2571/3395/8227
f 2573/3397/8229 2576/3400/8232 2572/3396/8228
f 2572/3396/8228 2576/3400/8232 2575/3399/8231
f 2571/3394/8227 2577/3401/8233 2570/3393/8226
f 2575/3399/8231 2577/3402/8233 2571/3395/8227
f 2570/3393/8226 2578/3403/8234 2557/3375/8213
f 2578/3403/8234 758/1049/6414 2557/3375/8213
f 2579/3404/8235 2578/3403/8234 2570/3393/8226
f 2577/3401/8233 2579/3404/8235 2570/3393/8226
f 2580/3407/8236 2579/3406/8235 2577/3405/8233
f 2575/3399/8231 2580/3408/8236 2577/3402/8233
f 2576/3400/8232 2581/3409/8237 2575/3399/8231
f 2575/3399/8231 2581/3409/8237 2580/3408/8236
f 2573/3397/8229 2582/3410/8238 2576/3400/8232
f 2576/3400/8232 2583/3411/8239 2581/3409/8237
f 2582/3410/8238 2583/3411/8239 2576/3400/8232
f 2574/3398/8230 2582/3410/8238 2573/3397/8229
f 2172/2910/7828 2566/3388/8222 2177/2915/7833
f 2566/3388/8222 2172/2910/7828 2574/3398/8230
f 2583/3411/8239 2584/3412/8240 2581/3409/8237
f 2580/3407/8236 2585/3413/8241 2579/3406/8235
f 2586/3415/8242 2585/3414/8241 2580/3408/8236
f 2581/3409/8237 2586/3415/8242 2580/3408/8236
f 2579/3404/8235 2585/3416/8241 2578/3403/8234
f 2578/3403/8234 765/1061/6421 758/1049/6414
f 2585/3416/8241 765/1061/6421 2578/3403/8234
f 2585/3416/8241 2587/3417/8243 765/1061/6421
f 2586/3415/8242 2588/3418/8244 2585/3414/8241
f 2585/3414/8241 2588/3418/8244 2587/3419/8243
f 2589/3420/8245 2588/3418/8244 2586/3415/8242
f 2589/3420/8245 2586/3415/8242 2581/3409/8237
f 2589/3420/8245 2581/3409/8237 2584/3412/8240
f 2574/3423/8230 2590/3422/8246 2582/3421/8238
f 2171/3424/7827 2590/3422/8246 2574/3423/8230
f 2582/3421/8238 2591/3426/8247 2583/3425/8239
f 2590/3422/8246 2591/3426/8247 2582/3421/8238
f 2588/3418/8244 772/1069/6428 2587/3419/8243
f 2592/3427/8248 772/1069/6428 2588/3418/8244
f 2589/3420/8245 2592/3427/8248 2588/3418/8244
f 2587/3417/8243 771/1067/6427 765/1061/6421
f 2587/3419/8243 772/1069/6428 771/1070/6427
f 2592/3427/8248 2593/3428/8249 772/1069/6428
f 2594/3429/8250 2592/3427/8248 2589/3420/8245
f 2594/3429/8250 2593/3428/8249 2592/3427/8248
f 2595/3430/8251 2594/3429/8250 2589/3420/8245
f 2596/3431/8252 2594/3429/8250 2595/3430/8251
f 2584/3412/8240 2595/3430/8251 2589/3420/8245
f 2583/3411/8239 2597/3432/8253 2584/3412/8240
f 2597/3432/8253 2595/3430/8251 2584/3412/8240
f 2591/3426/8247 2597/3433/8253 2583/3425/8239
f 2590/3422/8246 2598/3434/8254 2591/3426/8247
f 2598/3434/8254 2597/3433/8253 2591/3426/8247
f 2171/3424/7827 2599/3435/8255 2590/3422/8246
f 2599/3435/8255 2598/3434/8254 2590/3422/8246
f 2599/3435/8255 2145/2879/7801 2598/3434/8254
f 2598/3434/8254 2144/2878/7800 2597/3433/8253
f 2145/2879/7801 2144/2878/7800 2598/3434/8254
f 2597/3432/8253 2601/3437/8257 2600/3436/8256
f 2144/3438/7800 2601/3437/8257 2597/3432/8253
f 2597/3432/8253 2600/3436/8256 2595/3430/8251
f 2602/3439/8258 2596/3431/8252 2595/3430/8251
f 2600/3436/8256 2602/3439/8258 2595/3430/8251
f 2596/3431/8252 2604/3441/8260 2603/3440/8259
f 2596/3431/8252 2593/3428/8249 2594/3429/8250
f 2596/3431/8252 2603/3440/8259 2593/3428/8249
f 2593/3428/8249 2605/3442/8261 773/1071/6429
f 2593/3428/8249 773/1071/6429 772/1069/6428
f 773/1071/6429 2605/3442/8261 780/1084/6436
f 2593/3428/8249 2606/3443/8262 2605/3442/8261
f 2606/3443/8262 792/1107/6448 2605/3442/8261
f 2603/3440/8259 2606/3443/8262 2593/3428/8249
f 2603/3440/8259 2607/3444/8263 2606/3443/8262
f 2604/3441/8260 2607/3444/8263 2603/3440/8259
f 2604/3441/8260 2608/3445/8264 2607/3444/8263
f 2602/3439/8258 2604/3441/8260 2596/3431/8252
f 2601/3437/8257 2602/3439/8258 2600/3436/8256
f 2602/3439/8258 2609/3446/8265 2604/3441/8260
f 2601/3437/8257 2609/3446/8265 2602/3439/8258
f 2147/2881/7803 2145/2879/7801 2599/3435/8255
f 2144/3438/7800 2609/3446/8265 2601/3437/8257
f 2609/3446/8265 2608/3445/8264 2604/3441/8260
f 2608/3445/8264 2610/3447/8266 2607/3444/8263
f 2608/3445/8264 2611/3448/8267 2610/3447/8266
f 2607/3444/8263 2610/3447/8266 2606/3443/8262
f 2606/3443/8262 2610/3447/8266 792/1107/6448
f 2605/3442/8261 790/1106/6446 780/1084/6436
f 2605/3442/8261 792/1107/6448 790/1106/6446
f 2610/3447/8266 2612/3449/8268 792/1107/6448
f 2611/3448/8267 2612/3449/8268 2610/3447/8266
f 2609/3446/8265 2611/3448/8267 2608/3445/8264
f 2144/3438/7800 2613/3450/8269 2609/3446/8265
f 2146/2880/7802 2614/3451/8270 2144/2878/7800
f 2144/2878/7800 2614/3451/8270 2613/3452/8269
f 2613/3450/8269 2615/3453/8271 2609/3446/8265
f 2613/3452/8269 2616/3455/8272 2615/3454/8271
f 2614/3451/8270 2616/3455/8272 2613/3452/8269
f 2609/3446/8265 2615/3453/8271 2611/3448/8267
f 2611/3448/8267 2615/3453/8271 2612/3449/8268
f 2615/3454/8271 2617/3457/8273 2612/3456/8268
f 2612/3449/8268 2618/3458/8274 792/1107/6448
f 2612/3456/8268 2617/3457/8273 2618/3459/8274
f 792/1107/6448 2618/3458/8274 791/1105/6447
f 2617/3457/8273 2619/3460/8275 2618/3459/8274
f 2615/3454/8271 2620/3461/8276 2617/3457/8273
f 2621/3462/8277 2620/3461/8276 2615/3454/8271
f 2616/3455/8272 2621/3462/8277 2615/3454/8271
f 2146/2880/7802 2616/3455/8272 2614/3451/8270
f 2621/3462/8277 2622/3463/8278 2620/3461/8276
f 2620/3461/8276 2623/3464/8279 2617/3457/8273
f 2620/3461/8276 2624/3465/8280 2623/3464/8279
f 2622/3463/8278 2624/3465/8280 2620/3461/8276
f 2617/3457/8273 2623/3464/8279 2619/3460/8275
f 2619/3460/8275 2624/3465/8280 2625/3466/8281
f 2623/3464/8279 2624/3465/8280 2619/3460/8275
f 2618/3458/8274 793/1109/6449 791/1105/6447
f 2618/3459/8274 2619/3460/8275 793/1108/6449
f 2619/3460/8275 810/1133/6466 793/1108/6449
f 2619/3460/8275 2626/3467/8282 810/1133/6466
f 2625/3466/8281 2626/3467/8282 2619/3460/8275
f 2625/3466/8281 2627/3468/8283 2626/3467/8282
f 2624/3465/8280 2627/3468/8283 2625/3466/8281
f 2621/3462/8277 2628/3469/8284 2622/3463/8278
f 2628/3469/8284 2624/3465/8280 2622/3463/8278
f 2629/3470/8285 2628/3469/8284 2621/3462/8277
f 2616/3455/8272 2630/3471/8286 2621/3462/8277
f 2630/3471/8286 2629/3470/8285 2621/3462/8277
f 2146/2880/7802 2631/3472/8287 2616/3455/8272
f 2631/3472/8287 2630/3471/8286 2616/3455/8272
f 2631/3472/8287 2632/3473/8288 2630/3471/8286
f 2632/3473/8288 2629/3470/8285 2630/3471/8286
f 2629/3470/8285 2633/3474/8289 2628/3469/8284
f 2628/3469/8284 2633/3474/8289 2624/3465/8280
f 2633/3474/8289 2634/3475/8290 2624/3465/8280
f 2624/3465/8280 2634/3475/8290 2627/3468/8283
f 2627/3468/8283 2635/3476/8291 2626/3467/8282
f 2626/3467/8282 819/1146/6475 810/1133/6466
f 2626/3467/8282 2635/3476/8291 819/1146/6475
f 2635/3476/8291 842/1173/6498 819/1146/6475
f 2637/3478/8293 2636/3477/8292 2627/3468/8283
f 2634/3475/8290 2637/3478/8293 2627/3468/8283
f 2633/3474/8289 2103/2828/7759 2634/3475/8290
f 2103/2828/7759 2637/3478/8293 2634/3475/8290
f 2629/3470/8285 2109/2835/7765 2633/3474/8289
f 2109/2835/7765 2103/2828/7759 2633/3474/8289
f 2632/3473/8288 2110/2836/7766 2629/3470/8285
f 2110/2836/7766 2109/2835/7765 2629/3470/8285
f 2120/2846/7776 2110/2836/7766 2632/3473/8288
f 2120/2846/7776 2632/3473/8288 2631/3472/8287
f 2136/2866/7792 2120/2846/7776 2146/2880/7802
f 2120/2846/7776 2631/3472/8287 2146/2880/7802
f 2103/2828/7759 2091/2814/7747 2637/3478/8293
f 2091/2814/7747 2079/2800/7735 2637/3478/8293
f 2637/3478/8293 2079/2800/7735 2636/3477/8292
f 2079/2800/7735 2059/2777/7715 2636/3477/8292
f 2635/3476/8291 2627/3468/8283 842/1173/6498
f 2636/3477/8292 2058/2776/7714 2627/3468/8283
f 2636/3477/8292 2059/2777/7715 2058/2776/7714
f 2627/3468/8283 2058/2776/7714 842/1173/6498
f 2058/2776/7714 843/1174/6499 842/1173/6498
f 842/1173/6498 820/1147/6476 819/1146/6475
f 2058/2776/7714 855/1189/6511 843/1174/6499
f 2160/2898/7816 2147/2881/7803 2599/3435/8255
f 2160/2898/7816 2599/3435/8255 2171/3424/7827
f 2574/3398/8230 2172/2910/7828 2171/2909/7827
f 2180/2918/7836 2172/2910/7828 2177/2915/7833
f 2178/2916/7834 2177/2915/7833 2565/3387/8221
f 2178/2916/7834 2565/3387/8221 2181/2919/7837
f 2503/3296/8159 699/961/6355 693/955/6349
f 2507/3300/8163 2503/3296/8159 693/955/6349
f 692/954/6348 676/935/6332 674/933/6330
f 2499/3292/8155 674/933/6330 675/934/6331
f 2228/2979/7884 2227/2978/7883 2226/2977/7882
f 25/32/5681 2124/2850/7780 10/13/5666
f 2124/2850/7780 25/32/5681 24/3479/5680
f 2125/2852/7781 2124/2850/7780 24/3479/5680
f 24/30/5680 23/29/5679 2125/2851/7781
f 2125/2851/7781 23/29/5679 625/866/6281
f 23/29/5679 22/28/5678 625/866/6281
f 625/866/6281 2638/3480/8294 2107/2832/7763
f 2638/3480/8294 625/866/6281 661/917/6317
f 2638/3480/8294 661/917/6317 2639/3481/8295
f 2638/3480/8294 2639/3481/8295 2107/2832/7763
f 2639/3481/8295 661/917/6317 2640/3482/8296
f 625/866/6281 635/879/6291 661/917/6317
f 661/917/6317 660/916/6316 2640/3482/8296
f 2639/3481/8295 2640/3482/8296 1782/2404/7438
f 2107/2832/7763 2639/3481/8295 2641/3483/8297
f 2097/2821/7753 2107/2832/7763 2641/3483/8297
f 2097/2821/7753 2641/3483/8297 2087/2809/7743
f 2640/3482/8296 660/916/6316 2642/3484/8298
f 2643/3485/8299 660/915/6316 662/919/6318
f 2642/3484/8298 660/916/6316 2643/3486/8299
f 2640/3482/8296 2642/3484/8298 1782/2404/7438
f 2087/2809/7743 2641/3483/8297 1793/2421/7449
f 2087/2809/7743 1793/2421/7449 2074/2793/7730
f 1782/2404/7438 2642/3484/8298 2644/3487/8300
f 2642/3484/8298 2643/3486/8299 2645/3488/8301
f 2642/3484/8298 2645/3488/8301 2644/3487/8300
f 2646/3490/8302 2643/3489/8299 662/918/6318
f 2645/3491/8301 2643/3489/8299 2646/3490/8302
f 659/912/6315 668/926/6324 662/918/6318
f 662/918/6318 668/926/6324 2646/3490/8302
f 668/926/6324 1743/2351/7399 2646/3490/8302
f 2646/3490/8302 1743/2351/7399 2647/3492/8303
f 2647/3492/8303 2645/3491/8301 2646/3490/8302
f 2648/3493/8304 2645/3491/8301 2647/3492/8303
f 2644/3487/8300 2645/3488/8301 2648/3494/8304
f 2639/3481/8295 1782/2404/7438 1781/2403/7437
f 2641/3483/8297 2639/3481/8295 1781/2403/7437
f 1793/2421/7449 2641/3483/8297 1781/2403/7437
f 1782/2404/7438 2644/3487/8300 1767/2375/7423
f 2648/3494/8304 1767/2375/7423 2644/3487/8300
f 1754/2362/7410 2648/3493/8304 2647/3492/8303
f 2647/3492/8303 1743/2351/7399 1754/2362/7410
f 2648/3493/8304 1754/2362/7410 1766/2374/7422
f 1766/2377/7422 1767/2375/7423 2648/3494/8304
f 56/65/5712 546/752/6202 55/64/5711
f 80/101/5736 546/752/6202 56/65/5712
f 80/101/5736 536/734/6192 546/752/6202
f 2649/3495/8305 536/734/6192 80/101/5736
f 80/101/5736 79/102/5735 2649/3495/8305
f 2649/3495/8305 2650/3496/8306 536/734/6192
f 2649/3495/8305 79/102/5735 2650/3496/8306
f 2651/3498/8307 2650/3497/8306 79/100/5735
f 79/100/5735 88/111/5744 2651/3498/8307
f 88/111/5744 99/122/5755 2651/3498/8307
f 2652/3499/8308 2650/3497/8306 2651/3498/8307
f 2651/3498/8307 99/122/5755 2652/3499/8308
f 2652/3499/8308 2653/3500/8309 2650/3497/8306
f 2650/3496/8306 2653/3501/8309 536/734/6192
f 2654/3502/8310 99/122/5755 100/123/5756
f 2652/3499/8308 99/122/5755 2654/3502/8310
f 2655/3503/8311 2652/3499/8308 2654/3502/8310
f 2656/3504/8312 2653/3500/8309 2652/3499/8308
f 2655/3503/8311 2656/3504/8312 2652/3499/8308
f 536/734/6192 2653/3501/8309 527/721/6183
f 2653/3501/8309 2656/3505/8312 527/721/6183
f 2657/3506/8313 2656/3504/8312 2655/3503/8311
f 2656/3505/8312 2658/3507/8314 527/721/6183
f 2656/3505/8312 2657/3508/8313 2658/3507/8314
f 2659/3509/8315 2654/3502/8310 101/124/5757
f 2660/3510/8316 2654/3502/8310 2659/3509/8315
f 2654/3502/8310 100/123/5756 101/124/5757
f 2655/3503/8311 2654/3502/8310 2660/3510/8316
f 2661/3511/8317 2655/3503/8311 2660/3510/8316
f 2662/3512/8318 2655/3503/8311 2661/3511/8317
f 2657/3506/8313 2655/3503/8311 2662/3512/8318
f 2662/3513/8318 2658/3507/8314 2657/3508/8313
f 2663/3514/8319 526/720/6182 2658/3507/8314
f 527/721/6183 2658/3507/8314 526/720/6182
f 2658/3507/8314 2662/3513/8318 2663/3514/8319
f 2664/3515/8320 2661/3511/8317 2660/3510/8316
f 2664/3515/8320 2660/3510/8316 2659/3509/8315
f 2664/3515/8320 2659/3509/8315 111/137/5767
f 2659/3509/8315 101/124/5757 111/137/5767
f 2665/3516/8321 2662/3512/8318 2661/3511/8317
f 2662/3513/8318 2665/3517/8321 2663/3514/8319
f 2663/3514/8319 510/695/6166 526/720/6182
f 2663/3514/8319 508/692/6164 510/695/6166
f 2666/3518/8322 2661/3511/8317 2664/3515/8320
f 2666/3518/8322 2664/3515/8320 111/137/5767
f 111/137/5767 109/135/5765 2667/3519/8323
f 2668/3520/8324 111/137/5767 2667/3519/8323
f 2669/3521/8325 111/137/5767 2668/3520/8324
f 2669/3521/8325 2666/3518/8322 111/137/5767
f 2670/3522/8326 2666/3518/8322 2669/3521/8325
f 2670/3522/8326 2661/3511/8317 2666/3518/8322
f 2671/3523/8327 2661/3511/8317 2670/3522/8326
f 2671/3523/8327 2665/3516/8321 2661/3511/8317
f 2672/3524/8328 2665/3516/8321 2671/3523/8327
f 2663/3514/8319 2665/3517/8321 2673/3525/8329
f 2665/3517/8321 2672/3526/8328 2673/3525/8329
f 2673/3525/8329 508/692/6164 2663/3514/8319
f 2674/3527/8330 508/692/6164 2673/3525/8329
f 2673/3525/8329 2672/3526/8328 2674/3527/8330
f 2675/3528/8331 2672/3524/8328 2671/3523/8327
f 2676/3529/8332 2671/3523/8327 2670/3522/8326
f 2675/3528/8331 2671/3523/8327 2676/3529/8332
f 2677/3530/8333 2670/3522/8326 2669/3521/8325
f 2676/3529/8332 2670/3522/8326 2677/3530/8333
f 2677/3530/8333 2669/3521/8325 2668/3520/8324
f 2668/3520/8324 2667/3519/8323 2678/3531/8334
f 2678/3531/8334 2667/3519/8323 2679/3532/8335
f 2667/3519/8323 109/135/5765 2679/3532/8335
f 2679/3532/8335 109/135/5765 112/138/5768
f 2680/3533/8336 2679/3532/8335 112/138/5768
f 2678/3531/8334 2679/3532/8335 2680/3533/8336
f 2681/3534/8337 2678/3531/8334 2680/3533/8336
f 2682/3535/8338 2678/3531/8334 2681/3534/8337
f 2682/3535/8338 2668/3520/8324 2678/3531/8334
f 2677/3530/8333 2668/3520/8324 2682/3535/8338
f 2683/3538/8339 2676/3537/8332 2677/3536/8333
f 2683/3538/8339 2675/3539/8331 2676/3537/8332
f 2684/3542/8340 2672/3541/8328 2675/3540/8331
f 2674/3527/8330 2672/3526/8328 2685/3543/8341
f 2672/3541/8328 2684/3542/8340 2685/3544/8341
f 2674/3527/8330 501/681/6157 508/692/6164
f 2685/3543/8341 501/681/6157 2674/3527/8330
f 2686/3545/8342 2684/3542/8340 2675/3540/8331
f 2687/3546/8343 2684/3542/8340 2686/3545/8342
f 2684/3542/8340 2687/3546/8343 2685/3544/8341
f 2686/3547/8342 2675/3539/8331 2683/3538/8339
f 2689/3549/8345 2683/3538/8339 2688/3548/8344
f 2690/3551/8346 2677/3536/8333 2682/3550/8338
f 2683/3538/8339 2677/3536/8333 2690/3551/8346
f 2691/3553/8347 2682/3550/8338 2681/3552/8337
f 2690/3551/8346 2682/3550/8338 2691/3553/8347
f 2692/3554/8348 2681/3534/8337 2680/3533/8336
f 2691/3553/8347 2681/3552/8337 2692/3555/8348
f 2693/3556/8349 2691/3553/8347 2692/3555/8348
f 2688/3548/8344 2683/3538/8339 2690/3551/8346
f 2689/3549/8345 2686/3547/8342 2683/3538/8339
f 2694/3557/8350 2687/3546/8343 2686/3545/8342
f 2685/3560/8341 2687/3559/8343 2695/3558/8351
f 2687/3559/8343 2694/3561/8350 2695/3558/8351
f 2696/3562/8352 2689/3549/8345 2688/3548/8344
f 2697/3563/8353 2690/3551/8346 2691/3553/8347
f 2688/3548/8344 2690/3551/8346 2697/3563/8353
f 2697/3563/8353 2691/3553/8347 2693/3556/8349
f 2697/3563/8353 2693/3556/8349 2698/3564/8354
f 151/184/5807 2693/3556/8349 2699/3565/8355
f 2698/3564/8354 2693/3556/8349 151/184/5807
f 2693/3556/8349 2692/3555/8348 2699/3565/8355
f 2699/3566/8355 2692/3554/8348 150/179/5806
f 2692/3554/8348 2680/3533/8336 150/179/5806
f 150/179/5806 2680/3533/8336 137/166/5793
f 2680/3533/8336 112/138/5768 137/166/5793
f 150/179/5806 137/166/5793 129/158/5785
f 151/181/5807 2699/3566/8355 150/179/5806
f 2700/3567/8356 2689/3549/8345 2696/3562/8352
f 2702/3569/8358 2698/3564/8354 2701/3568/8357
f 2698/3564/8354 151/184/5807 2701/3568/8357
f 2701/3568/8357 151/184/5807 2703/3570/8359
f 2703/3570/8359 151/184/5807 153/183/5809
f 161/192/5817 2703/3570/8359 160/191/5816
f 2701/3568/8357 2703/3570/8359 161/192/5817
f 2703/3570/8359 153/183/5809 160/191/5816
f 2704/3571/8360 2701/3568/8357 161/192/5817
f 2705/3572/8361 2698/3564/8354 2702/3569/8358
f 2705/3572/8361 2697/3563/8353 2698/3564/8354
f 2706/3573/8362 2697/3563/8353 2705/3572/8361
f 2707/3574/8363 2696/3562/8352 2688/3548/8344
f 2707/3574/8363 2688/3548/8344 2697/3563/8353
f 2708/3575/8364 2697/3563/8353 2706/3573/8362
f 2707/3574/8363 2697/3563/8353 2708/3575/8364
f 2708/3575/8364 2706/3573/8362 2705/3572/8361
f 2709/3576/8365 2702/3569/8358 2701/3568/8357
f 2710/3577/8366 2701/3568/8357 2704/3571/8360
f 2709/3576/8365 2701/3568/8357 2710/3577/8366
f 2710/3577/8366 2704/3571/8360 2711/3578/8367
f 2704/3571/8360 161/192/5817 170/201/5826
f 2704/3571/8360 170/201/5826 2711/3578/8367
f 2713/3580/8369 2711/3578/8367 2712/3579/8368
f 2713/3580/8369 2710/3577/8366 2711/3578/8367
f 2714/3581/8370 2710/3577/8366 2713/3580/8369
f 2714/3581/8370 2709/3576/8365 2710/3577/8366
f 2715/3582/8371 2709/3576/8365 2714/3581/8370
f 2715/3582/8371 2702/3569/8358 2709/3576/8365
f 2716/3583/8372 2707/3574/8363 2708/3575/8364
f 2705/3572/8361 2717/3584/8373 2708/3575/8364
f 2717/3584/8373 2718/3585/8374 2708/3575/8364
f 2708/3575/8364 2718/3585/8374 2716/3583/8372
f 2702/3569/8358 2719/3586/8375 2705/3572/8361
f 2719/3586/8375 2717/3584/8373 2705/3572/8361
f 2720/3587/8376 2719/3586/8375 2702/3569/8358
f 2715/3582/8371 2720/3587/8376 2702/3569/8358
f 2714/3581/8370 2721/3588/8377 2715/3582/8371
f 2713/3580/8369 2721/3588/8377 2714/3581/8370
f 2712/3579/8368 2722/3589/8378 2713/3580/8369
f 183/219/5839 2722/3589/8378 2712/3579/8368
f 2712/3579/8368 2711/3578/8367 169/200/5825
f 2711/3578/8367 170/201/5826 169/200/5825
f 183/219/5839 2712/3579/8368 182/218/5838
f 2712/3579/8368 169/200/5825 182/218/5838
f 2721/3588/8377 2713/3580/8369 2723/3590/8379
f 2723/3590/8379 2713/3580/8369 2722/3589/8378
f 2720/3587/8376 2715/3582/8371 2724/3591/8380
f 2724/3591/8380 2715/3582/8371 2721/3588/8377
f 2719/3586/8375 2720/3587/8376 2725/3592/8381
f 2725/3592/8381 2720/3587/8376 2724/3591/8380
f 2726/3593/8382 2719/3586/8375 2725/3592/8381
f 2717/3584/8373 2719/3586/8375 2726/3593/8382
f 2718/3585/8374 2717/3584/8373 2726/3593/8382
f 2727/3594/8383 2726/3593/8382 2725/3592/8381
f 2728/3595/8384 2725/3592/8381 2724/3591/8380
f 2728/3595/8384 2724/3591/8380 2721/3588/8377
f 2729/3596/8385 2721/3588/8377 2723/3590/8379
f 2729/3596/8385 2723/3590/8379 2722/3589/8378
f 2730/3597/8386 2721/3588/8377 2729/3596/8385
f 2730/3597/8386 2728/3595/8384 2721/3588/8377
f 2731/3598/8387 2725/3592/8381 2728/3595/8384
f 2731/3598/8387 2727/3594/8383 2725/3592/8381
f 2732/3599/8388 2728/3595/8384 2730/3597/8386
f 2731/3598/8387 2728/3595/8384 2732/3599/8388
f 2733/3600/8389 2730/3597/8386 2729/3596/8385
f 2732/3599/8388 2730/3597/8386 2733/3600/8389
f 2733/3600/8389 2729/3596/8385 2722/3589/8378
f 2733/3600/8389 2722/3589/8378 207/253/5863
f 207/253/5863 2734/3601/8390 2733/3600/8389
f 2734/3601/8390 2735/3602/8391 2733/3600/8389
f 2735/3602/8391 2736/3603/8392 2733/3600/8389
f 2733/3600/8389 2736/3603/8392 2732/3599/8388
f 2736/3603/8392 2737/3604/8393 2732/3599/8388
f 2732/3599/8388 2737/3604/8393 2731/3598/8387
f 2737/3604/8393 2738/3605/8394 2731/3598/8387
f 2731/3598/8387 2738/3605/8394 2739/3606/8395
f 2738/3605/8394 2740/3607/8396 2739/3606/8395
f 2738/3605/8394 2737/3604/8393 2741/3608/8397
f 2740/3607/8396 2738/3605/8394 2741/3608/8397
f 2737/3604/8393 2736/3603/8392 2742/3609/8398
f 2741/3608/8397 2737/3604/8393 2742/3609/8398
f 2736/3603/8392 2735/3602/8391 2742/3609/8398
f 2742/3609/8398 2735/3602/8391 2743/3610/8399
f 2735/3602/8391 2734/3601/8390 2743/3610/8399
f 2743/3610/8399 2734/3601/8390 210/259/5866
f 207/253/5863 2722/3589/8378 194/236/5850
f 2722/3589/8378 183/219/5839 194/236/5850
f 208/254/5864 2734/3601/8390 207/253/5863
f 2734/3601/8390 208/254/5864 210/259/5866
f 210/256/5866 2744/3612/8400 2743/3611/8399
f 2744/3612/8400 2742/3613/8398 2743/3611/8399
f 2741/3615/8397 2742/3613/8398 2745/3614/8401
f 2745/3614/8401 2742/3613/8398 2746/3616/8402
f 2742/3613/8398 2744/3612/8400 2746/3616/8402
f 2744/3612/8400 210/256/5866 2747/3617/8403
f 2746/3616/8402 2744/3612/8400 2747/3617/8403
f 233/297/5889 2746/3619/8402 2747/3618/8403
f 2748/3620/8404 2746/3619/8402 233/297/5889
f 2748/3620/8404 2745/3621/8401 2746/3619/8402
f 2750/3623/8406 2748/3620/8404 2749/3622/8405
f 2749/3622/8405 2748/3620/8404 233/297/5889
f 2749/3622/8405 233/297/5889 235/299/5891
f 233/297/5889 2747/3618/8403 219/277/5875
f 2747/3617/8403 210/256/5866 219/273/5875
f 2751/3624/8407 235/299/5891 234/298/5890
f 2751/3624/8407 2749/3622/8405 235/299/5891
f 2752/3625/8408 2749/3622/8405 2751/3624/8407
f 2753/3626/8409 2749/3622/8405 2752/3625/8408
f 2753/3626/8409 2750/3623/8406 2749/3622/8405
f 2754/3627/8410 2750/3623/8406 2753/3626/8409
f 2750/3623/8406 2745/3621/8401 2748/3620/8404
f 2755/3628/8411 2754/3627/8410 2753/3626/8409
f 2755/3628/8411 2753/3626/8409 2756/3629/8412
f 2756/3629/8412 2753/3626/8409 2752/3625/8408
f 2756/3629/8412 2752/3625/8408 2757/3630/8413
f 2757/3630/8413 2752/3625/8408 2751/3624/8407
f 2757/3630/8413 2751/3624/8407 246/316/5902
f 246/316/5902 2751/3624/8407 234/298/5890
f 2759/3632/8415 246/316/5902 2758/3631/8414
f 2759/3632/8415 2757/3630/8413 246/316/5902
f 2760/3633/8416 2757/3630/8413 2759/3632/8415
f 2760/3633/8416 2756/3629/8412 2757/3630/8413
f 2761/3634/8417 2756/3629/8412 2760/3633/8416
f 2762/3635/8418 2755/3628/8411 2756/3629/8412
f 2762/3635/8418 2763/3636/8419 2755/3628/8411
f 2763/3636/8419 2754/3627/8410 2755/3628/8411
f 2761/3634/8417 2762/3635/8418 2756/3629/8412
f 2765/3638/8421 2758/3631/8414 2764/3637/8420
f 2758/3631/8414 2765/3638/8421 2759/3632/8415
f 2760/3633/8416 2766/3639/8422 2761/3634/8417
f 2766/3639/8422 2767/3640/8423 2761/3634/8417
f 2767/3640/8423 2768/3641/8424 2761/3634/8417
f 2761/3634/8417 2768/3641/8424 2762/3635/8418
f 2768/3644/8424 2767/3643/8423 2769/3642/8425
f 2767/3647/8423 2766/3646/8422 2770/3645/8426
f 2769/3650/8425 2767/3649/8423 2770/3648/8426
f 2766/3639/8422 2760/3633/8416 2771/3651/8427
f 2770/3645/8426 2766/3646/8422 2771/3652/8427
f 2760/3633/8416 2759/3632/8415 2772/3653/8428
f 2771/3651/8427 2760/3633/8416 2772/3653/8428
f 2772/3653/8428 2759/3632/8415 2765/3638/8421
f 2765/3638/8421 2773/3654/8429 2772/3653/8428
f 2773/3654/8429 2774/3655/8430 2772/3653/8428
f 2772/3653/8428 2774/3655/8430 2771/3651/8427
f 2774/3658/8430 2775/3657/8431 2771/3656/8427
f 2771/3656/8427 2775/3657/8431 2770/3648/8426
f 2775/3657/8431 2776/3659/8432 2770/3648/8426
f 2776/3659/8432 2777/3660/8433 2770/3648/8426
f 2770/3648/8426 2777/3660/8433 2769/3650/8425
f 2777/3660/8433 325/423/5981 2769/3650/8425
f 325/423/5981 2778/3661/8434 2769/3650/8425
f 2769/3650/8425 2778/3661/8434 2779/3662/8435
f 2779/3663/8435 2768/3644/8424 2769/3642/8425
f 2780/3665/8436 2768/3641/8424 2779/3664/8435
f 2768/3641/8424 2780/3665/8436 2762/3635/8418
f 325/423/5981 2777/3660/8433 319/416/5975
f 2777/3660/8433 2776/3659/8432 312/409/5968
f 319/416/5975 2777/3660/8433 312/409/5968
f 2776/3659/8432 2775/3657/8431 312/409/5968
f 2775/3657/8431 2774/3658/8430 311/408/5967
f 312/409/5968 2775/3657/8431 311/408/5967
f 2774/3658/8430 2773/3666/8429 301/394/5957
f 311/408/5967 2774/3658/8430 301/394/5957
f 301/394/5957 2773/3666/8429 299/392/5955
f 2773/3666/8429 2781/3667/8437 299/392/5955
f 2781/3667/8437 2782/3668/8438 299/392/5955
f 2783/3671/8439 2782/3670/8438 2781/3669/8437
f 2781/3674/8437 2784/3673/8440 2783/3672/8439
f 2784/3673/8440 2781/3674/8437 2765/3638/8421
f 2781/3674/8437 2773/3654/8429 2765/3638/8421
f 299/392/5955 2782/3668/8438 287/376/5943
f 289/378/5945 2782/3668/8438 2785/3675/8441
f 287/376/5943 2782/3668/8438 289/378/5945
f 2782/3670/8438 2786/3677/8442 2785/3676/8441
f 2783/3671/8439 2786/3677/8442 2782/3670/8438
f 2765/3638/8421 2783/3672/8439 2784/3673/8440
f 2765/3638/8421 2764/3637/8420 2783/3672/8439
f 2786/3677/8442 2783/3671/8439 2787/3678/8443
f 2786/3677/8442 2787/3678/8443 2785/3676/8441
f 257/332/5913 289/378/5945 2785/3675/8441
f 2785/3675/8441 255/333/5911 257/332/5913
f 2785/3676/8441 2787/3678/8443 255/3679/5911
f 288/377/5944 289/378/5945 257/332/5913
f 276/361/5932 257/332/5913 256/330/5912
f 288/377/5944 257/332/5913 276/361/5932
f 2787/3678/8443 247/3680/5903 255/3679/5911
f 2787/3682/8443 2788/3681/8444 247/318/5903
f 2783/3672/8439 2788/3681/8444 2787/3682/8443
f 2783/3672/8439 2764/3637/8420 2788/3681/8444
f 2788/3681/8444 245/315/5901 247/318/5903
f 2764/3637/8420 2758/3631/8414 2788/3681/8444
f 2788/3681/8444 2758/3631/8414 245/315/5901
f 2758/3631/8414 246/316/5902 245/315/5901
f 2789/3683/8445 2778/3661/8434 325/423/5981
f 2778/3661/8434 2789/3683/8445 2779/3662/8435
f 2779/3662/8435 2789/3683/8445 2790/3684/8446
f 2790/3685/8446 2780/3665/8436 2779/3664/8435
f 2791/3686/8447 2780/3665/8436 2790/3685/8446
f 2790/3684/8446 2789/3683/8445 2792/3687/8448
f 2792/3688/8448 2791/3686/8447 2790/3685/8446
f 352/459/6008 2789/3683/8445 325/423/5981
f 385/507/6041 2789/3683/8445 352/459/6008
f 2789/3683/8445 385/507/6041 2792/3687/8448
f 2792/3689/8448 385/509/6041 396/528/6052
f 396/529/6052 2791/3686/8447 2792/3688/8448
f 2780/3665/8436 2791/3686/8447 2793/3690/8449
f 2762/3635/8418 2780/3665/8436 2793/3690/8449
f 2762/3635/8418 2794/3691/8450 2763/3636/8419
f 2793/3690/8449 2794/3691/8450 2762/3635/8418
f 2795/3692/8451 2791/3686/8447 396/529/6052
f 2791/3686/8447 2795/3692/8451 2793/3690/8449
f 395/526/6051 2795/3692/8451 396/529/6052
f 2793/3690/8449 2795/3692/8451 398/531/6054
f 2795/3692/8451 395/526/6051 398/531/6054
f 2793/3690/8449 2796/3693/8452 2794/3691/8450
f 398/531/6054 2796/3693/8452 2793/3690/8449
f 2794/3691/8450 2798/3695/8454 2797/3694/8453
f 2796/3693/8452 2798/3695/8454 2794/3691/8450
f 2794/3691/8450 2797/3694/8453 2763/3636/8419
f 2797/3694/8453 2800/3697/8456 2799/3696/8455
f 2798/3695/8454 2800/3697/8456 2797/3694/8453
f 2796/3693/8452 2801/3698/8457 2798/3695/8454
f 2798/3695/8454 441/595/6097 2800/3697/8456
f 2801/3698/8457 441/595/6097 2798/3695/8454
f 398/531/6054 408/544/6064 2796/3693/8452
f 408/544/6064 2801/3698/8457 2796/3693/8452
f 408/544/6064 409/545/6065 2801/3698/8457
f 2801/3698/8457 409/545/6065 441/595/6097
f 441/595/6097 440/594/6096 2800/3697/8456
f 2797/3694/8453 2799/3696/8455 2802/3699/8458
f 2763/3636/8419 2797/3694/8453 2803/3700/8459
f 2797/3694/8453 2802/3699/8458 2803/3700/8459
f 2800/3697/8456 2804/3701/8460 2799/3696/8455
f 2800/3697/8456 440/594/6096 2804/3701/8460
f 2799/3696/8455 2805/3702/8461 2802/3699/8458
f 2799/3696/8455 2804/3701/8460 2805/3702/8461
f 2802/3699/8458 2806/3703/8462 2803/3700/8459
f 2802/3699/8458 2805/3702/8461 2806/3703/8462
f 2803/3700/8459 2807/3704/8463 2750/3623/8406
f 2803/3700/8459 2806/3703/8462 2807/3704/8463
f 2763/3636/8419 2803/3700/8459 2754/3627/8410
f 2803/3700/8459 2750/3623/8406 2754/3627/8410
f 2808/3707/8464 2740/3706/8396 2807/3705/8463
f 2806/3708/8462 2808/3707/8464 2807/3705/8463
f 2805/3709/8461 2808/3707/8464 2806/3708/8462
f 2809/3710/8465 2808/3707/8464 2805/3709/8461
f 2804/3711/8460 2809/3710/8465 2805/3709/8461
f 2810/3712/8466 2809/3710/8465 2804/3711/8460
f 440/3713/6096 2810/3712/8466 2804/3711/8460
f 432/3714/6088 2810/3712/8466 440/3713/6096
f 2809/3710/8465 2810/3712/8466 2811/3715/8467
f 2810/3712/8466 432/3714/6088 2811/3715/8467
f 2750/3623/8406 2807/3704/8463 2745/3621/8401
f 2740/3706/8396 2741/3615/8397 2807/3705/8463
f 2807/3705/8463 2741/3615/8397 2745/3614/8401
f 2812/3716/8468 2740/3706/8396 2808/3707/8464
f 2809/3710/8465 2812/3716/8468 2808/3707/8464
f 2813/3717/8469 2812/3716/8468 2809/3710/8465
f 2811/3715/8467 2813/3717/8469 2809/3710/8465
f 2811/3719/8467 432/580/6088 2814/3718/8470
f 432/580/6088 433/581/6089 2814/3718/8470
f 2813/3720/8469 2811/3719/8467 2814/3718/8470
f 2812/3722/8468 2813/3720/8469 2815/3721/8471
f 2815/3721/8471 2813/3720/8469 2814/3718/8470
f 2727/3594/8383 2812/3722/8468 2815/3721/8471
f 2740/3607/8396 2812/3722/8468 2739/3606/8395
f 2739/3606/8395 2812/3722/8468 2727/3594/8383
f 2739/3606/8395 2727/3594/8383 2731/3598/8387
f 433/581/6089 2816/3723/8472 2814/3718/8470
f 433/581/6089 456/614/6112 2816/3723/8472
f 439/593/6095 456/614/6112 433/581/6089
f 2814/3718/8470 2816/3723/8472 2817/3724/8473
f 2814/3718/8470 2817/3724/8473 2815/3721/8471
f 2815/3721/8471 2726/3593/8382 2727/3594/8383
f 2815/3721/8471 2817/3724/8473 2726/3593/8382
f 2816/3723/8472 2718/3585/8374 2817/3724/8473
f 2816/3723/8472 2716/3583/8372 2718/3585/8374
f 456/614/6112 2716/3583/8372 2816/3723/8472
f 456/614/6112 2818/3725/8474 2716/3583/8372
f 457/615/6113 2818/3725/8474 456/614/6112
f 2817/3724/8473 2718/3585/8374 2726/3593/8382
f 2716/3583/8372 2818/3725/8474 2707/3574/8363
f 2818/3725/8474 2819/3726/8475 2707/3574/8363
f 2818/3725/8474 457/615/6113 2819/3726/8475
f 457/615/6113 463/624/6119 2820/3727/8476
f 464/3728/6120 2820/3727/8476 463/624/6119
f 464/3728/6120 478/3729/6134 2820/3727/8476
f 2819/3726/8475 2696/3562/8352 2707/3574/8363
f 2819/3726/8475 2700/3567/8356 2696/3562/8352
f 2819/3726/8475 2820/3727/8476 2700/3567/8356
f 457/615/6113 2820/3727/8476 2819/3726/8475
f 478/3729/6134 2821/3730/8477 2820/3727/8476
f 2821/3730/8477 2822/3731/8478 2820/3727/8476
f 2823/3732/8479 2822/3731/8478 2821/3730/8477
f 478/3729/6134 2823/3732/8479 2821/3730/8477
f 2820/3727/8476 2822/3731/8478 2700/3567/8356
f 2822/3731/8478 2689/3549/8345 2700/3567/8356
f 2823/3732/8479 2824/3733/8480 2822/3731/8478
f 2822/3731/8478 2686/3547/8342 2689/3549/8345
f 2824/3733/8480 2686/3547/8342 2822/3731/8478
f 2823/3732/8479 2825/3734/8481 2824/3733/8480
f 478/3729/6134 483/3735/6139 2823/3732/8479
f 2823/3732/8479 483/3735/6139 2825/3734/8481
f 2826/3736/8482 2824/3733/8480 2825/3734/8481
f 483/3739/6139 484/3738/6140 2825/3737/8481
f 2825/3737/8481 484/3738/6140 2827/3740/8483
f 2826/3741/8482 2825/3737/8481 2827/3740/8483
f 2824/3733/8480 2826/3736/8482 2686/3547/8342
f 2828/3742/8484 2686/3545/8342 2826/3741/8482
f 2828/3742/8484 2694/3557/8350 2686/3545/8342
f 2826/3741/8482 2827/3740/8483 2828/3742/8484
f 2829/3743/8485 2828/3742/8484 2827/3740/8483
f 2827/3744/8483 484/654/6140 482/651/6138
f 2829/3745/8485 2827/3744/8483 482/651/6138
f 2828/3742/8484 2829/3743/8485 2694/3557/8350
f 2830/3746/8486 2694/3561/8350 2829/3745/8485
f 2829/3745/8485 482/651/6138 2830/3746/8486
f 2830/3746/8486 482/651/6138 485/655/6141
f 2830/3746/8486 485/655/6141 2695/3558/8351
f 2695/3558/8351 2694/3561/8350 2830/3746/8486
f 2695/3747/8351 485/680/6141 501/681/6157
f 2695/3747/8351 501/681/6157 2685/3543/8341

# End of Object "CaveWalls4_A"
