# Created with Anim8or 1.00
# Object "CaveWalls4_E":

mtllib CaveWalls4_E.mtl

# Shape "CaveWalls4E":
g CaveWalls4E
# No. points 1130:
v -7.641 -4.5958 -23.458
v -6.997 -6.3555 -23.049
v -6.094 -4.7561 -23.751
v -8.611 -5.2365 -22.853
v -8.927 -3.1948 -22.895
v -6.943 -2.8575 -23.665
v -5.185 -6.0687 -23.225
v -4.384 -4.9105 -23.475
v -5.098 -3.0433 -23.863
v -8.749 -6.518 -22.104
v -4.882 -7.2339 -22.016
v -6.913 -7.6687 -21.227
v -10.206 -4.9587 -22.166
v -7.963 -1.1857 -23.433
v -5.5 -0.20560 -23.623
v -4.058 -1.7484 -23.533
v -3.414 -3.3316 -23.753
v -3.585 -6.4236 -22.886
v -2.664 -5.2993 -23.803
v -3.931 -7.6132 -19.62
v -7.166 -7.80317 -19.178
v -8.982 -7.2821 -20.778
v -10.061 -6.4689 -21.575
v -10.951 -2.5774 -21.887
v -12.127 -4.4709 -22.075
v -11.419 -6.0441 -21.518
v -9.777 -0.51610 -22.647
v -3.711 -0.63630 -23.744
v -2.678 -1.4619 -23.973
v -1.658 -3.3292 -24.27
v -1.665 -6.7433 -22.945
v -0.80100 -5.5362 -23.839
v -2.492 -7.5103 -21.494
v -4.303 -7.6208 -16.356
v -1.385 -7.6284 -17.793
v -10.165 -7.5312 -19.504
v -10.525 -6.9316 -20.859
v -11.87 -6.9164 -20.67
v -13.167 -6.1131 -21.611
v -12.924 -2.7099 -21.803
v -13.967 -4.3104 -22.424
v -2.807 0.96450 -24.025
v -0.50800 -0.54040 -24.061
v 0.35100 -3.3728 -24.176
v 1.917 -1.4603 -23.402
v -4.192 2.8549 -23.697
v -8.099 1.0917 -23.581
v -10.016 2.2329 -22.619
v -12.433 0.06910 -21.818
v -14.686 -2.1486 -22.276
v -8.186 3.3999 -23.35
v -9.234 4.1349 -22.741
v -6.382 2.8289 -23.749
v -2.461 3.4019 -24.338
v -0.72300 2.7049 -24.288
v 1.553 1.9939 -23.469
v 3.888 0.11280 -22.852
v 2.168 4.3159 -23.079
v 0.72900 4.6249 -23.762
v -1.169 5.1359 -24.241
v -3.251 5.2899 -24.273
v -5.198 5.0129 -23.824
v -6.932 4.8879 -23.328
v -8.298 4.9489 -23.157
v -10.413 4.6089 -21.935
v -9.102 5.4589 -22.441
v -11.761 2.8689 -21.978
v -12.357 4.8239 -21.696
v -13.697 2.8649 -21.895
v -9.031 6.3159 -20.986
v -11.048 6.1089 -20.639
v -7.6 6.2859 -22.271
v -5.865 6.2239 -22.516
v -4.153 6.9189 -22.702
v -1.893 6.9619 -22.764
v 0.11300 6.4629 -22.797
v 1.79 6.0319 -22.643
v 3.053 5.3639 -22.519
v 3.636 3.3659 -22.658
v 5.676 2.0059 -22.591
v 5.32 4.0259 -22.375
v 6.917 3.7849 -22.668
v 7.59 1.7169 -22.931
v 4.417 5.4669 -22.154
v 3.321 7.1529 -21.564
v 1.39 6.7939 -21.088
v -0.43800 6.8949 -20.781
v -3.012 6.9539 -19.53
v -4.982 6.7609 -21.173
v -6.269 6.6419 -21.315
v -7.222 6.6909 -20.709
v -7.582 6.8849 -19.181
v -9.668 6.6929 -19.089
v -11.644 6.5389 -18.988
v -12.946 6.4589 -20.78
v -8.114 6.9659 -17.234
v -10.217 6.0099 -17.143
v -5.63 6.9099 -17.5
v -5.754 6.9069 -19.868
v -0.43600 7.0989 -18.78
v 1.17 6.8699 -19.237
v 2.911 7.4349 -19.435
v 4.919 7.2319 -19.621
v 5.344 6.9509 -21.233
v 6.079 5.5729 -22.217
v 7.027 6.7739 -21.22
v 7.877 5.7149 -22.461
v 6.694 6.8099 -19.69
v 6.208 6.8599 -18.16
v 4.604 7.3869 -17.728
v 2.659 7.0639 -17.651
v 0.91700 6.9489 -17.67
v -0.61600 7.0359 -16.532
v -5.051 6.8409 -15.352
v -6.756 6.6469 -15.528
v -8.755 5.9449 -15.459
v -5.67 6.2569 -14.008
v -7.309 5.8609 -14
v -3.861 6.5559 -13.872
v -3.279 6.9959 -16.052
v 2.019 6.8509 -15.986
v 4.167 7.4039 -15.84
v 6.256 6.9049 -16.282
v 8.574 7.4369 -17.71
v 8.015 7.3849 -19.959
v 8.637 7.1369 -21.284
v 9.659 6.0759 -22.091
v 9.436 3.4929 -22.869
v 9.352 7.2419 -19.751
v 9.94 7.0739 -21.004
v 10.042 7.3689 -18.847
v 11.305 7.1239 -14.579
v 8.194 7.1889 -14.41
v 5.825 7.0499 -14.089
v 3.552 7.1979 -13.954
v 1.084 6.8999 -14.075
v -1.514 6.8219 -13.714
v -2.929 6.6309 -12.018
v -4.954 6.6119 -12.335
v -1.347 6.3259 -11.657
v 0.41000 6.6329 -11.925
v 2.658 6.5269 -12.156
v 5.182 6.5839 -11.932
v 7.586 6.9839 -12.191
v 9.934 7.0459 -12.276
v 11.975 6.8779 -11.988
v 11.452 7.5069 -17.982
v 12.896 6.9339 -16.029
v 10.625 7.4599 -19.937
v 11.285 7.0689 -21.667
v 11.853 7.6849 -20.028
v 13.471 6.9629 -17.436
v 13.084 7.0569 -19.229
v 14.066 6.7889 -14.247
v 14.488 6.7539 -15.904
v 13.626 7.1619 -12.322
v 13.494 7.0959 -10.423
v 11.571 7.0959 -10.363
v 9.229 6.2339 -10.451
v 7.033 6.0879 -10.851
v 11.242 6.4549 -8.415
v 9.507 4.6509 -9.126
v 7.557 4.5879 -9.971
v 13.421 6.9769 -8.787
v 14.824 6.5049 -9.315
v 15.218 7.0819 -10.592
v 15.722 7.3729 -12.357
v 16.379 7.2939 -14.624
v 15.594 6.8619 -16.245
v 14.764 6.6989 -17.102
v 14.553 6.7189 -18.446
v 12.964 7.3039 -20.947
v 14.553 6.4139 -20.411
v 13.133 5.5819 -22.177
v 15.923 5.8789 -18.944
v 15.543 4.8189 -20.032
v 14.651 4.5359 -21.169
v 15.768 6.6869 -17.508
v 17.099 7.0939 -16.475
v 18.12 7.0719 -12.649
v 17.999 7.5499 -14.164
v 17.158 6.9779 -10.594
v 16.29 6.6469 -9.295
v 15.876 7.2419 -7.601
v 13.486 7.1789 -6.847
v 11.644 6.4499 -6.137
v 10.463 4.4069 -7.3
v 15.258 7.2439 -5.636
v 13.621 7.1449 -4.881
v 17.225 7.1689 -5.478
v 18.359 7.6079 -6.799
v 18.193 7.0319 -8.619
v 19.117 6.4639 -10.454
v 19.836 6.8149 -11.693
v 20.102 6.8319 -13.171
v 19.066 7.1819 -14.119
v 18.414 7.4889 -15.354
v 17.325 6.5339 -18.013
v 19.172 7.3539 -17.298
v 18.647 5.9889 -18.649
v 17.478 5.3439 -19.07
v 21.151 6.4119 -17.099
v 20.767 7.2019 -15.181
v 20.238 5.5109 -18.36
v 21.247 6.8059 -11.868
v 21.735 6.6589 -13.369
v 20.824 6.1699 -10.467
v 20.766 7.1639 -8.841
v 19.788 7.4809 -7.471
v 19.208 7.3259 -5.471
v 20.016 7.6719 -6.33
v 21.586 7.1359 -6.638
v 22.272 7.0209 -9.682
v 23.026 5.7209 -8.019
v 22.162 6.2229 -10.743
v 22.742 6.3499 -12.032
v 22.799 5.6879 -13.202
v 22.452 5.6859 -14.474
v 22.135 5.5739 -15.953
v 21.629 4.5079 -17.107
v 20.514 3.2969 -18.305
v 18.77 4.1549 -19.15
v 17.306 4.0609 -19.34
v 17.436 2.3849 -19.725
v 19.237 2.1489 -19.024
v 21.423 2.1589 -16.594
v 20.213 1.1467 -17.959
v 22.279 3.5739 -14.881
v 22.879 4.3829 -13.491
v 23.491 4.7149 -12.28
v 23.132 5.3719 -10.825
v 23.172 6.0649 -9.789
v 22.497 5.3889 -6.088
v 23.27 4.7639 -9.567
v 22.832 2.9349 -8.631
v 22.3 3.6019 -6.414
v 20.637 7.3259 -5.472
v 21.707 6.0909 -4.648
v 20.175 7.3029 -4.537
v 22.528 5.4879 -3.562
v 22.305 6.4499 -2.598
v 20.95 7.2379 -3.569
v 22.473 4.6599 -4.007
v 22.187 4.4419 -5.021
v 22.838 2.7229 -3.931
v 22.234 0.51280 -6.494
v 22.994 0.38070 -9.757
v 23.427 3.4159 -10.607
v 23.168 2.2549 -12.574
v 22.215 0.10420 -14.417
v 23.171 -0.03200 -3.728
v 23.028 4.6549 -2.825
v 23.523 5.1629 -1.212
v 23.758 3.3049 -1.51
v 23.996 1.1548 -1.758
v 22.608 -1.353 -4.97
v 22.164 -1.9086 -6.102
v 22.395 -2.4569 -7.794
v 23.072 -0.88640 -11.955
v 22.733 -2.089 -12.99
v 22.919 -2.9754 -10.066
v 22.088 -3.3277 -6.237
v 22.503 -2.9437 -4.994
v 23.373 -2.5223 -3.39
v 24.179 -1.2258 -1.841
v 24.16 1.9869 0.94800
v 24.45 -0.48430 0.00600
v 23.735 3.9219 0.07500
v 24.531 -2.4533 -0.42300
v 24.2 -3.2454 -1.683
v 23.166 -4.1137 -4.156
v 22.568 -4.4808 -5.315
v 22.189 -4.6379 -6.719
v 22.414 -5.1078 -8.464
v 22.988 -3.138 -11.741
v 23.096 -4.2323 -10.973
v 23.112 -4.4708 -11.851
v 22.88 -3.9303 -12.879
v 22.917 -4.9926 -10.051
v 22.937 -5.5523 -11.217
v 21.615 -6.3061 -6.897
v 21.52 -6.7979 -8.241
v 21.999 -6.6831 -9.899
v 22.092 -5.9542 -5.399
v 22.89 -5.5393 -4.048
v 23.97 -4.9167 -2.594
v 24.568 -3.795 -0.62800
v 24.429 -4.4819 -1.288
v 24.735 -2.0382 1.108
v 24.805 -3.7483 0.74400
v 24.675 -0.72490 2.396
v 24.845 -3.0557 2.717
v 24.793 -4.957 2.216
v 24.768 -5.1107 0.86600
v 24.683 -4.7829 -0.22900
v 24.308 -5.3887 -1.034
v 23.102 -6.4667 -2.804
v 23.6 -6.5873 -1.112
v 22.099 -6.8724 -3.896
v 20.872 -7.3635 -5.476
v 20.611 -7.2752 -7.351
v 20.28 -7.6129 -9.086
v 20.523 -7.6375 -10.983
v 22.147 -6.9604 -12.247
v 22.974 -5.366 -12.465
v 22.52 -5.295 -13.998
v 19.81 -7.83422 -13.016
v 21.366 -7.0062 -14.374
v 17.666 -7.6865 -11.01
v 18.586 -7.6685 -7.275
v 20.977 -7.5064 -3.438
v 19.163 -7.6202 -4.029
v 22.165 -7.3862 -2.18
v 24.371 -5.8628 0.14500
v 23.693 -6.9411 1.005
v 22.117 -7.6291 -0.09400
v 24.434 -5.8618 1.319
v 22.294 -7.6127 1.651
v 19.988 -7.623 1.527
v 20.46 -7.6582 -1.597
v 15.773 -7.6301 -4.876
v 14.934 -7.6231 -9.121
v 11.77 -7.6239 -13.333
v 16.796 -7.6896 -14.311
v 19.468 -7.76827 -15.224
v 21.817 -5.8261 -15.438
v 20.931 -6.8842 -16.109
v 19.514 -7.3991 -16.993
v 17.45 -7.6783 -16.625
v 14.259 -7.6288 -16.902
v 18.349 -7.6321 -1.867
v 13.38 -7.6323 -4.606
v 13.239 -7.6037 -6.163
v 13.286 -7.582 -7.842
v 12.371 -7.5988 -10.028
v 16.165 -7.5603 -18.184
v 14.69 -7.6266 -18.468
v 18.278 -7.1837 -18.251
v 16.904 -6.9724 -19.421
v 15.138 -7.4112 -19.693
v 13.104 -7.6872 -19.214
v 9.161 -7.6463 -18.681
v 11.591 -7.3863 -9.039
v 11.772 -7.1134 -7.517
v 11.985 -7.3678 -5.655
v 13.867 -7.6426 -2.326
v 11.983 -7.579 -3.665
v 16.414 -7.6323 -0.56500
v 11.946 -7.4396 -1.028
v 10.619 -6.554 -2.729
v 10.769 -6.632 -5.123
v 11.126 -6.6807 -6.653
v 10.899 -6.1774 -7.933
v 10.35 -6.7678 -9.118
v 10.28 -7.4561 -10.711
v 11.495 -7.6745 -20.801
v 9.504 -7.6214 -21.014
v 13.677 -7.3796 -20.859
v 12.648 -6.4915 -22.439
v 10.443 -6.9207 -22.392
v 8.329 -7.6648 -20.779
v 8.073 -6.8026 -22.379
v 2.981 -7.6251 -15.801
v 7.13 -7.4959 -12.206
v 8.596 -6.7551 -10.27
v 10.275 -6.0237 -8.755
v 9.304 -5.7416 -9.232
v 10.526 -5.7124 -6.732
v 10.293 -5.3582 -8.259
v 10.007 -5.563 -4.257
v 10.188 -5.6945 -5.513
v 9.865 -4.5491 -5.631
v 9.987 -4.6505 -7.336
v 9.494 -4.3347 -8.66
v 8.601 -4.7817 -9.728
v 7.797 -5.6923 -10.073
v 6.96 -6.7122 -10.704
v 3.931 -7.6202 -19.855
v 6.611 -7.4996 -20.955
v 9.655 -5.4521 -23.405
v 8.152 -4.9686 -23.41
v 6.757 -4.9709 -22.88
v 5.774 -6.2455 -22.233
v 4.635 -7.1024 -21.498
v 6.068 -5.6726 -10.388
v 5.341 -7.0262 -11.246
v 7.206 -4.3003 -9.962
v 8.619 -3.7701 -9.587
v 9.286 -2.9529 -8.849
v 9.807 -3.092 -7.147
v 9.384 -2.758 -4.707
v 9.522 -4.2482 -3.616
v 9.66 -1.1184 -5.901
v 9.585 -1.1118 -8.218
v 8.054 -2.3456 -9.851
v 5.864 -4.5296 -10.033
v 4.477 -6.1848 -10.708
v 4.683 -4.9278 -10.299
v 3.38 -7.0886 -11.562
v 4.147 -7.5527 -12.728
v 3.17 -7.2063 -21.676
v 3.794 -5.9858 -22.496
v 1.468 -7.4886 -21.457
v 2.039 -6.5264 -22.662
v -0.05800 -7.6349 -19.59
v 1.968 -7.4191 -12.988
v 2.899 -5.7257 -10.927
v 1.979 -6.6967 -11.828
v 5.398 -3.134 -10.226
v 3.459 -4.2411 -10.536
v 8.272 0.07210 -9.668
v 6.509 -1.0751 -10.097
v 3.008 -2.813 -10.788
v 4.491 -1.0844 -10.439
v 1.621 -4.524 -11.164
v 1.444 -5.8671 -11.637
v 0.58200 -6.6916 -12.378
v -0.93200 -7.4848 -13.731
v -0.50300 -7.473 -21.737
v 0.25900 -6.7491 -22.843
v -0.90900 -6.7368 -12.268
v 0.10600 -5.7816 -11.607
v 1.013 -2.6692 -11.38
v -0.40800 -4.3056 -11.338
v 2.501 -1.203 -11.037
v 6.206 1.1155 -10.264
v 3.24 1.0739 -10.873
v 0.62800 -0.40200 -11.442
v -1.28 -2.323 -11.21
v -2.279 -4.5417 -11.025
v -1.627 -5.938 -11.611
v -2.647 -7.0132 -12.55
v -3.845 -7.5889 -13.882
v -4.841 -7.134 -12.686
v -6.146 -7.6562 -14.172
v -3.542 -6.1192 -11.573
v -3.083 -3.3019 -11.033
v -4.166 -4.7589 -10.966
v 4.997 3.2719 -10.396
v 6.755 3.1089 -10.249
v 8.536 2.5959 -9.795
v 6.3 3.9809 -10.411
v 3.785 5.0909 -10.937
v 5.772 4.9849 -10.574
v 2.815 3.4499 -10.809
v 0.56500 2.5939 -11.409
v -1.801 0.37230 -11.015
v -3.22 -1.6468 -10.803
v -4.685 -3.0494 -11.075
v -6.091 -4.7352 -11.292
v -5.549 -6.0687 -11.746
v -6.901 -6.9862 -12.868
v -8.152 -7.4857 -13.904
v -8.708 -7.6272 -15.682
v -7.487 -5.8878 -12.161
v -8.796 -6.8465 -13.029
v -6.64 -2.8502 -11.327
v -8.013 -4.6398 -11.768
v -5.026 -0.89250 -10.676
v -3.409 -0.23860 -10.588
v 1.638 5.0869 -10.922
v 9.735 3.2059 -8.468
v 10.149 2.8779 -7.61
v 9.743 1.4409 -8.254
v 10.79 4.5759 -5.029
v 10.439 2.3729 -6.228
v 9.929 0.49340 -6.685
v 10.379 2.2569 -3.279
v 9.915 0.72050 -5.114
v 11.848 6.5339 -4.118
v 10.917 5.0019 -3.013
v 13.732 6.9889 -2.947
v 11.707 7.0819 -2.282
v 10.662 5.4799 -1.192
v 10.959 3.7379 -1.684
v 9.577 -0.51290 -3.603
v 10.62 2.2909 -0.82600
v 10.103 0.27550 -1.008
v 11.083 3.7879 0.07500
v 11.648 7.2219 -0.31600
v 10.857 5.5189 0.62200
v 13.785 7.0689 -0.90600
v 15.575 7.0029 -1.619
v 16.171 7.3759 -3.553
v 17.808 6.9799 -1.419
v 18.115 7.6349 -2.75
v 18.519 7.3529 -4.064
v 16.565 7.1829 0.74400
v 13.816 7.3499 1.082
v 11.971 6.6849 1.528
v 10.738 5.5319 2.381
v 10.987 4.0559 1.685
v 10.301 1.8069 1.913
v 10.016 -1.5481 1.54
v 9.749 -2.6235 -1.87
v 10.193 -3.5914 2.379
v 10.185 -3.8478 0.28100
v 10.824 3.7579 3.46
v 11.648 7.1279 3.394
v 10.556 5.4809 4.37
v 13.727 6.9969 2.935
v 15.438 7.4269 2.488
v 17.296 7.5209 3.198
v 19.123 7.0669 2.765
v 19.941 6.9429 0.59900
v 18.692 7.5889 3.935
v 17.962 7.5459 4.827
v 16.087 6.9349 4.592
v 13.629 6.6999 4.919
v 11.69 6.5499 5.312
v 11.317 5.2599 5.618
v 11.503 4.0369 5.186
v 11.206 1.6609 5.472
v 10.146 -0.30390 4.075
v 10.932 -0.87450 5.73
v 10.627 -2.8877 4.612
v 12.003 4.6469 6.102
v 12.127 3.3179 6.804
v 12.115 5.5429 6.083
v 13.146 6.2119 6.403
v 15.59 6.8379 7.18
v 17.458 6.8969 6.266
v 17.392 7.2469 5.396
v 19.228 7.7359 4.918
v 19.943 7.4459 4.363
v 19.114 7.5909 5.882
v 18.141 7.3229 5.806
v 18.375 7.0649 7.985
v 18.66 7.2149 6.651
v 13.684 6.3879 8.229
v 12.436 5.0959 7.378
v 11.938 2.0219 6.924
v 11.82 1.1106 7.305
v 11.687 -0.32480 7.111
v 11.526 -2.2937 6.874
v 11.283 -4.2766 6.704
v 10.958 -5.2105 5.117
v 11.559 -1.5682 8.51
v 11.386 -3.5737 8.805
v 11.76 0.21650 8.845
v 12.259 1.9389 8.25
v 12.582 3.6459 9.077
v 12.628 5.4739 9.594
v 15.473 7.0399 9.811
v 13.559 6.8999 10.433
v 17.456 6.5069 9.589
v 17.331 7.1319 11.652
v 15.333 6.4169 12.027
v 13.258 6.9699 12.515
v 12.312 6.1679 11.246
v 11.976 4.4499 11.88
v 11.959 1.5879 10.734
v 11.674 -1.7821 10.85
v 11.608 -4.1667 10.724
v 11.688 -5.3036 9.737
v 11.847 -5.4939 8.153
v 11.665 -5.9758 6.504
v 12.437 -6.7522 9.59
v 12.554 -6.8304 7.576
v 12.083 -5.8326 11.414
v 12.011 -4.1371 12.666
v 12.1 -2.2182 13.239
v 12.045 5.9849 12.402
v 14.909 7.0199 14.795
v 13.36 6.8279 14.11
v 12.387 6.1839 13.671
v 17.454 6.6729 14.412
v 13.037 6.5819 15.556
v 11.879 5.6609 14.754
v 11.755 5.2089 13.58
v 11.919 5.4829 12.882
v 11.884 2.2349 13.208
v 12.074 -0.05410 13.109
v 12.376 -5.7801 13.158
v 12.804 -6.8745 12.692
v 12.839 -7.1219 11.24
v 12.437 -3.6391 14.683
v 12.368 -5.3099 14.573
v 12.456 -1.5592 15.037
v 12.174 1.0774 15.526
v 11.692 3.9569 14.702
v 11.92 5.3369 16.352
v 14.714 6.8739 17.822
v 12.89 6.2589 17.455
v 17.144 6.9009 17.395
v 18.94 6.9119 16.782
v 19.377 7.1689 15.113
v 18.818 6.2579 18.217
v 13.199 6.3239 19.226
v 12.104 5.1039 18.284
v 12.039 3.2579 17.21
v 12.49 1.0777 17.912
v 12.646 -1.4405 17.447
v 12.614 -3.3462 16.604
v 12.323 -4.9459 16.35
v 12.686 -3.5132 18.182
v 12.54 -4.5667 17.716
v 12.536 2.4049 18.389
v 12.513 3.5499 18.998
v 12.505 5.0049 20.01
v 14.722 6.7359 20.518
v 13.29 6.0419 21.058
v 16.703 7.0399 20.122
v 18.809 6.7099 19.975
v 20.281 7.0189 18.935
v 20.766 6.8549 16.639
v 21.189 5.4879 19.772
v 21.926 5.7569 18.454
v 20.366 5.6939 20.672
v 19.844 5.9639 21.854
v 18.313 6.9279 22.21
v 16.162 6.8109 22.354
v 14.295 6.3039 22.463
v 13.397 5.5909 22.242
v 12.819 4.7089 21.523
v 12.713 3.4279 20.679
v 12.641 1.6259 19.684
v 12.668 -0.69050 19.454
v 12.676 -2.785 19.413
v 12.53 -4.8333 19.298
v 12.944 -5.9889 17.953
v 12.543 -4.0598 20.991
v 13.094 -5.8713 20.93
v 13.171 -6.296 19.566
v 12.801 -1.9679 20.959
v 12.809 0.04350 21.035
v 12.848 1.7949 21.388
v 12.988 3.1809 22.05
v 13.258 4.2959 22.547
v 13.806 4.8589 23.244
v 15.417 4.4039 24.339
v 17.385 5.7709 23.53
v 19.086 4.9329 23.33
v 20.19 3.8809 21.913
v 20.881 4.3429 20.477
v 19.062 2.1989 23.289
v 20.138 0.75280 21.959
v 21.022 2.5709 20.509
v 17.644 3.3619 23.923
v 16.744 0.84760 24.045
v 14.996 1.3369 23.919
v 13.868 2.9079 23.214
v 13.254 1.7539 22.455
v 13.129 0.57840 22.12
v 13.205 -1.0296 22.173
v 12.967 -3.1043 22.386
v 13.063 -5.2124 22.337
v 13.81 -1.9817 23.096
v 13.865 -4.171 23.52
v 13.878 0.25240 23.1
v 17.923 1.7219 23.755
v 21.413 -0.09710 19.811
v 21.642 4.0279 19.461
v 21.996 2.2049 19.071
v 22.607 3.6149 17.794
v 19.25 0.35250 23.12
v 18.311 0.33860 23.595
v 15.212 -1.8271 24.115
v 16.799 -1.7709 24.053
v 19.249 -1.7864 23.123
v 17.773 -1.1271 23.797
v 20.439 -1.7277 21.411
v 22.609 0.89250 17.14
v 22.279 5.4379 15.765
v 22.937 3.0919 15.592
v 20.526 6.3159 14.574
v 21.578 5.9049 13.671
v 22.548 4.5139 12.704
v 23.04 1.6529 15.534
v 22.953 0.60840 15.137
v 22.202 -2.3838 18.129
v 22.761 -1.5483 15.453
v 21.13 -3.0106 20.176
v 20.46 -4.2968 21.972
v 17.733 -3.1772 23.949
v 18.737 -5.2271 23.495
v 19.449 -6.271 22.21
v 21.174 -4.8428 20.485
v 20.341 -6.4042 20.763
v 21.851 -4.4948 19.289
v 22.521 -3.8382 16.419
v 23.21 2.0259 14.088
v 23.202 0.01370 13.44
v 22.525 -4.5394 17.934
v 22.228 -5.5444 16.786
v 21.212 -5.7899 19.705
v 21.68 -6.0404 18.384
v 18.658 -7.3045 21.121
v 19.184 -7.6854 19.166
v 20.735 -6.8804 19.318
v 18.313 -6.8977 22.589
v 17.125 -7.6819 21.723
v 17.148 -7.6652 19.683
v 19.056 -7.6393 17.202
v 20.489 -7.2835 17.918
v 17.339 -7.6337 17.454
v 21.508 -6.8364 17.019
v 22.695 -5.1518 15.434
v 21.887 -6.6689 15.3
v 22.99 -3.7982 14.485
v 23.113 -2.0902 13.006
v 23.245 -0.36050 11.171
v 23.222 1.9919 11.708
v 22.362 5.3349 10.432
v 23.11 4.0759 9.832
v 23.649 1.6119 9.325
v 23.75 -0.90110 9.133
v 23.31 -2.5693 10.921
v 23.372 -4.2149 12.589
v 22.799 -5.5544 13.921
v 20.323 -7.6451 16.181
v 20.314 -7.6711 14.032
v 21.88 -6.9253 13.324
v 15.304 -7.6308 17.862
v 18.085 -7.644 14.987
v 15.639 -7.6406 15.432
v 20.711 -7.5941 12.31
v 18.47 -7.6162 11.755
v 22.906 -5.9589 12.271
v 21.968 -7.0858 11.679
v 23.604 -4.7739 10.666
v 23.739 -3.0306 9.278
v 24.57 -2.1244 7.358
v 24.613 0.95280 7.134
v 24.06 3.6799 7.631
v 24.552 3.3109 5.18
v 24.843 1.3899 5.129
v 24.261 -4.7152 8.569
v 22.869 -6.3372 10.984
v 23.068 -6.2021 9.631
v 20.676 -7.6691 10.451
v 22.195 -7.0827 10.376
v 15.634 -7.6924 12.533
v 15.778 -7.6402 9.2
v 18.743 -7.6375 8.524
v 20.476 -7.6752 8.98
v 21.803 -7.3208 8.931
v 23.467 -6.7221 8.025
v 24.844 -4.028 6.82
v 25.118 -0.54840 5.277
v 24.622 2.1799 4.281
v 24.742 0.97640 3.566
v 25.1 -0.52070 3.849
v 25.222 -2.8059 5.572
v 25.268 -1.8604 4.039
v 24.483 -5.6821 6.821
v 25.378 -4.7752 5.278
v 21.935 -7.74026 6.918
v 23.657 -7.2096 6.121
v 20.522 -7.6559 7.843
v 13.901 -7.7302 10.489
v 13.623 -7.5385 8.638
v 13.74 -7.6162 12.158
v 13.815 -7.5909 6.544
v 16.346 -7.6317 6.146
v 19.484 -7.6416 5.533
v 22.131 -7.79923 4.393
v 24.699 -6.3582 5.433
v 23.929 -7.1888 4.574
v 25.331 -3.412 4.268
v 25.371 -4.4923 3.651
v 24.872 -6.1123 3.805
v 24.275 2.9969 3.085
v 23.775 3.9479 1.534
v 23.645 5.4129 2.798
v 23.41 5.3329 0.58100
v 22.38 6.5839 0.71600
v 23.174 6.7959 -0.73900
v 22.012 6.8009 2.017
v 22.42 6.8779 3.668
v 23.812 5.9689 5.74
v 23.382 5.7059 7.98
v 22.913 7.2169 6.811
v 22.293 7.3039 5.156
v 20.918 7.0019 3.922
v 20.884 7.1079 2.562
v 21.285 7.1679 -1.063
v 19.628 6.9949 -1.223
v 21.034 7.3859 -2.474
v 20.068 7.3419 -2.084
v 21.123 7.4969 5.086
v 21.786 7.6979 6.046
v 22.717 7.0309 8.257
v 21.705 7.7319 7.299
v 22.63 5.9519 9.196
v 21.645 6.8389 8.497
v 20.111 7.4579 7.386
v 20.494 7.8339 5.838
v 21.79 6.1569 9.634
v 20.562 6.9489 9.354
v 21.772 6.1159 10.914
v 20.492 6.8259 11.135
v 19.074 7.2199 9.959
v 18.942 6.2589 11.288
v 21.62 6.2469 12.316
v 20.417 6.5049 12.769
v 19.035 6.6919 13.311
v 18.976 7.3089 -2.077
v 19.256 7.6399 -2.925
v 20.24 7.5649 -2.944
v 19.807 7.5059 -3.646
v 24.401 -6.3455 2.284
v 23.469 -7.3433 2.92
v 21.98 -7.663 2.626
v 16.71 -7.6328 2.952
v 13.885 -7.6538 0.99400
v 12.214 -7.4416 0.83000
v 14.176 -7.683 3.996
v 12.275 -7.5291 2.537
v 12.428 -7.3003 4.643
v 11.019 -6.34 3.512
v 10.996 -6.5592 0.81100
v 10.874 -6.6138 -1.011
v 10.23 -5.3665 -1.046
v 10.368 -5.2789 0.51900
v 10.156 -5.0883 1.838
v 10.24 -4.6589 3.62
v 11.579 -6.4855 5.21
v 12.35 -6.9574 6.089
v 10 -4.0287 -1.207
v 9.792 -4.3151 -2.133
v 9.861 -5.2842 -2.759
v 13.979 -7.6252 13.854
v 12.939 -6.6281 14.406
v 14.035 -7.3778 15.846
v 12.951 -6.3327 16.127
v 13.746 -7.0404 17.373
v 13.995 -7.0869 18.976
v 15.312 -7.6203 20.516
v 13.886 -6.8812 20.506
v 15.841 -7.5726 22.342
v 14.275 -6.8049 22.448
v 15.613 -5.4608 24.055
v 15.651 -6.9513 23.23
v 17.013 -6.7928 23.3
v 17.206 -5.2376 24.06
v 16.538 -3.5316 24.323
v -0.46500 4.8919 -10.909
v -2.388 4.9869 -11.127
v -1.877 2.9829 -10.986
v -3.883 3.3679 -10.925
v -3.629 1.2749 -10.541
v -4.308 5.3469 -10.932
v -5.606 3.6849 -11.191
v -5.639 1.5929 -10.426
v -7.713 2.1459 -11.115
v -7.694 -0.80110 -11.178
v -6.004 5.2029 -11.704
v -7.006 3.9489 -11.869
v -6.404 5.8019 -12.852
v -6.743 4.8399 -12.49
v -7.832 4.4659 -12.513
v -8.603 3.4359 -11.829
v -8.514 -2.9324 -11.762
v -8.928 -1.9968 -11.725
v -9.938 -1.5004 -11.573
v -9.794 -2.8093 -11.657
v -9.888 0.43150 -11.423
v -9.713 2.1569 -11.529
v -9.201 4.3619 -12.491
v -10.441 3.3099 -11.888
v -7.201 5.0729 -13.161
v -8.298 5.1809 -13.181
v -8.857 5.7379 -14.001
v -9.699 5.1529 -13.285
v -10.709 4.4629 -12.459
v -12.1 3.6929 -11.848
v -12.371 1.6669 -11.465
v -12.297 -1.1674 -11.435
v -11.328 -2.9074 -11.496
v -10.4 -4.584 -11.611
v -9.472 -5.8941 -12.303
v -11.261 -6.1404 -12.249
v -12.588 -4.485 -11.389
v -12.314 -5.7242 -11.862
v -13.028 -3.0665 -11.564
v -11.951 4.8049 -12.334
v -13.783 3.2599 -11.627
v -13.419 4.9139 -11.372
v -11.091 5.3779 -13.172
v -10.28 5.8349 -14.432
v -12.112 6.2219 -14.257
v -10.285 5.4899 -15.734
v -11.31 5.5469 -15.301
v -12.326 5.7699 -12.506
v -14.068 6.7709 -12.662
v -15.485 5.3189 -11.741
v -15.075 3.9879 -11.42
v -15.702 2.1919 -11.269
v -14.933 -0.33420 -11.494
v -14.584 -2.5363 -11.643
v -14.372 -4.3416 -11.58
v -14.008 -5.7732 -11.989
v -13.179 -6.9466 -13.019
v -10.859 -6.9149 -13.109
v -11.91 -7.5158 -14.099
v -13.521 -7.6562 -14.813
v -15.29 -6.7368 -12.717
v -15.923 -7.5839 -14.343
v -15.809 -5.6898 -11.932
v -16.22 -4.1854 -11.506
v -16.657 -2.2652 -11.611
v -17.707 -0.06920 -11.405
v -16.905 4.2609 -11.558
v -16.197 5.9639 -12.871
v -16.754 5.4109 -12.046
v -17.604 5.2489 -12.064
v -18.591 2.6259 -11.149
v -18.756 4.9579 -11.671
v -18.601 -2.1805 -11.504
v -19.15 -0.93100 -11.515
v -18.098 -3.9771 -11.252
v -17.685 -5.6438 -11.7
v -17.061 -6.8344 -12.756
v -14.526 -7.6327 -17.116
v -11.713 -7.616 -15.604
v -19.072 -7.6426 -16.341
v -18.333 -7.5217 -13.905
v -19.076 -6.755 -12.503
v -19.609 -5.41 -11.353
v -19.892 -3.6194 -11.205
v -20.084 -1.8068 -11.636
v -20.121 0.47260 -11.353
v -20.133 2.3359 -11.197
v -20.222 3.8319 -11.23
v -21.308 2.4559 -11.58
v -22.218 0.58020 -12.385
v -21.293 -1.1744 -11.961
v -21.271 -2.986 -11.9
v -21.166 -4.7591 -11.524
v -21.289 -6.3441 -12.376
v -20.339 -7.4774 -13.884
v -17.132 -7.6755 -18.989
v -20.795 -7.63 -17.736
v -19.984 -7.643 -19.083
v -14.968 -7.613 -19.542
v -16.248 -7.39 -21.015
v -18.502 -7.173 -20.849
v -22.008 -7.4172 -18.609
v -20.655 -6.8597 -21.109
v -21.746 -7.0626 -20.055
v -22.095 -7.7089 -16.927
v -21.913 -7.6393 -15.084
v -22.017 -7.0948 -13.691
v -22.78 -6.1586 -13.214
v -22.69 -4.4081 -12.344
v -22.486 -1.9789 -12.548
v -23.797 1.5139 -13.901
v -23.322 -0.77240 -13.385
v -23.688 -2.8156 -13.553
v -24.108 -5.2751 -13.965
v -23.11 -6.7979 -14.313
v -23.887 -6.7856 -15.796
v -23.846 -6.5366 -18.126
v -22.977 -6.4208 -19.623
v -22.274 -5.3466 -21.033
v -20.731 -5.2989 -21.924
v -19.522 -6.075 -22.015
v -17.615 -5.7958 -22.507
v -19.539 -4.2186 -22.693
v -20.96 -3.3523 -21.932
v -22.354 -2.0839 -20.719
v -23.924 -4.5371 -19.748
v -25.055 -5.4194 -17.021
v -24.762 -4.9586 -18.357
v -25.064 -5.0255 -15.468
v -24.773 -3.2117 -14.861
v -24.22 -1.0635 -14.531
v -22.681 3.0569 -12.457
v -23.651 3.9989 -13.463
v -24.259 3.2929 -14.485
v -24.732 2.3659 -15.375
v -24.657 0.48170 -15.338
v -24.835 -1.4397 -15.921
v -25.378 -3.5204 -16.36
v -25.166 -3.9101 -17.624
v -24.493 -3.1331 -18.531
v -23.765 -2.0269 -19.526
v -20.187 -0.58030 -21.869
v -19.839 -2.5715 -22.167
v -21.726 1.0073 -21.047
v -23.401 0.48180 -19.884
v -24.384 -0.78340 -18.532
v -24.831 -2.0033 -17.331
v -24.921 0.94970 -17.046
v -24.646 4.0309 -15.215
v -25.088 3.8559 -16.51
v -24.146 4.7519 -14.431
v -24.087 5.6959 -15.571
v -24.281 5.8059 -17.625
v -24.681 3.4699 -18.245
v -24.325 1.5129 -18.685
v -18.532 0.15890 -22.514
v -18.598 -1.9195 -22.521
v -17.299 -0.30180 -22.804
v -16.682 -2.0059 -22.807
v -18.989 1.8549 -22.385
v -17.259 1.6419 -22.689
v -20.372 2.0649 -21.739
v -20.942 3.1339 -20.97
v -22.432 3.0309 -20.651
v -23.722 3.1679 -19.558
v -23.96 5.2329 -19.251
v -22.507 6.3099 -16.597
v -22.333 6.6859 -18.962
v -22.885 4.9469 -20.245
v -20.872 4.9739 -19.948
v -19.797 4.1759 -20.819
v -20.132 3.2189 -21.288
v -19.262 3.3809 -21.597
v -17.602 3.9469 -22.197
v -15.619 3.3159 -22.479
v -15.358 0.58010 -22.433
v -17.806 -3.6796 -23.249
v -15.995 -4.1494 -23.085
v -15.819 5.2269 -21.752
v -14.154 5.1039 -22.073
v -16.902 5.3909 -20.683
v -18.269 4.4379 -20.698
v -18.915 4.7429 -19.519
v -20.386 6.2729 -18.567
v -19.351 5.6909 -18.841
v -20.658 7.1949 -17.117
v -18.678 6.6349 -17.545
v -17.86 5.4489 -18.346
v -16.97 4.0599 -19.073
v -15.312 5.1499 -19.687
v -15.763 5.7149 -20.703
v -14.743 6.1499 -20.735
v -13.574 5.8789 -19.047
v -14.582 5.3679 -18.349
v -15.612 4.9619 -18.226
v -16.596 5.2399 -18.017
v -16.816 6.1439 -17.187
v -17.103 7.3869 -15.823
v -19.103 6.7529 -15.681
v -21.027 6.0179 -15.346
v -17.821 5.9909 -14.005
v -19.571 6.6609 -14.388
v -15.628 6.4059 -14.41
v -14.989 6.6459 -16.463
v -15.785 5.6009 -17.353
v -14.915 5.4609 -17.419
v -13.794 5.7189 -17.35
v -12.17 5.8579 -17.266
v -12.964 6.0499 -15.928
v -13.9 6.4989 -14.708
v -17.315 5.6329 -12.698
v -19.425 6.4379 -12.783
v -18.115 5.8509 -12.497
v -20.928 7.0949 -13.984
v -22.659 5.7949 -14.185
v -22.552 6.0259 -15.405
v -21.522 6.2299 -12.515
v -22.664 4.9769 -12.726
v -20.341 5.5179 -11.64
v -21.616 4.4729 -11.781
v -12.087 5.7679 -15.355
v -11.155 5.5759 -16.307
v -11.97 5.6019 -16.031
v -15.238 -6.0912 -22.213
v -14.211 -7.1549 -20.919
v -12.997 -7.0118 -20.763
v -12.791 -7.5454 -19.543
v -11.037 -7.6383 -17.602
v -8.301 -7.6713 -17.679
v -10.154 -7.4918 -14.225
v 1.005 -5.417 -23.56
v 2.602 -4.9671 -23.097
v 1.871 -3.6669 -23.542
v 3.641 -4.7036 -22.985
v 3.271 -3.3152 -23.065
v 4.88 -4.4108 -22.836
v 3.441 -1.7346 -23.03
v 4.713 -2.2585 -22.808
v 6.16 -3.2078 -22.956
v 6.73 -0.86670 -22.988
v 7.577 -3.3225 -23.269
v 8.769 -1.9184 -23.324
v 9.27 -3.6344 -23.57
v 9.234 0.24540 -23.177
v 10.933 -2.1435 -23.31
v 10.766 -4.0814 -23.534
v 11.444 -3.5231 -23.295
v 11.833 0.90750 -22.916
v 12.422 -3.5144 -23.126
v 11.714 -4.3022 -23.301
v 11.317 -5.4538 -23.207
v 12.458 -4.9363 -23.174
v 14.155 -4.5825 -22.711
v 13.831 -1.5666 -22.803
v 14.073 0.88500 -22.544
v 13.27 2.1349 -22.321
v 12.097 3.4879 -22.638
v 13.798 3.4889 -21.958
v 14.547 2.0859 -21.536
v 11.089 5.3349 -22.862
v 14.764 3.2389 -21.069
v 15.97 0.42660 -21.217
v 16.266 -2.8141 -20.976
v 15.575 -5.2592 -21.329
v 14.378 -6.2806 -21.701
v 15.224 -6.2983 -21.156
v 14.975 -6.9299 -20.885
v 15.641 2.5409 -20.503
v 15.281 3.7389 -20.407
v 16.285 3.6859 -19.84
v 16.942 -4.8374 -20.307
v 16.055 -6.3483 -20.53
v 17.248 -5.9339 -19.873
v 18.403 -3.4137 -19.29
v 18.225 -5.1555 -19.602
v 16.579 4.7889 -19.524
v 18.589 -0.33150 -19.332
v 19.08 -4.6233 -19.15
v 19.154 -5.7034 -18.701
v 18.064 -6.3118 -19.336
v 20.057 -4.3161 -18.336
v 20.192 -5.7398 -17.905
v 19.712 -6.694 -17.979
v 19.846 -2.2121 -18.084
v 20.109 -0.59700 -17.805
v 21.034 -0.05280 -16.563
v 20.746 -1.5706 -17.026
v 20.959 -3.2227 -16.993
v 21.154 -5.2844 -16.951
v 20.53 -6.5643 -17.309
v 21.871 -4.0808 -15.592
v 21.571 -1.9285 -15.833
v 22.315 -2.8093 -14.274

# No. normals 3386:
vn -0.20714 -0.29277 -0.93348
vn -0.33456 -0.32779 -0.88353
vn -0.48221 -0.09255 -0.87115
vn -0.18999 -0.04052 -0.98095
vn -0.36698 0.03667 -0.92951
vn 0.12662 -0.29218 -0.94794
vn -0.02798 -0.38846 -0.92104
vn 0.14455 -0.14803 -0.97836
vn -0.10698 -0.00280 -0.99426
vn -0.39712 -0.43086 -0.81034
vn -0.05253 -0.81127 -0.58230
vn 0.04505 -0.71363 -0.69907
vn -0.22950 -0.79458 -0.56211
vn -0.40622 -0.08159 -0.91012
vn -0.41955 -0.42394 -0.80265
vn -0.34828 -0.08292 -0.93372
vn -0.10562 0.07318 -0.99171
vn -0.09949 0.06985 -0.99258
vn 0.17633 0.10773 -0.97842
vn 0.09388 0.17440 -0.98019
vn 0.03122 -0.19189 -0.98092
vn -0.26654 -0.46860 -0.84224
vn 0.13442 -0.29702 -0.94536
vn -0.19811 -0.05064 -0.97887
vn -0.01342 -0.72164 -0.69213
vn 0.12829 -0.97041 -0.20454
vn 0.05046 -0.99697 -0.05920
vn -0.20156 -0.97543 -0.08890
vn -0.26423 -0.81483 -0.51597
vn -0.35931 -0.36981 -0.85682
vn -0.23884 -0.82262 -0.51600
vn -0.45474 -0.03802 -0.88981
vn -0.01902 0.11047 -0.99370
vn -0.15504 -0.37289 -0.91483
vn -0.14127 -0.38630 -0.91149
vn -0.46049 -0.06416 -0.88534
vn -0.41149 -0.04630 -0.91024
vn -0.10356 -0.15412 -0.98261
vn -0.28508 -0.09206 -0.95407
vn -0.30530 0.00813 -0.95222
vn -0.28243 -0.00170 -0.95929
vn -0.28135 -0.08295 -0.95601
vn -0.08626 -0.55234 -0.82914
vn -0.11945 -0.56693 -0.81506
vn -0.04538 -0.20842 -0.97699
vn 0.05082 -0.76748 -0.63906
vn -0.15515 -0.83410 -0.52934
vn -0.08776 -0.98868 -0.12168
vn -0.00397 -0.999988 -0.00278
vn 0.05922 -0.99823 0.00443
vn -0.06101 -0.96740 -0.24580
vn -0.18935 -0.91555 -0.35484
vn -0.14665 -0.78477 -0.60218
vn -0.25461 -0.72861 -0.63585
vn -0.11158 -0.66244 -0.74076
vn 0.06529 -0.71271 -0.69841
vn 0.06266 -0.30792 -0.94935
vn -0.05088 0.12992 -0.99022
vn 0.20099 0.23775 -0.95031
vn 0.14458 -0.35277 -0.92447
vn -0.09560 -0.11948 -0.98822
vn -0.24186 -0.03364 -0.96973
vn -0.03074 -0.02305 -0.999262
vn -0.08688 0.11003 -0.99012
vn 0.04786 0.05501 -0.99734
vn 0.04221 -0.17568 -0.98354
vn 0.30598 0.13108 -0.94297
vn -0.16780 0.04791 -0.98466
vn -0.04991 -0.06774 -0.99645
vn -0.42208 -0.08387 -0.90267
vn -0.46309 -0.03124 -0.88576
vn -0.32578 -0.15813 -0.93213
vn -0.04268 0.00215 -0.999086
vn 0.24454 -0.04843 -0.96843
vn 0.30453 0.16550 -0.93802
vn -0.30121 -0.01648 -0.95341
vn -0.43387 0.12112 -0.89280
vn -0.41101 0.07543 -0.90851
vn -0.18758 0.09081 -0.97804
vn -0.04304 -0.05393 -0.99762
vn 0.02413 -0.03447 -0.999114
vn -0.32540 -0.07485 -0.94261
vn -0.02133 -0.12436 -0.99201
vn -0.06392 -0.07385 -0.99522
vn 0.32593 -0.04446 -0.94435
vn 0.26551 0.00928 -0.96406
vn 0.26216 0.00891 -0.96498
vn 0.43480 0.03597 -0.89981
vn 0.33897 0.00139 -0.94080
vn 0.26095 0.06649 -0.96306
vn 0.03938 0.02654 -0.99887
vn 0.01847 0.04212 -0.99894
vn -0.31746 -0.10037 -0.94294
vn -0.20169 -0.15098 -0.96774
vn 0.02427 -0.04745 -0.99858
vn -0.28100 0.11964 -0.95222
vn -0.16644 0.15466 -0.97385
vn -0.11837 0.11434 -0.98636
vn -0.46005 0.07695 -0.88455
vn -0.51355 0.15704 -0.84357
vn -0.48065 0.23909 -0.84369
vn -0.55856 0.23587 -0.79522
vn -0.26214 0.22627 -0.93813
vn -0.33604 0.02685 -0.94146
vn -0.10939 0.10916 -0.98799
vn -0.04274 0.12986 -0.99061
vn -0.04269 -0.04679 -0.99799
vn -0.60207 0.70048 -0.38321
vn -0.19526 0.59256 -0.78150
vn -0.02187 0.64830 -0.76107
vn -0.39007 0.80159 -0.45310
vn -0.26023 0.62408 -0.73675
vn -0.07590 0.57803 -0.81248
vn -0.25327 0.64207 -0.72360
vn -0.09472 0.57119 -0.81533
vn -0.26014 0.59177 -0.76298
vn -0.32480 0.60568 -0.72640
vn 0.05923 0.64188 -0.76452
vn -0.03300 0.68427 -0.72848
vn 0.33832 0.52383 -0.78175
vn 0.15134 0.65723 -0.73834
vn 0.46125 0.31259 -0.83038
vn 0.20740 0.50833 -0.83581
vn 0.24370 0.28891 -0.92582
vn 0.31899 0.07421 -0.94485
vn 0.37294 0.17225 -0.91173
vn 0.31497 0.08079 -0.94566
vn 0.07617 0.06524 -0.99496
vn -0.16894 0.07531 -0.98275
vn -0.16393 0.07177 -0.98386
vn 0.11625 0.12584 -0.98522
vn 0.24623 0.13858 -0.95925
vn 0.08455 0.20260 -0.97560
vn 0.20145 0.43761 -0.87631
vn 0.30282 0.41311 -0.85886
vn -0.27318 0.83420 -0.47905
vn 0.26299 0.89138 -0.36916
vn 0.01976 0.97870 -0.20432
vn 0.23679 0.96124 -0.14126
vn 0.02899 0.999502 0.01250
vn -0.01914 0.999808 -0.00415
vn -0.12573 0.99147 0.03429
vn -0.38428 0.91619 -0.11368
vn -0.04890 0.93808 -0.34294
vn -0.01328 0.94296 -0.33266
vn -0.09527 0.96895 -0.22818
vn -0.16767 0.96339 -0.20921
vn -0.09916 0.96909 -0.22589
vn -0.17597 0.97052 -0.16468
vn -0.13957 0.96121 -0.23789
vn -0.08884 0.95560 -0.28095
vn 0.19138 0.96447 -0.18211
vn 0.15900 0.52552 -0.83579
vn -0.39807 0.89489 0.20178
vn -0.09438 0.99327 -0.06711
vn -0.05765 0.94697 0.31610
vn 0.01862 0.999161 -0.03648
vn -0.01227 0.999925 -0.00062
vn -0.06476 0.98793 -0.14069
vn -0.05226 0.98543 -0.16187
vn -0.07410 0.98528 -0.15407
vn -0.00310 0.99359 -0.11300
vn -0.02647 0.99450 -0.10136
vn 0.11225 0.98854 -0.10089
vn 0.04925 0.99817 -0.03513
vn -0.31562 0.94581 -0.07635
vn -0.22040 0.96054 -0.16968
vn 0.08949 0.98946 -0.11383
vn 0.12095 0.98282 -0.13943
vn 0.18745 0.43077 -0.88278
vn -0.06686 0.55596 -0.82851
vn -0.04546 0.12355 -0.99130
vn -0.15223 0.17405 -0.97290
vn -0.15009 0.69895 -0.69925
vn 0.06966 0.60406 -0.79389
vn -0.14607 0.17705 -0.97330
vn 0.22590 0.96801 -0.10918
vn 0.10460 0.99451 -0.00064
vn 0.30542 0.95183 -0.02711
vn 0.23264 0.97165 0.04215
vn 0.09435 0.99337 -0.06564
vn -0.15419 0.97146 0.18024
vn -0.28886 0.94464 0.15564
vn -0.06509 0.99603 -0.06072
vn 0.13317 0.99069 -0.02844
vn 0.08213 0.99602 0.03449
vn -0.06284 0.99776 0.02293
vn -0.01709 0.999854 -0.00037
vn -0.11934 0.99079 0.06400
vn 0.03873 0.98734 0.15379
vn -0.29216 0.87081 0.39539
vn -0.37364 0.85595 0.35742
vn -0.21507 0.89791 0.38405
vn -0.14085 0.93008 0.33927
vn -0.29986 0.88812 0.34832
vn -0.17790 0.92984 0.32210
vn -0.00848 0.98063 0.19566
vn -0.06735 0.99647 0.05016
vn -0.02781 0.999512 -0.01421
vn -0.01743 0.999758 -0.01341
vn 0.06711 0.99765 0.01414
vn -0.06663 0.99261 0.10137
vn -0.25097 0.96761 0.02732
vn -0.16546 0.98509 -0.04717
vn 0.24151 0.96925 0.04717
vn 0.30454 0.95201 -0.03060
vn -0.23378 0.97213 -0.01732
vn -0.21758 0.97082 -0.10084
vn -0.38521 0.91982 0.07448
vn -0.41565 0.90264 -0.11170
vn -0.22175 0.93434 -0.27898
vn -0.18209 0.68289 -0.70746
vn 0.03490 0.62610 -0.77896
vn 0.14193 0.27423 -0.95113
vn -0.06296 0.13734 -0.98852
vn 0.12481 0.98420 -0.12562
vn 0.06957 0.99251 -0.10043
vn 0.18216 0.70038 -0.69013
vn 0.11410 0.99214 -0.05130
vn -0.03901 0.99319 -0.10976
vn 0.02505 0.99666 0.07778
vn -0.19322 0.97981 0.05138
vn -0.06910 0.99445 -0.07933
vn 0.22839 0.97337 -0.01947
vn 0.07219 0.98868 0.13153
vn -0.25077 0.96775 0.02393
vn -0.11551 0.98992 -0.08190
vn 0.06841 0.99763 0.00789
vn -0.02032 0.99739 0.06927
vn -0.00141 0.99716 0.07528
vn -0.12203 0.97872 0.16496
vn -0.00331 0.999243 -0.03876
vn -0.11373 0.99337 0.01699
vn -0.15093 0.97815 -0.14297
vn 0.13554 0.96562 0.22183
vn -0.13099 0.96129 0.24243
vn -0.01325 0.99279 0.11914
vn 0.06117 0.98799 0.14187
vn -0.12872 0.94836 0.28992
vn -0.05034 0.94364 0.32713
vn 0.07693 0.96957 0.23240
vn -0.14420 0.97523 0.16770
vn -0.04773 0.99574 0.07891
vn -0.02320 0.99605 0.08566
vn 0.02346 0.99858 0.04779
vn 0.07114 0.99456 0.07603
vn 0.22357 0.96745 0.11854
vn -0.01365 0.99370 0.11125
vn -0.03394 0.99407 -0.10327
vn -0.17002 0.98540 -0.00867
vn -0.19580 0.95564 -0.22002
vn -0.29486 0.74063 -0.60376
vn -0.12680 0.95603 -0.26445
vn -0.17634 0.98301 0.05096
vn -0.11152 0.99349 0.02329
vn -0.19316 0.93861 -0.28583
vn 0.26164 0.96515 -0.00587
vn 0.36903 0.91689 0.15210
vn 0.22967 0.96659 0.11378
vn 0.12023 0.99274 0.00184
vn 0.11177 0.99371 0.00747
vn 0.10714 0.99217 0.06423
vn -0.14249 0.98122 0.13001
vn 0.13764 0.97780 -0.15800
vn -0.00418 0.99097 -0.13398
vn -0.16500 0.98603 0.02280
vn 0.09677 0.98936 -0.10867
vn -0.34158 0.90061 0.26876
vn -0.00956 0.91497 0.40341
vn -0.14873 0.84931 0.50652
vn -0.08333 0.84394 0.52992
vn -0.34320 0.90788 0.24078
vn -0.67257 0.40196 0.62134
vn -0.34292 0.56679 0.74910
vn -0.18898 0.44695 0.87437
vn -0.17811 0.94324 0.28030
vn 0.00227 0.99736 0.07265
vn 0.34581 0.93459 0.08341
vn 0.04888 0.90446 0.42375
vn 0.01160 0.999301 0.03554
vn -0.09702 0.98610 0.13488
vn -0.10139 0.97210 -0.21154
vn -0.22774 0.96860 -0.09975
vn -0.22474 0.97131 -0.07775
vn -0.15190 0.97089 -0.18518
vn -0.11917 0.99019 -0.07292
vn 0.19979 0.97984 0.00104
vn 0.20436 0.97874 -0.01752
vn 0.22269 0.97489 0.00304
vn 0.39801 0.91155 0.10325
vn 0.46203 0.88182 0.09451
vn 0.29533 0.94409 -0.14654
vn 0.02324 0.93314 -0.35876
vn 0.25163 0.57877 -0.77570
vn 0.52201 0.52909 -0.66900
vn 0.48201 0.86580 -0.13439
vn 0.74729 0.32628 -0.57888
vn 0.71536 0.29331 -0.63422
vn 0.66469 0.30920 -0.68013
vn 0.01689 0.999783 0.01223
vn 0.35344 0.83105 -0.42946
vn -0.04615 0.98860 -0.14334
vn -0.17584 0.96908 -0.17311
vn -0.17406 0.97187 -0.15864
vn 0.12473 0.99219 0.00157
vn -0.23354 0.92178 0.30948
vn 0.05287 0.98277 0.17713
vn 0.13687 0.98456 0.10911
vn -0.09416 0.91782 0.38566
vn 0.05169 0.95893 0.27889
vn -0.08564 0.93330 -0.34874
vn 0.12501 0.88132 -0.45568
vn -0.05819 0.99314 -0.10146
vn -0.24683 0.96467 -0.09217
vn -0.34612 0.93606 0.06314
vn -0.89120 0.42512 0.15820
vn -0.72573 0.52079 0.44955
vn -0.05081 0.99849 0.02076
vn -0.02961 0.999508 -0.01033
vn -0.35416 0.93431 0.04048
vn 0.03724 0.999249 0.01070
vn -0.19319 0.96867 0.15607
vn -0.06679 0.93617 -0.34514
vn -0.04439 0.95361 -0.29775
vn -0.22928 0.96884 0.09367
vn 0.26127 0.95141 -0.16293
vn 0.24021 0.95806 0.15627
vn -0.00586 0.96301 0.26941
vn 0.12913 0.99102 0.03464
vn 0.16446 0.97011 0.17843
vn 0.30446 0.91509 0.26441
vn -0.12885 0.98705 -0.09553
vn -0.15242 0.97452 -0.16458
vn -0.25672 0.89542 -0.36375
vn -0.17645 0.97480 -0.13650
vn -0.01954 0.93854 -0.34460
vn -0.07555 0.86551 -0.49516
vn -0.04424 0.71131 -0.70149
vn -0.09105 0.65476 -0.75033
vn 0.17052 0.66653 -0.72572
vn 0.43596 0.85953 -0.26675
vn 0.12258 0.99223 -0.02111
vn 0.36269 0.61383 -0.70119
vn 0.31448 0.60392 -0.73238
vn 0.32295 0.94423 0.06422
vn 0.00798 0.999884 0.01294
vn 0.09725 0.99309 -0.06564
vn 0.12918 0.96675 0.22070
vn 0.12579 0.96742 0.21970
vn 0.16133 0.92102 0.35454
vn 0.05875 0.90220 0.42730
vn -0.07673 0.94090 -0.32988
vn 0.14194 0.84681 -0.51261
vn -0.07283 0.95900 -0.27389
vn -0.05481 0.95339 -0.29673
vn -0.11502 0.95420 0.27616
vn 0.00915 0.98594 -0.16687
vn 0.27815 0.93676 -0.21239
vn 0.21876 0.97333 -0.06905
vn 0.34318 0.80917 0.47695
vn 0.57865 0.78930 -0.20535
vn -0.20895 0.83104 -0.51548
vn -0.15205 0.79740 -0.58398
vn 0.05205 0.90332 0.42579
vn 0.30689 0.92376 0.22910
vn 0.29187 0.95646 0.00122
vn 0.66175 0.66588 -0.34452
vn 0.67809 0.71103 -0.18610
vn 0.69681 0.69851 -0.16293
vn 0.70054 0.68444 -0.20198
vn 0.10537 0.97666 0.18716
vn 0.72723 0.67361 -0.13185
vn 0.81181 0.20610 -0.54634
vn 0.72816 0.18558 -0.65981
vn 0.69464 0.06881 -0.71606
vn 0.25019 0.27072 -0.92958
vn 0.44921 0.03382 -0.89279
vn 0.19056 0.27056 -0.94365
vn 0.11436 0.18988 -0.97512
vn 0.11065 0.23065 -0.96672
vn 0.45537 0.05018 -0.88889
vn 0.36563 0.02668 -0.93038
vn 0.80776 -0.19252 -0.55719
vn 0.80253 -0.20264 -0.56114
vn 0.61540 -0.20847 -0.76015
vn 0.94240 -0.10276 -0.31830
vn 0.92895 -0.15490 -0.33625
vn 0.97762 -0.04029 -0.20648
vn 0.95811 0.11666 -0.26156
vn 0.91784 0.00132 -0.39695
vn 0.87838 0.43307 -0.20224
vn 0.86288 0.15913 -0.47970
vn 0.63373 0.68833 0.35297
vn 0.91068 0.41127 0.03899
vn 0.59043 0.61442 -0.52333
vn 0.55665 0.68041 -0.47663
vn 0.72550 0.66191 0.18848
vn 0.80049 0.51431 0.30772
vn 0.96743 -0.11671 0.22464
vn 0.99081 0.09162 0.09953
vn 0.95992 -0.14912 0.23733
vn 0.95554 -0.12518 0.26696
vn 0.34274 0.93077 0.12728
vn 0.83702 0.50374 0.21363
vn 0.57888 0.73589 0.35123
vn 0.00026 0.92749 0.37384
vn 0.60265 0.73285 0.31581
vn 0.00002 0.999697 0.02460
vn 0.79897 0.50789 -0.32201
vn 0.63382 0.70905 -0.30906
vn 0.55277 0.73473 -0.39322
vn 0.88723 0.33096 -0.32140
vn 0.83293 0.21803 -0.50862
vn 0.89652 0.16826 0.40981
vn 0.97718 -0.13729 0.16206
vn 0.94994 0.29559 -0.10119
vn 0.97608 -0.01524 -0.21688
vn 0.97017 -0.02697 0.24092
vn 0.97285 -0.03888 0.22816
vn 0.99494 0.06138 -0.07948
vn 0.98871 0.14483 -0.03846
vn 0.95939 -0.09356 0.26611
vn 0.97232 0.16508 0.16537
vn 0.99070 -0.12318 -0.05775
vn 0.89771 -0.06581 -0.43563
vn 0.91431 -0.07021 -0.39889
vn 0.92517 -0.03713 -0.37774
vn 0.98754 -0.15215 -0.04023
vn 0.95975 -0.06008 0.27437
vn 0.94847 0.09231 -0.30312
vn 0.93937 0.16522 -0.30047
vn 0.89295 0.16565 -0.41858
vn 0.89489 0.15217 -0.41955
vn 0.90504 0.38688 -0.17672
vn 0.84049 0.38655 -0.37967
vn 0.92546 0.17125 -0.33794
vn 0.91675 0.12671 -0.37883
vn 0.91281 0.14508 -0.38175
vn 0.93846 -0.08527 -0.33470
vn 0.94073 -0.08053 -0.32945
vn 0.99051 -0.00641 0.13730
vn 0.97242 -0.04727 0.22840
vn 0.99864 -0.02113 0.04762
vn 0.91689 -0.06947 -0.39304
vn 0.92656 -0.09978 -0.36268
vn 0.94589 0.01243 -0.32425
vn 0.97130 -0.04324 0.23388
vn 0.99833 -0.02700 0.05100
vn 0.98537 -0.06766 0.15645
vn 0.93861 -0.05682 -0.34026
vn 0.95028 -0.02134 -0.31068
vn 0.88345 -0.05129 -0.46571
vn 0.90439 0.01548 -0.42643
vn 0.90204 0.07775 -0.42460
vn 0.90005 0.08410 -0.42759
vn 0.88419 0.00833 -0.46705
vn 0.98796 0.12054 -0.09694
vn 0.98185 0.15622 -0.10754
vn 0.99068 0.13118 -0.03669
vn 0.98027 0.18860 -0.05919
vn 0.98089 0.08156 -0.17666
vn 0.96857 -0.00938 -0.24855
vn 0.98133 0.07862 -0.17554
vn 0.89538 -0.02547 -0.44458
vn 0.85719 0.12855 -0.49871
vn 0.86158 0.13843 -0.48839
vn 0.93175 0.11157 -0.34555
vn 0.94565 0.17397 -0.27474
vn 0.98071 0.00370 0.19544
vn 0.99048 -0.02702 0.13499
vn 0.97037 -0.05264 0.23582
vn 0.99847 -0.03304 0.04434
vn 0.99251 0.11857 0.02938
vn 0.96706 -0.05960 -0.24749
vn 0.99562 0.09322 -0.00718
vn 0.98729 0.07022 -0.14259
vn 0.98051 0.10493 -0.16611
vn 0.98160 0.00045 0.19094
vn 0.98765 -0.13399 0.08126
vn 0.99021 -0.12910 0.05311
vn 0.95324 0.00130 0.30222
vn 0.91755 -0.33805 0.20934
vn 0.88478 -0.45433 0.10371
vn 0.87363 -0.43277 0.22243
vn 0.86185 -0.44637 0.24076
vn 0.93200 -0.28859 -0.21930
vn 0.92825 -0.29526 -0.22622
vn 0.86484 -0.25474 -0.43261
vn 0.89487 -0.20335 -0.39731
vn 0.90304 0.08519 -0.42102
vn 0.82561 -0.19982 -0.52768
vn 0.91098 0.09359 -0.40170
vn 0.95278 0.07138 -0.29516
vn 0.93504 0.06164 -0.34914
vn 0.95369 0.08440 -0.28870
vn 0.98575 0.07351 -0.15128
vn 0.98587 0.07250 -0.15102
vn 0.98370 0.05337 -0.17174
vn 0.98897 0.12423 -0.08060
vn 0.98626 0.14555 -0.07820
vn 0.99729 0.06940 -0.02430
vn 0.99811 0.04881 -0.03737
vn 0.999637 -0.02424 -0.01176
vn 0.999477 -0.02851 -0.01526
vn 0.99553 -0.03489 -0.08772
vn 0.98414 0.04528 -0.17154
vn 0.97356 0.02149 -0.22740
vn 0.93716 -0.20428 -0.28284
vn 0.94329 -0.20008 -0.26491
vn 0.85281 -0.43933 -0.28232
vn 0.82476 -0.46637 -0.31980
vn 0.81033 -0.39516 -0.43269
vn 0.72605 -0.48625 -0.48623
vn 0.79981 -0.51056 -0.31563
vn 0.71285 -0.59699 -0.36803
vn 0.75550 -0.64920 -0.08806
vn 0.71869 -0.68265 -0.13219
vn 0.61975 -0.75013 0.23068
vn 0.51520 -0.85437 0.06800
vn 0.50533 -0.85858 0.08654
vn 0.86375 -0.44836 0.23003
vn 0.50177 -0.86170 0.07545
vn 0.82714 -0.54968 0.11705
vn 0.46763 -0.87391 0.13268
vn 0.98769 -0.15634 0.00595
vn 0.88444 -0.46465 -0.04314
vn 0.97552 0.00046 -0.21992
vn 0.83903 -0.47216 -0.27035
vn 0.95841 -0.01935 -0.28473
vn 0.36043 -0.93208 -0.03622
vn 0.82161 -0.49011 -0.29113
vn 0.38225 -0.91615 -0.12063
vn 0.01700 -0.999741 0.01514
vn 0.01622 -0.99575 0.09066
vn 0.19394 -0.96922 0.15165
vn 0.03004 -0.999545 -0.00258
vn 0.18755 -0.97960 -0.07224
vn 0.46339 -0.88200 -0.08572
vn 0.08647 -0.99349 -0.07412
vn 0.14010 -0.99008 -0.01017
vn 0.58658 -0.76938 -0.25293
vn 0.38386 -0.88043 -0.27838
vn 0.59880 -0.76689 -0.23090
vn 0.84279 -0.48228 -0.23897
vn 0.78661 -0.60246 -0.13524
vn 0.48881 -0.85671 -0.16465
vn 0.53261 -0.84200 -0.08579
vn 0.92593 -0.33070 -0.18246
vn 0.92942 -0.32746 -0.17017
vn 0.91946 -0.39221 0.02763
vn 0.90161 -0.42988 -0.04801
vn 0.82954 -0.55671 -0.04404
vn 0.41970 -0.90702 -0.03405
vn 0.00398 -0.999952 0.00899
vn 0.00646 -0.999904 0.01224
vn 0.11904 -0.98654 -0.11214
vn 0.14366 -0.98877 -0.04119
vn 0.08167 -0.99491 -0.05910
vn -0.00083 -0.999887 0.01503
vn -0.01288 -0.999917 0.00090
vn -0.01698 -0.999815 0.00900
vn -0.01518 -0.999817 0.01160
vn -0.05448 -0.99840 0.01530
vn -0.01226 -0.999916 0.00417
vn 0.40553 -0.90964 -0.08998
vn -0.03762 -0.999004 -0.02401
vn 0.83081 -0.51271 -0.21650
vn 0.81391 -0.52855 -0.24123
vn 0.43197 -0.88561 -0.17058
vn 0.43024 -0.88585 -0.17368
vn -0.03441 -0.999301 -0.01461
vn 0.09605 -0.97488 -0.20095
vn -0.01481 -0.99985 -0.00896
vn -0.01472 -0.999851 -0.00904
vn -0.01112 -0.999891 -0.00969
vn 0.00393 -0.999984 -0.00403
vn -0.01354 -0.999866 0.00922
vn -0.00114 -0.999833 -0.01826
vn -0.00380 -0.999908 -0.01303
vn -0.02273 -0.999738 0.00284
vn -0.01432 -0.999804 0.01368
vn -0.01300 -0.999866 0.00996
vn -0.00961 -0.99767 -0.06759
vn 0.04290 -0.999025 0.01040
vn 0.08597 -0.96452 -0.24961
vn 0.16516 -0.96385 -0.20908
vn 0.15382 -0.92491 -0.34768
vn 0.07263 -0.98648 -0.14690
vn 0.27159 -0.92201 -0.27594
vn 0.03439 -0.999376 0.00806
vn 0.10167 -0.98546 -0.13610
vn -0.00652 -0.999572 0.02850
vn -0.16862 -0.98258 0.07813
vn -0.29966 -0.95382 -0.02072
vn -0.25036 -0.94735 0.19964
vn -0.18537 -0.98267 -0.00126
vn -0.22534 -0.96844 -0.10654
vn 0.00040 -0.999989 -0.00460
vn -0.03599 -0.999347 0.00317
vn -0.10846 -0.98854 -0.10502
vn -0.00022 -1 -0.00048
vn 0.00490 -0.999987 -0.00124
vn -0.07036 -0.99618 0.05167
vn -0.60598 -0.79539 -0.01205
vn -0.58510 -0.81022 0.03462
vn -0.54389 -0.83442 -0.08910
vn -0.54708 -0.83094 -0.10120
vn -0.59402 -0.80336 -0.04181
vn -0.68628 -0.71008 -0.15750
vn -0.44683 -0.86984 0.20910
vn -0.71958 -0.42816 0.54670
vn -0.43271 -0.82051 0.37354
vn -0.10853 -0.98604 0.12626
vn -0.07496 -0.99696 0.02120
vn 0.00238 -0.999993 0.00303
vn -0.01007 -0.999947 0.00221
vn -0.02512 -0.999581 -0.01436
vn 0.09823 -0.98383 -0.14975
vn 0.12902 -0.98190 -0.13866
vn 0.09908 -0.83849 -0.53583
vn 0.02319 -0.89744 -0.44053
vn 0.15457 -0.84938 -0.50464
vn 0.03583 -0.999343 -0.00540
vn -0.06059 -0.88272 -0.46598
vn -0.04634 -0.87731 -0.47768
vn -0.00120 -0.999988 0.00478
vn -0.01395 -0.99834 0.05596
vn -0.01471 -0.99849 0.05286
vn -0.26405 -0.88112 0.39231
vn -0.22223 -0.84253 0.49067
vn -0.77930 -0.33645 0.52867
vn -0.49553 -0.42067 0.75993
vn -0.49911 -0.42484 0.75525
vn -0.84648 -0.52925 -0.05798
vn -0.80062 -0.59893 -0.01676
vn -0.77303 -0.36552 0.51848
vn -0.83011 -0.52880 -0.17686
vn -0.82646 -0.56200 -0.03347
vn -0.78937 -0.57673 -0.21041
vn -0.83625 -0.54466 -0.06349
vn -0.92429 -0.28661 -0.25208
vn -0.88290 -0.46824 -0.03533
vn -0.89926 -0.43592 0.03610
vn -0.80780 -0.56563 0.16588
vn -0.49402 -0.51094 0.70348
vn -0.64212 -0.21272 0.73650
vn -0.71729 -0.17711 0.67389
vn -0.48264 0.09633 0.87050
vn -0.44110 -0.47299 0.76270
vn -0.24847 -0.35393 0.90166
vn -0.14132 -0.88415 0.44533
vn -0.00448 -0.999987 -0.00226
vn 0.01264 -0.99684 -0.07849
vn -0.10054 -0.99374 0.04863
vn -0.03673 -0.88217 -0.46950
vn -0.03335 -0.57954 -0.81426
vn -0.15135 -0.47943 -0.86443
vn -0.31568 -0.45461 -0.83287
vn -0.14503 -0.35663 -0.92292
vn -0.22371 -0.76489 -0.60407
vn -0.09589 -0.93685 -0.33634
vn 0.05804 -0.69328 -0.71833
vn -0.16761 -0.41555 0.89399
vn -0.20638 -0.44237 0.87276
vn 0.01645 -0.88569 0.46399
vn -0.21977 -0.16991 0.96064
vn -0.17881 -0.15341 0.97185
vn -0.74839 -0.07848 0.65860
vn -0.20793 -0.13140 0.96928
vn -0.95331 -0.10476 0.28326
vn -0.93795 -0.14645 0.31432
vn -0.73228 -0.01711 0.68078
vn -0.99218 -0.10675 -0.06465
vn -0.95385 -0.28012 -0.10813
vn -0.97210 -0.19035 -0.13705
vn -0.94895 -0.29260 -0.11784
vn -0.97186 -0.18730 -0.14284
vn -0.98373 0.03765 -0.17569
vn -0.99503 -0.09428 0.03194
vn -0.95361 0.05333 0.29627
vn -0.66592 -0.14281 0.73222
vn -0.66258 -0.12597 0.73832
vn -0.27927 0.06676 0.95789
vn 0.00015 -0.29659 0.95501
vn -0.09676 -0.29358 0.95102
vn -0.10729 -0.31231 0.94390
vn 0.00299 -0.53652 0.84388
vn -0.10692 -0.61122 0.78421
vn -0.02732 -0.93480 0.35411
vn -0.04663 -0.92883 0.36755
vn 0.01597 -0.999719 0.01749
vn 0.09970 -0.96046 -0.25997
vn 0.13829 -0.60006 -0.78791
vn 0.01299 -0.66089 -0.75037
vn 0.12384 -0.95519 -0.26886
vn 0.05327 -0.79248 -0.60756
vn 0.26251 -0.62699 -0.73346
vn 0.00366 -0.999993 -0.00035
vn -0.00160 -0.99684 -0.07942
vn -0.09532 -0.94484 0.31337
vn -0.06693 -0.99656 0.04888
vn -0.25632 -0.48107 0.83837
vn -0.29244 -0.48673 0.82315
vn -0.32008 -0.80283 0.50300
vn -0.20933 -0.27137 0.93944
vn -0.23701 0.05500 0.96995
vn -0.17412 0.02935 0.98429
vn -0.26815 -0.14950 0.95171
vn -0.07175 0.11309 0.99099
vn -0.14128 0.00507 0.98996
vn -0.73506 0.01497 0.67784
vn -0.20162 -0.05584 0.97787
vn -0.14442 0.01594 0.98939
vn -0.22892 -0.00014 0.97345
vn -0.21446 0.10365 0.97122
vn -0.33118 0.06156 0.94156
vn -0.30174 -0.13476 0.94382
vn -0.40370 -0.25611 0.87831
vn -0.36324 -0.42512 0.82905
vn -0.33521 -0.41132 0.84761
vn -0.20719 -0.82955 0.51857
vn -0.13919 -0.77843 0.61211
vn 0.00355 -0.99723 0.07431
vn 0.00287 -0.99712 -0.07579
vn 0.06626 -0.85518 -0.51408
vn 0.15881 -0.80684 -0.56902
vn 0.00928 -0.99698 -0.07710
vn -0.04300 -0.87293 -0.48594
vn 0.02581 -0.84449 -0.53495
vn -0.00514 -0.99826 -0.05876
vn -0.00067 -0.999995 0.00312
vn -0.00560 -0.999984 -0.00052
vn 0.06042 -0.88913 0.45364
vn -0.02482 -0.65376 0.75630
vn 0.07638 -0.62098 0.78009
vn -0.00008 -0.33216 0.94322
vn -0.28318 0.01884 0.95888
vn -0.07537 0.09093 0.99300
vn -0.10631 -0.21399 0.97103
vn -0.29041 0.05629 0.95525
vn -0.27999 0.06001 0.95813
vn -0.16715 0.02845 0.98552
vn -0.25936 0.03770 0.96504
vn -0.16710 0.05195 0.98457
vn -0.20156 0.07948 0.97625
vn -0.28906 0.02489 0.95699
vn -0.21537 -0.00987 0.97648
vn 0.08000 0.04082 0.99596
vn 0.06877 -0.03413 0.99705
vn 0.16396 0.00843 0.98643
vn 0.19418 -0.30114 0.93360
vn 0.01350 -0.17473 0.98452
vn 0.05282 -0.60559 0.79402
vn -0.02099 -0.64627 0.76282
vn 0.06779 -0.88876 0.45334
vn 0.01289 -0.92203 0.38691
vn 0.03538 -0.999354 0.00634
vn -0.00502 -0.99829 0.05817
vn -0.00086 -0.999993 0.00354
vn 0.02773 -0.92642 0.37546
vn -0.01588 -0.93888 0.34388
vn 0.02827 -0.999571 0.00765
vn 0.08015 -0.69772 0.71187
vn -0.00116 -0.73828 0.67450
vn 0.05301 -0.36529 0.92938
vn 0.06975 0.05166 0.99623
vn 0.02838 0.02485 0.999288
vn 0.07242 -0.37853 0.92275
vn -0.21199 -0.00159 0.97727
vn -0.20015 -0.05233 0.97837
vn -0.08193 0.01507 0.99652
vn -0.23134 0.05640 0.97124
vn -0.24175 0.07397 0.96751
vn -0.06884 0.14738 0.98668
vn -0.16776 0.17668 0.96987
vn -0.05913 0.12960 0.98980
vn -0.16923 0.17568 0.96979
vn -0.19039 -0.06045 0.97985
vn -0.23291 -0.06779 0.97013
vn -0.20468 -0.01508 0.97871
vn 0.17089 -0.00726 0.98526
vn 0.16051 -0.04032 0.98621
vn 0.19404 -0.03342 0.98042
vn 0.16267 -0.12259 0.97904
vn -0.04821 -0.14140 0.98878
vn -0.01695 0.05850 0.99814
vn -0.16681 0.01222 0.98591
vn -0.15924 -0.37557 0.91301
vn -0.08812 -0.43934 0.89399
vn -0.07945 -0.68871 0.72067
vn -0.11255 -0.69844 0.70676
vn -0.10113 -0.90749 0.40772
vn -0.01583 -0.89305 0.44969
vn -0.07083 -0.99235 0.10113
vn -0.00118 -0.999851 -0.01720
vn -0.22008 -0.60827 0.76260
vn -0.11131 -0.57918 0.80756
vn -0.10719 -0.83877 0.53384
vn -0.22747 -0.39542 0.88989
vn -0.12976 -0.01939 0.99136
vn -0.24252 -0.05265 0.96872
vn -0.23998 -0.38216 0.89239
vn -0.00731 -0.18301 0.98308
vn -0.14544 -0.20215 0.96849
vn 0.29258 -0.10583 0.95037
vn 0.00686 -0.15002 0.98866
vn 0.00683 0.07375 0.99725
vn -0.22318 -0.09349 0.97028
vn -0.10891 0.61983 0.77714
vn -0.08390 0.60579 0.79119
vn 0.00411 0.64902 0.76076
vn -0.30782 0.54736 0.77823
vn -0.19650 0.44417 0.87413
vn -0.32327 -0.01640 0.94616
vn -0.33140 0.00236 0.94349
vn -0.25801 -0.04152 0.96525
vn -0.39206 -0.11201 0.91310
vn -0.87922 0.07547 0.47040
vn -0.76799 0.16108 0.61987
vn -0.88352 0.08817 0.46002
vn -0.89180 0.05047 0.44961
vn -0.75685 0.07529 0.64924
vn -0.88406 0.45799 0.09321
vn -0.98721 0.08330 0.13595
vn -0.95637 0.14497 0.25366
vn -0.74040 0.11081 0.66297
vn -0.98588 0.06321 0.15505
vn -0.95115 0.20114 0.23422
vn -0.95407 0.15453 0.25667
vn -0.71774 0.05421 0.69420
vn -0.98628 0.16454 -0.01359
vn -0.95468 0.29754 -0.00772
vn -0.89105 0.44826 0.07138
vn -0.86893 0.49247 -0.04933
vn -0.98149 0.19027 0.02162
vn -0.32816 0.94460 -0.00614
vn -0.05108 0.95589 -0.28923
vn -0.28822 0.95300 0.09341
vn -0.89383 0.40622 -0.18989
vn -0.87939 0.41562 -0.23224
vn -0.98505 -0.13931 -0.10137
vn -0.96626 0.17069 0.19288
vn -0.96098 0.27242 -0.04794
vn -0.98820 0.15009 -0.03050
vn -0.98317 0.17982 0.03234
vn -0.98205 0.17060 -0.08042
vn -0.96083 0.27691 0.01110
vn -0.95648 0.27752 0.09012
vn -0.96652 0.23966 0.09164
vn -0.95777 0.26400 0.11393
vn -0.97935 -0.18798 0.07438
vn -0.96330 0.26154 0.06047
vn -0.85481 0.51518 -0.06234
vn -0.88487 0.45797 0.08527
vn -0.98069 -0.16245 0.10891
vn 0.05217 0.99623 -0.06938
vn 0.03273 0.99866 -0.03999
vn 0.02102 0.99899 -0.03970
vn -0.11768 0.98120 0.15297
vn -0.13490 0.98700 0.08736
vn -0.07438 0.99676 -0.03056
vn -0.00667 0.98226 0.18739
vn -0.27243 0.88671 0.37353
vn 0.04460 0.99558 -0.08264
vn -0.01534 0.99322 -0.11520
vn -0.03855 0.97451 -0.22099
vn 0.01773 0.99636 -0.08332
vn 0.00558 0.99692 -0.07828
vn 0.04282 0.98916 -0.14048
vn 0.03209 0.98958 -0.14038
vn -0.25476 0.91555 0.31124
vn -0.79478 0.53101 0.29385
vn -0.70127 0.71094 -0.05270
vn -0.98856 -0.13571 -0.06588
vn -0.99234 -0.11702 -0.03969
vn -0.95423 0.28056 -0.10360
vn -0.94461 0.32392 -0.05277
vn -0.96494 0.25363 -0.06756
vn -0.99316 0.10831 0.04361
vn -0.98164 0.06673 0.17870
vn -0.99664 -0.08072 0.01367
vn -0.98303 -0.13825 0.12057
vn -0.98730 -0.11472 -0.10993
vn -0.95686 0.28785 -0.03954
vn -0.75101 0.60133 -0.27276
vn -0.84883 0.52474 -0.06422
vn -0.99012 -0.10474 -0.09328
vn 0.01072 0.97332 -0.22922
vn -0.29897 0.93994 0.16470
vn -0.19692 0.96479 0.17434
vn 0.04697 0.99298 -0.10857
vn 0.00228 0.99055 -0.13711
vn 0.19403 0.96235 -0.19035
vn 0.06956 0.99710 -0.03081
vn 0.06849 0.99618 -0.05413
vn -0.05172 0.99864 0.00582
vn 0.14427 0.92236 -0.35837
vn -0.15091 0.95125 0.26899
vn -0.32091 0.93988 0.11678
vn -0.16679 0.94745 0.27300
vn -0.07518 0.98672 0.14400
vn 0.09554 0.98375 0.15198
vn -0.01552 0.95726 0.28882
vn -0.75590 0.62208 0.20402
vn -0.77127 0.34924 0.53215
vn -0.83903 -0.29017 0.46024
vn -0.85523 -0.33972 0.39136
vn -0.92744 0.15680 0.33951
vn -0.96667 0.06220 0.24836
vn -0.91531 0.31902 0.24584
vn -0.99645 0.08352 0.01010
vn -0.99634 0.08190 0.02460
vn -0.87436 0.14172 0.46412
vn -0.91111 -0.08583 0.40312
vn -0.97958 -0.15601 0.12680
vn -0.72180 -0.32552 0.61077
vn -0.89440 0.16198 0.41692
vn -0.90421 0.13045 0.40669
vn -0.56064 0.34110 0.75454
vn -0.52363 0.08343 0.84785
vn -0.01090 0.95095 0.30916
vn -0.49334 0.38789 0.77856
vn -0.30396 0.92995 0.20687
vn -0.09258 0.99551 0.01953
vn -0.01461 0.999293 0.03465
vn -0.42341 0.82890 0.36559
vn -0.32420 0.93153 0.16473
vn 0.19314 0.94949 -0.24730
vn -0.14316 0.98725 -0.06957
vn 0.21779 0.91865 -0.32963
vn -0.15623 0.97928 0.12882
vn -0.27524 0.92525 0.26108
vn -0.23557 0.93737 0.25659
vn -0.29486 0.87854 0.37580
vn -0.27047 0.96141 0.05032
vn -0.06272 0.99598 -0.06388
vn -0.33678 0.88553 0.32003
vn -0.24138 0.97017 -0.02239
vn -0.76125 0.62743 0.16382
vn -0.58334 0.71223 0.39044
vn -0.95209 0.12493 0.27912
vn -0.95184 0.06898 0.29873
vn -0.89638 0.16868 0.40995
vn -0.88466 0.27266 0.37819
vn -0.89119 0.14021 0.43141
vn -0.94339 0.04296 0.32890
vn -0.87980 0.01475 0.47512
vn -0.91984 -0.07453 0.38515
vn -0.93339 0.08449 0.34878
vn -0.96537 -0.08386 0.24704
vn -0.99636 0.08351 -0.01694
vn -0.99637 0.08346 -0.01691
vn -0.99263 0.12094 0.00820
vn -0.99384 0.11056 0.00733
vn -0.99581 0.09042 0.01370
vn -0.94402 0.22363 0.24253
vn -0.93432 0.32286 0.15105
vn -0.95674 0.16191 0.24175
vn -0.97737 0.11191 0.17950
vn -0.97852 0.09704 0.18187
vn -0.69738 0.71406 -0.06138
vn -0.99628 0.00069 0.08620
vn -0.14565 0.96182 -0.23170
vn -0.27337 0.95808 -0.08572
vn -0.76921 0.61143 -0.18566
vn 0.25248 0.96555 -0.06290
vn -0.14953 0.95732 0.24736
vn -0.28620 0.92697 0.24252
vn 0.22155 0.93690 -0.27042
vn 0.01790 0.96223 0.27165
vn 0.25859 0.96597 0.00491
vn -0.55467 0.82504 -0.10793
vn -0.64334 0.65409 -0.39784
vn -0.96775 0.10472 -0.22911
vn -0.96767 0.09089 -0.23528
vn -0.96605 0.10096 -0.23782
vn -0.97060 0.22504 -0.08542
vn -0.96448 0.25146 -0.08095
vn -0.99320 0.10097 0.05804
vn -0.99390 0.09419 0.05745
vn -0.99239 0.02105 0.12131
vn -0.98839 -0.13310 0.07321
vn -0.95123 -0.27550 0.13881
vn -0.97512 -0.20941 -0.07273
vn -0.91185 -0.24387 0.33024
vn -0.95612 -0.23547 0.17434
vn -0.88918 -0.45626 -0.03444
vn -0.88942 -0.45583 -0.03397
vn -0.80914 -0.53395 0.24534
vn -0.88399 -0.46337 0.06205
vn -0.96466 -0.20814 0.16156
vn -0.96069 -0.19015 0.20226
vn -0.97906 0.01637 0.20292
vn -0.98465 -0.00641 0.17441
vn -0.99541 0.08565 0.04268
vn -0.62897 0.77711 -0.02225
vn -0.97181 0.11388 -0.20643
vn -0.16495 0.98143 0.09792
vn 0.21453 0.96065 -0.17641
vn -0.58236 0.80559 0.10896
vn -0.63237 0.77310 0.04919
vn 0.10336 0.97503 -0.19657
vn -0.30371 0.93757 0.16946
vn -0.17694 0.97606 0.12653
vn -0.55711 0.83027 0.01680
vn -0.64758 0.75939 0.06296
vn -0.82740 0.54786 -0.12354
vn -0.89957 0.39794 0.18004
vn -0.83970 0.54283 0.01579
vn -0.98291 0.09731 -0.15624
vn -0.999164 0.02018 -0.03556
vn -0.99657 -0.08234 -0.00868
vn -0.99025 0.08748 0.10843
vn -0.98451 -0.00130 0.17532
vn -0.97175 -0.16550 0.16824
vn -0.89344 -0.41869 0.16270
vn -0.85679 -0.51136 0.06648
vn -0.85338 -0.51294 0.09298
vn -0.97738 -0.01761 0.21077
vn -0.97939 0.02727 0.20012
vn -0.97810 -0.19913 0.06064
vn -0.98095 -0.00012 0.19427
vn -0.97880 -0.02564 0.20320
vn -0.99298 -0.08594 0.08131
vn -0.98735 -0.12394 0.09887
vn -0.97581 0.12207 -0.18136
vn -0.99303 -0.04694 -0.10814
vn -0.99223 0.10695 0.06363
vn -0.68062 0.71443 0.16232
vn -0.99308 0.10754 0.04728
vn -0.34045 0.93095 0.13199
vn -0.21487 0.97608 0.03324
vn -0.72324 0.68790 0.06102
vn -0.00266 0.99884 0.04801
vn 0.12557 0.99011 -0.06263
vn -0.03327 0.99627 -0.07961
vn -0.27481 0.95852 0.07564
vn 0.13801 0.89677 0.42043
vn -0.32334 0.94603 0.02169
vn -0.78145 0.61350 0.11383
vn -0.76476 0.62698 0.14845
vn -0.99553 -0.01879 0.09255
vn -0.99057 -0.00016 0.13701
vn -0.99439 -0.02089 -0.10372
vn -0.98729 -0.15157 0.04783
vn -0.97846 -0.16067 0.12961
vn -0.98570 -0.13689 0.09823
vn -0.98905 -0.12136 0.08395
vn -0.99667 -0.01842 0.07948
vn -0.99567 -0.00669 0.09276
vn -0.98354 0.16861 0.06492
vn -0.99847 0.04349 -0.03419
vn -0.99897 -0.00324 0.04524
vn -0.99204 0.11220 0.05714
vn -0.98071 0.16075 0.11117
vn -0.98773 -0.08535 0.13082
vn -0.93896 -0.08707 0.33281
vn -0.95371 -0.12543 0.27331
vn -0.94597 -0.16687 0.27803
vn -0.80405 0.55294 0.21852
vn -0.96422 -0.15493 0.21513
vn -0.38133 0.91064 0.15912
vn -0.29985 0.95269 0.04966
vn -0.84673 0.51790 0.12178
vn -0.14151 0.98862 0.05102
vn -0.02062 0.99832 -0.05422
vn 0.15301 0.98789 -0.02561
vn 0.44244 0.86909 -0.22119
vn -0.35557 0.90477 -0.23445
vn -0.55322 0.77477 0.30607
vn 0.02599 0.99750 -0.06576
vn 0.04355 0.98564 0.16317
vn 0.61902 0.62624 0.47396
vn 0.24687 0.77626 0.58006
vn 0.64247 0.62412 0.44465
vn 0.62073 0.78039 0.07538
vn 0.53867 0.84168 0.03745
vn 0.53269 0.84526 0.04217
vn 0.15021 0.98665 -0.06290
vn -0.04805 0.99474 0.09041
vn -0.13806 0.98809 0.06792
vn -0.25025 0.95533 0.15725
vn -0.39783 0.91024 0.11483
vn -0.63588 0.70037 0.32424
vn -0.88936 0.39473 0.23073
vn -0.87809 0.40122 0.26073
vn -0.97984 -0.04686 0.19419
vn -0.99024 -0.08319 0.11178
vn -0.99290 -0.02457 0.11635
vn -0.99750 -0.04777 0.05215
vn -0.99650 0.00452 0.08352
vn -0.99562 -0.02066 0.09123
vn -0.99698 -0.06851 0.03653
vn -0.999914 -0.00407 0.01248
vn -0.999828 -0.01833 0.00273
vn -0.99592 0.07390 -0.05180
vn -0.99133 0.13043 0.01571
vn -0.95819 -0.28109 -0.05343
vn -0.94820 -0.23345 0.21544
vn -0.99704 0.07250 -0.02547
vn -0.94585 -0.29244 0.14087
vn -0.91818 -0.39239 0.05451
vn -0.91832 -0.38970 0.06950
vn -0.99650 -0.00544 0.08345
vn -0.99233 0.12262 0.01542
vn -0.99489 -0.02139 0.09866
vn -0.99607 0.00061 0.08855
vn -0.99196 -0.02846 0.12333
vn -0.99267 -0.00224 0.12081
vn -0.98103 -0.04333 0.18897
vn -0.98030 0.00470 0.19748
vn -0.86875 0.19996 0.45309
vn -0.91252 0.03949 0.40713
vn -0.57483 0.53102 0.62257
vn -0.84341 0.20727 0.49569
vn -0.13442 0.65489 0.74367
vn -0.36617 0.53531 0.76116
vn 0.00338 0.75083 0.66049
vn -0.15225 0.65644 0.73886
vn 0.50635 0.56293 0.65324
vn 0.36309 0.55913 0.74535
vn 0.83146 0.15324 0.53404
vn 0.91579 0.16252 0.36731
vn 0.83867 0.24985 0.48395
vn 0.74572 0.19219 0.63793
vn 0.78287 -0.01620 0.62197
vn 0.77551 -0.00361 0.63133
vn 0.88815 0.07885 0.45274
vn 0.85752 -0.00669 0.51440
vn 0.20130 0.17876 0.96308
vn 0.39629 -0.01725 0.91797
vn 0.26251 0.18279 0.94746
vn 0.17661 -0.01546 0.98416
vn -0.10496 -0.12077 0.98712
vn -0.56779 -0.03069 0.82260
vn -0.56466 -0.03541 0.82456
vn -0.77201 -0.03429 0.63468
vn -0.80351 -0.06899 0.59128
vn -0.93301 -0.07397 0.35217
vn -0.79475 0.02398 0.60646
vn -0.95298 -0.03934 0.30046
vn -0.93465 -0.00194 0.35556
vn -0.94685 -0.00839 0.32158
vn -0.95371 -0.03524 0.29865
vn -0.96982 0.12283 0.21063
vn -0.96665 0.13334 0.21863
vn -0.94540 -0.05054 0.32196
vn -0.94915 -0.29261 0.11611
vn -0.74734 0.15214 0.64679
vn -0.72413 0.11355 0.68025
vn -0.80550 -0.05041 0.59045
vn -0.79724 -0.01780 0.60340
vn -0.82453 0.02408 0.56530
vn -0.80481 -0.08195 0.58785
vn -0.75349 -0.03103 0.65672
vn -0.56663 -0.03747 0.82312
vn 0.38862 -0.02823 0.92097
vn 0.27449 -0.05166 0.96020
vn 0.85843 -0.00837 0.51286
vn 0.80913 0.07491 0.58283
vn 0.82444 -0.02707 0.56531
vn 0.83226 0.04338 0.55268
vn 0.81255 0.13113 0.56796
vn 0.87171 0.13171 0.47199
vn 0.84835 0.15542 0.50611
vn 0.87050 0.06466 0.48790
vn 0.78999 0.02436 0.61263
vn 0.37893 -0.00075 0.92542
vn 0.45152 -0.03563 0.89155
vn 0.26463 -0.03723 0.96363
vn -0.59659 0.00898 0.80250
vn -0.58904 0.01648 0.80794
vn -0.59221 0.13884 0.79373
vn -0.05563 0.05795 0.99677
vn 0.03890 0.00387 0.999236
vn 0.45138 0.00104 0.89233
vn 0.40661 -0.02338 0.91330
vn 0.28423 0.02775 0.95836
vn 0.79422 0.00048 0.60763
vn 0.82126 -0.02626 0.56995
vn 0.85828 -0.00921 0.51310
vn 0.93184 -0.08411 0.35298
vn 0.92181 -0.11439 0.37038
vn 0.95678 0.27556 0.09291
vn 0.96119 0.26359 0.08144
vn 0.98696 -0.03691 0.15667
vn 0.68461 0.72890 0.00340
vn 0.57111 0.77561 -0.26882
vn 0.41114 0.90924 0.06514
vn 0.77325 0.62264 -0.12000
vn 0.96290 0.26984 0.00316
vn 0.95716 0.05707 0.28389
vn 0.97023 -0.15237 0.18824
vn 0.91107 0.01122 0.41211
vn 0.98066 -0.06623 0.18418
vn 0.98222 -0.06145 0.17740
vn 0.88914 -0.02915 0.45671
vn 0.86321 -0.02065 0.50443
vn 0.81195 0.13086 0.56887
vn 0.90796 0.09647 0.40780
vn 0.24912 0.00819 0.96844
vn 0.21122 0.06817 0.97506
vn 0.43603 0.05808 0.89806
vn 0.66789 -0.01894 0.74402
vn 0.45846 0.02782 0.88828
vn 0.71700 -0.29080 0.63352
vn 0.91030 0.09000 0.40404
vn 0.78611 -0.34037 0.51593
vn 0.79568 -0.33460 0.50491
vn 0.85159 0.10700 0.51318
vn 0.86244 0.12598 0.49023
vn 0.97986 -0.01883 0.19881
vn 0.98894 0.06542 0.13314
vn 0.98955 -0.11534 0.08658
vn 0.96704 0.25458 -0.00491
vn 0.98475 -0.05687 0.16442
vn 0.98401 -0.06320 0.16653
vn 0.98780 0.14230 0.06325
vn 0.97826 -0.18719 -0.08922
vn 0.89262 0.09387 0.44092
vn 0.86538 -0.29743 0.40331
vn 0.83655 -0.34281 0.42740
vn 0.87497 -0.31307 0.36935
vn 0.81266 -0.35069 0.46541
vn 0.49790 -0.78016 0.37874
vn 0.49870 -0.81571 0.29311
vn 0.79337 -0.47993 0.37449
vn 0.39570 -0.83472 0.38298
vn 0.51107 -0.50638 0.69454
vn 0.53870 -0.77076 0.34019
vn 0.34446 -0.88074 0.32502
vn 0.23709 -0.97147 -0.00528
vn 0.04154 -0.97854 0.20183
vn 0.25936 -0.96497 -0.03955
vn 0.43979 -0.88063 0.17628
vn -0.01381 -0.999787 -0.01531
vn -0.00664 -0.999713 -0.02303
vn 0.79448 -0.47968 0.37243
vn 0.70483 -0.70495 0.07913
vn 0.87984 -0.44639 0.16316
vn 0.87443 -0.45891 0.15742
vn 0.61251 -0.71399 0.33918
vn 0.94908 -0.09863 0.29919
vn 0.87501 -0.46093 0.14801
vn 0.86516 -0.47499 0.16091
vn 0.97097 -0.04721 0.23449
vn 0.97184 -0.00246 0.23562
vn 0.98463 -0.07426 0.15808
vn 0.99019 0.04366 0.13277
vn 0.99850 -0.04777 0.02680
vn 0.999971 -0.00563 0.00512
vn 0.999822 0.00566 0.01801
vn 0.96621 0.25775 0.00119
vn 0.87552 0.47289 0.09921
vn 0.96762 0.19560 0.15952
vn 0.97238 0.18286 0.14508
vn 0.98293 -0.03175 0.18119
vn 0.97172 0.02108 0.23519
vn 0.99579 0.01915 0.08968
vn 0.97073 0.00138 0.24017
vn 0.98023 0.08437 0.17895
vn 0.99182 0.10735 0.06904
vn 0.98443 -0.14083 0.10514
vn 0.95623 -0.17847 0.23188
vn 0.86043 -0.47464 0.18544
vn 0.54459 -0.83782 0.03843
vn 0.53272 -0.84626 0.00801
vn 0.81370 -0.57681 0.07196
vn 0.46811 -0.87653 0.11208
vn 0.49349 -0.85970 0.13181
vn 0.14713 -0.97107 0.18809
vn -0.00433 -0.999885 -0.01450
vn -0.00277 -0.999991 0.00334
vn -0.00063 -0.999992 0.00395
vn -0.00067 -0.999992 0.00397
vn -0.00212 -0.999993 0.00305
vn -0.00696 -0.999902 0.01213
vn 0.45274 -0.88930 0.06461
vn -0.01669 -0.999805 -0.01059
vn 0.01979 -0.99900 -0.04011
vn 0.77209 -0.60385 0.19810
vn 0.73666 -0.66812 0.10460
vn 0.41971 -0.90093 0.11036
vn 0.95176 -0.27800 0.12987
vn 0.98896 0.12219 0.08379
vn 0.93777 -0.28638 0.19638
vn 0.96831 0.01198 0.24947
vn 0.96909 0.10332 0.22403
vn 0.91350 0.02294 0.40620
vn 0.91599 0.00616 0.40116
vn 0.91897 0.12400 0.37433
vn 0.92151 0.11953 0.36949
vn 0.97136 0.16599 0.17000
vn 0.97900 0.14449 0.14380
vn 0.91210 0.01707 0.40960
vn 0.93980 0.16534 0.29907
vn 0.89632 0.09550 0.43301
vn 0.90819 -0.40792 0.09379
vn 0.83431 -0.49255 0.24761
vn 0.90820 -0.40812 0.09283
vn 0.70722 -0.68354 0.18059
vn 0.38757 -0.92136 0.02988
vn 0.68685 -0.71717 0.11795
vn 0.36209 -0.93016 0.06087
vn -0.00013 -0.999187 0.04031
vn 0.00186 -0.999839 0.01786
vn 0.02533 -0.999664 -0.00558
vn 0.02283 -0.999632 -0.01467
vn -0.02113 -0.999765 0.00481
vn 0.00246 -0.999974 0.00680
vn 0.25684 -0.96596 -0.03092
vn 0.36196 -0.93056 0.05514
vn -0.02369 -0.999692 0.00737
vn 0.72558 -0.68708 0.03812
vn 0.68087 -0.72956 -0.06449
vn 0.83684 -0.42472 0.34542
vn 0.48819 -0.78747 0.37626
vn 0.94275 0.04220 0.33083
vn 0.96602 0.00531 0.25841
vn 0.97804 0.14982 0.14486
vn 0.98177 0.15176 -0.11448
vn 0.98129 0.16078 -0.10595
vn 0.98627 0.13238 -0.09876
vn 0.97288 0.23118 -0.00778
vn 0.94596 0.08449 0.31309
vn 0.99235 0.12301 -0.01012
vn 0.99652 0.05418 0.06332
vn 0.94368 0.04312 0.32805
vn 0.94963 -0.20711 0.23517
vn 0.94871 0.02814 0.31490
vn 0.89380 -0.19482 0.40393
vn 0.83874 -0.42434 0.34124
vn 0.43065 -0.87749 0.21109
vn 0.81262 -0.53994 0.21934
vn 0.39377 -0.88028 0.26468
vn 0.25781 -0.96618 -0.00597
vn 0.07814 -0.97494 0.20828
vn -0.01710 -0.999698 -0.01766
vn 0.03830 -0.999168 -0.01399
vn -0.02090 -0.99478 -0.09989
vn -0.05257 -0.99663 0.06300
vn -0.52826 -0.84689 -0.06105
vn -0.49048 -0.87137 0.01220
vn -0.55422 -0.83236 -0.00297
vn -0.55242 -0.83357 0.00027
vn -0.05238 -0.99842 0.02018
vn -0.53276 -0.84581 -0.02768
vn 0.00029 -0.999996 -0.00273
vn -0.01705 -0.999837 -0.00595
vn -0.01085 -0.99994 -0.00132
vn -0.00303 -0.999995 0.00062
vn -0.04920 -0.99866 0.01592
vn 0.31377 -0.94836 0.04650
vn -0.05113 -0.99850 0.01935
vn 0.72322 -0.56987 0.39013
vn 0.67084 -0.73368 0.10809
vn 0.31730 -0.94735 0.04305
vn 0.88492 -0.34942 0.30791
vn 0.99619 0.07144 0.05007
vn 0.999354 0.03589 0.00194
vn 0.95268 -0.29878 -0.05605
vn 0.91970 -0.39070 0.03872
vn 0.99695 0.04939 0.06038
vn 0.95380 0.07848 -0.29002
vn 0.94557 0.02428 -0.32450
vn 0.95387 -0.00557 -0.30017
vn 0.93948 0.16824 -0.29844
vn 0.97904 0.08781 -0.18375
vn 0.97129 0.19060 -0.14236
vn 0.97019 0.18776 -0.15322
vn 0.95769 0.23687 -0.16349
vn 0.97906 0.20131 -0.03043
vn 0.95946 0.23101 -0.16148
vn 0.97049 0.18398 -0.15589
vn 0.95858 0.23001 -0.16799
vn 0.97716 0.18174 -0.11014
vn 0.97155 0.23484 -0.03082
vn 0.97680 0.21006 0.04165
vn 0.76230 0.63884 -0.10386
vn 0.70783 0.53272 0.46388
vn 0.97948 0.19686 0.04307
vn 0.63280 0.77269 0.05011
vn 0.70383 0.68965 -0.17029
vn 0.95155 0.28776 -0.10840
vn 0.68866 0.69619 -0.20265
vn 0.95943 0.23396 0.15737
vn 0.87108 0.43968 0.21884
vn 0.69046 0.68830 -0.22248
vn 0.93710 0.27701 0.21241
vn 0.68417 0.71452 -0.14617
vn 0.03331 0.96159 -0.27245
vn 0.09464 0.99268 0.07501
vn 0.21659 0.97125 -0.09882
vn 0.18205 0.96868 -0.16888
vn 0.15024 0.98120 -0.12116
vn 0.13043 0.96300 0.23584
vn 0.15141 0.96300 0.22294
vn 0.83812 0.30928 -0.44934
vn 0.23167 0.93114 -0.28160
vn -0.10821 0.99302 0.04693
vn 0.59405 0.80421 0.01858
vn -0.12850 0.94085 0.31351
vn 0.01552 0.98857 0.14997
vn -0.01421 0.99685 0.07805
vn -0.03115 0.99714 -0.06885
vn 0.17226 0.89520 -0.41103
vn 0.21546 0.88439 -0.41404
vn 0.25518 0.90319 -0.34516
vn 0.46075 0.87848 -0.12643
vn 0.17279 0.93332 -0.31474
vn 0.44466 0.87877 0.17331
vn 0.89420 0.41236 0.17425
vn 0.39231 0.91983 0.00040
vn 0.83257 0.32392 0.44935
vn 0.90570 0.24329 0.34715
vn 0.82451 0.35919 0.43723
vn -0.00991 0.80196 0.59729
vn 0.05213 0.65319 0.75540
vn -0.10523 0.79983 0.59093
vn -0.15567 0.96804 0.19662
vn 0.10785 0.99397 -0.02000
vn 0.14740 0.94274 -0.29919
vn 0.14416 0.94242 -0.30176
vn 0.14703 0.94170 -0.30264
vn -0.16410 0.96712 0.19431
vn -0.16808 0.97754 0.12716
vn -0.29267 0.91582 0.27500
vn 0.41842 0.80143 0.42735
vn 0.41931 0.80112 0.42706
vn 0.24639 0.95049 0.18937
vn 0.86737 0.34389 0.35973
vn 0.43474 0.76453 0.47591
vn 0.53610 0.84345 0.03456
vn 0.80644 0.59055 0.03026
vn 0.49396 0.86587 0.07921
vn 0.20831 0.97514 0.07553
vn 0.12919 0.98396 -0.12301
vn -0.12123 0.95391 0.27450
vn -0.19803 0.97786 0.06765
vn -0.27515 0.91778 0.28630
vn -0.23735 0.79823 0.55362
vn -0.44261 0.74694 0.49615
vn -0.41665 0.90585 0.07641
vn 0.27609 0.94063 0.19746
vn 0.48092 0.87626 -0.02974
vn -0.32399 0.93102 0.16803
vn 0.87575 0.48017 0.05008
vn 0.82797 0.54564 0.12939
vn 0.28992 0.92578 0.24265
vn 0.85701 0.49271 0.15092
vn 0.41455 0.90733 0.06997
vn 0.16907 0.98125 0.09254
vn 0.04926 0.97620 -0.21121
vn 0.42932 0.87891 -0.20786
vn 0.42013 0.87523 -0.23970
vn 0.46965 0.82733 -0.30814
vn -0.16660 0.96056 -0.22265
vn 0.09889 0.98232 0.15896
vn 0.48753 0.82929 -0.27312
vn -0.01152 0.999468 0.03050
vn -0.04821 0.92499 0.37691
vn -0.02583 0.93171 0.36229
vn -0.00458 0.89765 0.44069
vn -0.02595 0.93411 0.35605
vn 0.05400 0.92402 0.37851
vn 0.06196 0.96305 0.26211
vn 0.07837 0.96109 0.26489
vn 0.07291 0.98908 -0.12810
vn -0.04569 0.97528 -0.21618
vn -0.03815 0.97455 -0.22088
vn 0.23677 0.94504 -0.22547
vn 0.23439 0.96434 -0.12290
vn -0.03839 0.97075 -0.23702
vn 0.30129 0.94160 -0.15038
vn 0.57632 0.80283 -0.15272
vn 0.02872 0.999574 -0.00512
vn -0.07859 0.99524 -0.05759
vn -0.07723 0.96409 0.25410
vn 0.94955 0.18131 -0.25589
vn 0.91558 0.07886 -0.39433
vn 0.91313 -0.30679 -0.26845
vn 0.92964 -0.27449 -0.24579
vn 0.95569 -0.27496 -0.10514
vn 0.74429 -0.66751 -0.02173
vn 0.69864 -0.70383 -0.12856
vn 0.69248 -0.71375 -0.10501
vn 0.83256 -0.50608 -0.22520
vn 0.70833 -0.70290 -0.06477
vn 0.22672 -0.96940 -0.09411
vn 0.32157 -0.94689 -0.00098
vn 0.20685 -0.97824 0.01615
vn 0.37115 -0.91653 -0.14908
vn -0.06493 -0.99781 -0.01280
vn 0.02349 -0.99661 -0.07884
vn 0.00711 -0.99876 -0.04924
vn 0.00103 -0.999989 -0.00451
vn 0.00282 -0.999996 -0.00038
vn 0.00144 -0.999997 0.00199
vn -0.00316 -0.999995 -0.00002
vn 0.00800 -0.999968 -0.00082
vn 0.00640 -0.999974 -0.00341
vn -0.12763 -0.99167 0.01734
vn -0.10694 -0.99426 -0.00277
vn 0.01519 -0.999822 -0.01120
vn -0.07915 -0.99686 -0.00202
vn -0.12135 -0.99152 -0.04649
vn 0.02093 -0.999777 0.00273
vn -0.01067 -0.999344 0.03461
vn -0.21200 -0.97726 0.00529
vn -0.17025 -0.97823 0.11865
vn -0.65829 -0.74982 0.06646
vn -0.62711 -0.76818 0.12902
vn -0.58635 -0.80980 -0.02055
vn -0.58549 -0.80636 0.08358
vn -0.60835 -0.79105 0.06444
vn -0.90212 -0.41901 0.10300
vn -0.88701 -0.45593 0.07306
vn -0.85202 -0.52117 0.04955
vn -0.88805 -0.45322 -0.07724
vn -0.86903 -0.41955 0.26222
vn -0.87668 -0.40846 0.25413
vn -0.63355 -0.76022 0.14381
vn -0.89426 -0.42366 0.14424
vn -0.43790 -0.87978 0.18501
vn -0.63238 -0.76072 0.14628
vn -0.42831 -0.89348 0.13507
vn -0.77695 -0.60925 0.15862
vn -0.72050 -0.62754 0.29507
vn -0.88293 -0.41387 0.22170
vn -0.90635 -0.03766 0.42084
vn -0.98013 0.13050 0.14937
vn -0.99895 0.00841 0.04506
vn -0.999702 0.02441 0.00083
vn -0.97960 -0.14789 -0.13608
vn -0.98942 -0.11098 0.09346
vn -0.97850 -0.15137 0.14006
vn -0.95728 -0.13372 0.25638
vn -0.88393 -0.45315 0.11543
vn -0.84940 -0.50329 0.15879
vn -0.96052 -0.19596 0.19749
vn -0.60843 -0.79112 0.06277
vn -0.85871 -0.51233 0.01166
vn -0.96952 -0.17787 0.16849
vn -0.94242 -0.33308 -0.02986
vn -0.98289 -0.05244 0.17659
vn -0.96961 -0.06146 0.23681
vn -0.98440 -0.11168 0.13596
vn -0.99170 0.02305 0.12650
vn -0.99183 0.00153 0.12753
vn -0.99075 0.11806 -0.06689
vn -0.98126 -0.00593 0.19258
vn -0.57167 -0.81100 0.12440
vn -0.04027 -0.999189 0.00037
vn -0.59104 -0.80276 0.07903
vn -0.90341 -0.40862 0.12989
vn -0.63816 -0.75340 0.15857
vn -0.12870 -0.98367 0.12579
vn -0.02629 -0.999494 0.01790
vn -0.65641 -0.74617 0.11113
vn -0.91144 -0.40440 0.07577
vn -0.67050 -0.73042 0.13005
vn -0.90364 -0.40795 0.13045
vn -0.38647 -0.91329 0.12865
vn -0.16642 -0.98587 -0.01897
vn -0.68983 -0.72338 0.02928
vn -0.90368 -0.42143 0.07588
vn -0.75707 -0.64257 0.11808
vn -0.90528 -0.42010 0.06313
vn -0.36222 -0.93163 0.02924
vn -0.76372 -0.63774 0.10013
vn -0.70517 -0.70814 -0.03558
vn -0.38021 -0.92489 0.00480
vn -0.45893 -0.88428 0.08619
vn -0.67214 -0.73863 0.05142
vn -0.02262 -0.999736 0.00402
vn -0.06345 -0.99700 0.04443
vn -0.02830 -0.999563 -0.00850
vn -0.45719 -0.88038 0.12617
vn -0.42735 -0.89204 0.14711
vn -0.73827 -0.65181 0.17349
vn -0.74286 -0.64994 0.16043
vn -0.47955 -0.43428 0.76251
vn -0.52037 -0.39016 0.75960
vn -0.57118 -0.38415 0.72539
vn -0.35908 -0.79906 0.48224
vn -0.77844 -0.57488 0.25206
vn 0.06452 -0.81112 0.58131
vn 0.16508 -0.85408 0.49325
vn 0.20067 -0.84721 0.49190
vn 0.37944 -0.51364 0.76954
vn 0.31221 -0.44811 0.83769
vn 0.05944 -0.44423 0.89394
vn 0.01136 -0.48402 0.87498
vn -0.20305 -0.03856 0.97841
vn 0.01731 -0.14571 0.98918
vn -0.32693 -0.05166 0.94363
vn 0.30585 -0.02696 0.95170
vn 0.34620 -0.03805 0.93739
vn 0.26789 0.10712 0.95748
vn 0.03343 0.14665 0.98862
vn 0.10970 0.60084 0.79181
vn -0.04290 0.51956 0.85336
vn 0.02478 -0.20193 0.97909
vn 0.04840 0.48518 0.87307
vn -0.08161 0.42102 0.90337
vn -0.11051 0.04169 0.99300
vn 0.14597 -0.14742 0.97824
vn 0.16974 -0.00601 0.98547
vn 0.04597 0.08177 0.99559
vn 0.06584 0.18779 0.98000
vn 0.24938 -0.00350 0.96840
vn -0.11739 0.44306 0.88877
vn 0.18153 0.51408 0.83831
vn 0.10588 0.02625 0.99403
vn -0.15797 -0.03043 0.98697
vn -0.08126 0.34343 0.93566
vn 0.08600 0.18987 0.97803
vn 0.25419 0.00692 0.96713
vn 0.04276 -0.08954 0.99506
vn -0.03948 -0.03675 0.99854
vn -0.21416 0.33845 0.91629
vn -0.32054 -0.02231 0.94697
vn -0.18775 -0.14404 0.97160
vn -0.42006 0.18977 0.88743
vn -0.39652 0.19891 0.89622
vn -0.31210 0.46811 0.82672
vn -0.11530 0.71075 0.69393
vn -0.37389 0.59663 0.71010
vn -0.54976 0.64655 0.52891
vn -0.74522 0.44835 0.49359
vn -0.72800 0.52345 0.44272
vn -0.22256 0.60081 0.76778
vn -0.18562 0.63623 0.74884
vn -0.11256 0.42061 0.90023
vn -0.18784 -0.16700 0.96790
vn -0.26932 -0.15675 0.95021
vn -0.21489 -0.18033 0.95984
vn -0.04565 -0.37624 0.92540
vn 0.12462 -0.04989 0.99095
vn 0.08143 -0.00338 0.99667
vn -0.12315 -0.02200 0.99214
vn -0.15090 -0.07264 0.98588
vn -0.18598 0.37448 0.90839
vn -0.20162 0.08042 0.97616
vn -0.02997 0.56843 0.82219
vn -0.06455 0.55244 0.83105
vn -0.04928 0.26843 0.96204
vn -0.29305 0.82340 0.48594
vn -0.03885 0.66853 0.74267
vn 0.05604 0.70087 0.71109
vn -0.65254 0.45731 0.60420
vn -0.49497 0.86847 0.02755
vn -0.22761 0.94666 0.22809
vn -0.66889 0.49695 0.55284
vn 0.05963 0.73144 0.67930
vn -0.06431 0.80457 0.59036
vn -0.05980 0.80631 0.58846
vn -0.06752 0.68533 0.72509
vn 0.04920 0.45241 0.89045
vn 0.06318 0.72656 0.68419
vn 0.12823 0.46390 0.87656
vn 0.06455 0.17702 0.98209
vn -0.02864 0.28064 0.95939
vn 0.01297 0.06000 0.99811
vn -0.01180 0.01028 0.999878
vn 0.04717 -0.07854 0.99579
vn 0.05802 -0.00269 0.99831
vn 0.10752 -0.05189 0.99285
vn 0.08156 -0.00202 0.99667
vn 0.10501 -0.01008 0.99442
vn -0.22271 -0.06877 0.97246
vn 0.06599 0.01586 0.99769
vn 0.04873 -0.43929 0.89702
vn 0.08482 -0.41773 0.90460
vn 0.10037 -0.01269 0.99487
vn 0.07969 -0.34004 0.93703
vn 0.14895 -0.44449 0.88331
vn -0.03483 -0.05438 0.99791
vn -0.04974 0.10708 0.99301
vn 0.19357 0.37101 0.90823
vn 0.17517 -0.18756 0.96651
vn 0.54120 0.27482 0.79472
vn 0.08401 0.17424 0.98111
vn 0.25261 0.65814 0.70926
vn 0.16512 0.64819 0.74336
vn -0.10960 0.82899 0.54843
vn 0.17798 0.88279 0.43475
vn -0.07857 0.98776 0.13474
vn 0.02438 0.98954 0.14220
vn 0.22541 0.86036 0.45714
vn -0.23489 0.93982 -0.24813
vn -0.05428 0.96527 -0.25556
vn 0.14153 0.87734 -0.45852
vn 0.42229 0.86387 0.27461
vn 0.52791 0.34358 0.77670
vn 0.53229 0.34467 0.77322
vn 0.28568 0.61208 0.73739
vn -0.03766 0.56120 0.82682
vn -0.13583 0.19254 0.97184
vn 0.06421 -0.16585 0.98406
vn 0.17087 0.02316 0.98502
vn 0.08536 0.17540 0.98079
vn 0.04688 -0.07445 0.99612
vn -0.01919 0.01008 0.999765
vn -0.04590 -0.07468 0.99615
vn -0.06515 -0.04264 0.99696
vn -0.04045 0.03010 0.99873
vn -0.09872 0.09162 0.99089
vn -0.12545 -0.30189 0.94505
vn -0.05896 -0.36734 0.92822
vn -0.00374 -0.68601 0.72758
vn -0.03587 -0.67346 0.73835
vn 0.11866 -0.70961 0.69453
vn 0.03634 -0.73408 0.67809
vn 0.03105 -0.86872 0.49433
vn -0.08862 -0.92035 0.38093
vn 0.04603 -0.64043 0.76664
vn -0.02080 -0.88333 0.46829
vn 0.04249 -0.93180 0.36047
vn 0.01794 -0.27044 0.96257
vn -0.00251 -0.60067 0.79949
vn 0.04335 0.03993 0.99826
vn 0.01588 -0.26840 0.96318
vn 0.00671 -0.06645 0.99777
vn 0.02323 0.05986 0.99794
vn 0.02414 -0.08192 0.99635
vn 0.02419 -0.08138 0.99639
vn -0.04026 0.22252 0.97410
vn -0.05932 0.10418 0.99279
vn -0.33128 0.71431 0.61646
vn -0.06469 0.84857 0.52512
vn -0.18591 0.40441 0.89548
vn -0.09544 0.39944 0.91178
vn 0.02329 0.21995 0.97523
vn 0.14967 0.53254 0.83306
vn 0.06727 0.17629 0.98204
vn 0.02856 -0.08523 0.99595
vn -0.06440 -0.01951 0.99773
vn 0.05185 -0.06867 0.99629
vn 0.06104 0.15539 0.98597
vn 0.14294 0.08644 0.98595
vn 0.10480 -0.23385 0.96661
vn 0.11324 -0.24194 0.96366
vn 0.01509 -0.59501 0.80358
vn 0.07909 -0.63795 0.76600
vn 0.03928 -0.89236 0.44961
vn -0.02956 -0.999559 0.00270
vn 0.05426 -0.99583 0.07340
vn 0.01492 -0.999749 -0.01671
vn 0.00566 -0.999775 0.02045
vn 0.06108 -0.88492 0.46172
vn -0.01589 -0.99839 0.05437
vn 0.07072 -0.64089 0.76437
vn 0.02730 -0.87089 0.49072
vn 0.14676 -0.22269 0.96378
vn 0.06189 -0.63433 0.77058
vn 0.05659 0.15420 0.98642
vn 0.01000 -0.08080 0.99668
vn -0.09708 -0.03390 0.99470
vn -0.02909 0.22832 0.97315
vn -0.00513 -0.11815 0.99298
vn -0.01284 -0.12340 0.99227
vn 0.00024 -0.09448 0.99553
vn -0.01531 -0.08352 0.99639
vn 0.11824 0.22486 0.96719
vn -0.03486 0.01997 0.999193
vn -0.30967 0.00255 0.95084
vn -0.31637 -0.08117 0.94516
vn -0.44235 -0.16382 0.88176
vn -0.44217 -0.01640 0.89678
vn -0.31665 -0.12193 0.94067
vn -0.24499 0.02966 0.96907
vn -0.37727 0.17622 0.90918
vn -0.38000 0.17030 0.90918
vn -0.15193 -0.10524 0.98277
vn -0.08113 -0.66610 0.74144
vn -0.27709 -0.43816 0.85512
vn -0.12259 -0.82894 0.54574
vn -0.01448 -0.88050 0.47383
vn -0.02146 -0.99820 0.05605
vn 0.00491 -0.99986 0.01602
vn -0.01017 -0.999942 0.00353
vn -0.01153 -0.999926 0.00398
vn 0.02560 -0.99959 -0.01278
vn -0.00794 -0.98970 -0.14293
vn -0.10765 -0.97689 -0.18463
vn -0.00247 -0.96584 -0.25912
vn -0.12595 -0.98982 -0.06628
vn -0.09664 -0.93870 -0.33092
vn -0.16766 -0.95002 -0.26335
vn -0.13333 -0.93844 -0.31867
vn 0.03109 -0.99839 -0.04742
vn -0.04801 -0.98374 -0.17309
vn 0.03688 -0.99562 0.08596
vn 0.01488 -0.999231 0.03627
vn -0.12663 -0.82965 0.54373
vn -0.17024 -0.92202 0.34769
vn -0.48998 -0.36764 0.79041
vn -0.50467 -0.37804 0.77614
vn -0.42805 -0.66221 0.61502
vn -0.43850 0.16151 0.88410
vn -0.45459 0.02446 0.89037
vn -0.39537 0.10979 0.91194
vn -0.43505 -0.01179 0.90033
vn -0.68568 0.02175 0.72757
vn -0.68837 0.02592 0.72490
vn -0.66365 0.05756 0.74582
vn -0.68398 0.11790 0.71991
vn -0.75783 0.02017 0.65214
vn -0.61964 -0.32354 0.71509
vn -0.65724 -0.54879 0.51659
vn -0.49363 -0.67911 0.54327
vn -0.40775 -0.86034 0.30585
vn -0.45528 -0.85975 0.23141
vn -0.41863 -0.90501 0.07552
vn -0.50508 -0.85720 -0.10049
vn -0.46239 -0.86930 -0.17468
vn -0.47750 -0.81024 -0.33986
vn -0.52063 -0.80261 -0.29115
vn -0.53244 -0.53683 -0.65447
vn -0.51486 -0.53856 -0.66699
vn -0.34898 -0.44706 -0.82362
vn -0.44088 -0.43223 -0.78664
vn -0.02628 -0.73914 -0.67304
vn -0.11985 -0.73124 -0.67151
vn -0.05924 -0.75208 -0.65640
vn -0.18831 -0.33844 -0.92195
vn -0.28062 -0.33154 -0.90074
vn -0.49766 -0.06210 -0.86515
vn -0.50049 -0.06243 -0.86349
vn -0.62379 0.05971 -0.77930
vn -0.59392 0.06263 -0.80208
vn -0.67718 -0.38217 -0.62878
vn -0.77069 -0.41929 -0.47982
vn -0.71762 -0.69105 -0.08648
vn -0.68153 -0.47687 -0.55508
vn -0.78776 -0.50823 -0.34806
vn -0.73199 -0.56629 0.37882
vn -0.73672 -0.56257 0.37518
vn -0.81094 -0.56827 0.13943
vn -0.77325 0.02591 0.63357
vn -0.84618 -0.04203 0.53124
vn -0.79506 0.09314 0.59934
vn -0.78090 0.10647 0.61552
vn -0.78409 -0.02292 0.62023
vn -0.56148 -0.08102 0.82351
vn -0.72258 -0.11526 0.68161
vn -0.75070 -0.07165 0.65675
vn -0.84481 -0.04435 0.53323
vn -0.85030 -0.02352 0.52577
vn -0.85712 -0.05444 0.51223
vn -0.86378 0.01868 0.50352
vn -0.90953 -0.04123 0.41358
vn -0.91656 0.18118 0.35649
vn -0.92547 0.17010 0.33849
vn -0.92882 0.02531 0.36966
vn -0.98263 -0.18115 0.04025
vn -0.98421 -0.12316 -0.12710
vn -0.94683 -0.17698 -0.26869
vn -0.86435 0.08005 -0.49647
vn -0.82858 0.06914 -0.55558
vn -0.85248 0.09939 -0.51323
vn -0.63934 0.10783 -0.76132
vn -0.55251 0.17261 -0.81544
vn -0.26820 0.09658 -0.95851
vn -0.34867 0.22690 -0.90936
vn -0.46972 0.00175 -0.88282
vn -0.57650 0.03048 -0.81653
vn -0.64593 -0.01520 -0.76324
vn -0.82617 0.03809 -0.56213
vn -0.82535 0.03938 -0.56324
vn -0.95006 0.04394 -0.30897
vn -0.86427 0.22126 -0.45175
vn -0.95391 0.20173 -0.22219
vn -0.95551 0.27295 -0.11181
vn -0.98562 0.04162 0.16375
vn -0.99946 -0.03140 0.00971
vn -0.98907 -0.03656 0.14286
vn -0.88328 0.00057 0.46884
vn -0.94698 0.01809 0.32077
vn -0.97805 -0.09080 0.18757
vn -0.87306 0.04967 0.48508
vn -0.86160 0.04803 0.50532
vn -0.90122 0.35555 0.24778
vn -0.89784 0.35665 0.25825
vn -0.89536 0.43213 0.10771
vn -0.93431 0.23185 -0.27075
vn -0.97418 -0.01442 -0.22532
vn -0.92643 -0.08613 -0.36648
vn -0.93995 0.00141 -0.34131
vn -0.93872 0.00465 -0.34465
vn -0.36883 0.01484 -0.92938
vn -0.31500 0.08640 -0.94515
vn -0.37273 0.22000 -0.90148
vn -0.22524 0.01043 -0.97425
vn -0.14974 -0.05248 -0.98733
vn -0.16950 0.02925 -0.98510
vn -0.20649 0.06202 -0.97648
vn -0.35363 -0.02417 -0.93507
vn -0.42128 0.01510 -0.90681
vn -0.46202 0.01127 -0.88680
vn -0.21554 0.11457 -0.96975
vn -0.58558 0.24387 -0.77306
vn -0.56263 -0.03465 -0.82598
vn -0.79993 -0.01941 -0.59977
vn -0.80910 -0.01510 -0.58748
vn -0.80143 -0.02324 -0.59763
vn -0.93588 0.23088 -0.26612
vn -0.80814 -0.00558 -0.58897
vn -0.31525 0.94560 0.08042
vn -0.33682 0.93342 0.12362
vn -0.58136 0.72459 -0.37012
vn -0.43762 0.61963 -0.65157
vn -0.67394 0.03205 -0.73809
vn -0.64586 0.00906 -0.76340
vn -0.64541 0.01556 -0.76368
vn 0.13871 0.23657 -0.96166
vn -0.21524 0.48043 -0.85021
vn -0.31866 0.46949 -0.82343
vn -0.36029 0.50917 -0.78162
vn -0.37071 0.40394 -0.83630
vn -0.34291 0.38184 -0.85826
vn -0.37204 0.40398 -0.83570
vn -0.42248 0.35505 -0.83394
vn -0.14789 0.18535 -0.97148
vn -0.07622 0.19728 -0.97738
vn 0.13118 -0.00415 -0.99135
vn 0.16333 0.05492 -0.98504
vn 0.16102 0.06003 -0.98512
vn 0.25761 0.00785 -0.96622
vn -0.12471 0.33079 -0.93543
vn -0.35826 0.21461 -0.90862
vn -0.18973 -0.34007 -0.92106
vn 0.13231 0.16907 -0.97668
vn -0.00039 -0.33091 -0.94366
vn 0.26532 0.20716 -0.94164
vn 0.20477 -0.00589 -0.97879
vn 0.29326 0.01190 -0.95596
vn 0.21716 0.07137 -0.97352
vn -0.15414 0.33719 -0.92873
vn 0.28690 -0.01759 -0.95780
vn -0.02046 0.35362 -0.93516
vn -0.40562 0.74777 -0.52565
vn -0.50348 0.72949 -0.46298
vn -0.42930 0.78427 -0.44791
vn -0.05822 0.67795 -0.73280
vn -0.37065 0.51011 -0.77614
vn -0.13581 0.93858 -0.31722
vn 0.20982 0.83602 -0.50699
vn 0.19470 0.67934 -0.70752
vn 0.28106 0.64770 -0.70816
vn 0.11284 0.56645 -0.81633
vn 0.23620 0.63479 -0.73569
vn -0.40243 0.90823 0.11479
vn 0.27406 0.83400 -0.47890
vn 0.12843 0.84760 -0.51486
vn 0.23502 0.72352 -0.64906
vn 0.33303 0.64504 -0.68776
vn 0.37391 0.60673 -0.70147
vn 0.34207 0.93805 -0.05524
vn -0.48329 0.68465 0.54560
vn -0.26701 0.74825 0.60731
vn -0.22016 0.80773 0.54691
vn -0.25764 0.88127 -0.39622
vn -0.06484 0.77212 -0.63216
vn -0.37362 0.84850 -0.37478
vn 0.25259 0.54058 -0.80248
vn -0.14478 0.74760 -0.64818
vn 0.19964 -0.03709 -0.97917
vn -0.15719 0.95225 0.26174
vn -0.48160 0.74970 0.45388
vn -0.30911 0.76624 0.56332
vn -0.36162 0.93121 0.04557
vn -0.55080 0.83462 -0.00570
vn 0.02781 0.66170 -0.74925
vn 0.29355 0.58415 -0.75671
vn 0.28752 0.68479 -0.66963
vn 0.30658 0.66885 -0.67724
vn 0.32902 0.67378 -0.66164
vn -0.30799 0.94248 -0.12989
vn 0.30977 0.73432 -0.60400
vn 0.27239 0.96219 0.00120
vn -0.22988 0.83194 0.50501
vn -0.25681 0.82872 0.49726
vn 0.31686 0.93105 0.18094
vn -0.21976 0.81375 0.53807
vn -0.36616 0.92818 -0.06649
vn -0.04094 0.80022 0.59830
vn 0.38203 0.89666 0.22373
vn 0.05931 0.74401 -0.66553
vn 0.16614 0.56297 -0.80961
vn 0.25212 0.68705 -0.68147
vn 0.10774 0.81229 -0.57321
vn 0.08689 0.81201 -0.57714
vn -0.38046 0.89678 -0.22591
vn -0.43637 0.89933 0.02822
vn -0.21090 0.96230 -0.17175
vn -0.40908 0.90941 0.07502
vn -0.08920 0.99263 0.08202
vn -0.31940 0.91053 0.26252
vn -0.32276 0.92656 0.19314
vn -0.07432 0.97998 -0.18473
vn 0.35482 0.84342 -0.40343
vn -0.09516 0.62144 -0.77766
vn -0.03535 0.99382 0.10518
vn 0.30763 0.94492 -0.11174
vn 0.04232 0.62893 -0.77631
vn -0.36260 0.92270 0.13094
vn -0.07688 0.98750 -0.13759
vn -0.14094 0.96416 0.22480
vn -0.21925 0.91606 0.33580
vn 0.33672 0.93634 0.09946
vn 0.37487 0.91353 0.15790
vn 0.29389 0.94478 0.14501
vn 0.33007 0.93860 0.10038
vn 0.06448 0.78048 -0.62185
vn -0.47089 0.70832 -0.52587
vn -0.00204 0.98257 0.18587
vn -0.00386 0.97280 0.23163
vn -0.22758 0.94915 0.21755
vn -0.60262 0.76998 0.20972
vn -0.72367 0.60304 0.33562
vn -0.77563 0.55169 0.30665
vn -0.22414 0.96095 0.16229
vn -0.54726 0.65833 0.51682
vn -0.49442 0.54523 0.67696
vn -0.02184 0.86534 0.50071
vn 0.11410 0.62922 0.76881
vn 0.24394 0.65061 0.71917
vn 0.00319 0.77775 0.62857
vn 0.10049 0.63576 0.76531
vn 0.34708 0.72367 0.59652
vn -0.18680 0.86971 0.45685
vn -0.17639 0.87550 0.44987
vn 0.10435 0.24195 0.96466
vn -0.39746 0.37174 0.83895
vn -0.27494 0.20882 0.93851
vn -0.52819 0.35122 0.77308
vn -0.63496 0.11270 0.76428
vn -0.66221 0.10971 0.74125
vn -0.35153 0.03953 0.93534
vn -0.53771 0.00191 0.84313
vn 0.18036 0.97685 -0.11506
vn 0.46055 0.84422 0.27421
vn 0.19913 0.95929 -0.20027
vn 0.27823 0.88985 -0.36160
vn 0.47603 0.81647 -0.32676
vn 0.07226 0.99659 0.03986
vn 0.28070 0.94223 -0.18279
vn 0.04389 0.99840 0.03554
vn 0.39259 0.90661 -0.15468
vn -0.13029 0.93218 0.33774
vn -0.32205 0.89311 0.31407
vn -0.09530 0.92319 0.37234
vn 0.09464 0.97772 0.18734
vn 0.41820 0.90053 0.11894
vn -0.09427 0.93529 0.34108
vn 0.31755 0.16949 -0.93297
vn 0.27344 -0.30332 -0.91281
vn 0.06560 -0.38738 -0.91958
vn 0.26364 -0.29691 -0.91779
vn 0.11538 -0.72047 -0.68382
vn 0.19984 -0.67317 -0.71197
vn 0.00605 -0.68053 -0.73269
vn 0.17178 -0.65871 -0.73253
vn 0.02946 -0.95320 -0.30091
vn 0.15914 -0.89437 -0.41805
vn 0.12266 -0.95994 -0.25192
vn 0.11720 -0.66975 -0.73328
vn 0.11064 -0.90358 -0.41389
vn -0.00734 -0.999125 -0.04119
vn 0.00619 -0.99855 -0.05339
vn 0.03103 -0.999424 -0.01377
vn 0.01187 -0.87724 -0.47990
vn -0.06509 -0.91881 -0.38929
vn -0.01380 -0.99795 -0.06252
vn -0.09222 -0.99558 0.01776
vn -0.00347 -0.999944 0.00999
vn -0.01150 -0.999739 0.01973
vn -0.00005 -0.999938 0.01114
vn 0.01857 -0.99745 0.06884
vn -0.00134 -0.99583 0.09121
vn -0.01019 -0.99654 0.08250
vn 0.00499 -0.999721 0.02309
vn -0.01314 -0.99689 0.07775
vn -0.08504 -0.83334 0.54618
vn 0.01133 -0.88533 0.46482
vn 0.04653 -0.87507 0.48175
vn -0.05348 -0.62910 0.77548
vn -0.01045 -0.61088 0.79165
vn -0.06645 -0.32507 0.94335
vn 0.15133 -0.53287 -0.83256
vn 0.16330 -0.53694 -0.82766
vn 0.03998 -0.61301 -0.78906
vn 0.18815 -0.32635 -0.92633
vn 0.35298 -0.36749 -0.86044
vn 0.31303 -0.14524 -0.93857
vn 0.16356 -0.23630 -0.95781
vn 0.35235 -0.16488 -0.92123
vn 0.18373 -0.33106 -0.92555
vn 0.11387 -0.02688 -0.99313
vn 0.34756 -0.12275 -0.92959
vn 0.09186 -0.27023 -0.95840
vn 0.18922 -0.33011 -0.92478
vn 0.12492 -0.02386 -0.99188
vn 0.30992 0.05377 -0.94924
vn 0.39271 0.05008 -0.91830
vn 0.23646 -0.00392 -0.97163
vn 0.17320 0.00318 -0.98488
vn 0.15757 0.02507 -0.98719
vn -0.09829 0.00532 -0.99514
vn -0.04029 -0.05664 -0.99758
vn -0.13098 -0.36656 -0.92113
vn -0.06147 -0.03989 -0.99731
vn -0.09548 0.00964 -0.99538
vn 0.19098 0.04825 -0.98041
vn 0.24287 0.03464 -0.96944
vn -0.00025 0.13681 -0.99060
vn -0.22324 -0.11731 -0.96768
vn -0.21257 0.03841 -0.97639
vn -0.35475 -0.04392 -0.93393
vn -0.12730 0.06931 -0.98944
vn -0.15726 0.09500 -0.98298
vn -0.17056 0.02480 -0.98503
vn -0.16325 0.07604 -0.98365
vn -0.09942 0.05501 -0.99352
vn -0.11552 0.09202 -0.98903
vn 0.01321 0.06495 -0.99780
vn 0.02180 0.14811 -0.98873
vn 0.05669 0.10982 -0.99233
vn -0.02763 -0.09617 -0.99498
vn -0.00325 -0.09109 -0.99584
vn 0.26589 0.08805 -0.95997
vn 0.07240 0.10670 -0.99165
vn -0.06092 0.09800 -0.99332
vn -0.06708 0.10436 -0.99227
vn 0.07695 0.08939 -0.99302
vn 0.16960 0.05212 -0.98413
vn 0.16933 0.06625 -0.98333
vn 0.25882 0.09709 -0.96103
vn 0.11605 -0.18589 -0.97569
vn 0.20314 -0.14902 -0.96774
vn 0.09993 -0.52807 -0.84330
vn 0.20611 -0.39742 -0.89419
vn 0.08341 -0.52149 -0.84917
vn 0.07747 -0.10761 -0.99117
vn 0.19961 0.03811 -0.97913
vn 0.25542 0.03908 -0.96604
vn 0.22998 -0.00498 -0.97318
vn 0.16341 0.04522 -0.98552
vn 0.15608 0.08108 -0.98441
vn 0.16405 0.08761 -0.98255
vn 0.16030 0.27226 -0.94878
vn 0.36915 0.10365 -0.92357
vn 0.52420 0.02380 -0.85126
vn 0.33201 0.06740 -0.94087
vn 0.48151 0.44415 -0.75557
vn 0.08625 0.09799 -0.99144
vn -0.32859 0.29828 -0.89613
vn 0.08611 -0.07350 -0.99357
vn -0.13896 0.57255 -0.80801
vn 0.20840 0.53892 -0.81617
vn 0.31132 0.05484 -0.94872
vn 0.37111 0.02077 -0.92836
vn 0.60047 0.10788 -0.79234
vn 0.67749 0.00232 -0.73553
vn 0.69044 0.15614 -0.70634
vn 0.59098 0.36890 -0.71740
vn 0.57768 0.02916 -0.81574
vn 0.59854 -0.00490 -0.80108
vn 0.61325 0.04182 -0.78878
vn 0.67398 -0.08452 -0.73390
vn 0.55006 -0.37237 -0.74751
vn 0.39812 -0.42975 -0.81044
vn 0.31585 -0.37360 -0.87216
vn 0.35067 -0.70017 -0.62193
vn 0.51099 -0.30632 -0.80315
vn 0.46248 -0.49728 -0.73405
vn 0.22086 -0.67801 -0.70109
vn 0.63277 0.18541 -0.75181
vn 0.78065 0.01985 -0.62465
vn 0.65932 0.25481 -0.70736
vn 0.78342 0.02556 -0.62097
vn 0.49104 0.17704 -0.85295
vn 0.48885 0.21466 -0.84555
vn 0.56631 0.34145 -0.75014
vn 0.60919 -0.05798 -0.79091
vn 0.62839 -0.26073 -0.73291
vn 0.55857 -0.31634 -0.76676
vn 0.50149 -0.50050 -0.70570
vn 0.29412 -0.87161 -0.39216
vn 0.53223 -0.75726 -0.37854
vn 0.52240 -0.18379 -0.83266
vn 0.27762 -0.73068 -0.62373
vn 0.54522 -0.47979 -0.68741
vn 0.60815 -0.05857 -0.79166
vn 0.49854 0.10322 -0.86070
vn 0.42481 -0.22819 -0.87605
vn 0.40221 0.27875 -0.87208
vn 0.39808 0.34851 -0.84857
vn 0.35637 0.23535 -0.90422
vn 0.43930 0.13725 -0.88779
vn 0.38722 0.15707 -0.90851
vn 0.36638 0.59926 -0.71180
vn 0.10923 0.51737 -0.84876
vn 0.37464 0.14257 -0.91614
vn 0.60516 0.14357 -0.78305
vn 0.36495 0.02024 -0.93081
vn 0.58278 -0.00720 -0.81260
vn 0.61042 -0.04761 -0.79064
vn 0.40394 0.12114 -0.90673
vn 0.58984 -0.25815 -0.76515
vn 0.57874 -0.27892 -0.76633
vn 0.44434 -0.25915 -0.85756
vn 0.32563 -0.46595 -0.82271
vn 0.42316 -0.66369 -0.61680
vn 0.62791 -0.54151 -0.55901
vn 0.66494 -0.24740 -0.70473
vn 0.59450 -0.18082 -0.78350
vn 0.58631 -0.23482 -0.77530
vn 0.31005 -0.43972 -0.84292
vn 0.57817 0.23310 -0.78191
vn 0.66479 -0.05027 -0.74534
vn 0.55525 0.15358 -0.81738
vn 0.70926 0.00628 -0.70492
vn 0.69000 -0.09110 -0.71806
vn 0.69574 -0.10426 -0.71068
vn 0.81834 -0.09881 -0.56617
vn 0.79191 -0.14759 -0.59254
vn 0.76567 -0.01359 -0.64309
vn 0.79428 0.03433 -0.60659
vn 0.73433 0.08121 -0.67391
vn 0.75880 0.15195 -0.63335
vn 0.80357 0.06395 -0.59177
vn 0.72907 -0.13406 -0.67119
vn 0.73371 -0.17400 -0.65680
vn 0.63591 -0.26364 -0.72534
vn 0.36346 -0.79078 -0.49251
vn 0.48277 -0.75532 -0.44319
vn 0.87004 -0.31907 -0.37580
vn 0.51505 -0.76966 -0.37729
vn 0.90521 -0.06506 -0.41996
vn 0.85517 0.07042 -0.51355
vn 0.79818 -0.36393 -0.48006
vn 0.83195 0.09635 -0.54642
vn 0.85316 0.06091 -0.51807
vn 0.82463 0.01602 -0.56545
vn 0.86976 -0.15952 -0.46698
vn 0.87256 0.06118 -0.48467
vn 0.90466 0.01014 -0.42600
vn 0.91694 0.08413 -0.39006
vn 0.93530 0.03807 -0.35181
vn 0.90597 -0.06494 -0.41833
vn 0.93658 0.03856 -0.34834
vn 0.94001 0.05474 -0.33673
vn 0.94791 0.01693 -0.31808
vn -0.32162 -0.14586 -0.93557
vn -0.18014 -0.56258 -0.80688
vn -0.04439 -0.19814 -0.97917
vn -0.41376 -0.27523 -0.86778
vn -0.41953 -0.05281 -0.90620
vn -0.20464 0.00899 -0.97880
vn 0.05451 -0.49692 -0.86608
vn -0.00476 -0.24734 -0.96892
vn 0.04053 0.00157 -0.999177
vn -0.32961 -0.63150 -0.70183
vn 0.01219 -0.86085 -0.50871
vn -0.09885 -0.93165 -0.34966
vn -0.28924 -0.23109 -0.92895
vn -0.27158 -0.04217 -0.96149
vn -0.05206 -0.01469 -0.99854
vn -0.08708 0.00906 -0.99616
vn -0.16008 -0.02458 -0.98680
vn -0.06388 -0.63237 -0.77203
vn -0.17135 -0.33165 -0.92771
vn 0.01945 -0.99779 -0.06358
vn -0.04345 -0.99783 -0.04946
vn -0.18756 -0.89906 -0.39562
vn -0.23947 -0.63861 -0.73132
vn -0.23142 -0.00304 -0.97285
vn 0.03426 -0.09891 -0.99451
vn -0.09185 -0.54485 -0.83349
vn -0.39869 -0.06692 -0.91464
vn -0.18236 -0.10028 -0.97811
vn -0.20698 -0.00542 -0.97833
vn -0.10267 -0.05146 -0.99338
vn -0.05769 -0.73109 -0.67984
vn 0.04740 -0.39690 -0.91664
vn -0.03990 -0.94303 -0.33031
vn 0.01153 -0.999773 0.01790
vn -0.00278 -0.999996 0.00084
vn -0.05876 -0.97179 -0.22841
vn -0.15634 -0.81714 -0.55484
vn 0.02186 -0.80814 -0.58858
vn 0.15006 -0.53757 -0.82976
vn 0.13358 0.09907 -0.98607
vn 0.25996 -0.06570 -0.96338
vn -0.13625 -0.05776 -0.98899
vn 0.11104 0.02385 -0.99353
vn 0.22196 -0.05796 -0.97333
vn 0.28861 0.04064 -0.95658
vn -0.16267 -0.06079 -0.98481
vn -0.26794 -0.01199 -0.96336
vn -0.39187 0.08051 -0.91649
vn -0.04924 -0.02261 -0.99853
vn 0.26730 0.08310 -0.96002
vn -0.29961 0.10676 -0.94807
vn -0.49109 0.16661 -0.85503
vn -0.10605 0.03861 -0.99361
vn -0.12328 -0.04695 -0.99126
vn 0.14909 -0.02512 -0.98850
vn 0.32384 0.02379 -0.94581
vn 0.14802 0.04832 -0.98780
vn 0.37006 0.17858 -0.91168
vn 0.35094 0.24900 -0.90268
vn 0.15314 0.34559 -0.92580
vn -0.13380 0.31122 -0.94087
vn -0.23246 0.31566 -0.91996
vn -0.17115 0.37697 -0.91027
vn -0.30991 0.34277 -0.88683
vn -0.33476 0.40952 -0.84866
vn -0.48490 0.55040 -0.67966
vn -0.16051 0.09014 -0.98291
vn 0.07662 0.33583 -0.93880
vn 0.15380 0.01884 -0.98792
vn -0.26480 0.89157 -0.36740
vn -0.01707 0.83351 -0.55224
vn -0.16582 0.82371 -0.54222
vn -0.19819 0.81741 -0.54089
vn -0.21102 0.88104 -0.42337
vn 0.07718 0.89946 -0.43013
vn 0.21730 0.80745 -0.54845
vn 0.21823 0.58834 -0.77861
vn 0.27614 0.29297 -0.91538
vn 0.22039 0.12380 -0.96752
vn -0.05105 0.09254 -0.99440
vn -0.03343 0.14139 -0.98939
vn -0.12711 0.12355 -0.98416
vn -0.11105 0.08113 -0.99050
vn 0.10365 0.32237 -0.94092
vn 0.06624 0.81850 -0.57068
vn -0.08249 0.96956 -0.23055
vn 0.07053 0.99291 -0.09567
vn -0.03013 0.999352 -0.01968
vn -0.12943 0.98162 -0.14027
vn -0.05698 0.96788 -0.24489
vn -0.11140 0.97710 -0.18127
vn -0.07169 0.99173 -0.10646
vn -0.15144 0.98716 -0.05072
vn -0.12092 0.98614 0.11363
vn -0.00429 0.91786 -0.39688
vn -0.18993 0.96637 0.17335
vn -0.21256 0.92197 0.32370
vn -0.02673 0.999162 0.03099
vn -0.03737 0.99474 -0.09537
vn 0.04787 0.99825 -0.03482
vn -0.06379 0.99765 -0.02482
vn -0.13570 0.99063 -0.01529
vn 0.17907 0.98140 -0.06921
vn 0.12004 0.84858 -0.51527
vn -0.08504 0.40412 -0.91075
vn -0.14387 0.87147 -0.46888
vn -0.06355 0.45289 -0.88930
vn -0.07919 0.99622 -0.03579
vn 0.08090 0.99634 -0.02765
vn 0.10691 0.99422 0.00972
vn -0.16655 0.98421 0.05993
vn 0.03028 0.999467 0.01223
vn 0.01655 0.999409 0.03014
vn -0.10380 0.97506 0.19615
vn -0.17419 0.94247 0.28533
vn -0.23286 0.94884 0.21325
vn -0.24087 0.95010 0.19821
vn -0.22572 0.86885 0.44062
vn -0.09751 0.99137 0.08763
vn -0.04092 0.99621 0.07673
vn -0.09233 0.99561 0.01562
vn -0.02137 0.999383 0.02789
vn 0.04760 0.99883 -0.00824
vn -0.11022 0.99388 -0.00762
vn -0.16250 0.98140 -0.10225
vn 0.00136 0.87807 -0.47854
vn -0.07040 0.56056 -0.82511
vn -0.01631 0.13042 -0.99132
vn -0.01623 0.99447 -0.10374
vn -0.07703 0.91515 -0.39569
vn -0.08891 0.99480 -0.04976
vn 0.05614 0.99711 0.05113
vn -0.04766 0.99790 0.04389
vn 0.01967 0.99606 0.08644
vn -0.06722 0.98537 0.15660
vn -0.02495 0.99545 0.09193
vn -0.03829 0.99066 0.13089
vn -0.00614 0.87004 0.49295
vn -0.31320 0.89050 0.33001
vn -0.03222 0.72273 0.69038
vn 0.00588 0.83289 0.55341
vn -0.01554 0.83636 0.54796
vn -0.10602 0.83197 0.54459
vn -0.07784 0.95012 0.30200
vn -0.03129 0.99073 0.13217
vn -0.02908 0.999573 -0.00279
vn 0.09559 0.99368 0.05885
vn 0.15893 0.98538 0.06135
vn -0.16405 0.97928 -0.11873
vn -0.04124 0.80160 -0.59643
vn 0.08926 0.99342 -0.07176
vn 0.20468 0.97847 0.02651
vn 0.33775 0.94063 0.03371
vn -0.03121 0.99535 -0.09108
vn -0.01306 0.99892 -0.04456
vn -0.06031 0.99815 -0.00783
vn 0.04099 0.99542 0.08634
vn -0.13210 0.98549 0.10661
vn -0.31406 0.76516 0.56205
vn -0.19146 0.64796 0.73722
vn -0.53449 0.80080 0.27027
vn -0.67342 0.28752 0.68106
vn -0.30289 0.19223 0.93344
vn -0.00176 0.999305 -0.03724
vn 0.07413 0.99706 0.01928
vn -0.00441 0.97019 0.24229
vn -0.01896 0.999641 0.01892
vn -0.14893 0.98692 -0.06170
vn -0.13369 0.98007 -0.14693
vn 0.05168 0.99767 -0.04456
vn 0.26894 0.95544 -0.12171
vn 0.37026 0.85683 -0.35881
vn 0.61566 0.65696 -0.43517
vn 0.43850 0.32023 -0.83975
vn 0.33281 0.72207 -0.60651
vn 0.61342 0.26988 -0.74221
vn 0.71253 0.12794 -0.68988
vn 0.00947 0.96327 -0.26838
vn -0.16034 0.96104 -0.22517
vn 0.10953 0.97961 0.16845
vn 0.06944 0.98740 0.14218
vn 0.08760 0.98993 0.11122
vn -0.08959 0.99589 0.01359
vn -0.04047 0.98309 -0.17858
vn -0.18318 0.98299 -0.01343
vn -0.66338 0.74446 0.07546
vn -0.91681 0.26524 0.29850
vn -0.01462 0.999723 -0.01845
vn -0.20695 0.97774 0.03452
vn -0.04768 0.99847 0.02792
vn -0.08198 0.99655 -0.01294
vn -0.04133 0.97111 -0.23503
vn 0.12822 0.99094 -0.03998
vn 0.07149 0.97206 0.22359
vn 0.10979 0.98882 0.10089
vn 0.20598 0.96110 0.18401
vn 0.01592 0.999469 -0.02842
vn -0.05435 0.81245 -0.58049
vn 0.11835 0.88196 -0.45622
vn 0.12884 0.52190 -0.84322
vn 0.15038 0.42288 -0.89362
vn 0.66646 0.55186 -0.50127
vn 0.40747 0.91298 -0.02103
vn 0.49144 0.31190 -0.81314
vn 0.13979 0.97426 0.17683
vn 0.45355 0.88611 -0.09538
vn 0.01017 0.99694 -0.07751
vn 0.14481 0.96377 -0.22401
vn 0.07676 0.97539 -0.20669
vn -0.04093 0.98836 0.14655
vn 0.10780 0.99068 0.08327
vn 0.55778 0.82625 0.07874
vn 0.32060 0.91723 -0.23644
vn 0.90644 0.35493 0.22889
vn 0.39352 0.91221 -0.11405
vn 0.67015 0.74210 0.01374
vn 0.84520 0.43644 -0.30846
vn 0.88504 0.38994 -0.25425
vn 0.90137 0.30795 -0.30445
vn 0.84311 0.00177 -0.53773
vn 0.65612 -0.07733 -0.75069
vn 0.28089 0.15561 -0.94704
vn 0.27119 0.19292 -0.94299
vn 0.37845 0.18664 -0.90661
vn 0.50721 -0.04122 -0.86084
vn 0.85839 -0.15562 -0.48883
vn 0.74094 -0.14317 -0.65614
vn 0.93504 -0.06786 -0.34798
vn 0.91883 0.03508 -0.39309
vn 0.97010 0.17238 -0.17087
vn 0.92017 0.39145 -0.00678
vn 0.86352 0.47218 -0.17713
vn 0.94111 0.18942 0.28006
vn 0.99523 0.01778 0.09591
vn 0.96507 -0.07697 0.25042
vn 0.99449 -0.02718 0.10122
vn 0.32164 0.91281 0.25164
vn 0.81685 0.57264 -0.06956
vn 0.24685 0.96617 -0.07474
vn 0.87311 0.32544 -0.36299
vn 0.71784 0.64091 -0.27192
vn 0.43325 0.87108 -0.23133
vn 0.89450 0.20757 -0.39595
vn 0.98420 0.17413 -0.03200
vn 0.93872 0.13116 -0.31875
vn 0.99861 -0.02697 -0.04525
vn 0.98750 -0.05610 0.14727
vn 0.99511 -0.02022 0.09672
vn 0.96821 -0.08288 -0.23602
vn 0.91637 -0.03745 -0.39859
vn 0.91648 0.03224 -0.39879
vn 0.90497 0.23387 -0.35543
vn 0.95143 0.24084 -0.19178
vn 0.96450 0.14911 -0.21798
vn 0.95561 0.11221 -0.27242
vn 0.92343 -0.05182 -0.38026
vn 0.98881 -0.04789 -0.14129
vn 0.98135 -0.03440 0.18913
vn 0.99018 -0.03871 -0.13431
vn 0.96129 0.01902 -0.27488
vn 0.98767 -0.00512 0.15645
vn 0.99193 0.04143 -0.11982
vn 0.91056 0.04182 -0.41126
vn 0.89350 0.03643 -0.44759
vn 0.94446 0.03666 -0.32658
vn 0.98014 0.16631 -0.10798
vn 0.98558 0.11010 -0.12849
vn 0.98084 0.19343 -0.02313
vn 0.97830 0.05678 -0.19928
vn 0.93957 0.04620 -0.33923
vn 0.88085 -0.01035 -0.47328
vn 0.92791 -0.05514 -0.36871
vn 0.99046 -0.13414 -0.03139
vn 0.94322 -0.25582 0.21187
vn 0.99538 0.04947 -0.08231
vn 0.99749 -0.01025 0.07006
vn 0.99756 -0.01757 -0.06762
vn 0.96714 0.04177 -0.25080
vn 0.95373 -0.21072 0.21447
vn 0.94415 -0.32071 0.07570
vn 0.83565 -0.54901 0.01685
vn 0.70439 -0.69434 0.14743
vn 0.72871 -0.66482 0.16429
vn 0.85146 -0.44256 -0.28134
vn 0.83020 -0.34579 -0.43726
vn 0.90287 -0.18820 -0.38653
vn 0.97131 0.05528 -0.23132
vn 0.95728 -0.04780 -0.28520
vn 0.99298 0.07783 -0.08907
vn 0.99552 0.01896 -0.09264
vn 0.97772 0.10050 -0.18427
vn 0.97925 0.05401 -0.19533
vn 0.97253 -0.17923 -0.14855
vn 0.96712 -0.24720 -0.05982
vn 0.97173 -0.14047 -0.18978
vn 0.90364 -0.34007 -0.26035
vn 0.73303 -0.58588 -0.34555
vn 0.72444 -0.65517 -0.21432
vn 0.63262 -0.71066 -0.30781
vn 0.46507 -0.87625 -0.12604
vn 0.46606 -0.88327 0.05128
vn 0.30244 -0.95077 0.06762
vn 0.28011 -0.95827 0.05707
vn 0.69609 -0.71374 -0.07773
vn 0.95876 -0.22953 -0.16764
vn 0.92083 -0.21923 -0.32251
vn 0.18323 -0.98267 -0.02817
vn 0.64298 -0.74008 -0.19712
vn -0.00509 -0.999777 0.02049
vn 0.07487 -0.99711 0.01316
vn 0.23611 -0.96551 -0.10970
vn 0.05014 -0.99846 -0.02373
vn 0.40558 -0.89778 -0.17175
vn 0.87757 -0.45923 -0.13778
vn 0.65531 -0.74566 -0.12068
vn 0.26983 -0.96074 -0.06449
vn 0.89634 -0.43614 -0.07972
vn 0.20547 -0.97775 -0.04221
vn -0.00357 -0.999914 -0.01260
vn 0.05452 -0.99795 -0.03354
vn -0.00360 -0.99999 -0.00254
vn -0.01585 -0.999842 0.00800
vn -0.01753 -0.999699 0.01719
vn -0.02806 -0.999587 -0.00619
vn 0.22123 -0.96837 -0.11540
vn 0.87553 -0.31596 -0.36553
vn 0.67924 -0.66045 -0.32007
vn 0.33807 -0.88067 -0.33185
vn 0.04844 -0.99083 -0.12610
vn 0.00486 -0.999975 -0.00509
vn -0.00390 -0.999992 -0.00060
vn -0.06634 -0.99748 -0.02528
vn -0.14424 -0.98902 -0.03223
vn -0.12791 -0.99081 0.04388
vn -0.07610 -0.99585 0.04999
vn 0.11751 -0.97754 -0.17493
vn 0.06310 -0.99580 -0.06635
vn 0.32282 -0.80178 -0.50293
vn 0.34814 -0.72992 -0.58823
vn 0.24288 -0.91921 -0.30994
vn 0.05805 -0.99622 -0.06458
vn -0.01080 -0.999941 -0.00149
vn -0.28619 -0.93692 0.20069
vn -0.49107 -0.86583 0.09585
vn -0.37632 -0.92337 -0.07596
vn -0.03364 -0.999409 0.00715
vn -0.33820 -0.94086 -0.02024
vn 0.00389 -0.999992 -0.00072
vn -0.39892 -0.91582 0.04618
vn -0.76158 -0.64620 0.04929
vn -0.72551 -0.68090 -0.10004
vn -0.71315 -0.69249 -0.10896
vn -0.81572 -0.52578 0.24118
vn -0.55192 -0.63454 0.54105
vn -0.19172 -0.94889 0.25072
vn 0.06377 -0.95767 -0.28073
vn -0.01501 -0.95732 -0.28864
vn 0.20621 -0.87434 -0.43932
vn 0.23869 -0.61022 -0.75542
vn 0.04854 -0.73363 -0.67781
vn -0.04191 -0.97210 -0.23080
vn -0.13231 -0.68941 -0.71219
vn -0.00707 -0.999635 0.02607
vn -0.05960 -0.95880 0.27775
vn -0.31987 -0.67972 0.66005
vn -0.64704 -0.41583 0.63907
vn -0.55358 -0.31158 0.77232
vn -0.86292 -0.49473 -0.10305
vn -0.78900 -0.48046 0.38293
vn -0.90337 -0.42500 -0.05742
vn -0.88915 -0.42840 -0.16092
vn -0.95739 -0.26102 -0.12358
vn -0.93097 -0.35487 0.08575
vn -0.82830 -0.19474 0.52535
vn -0.49610 -0.09617 0.86292
vn -0.29846 -0.25229 0.92047
vn -0.15844 -0.63213 0.75849
vn 0.01991 -0.98877 -0.14814
vn -0.06768 -0.92323 -0.37823
vn 0.00007 -0.33634 -0.94174
vn -0.21083 -0.21690 -0.95316
vn -0.20598 -0.23760 -0.94927
vn -0.05814 -0.53720 -0.84145
vn 0.04442 -0.80277 -0.59463
vn -0.10885 -0.35387 0.92894
vn -0.06446 -0.76053 0.64610
vn -0.15906 -0.08200 0.98386
vn -0.54801 -0.05963 0.83434
vn -0.82173 -0.06986 0.56557
vn -0.99360 -0.08030 0.07943
vn -0.99841 -0.03339 -0.04541
vn -0.98370 -0.17697 0.03182
vn -0.99436 0.09434 -0.04856
vn -0.91716 0.01952 0.39805
vn -0.42272 -0.03314 0.90566
vn -0.10645 -0.11282 0.98790
vn -0.13534 -0.44558 0.88495
vn -0.18461 -0.15922 0.96983
vn -0.19284 -0.74816 0.63487
vn -0.04463 -0.97375 0.22321
vn 0.14127 -0.82039 -0.55408
vn 0.15541 -0.45829 -0.87511
vn 0.06936 -0.92899 -0.36356
vn 0.20074 -0.59393 -0.77907
vn 0.00040 -0.999147 -0.04129
vn -0.14239 -0.92310 0.35724
vn -0.30321 -0.31909 0.89791
vn -0.31357 -0.61046 0.72733
vn -0.17276 0.04390 0.98398
vn -0.25981 -0.01807 0.96549
vn -0.50489 0.04111 0.86221
vn -0.18822 0.01566 0.98200
vn -0.27173 0.05010 0.96107
vn -0.22442 0.04022 0.97366
vn -0.21950 -0.11193 0.96917
vn -0.23155 -0.42702 0.87409
vn -0.09831 -0.72198 0.68490
vn 0.00528 -0.95354 0.30121
vn 0.01258 -0.93791 -0.34665
vn 0.10315 -0.71365 -0.69287
vn 0.04835 -0.74666 0.66345
vn 0.00197 -0.44538 0.89534
vn -0.11903 0.02813 0.99249
vn 0.04382 -0.10579 0.99342
vn -0.25765 0.02598 0.96589
vn -0.19808 0.03755 0.97947
vn -0.21906 -0.01329 0.97562
vn -0.03737 -0.00564 0.999286
vn 0.12888 -0.01856 0.99149
vn 0.09900 -0.16338 0.98158
vn 0.06381 -0.47789 0.87610
vn 0.02830 -0.81960 0.57223
vn 0.01798 -0.97353 0.22786
vn -0.04809 -0.83394 0.54975
vn -0.03004 -0.97505 0.21995
vn 0.00627 -0.56320 0.82630
vn 0.03939 -0.02597 0.99889
vn -0.05669 -0.18841 0.98045
vn -0.13479 0.07644 0.98792
vn -0.19577 0.03621 0.97998
vn -0.50715 0.04850 0.86049
vn -0.19797 0.06651 0.97795
vn -0.08992 0.39874 0.91265
vn -0.20120 0.32881 0.92271
vn -0.16328 0.00559 0.98656
vn -0.02175 -0.07845 0.99668
vn 0.21345 -0.02711 0.97658
vn 0.10100 -0.12381 0.98715
vn -0.08636 -0.07978 0.99306
vn -0.19803 -0.20605 0.95829
vn -0.15003 -0.54229 0.82669
vn -0.11394 -0.77177 0.62561
vn -0.05931 -0.93431 0.35151
vn -0.01338 -0.99892 0.04440
vn -0.15511 -0.49285 0.85618
vn -0.06050 -0.74357 0.66592
vn -0.19117 -0.11544 0.97475
vn -0.11239 -0.21421 0.97030
vn -0.07444 -0.13971 0.98739
vn 0.13020 -0.07235 0.98884
vn -0.02165 0.27772 0.96042
vn -0.84114 0.09067 0.53316
vn -0.92746 0.11025 0.35731
vn -0.88338 0.10452 0.45686
vn -0.94926 0.31142 0.04395
vn -0.97470 0.19036 0.11713
vn -0.98217 0.17481 0.06922
vn -0.96973 0.23598 0.06272
vn -0.97172 0.23408 -0.03117
vn -0.61876 0.78255 -0.06889
vn -0.96223 0.26511 -0.06185
vn -0.09122 0.99581 -0.00596
vn -0.50980 0.84261 -0.17354
vn -0.98695 0.15946 -0.02259
vn -0.99480 0.07844 0.06491
vn -0.98682 0.15469 0.04760
vn -0.96197 0.27205 0.02445
vn -0.98330 0.17018 0.06458
vn -0.99763 0.06838 0.00818
vn -0.52153 0.84941 0.08065
vn -0.97054 0.23339 0.05991
vn 0.03110 0.99591 -0.08479
vn -0.01614 0.999476 0.02805
vn -0.07859 0.99589 0.04494
vn -0.03778 0.98168 0.18676
vn -0.06340 0.98527 0.15884
vn -0.03243 0.98755 -0.15395
vn 0.05609 0.99308 -0.10318
vn -0.10782 0.99316 0.04473
vn -0.51231 0.85789 0.03950
vn -0.95573 0.26889 -0.11953
vn -0.99647 0.04104 -0.07324
vn -0.97610 0.21469 0.03367
vn -0.99695 -0.01542 0.07656
vn -0.98937 -0.02062 0.14395
vn -0.99662 0.01542 0.08073
vn -0.99327 -0.10297 0.05296
vn -0.99167 -0.00913 0.12850
vn -0.43691 0.89938 0.01517
vn -0.95237 0.14330 0.26918
vn -0.10760 0.98745 0.11565
vn -0.09513 0.99081 0.09621
vn -0.03168 0.99820 -0.05095
vn 0.12173 0.97584 -0.18141
vn 0.05688 0.99824 -0.01651
vn 0.07364 0.97616 -0.20418
vn -0.21775 0.96798 0.12488
vn -0.19945 0.96390 0.17640
vn -0.06795 0.97961 0.18909
vn -0.49242 0.68143 0.54145
vn -0.72884 0.03372 0.68386
vn -0.88722 -0.08734 0.45300
vn -0.91646 0.16399 0.36498
vn -0.96421 0.06235 0.25771
vn -0.90038 0.02742 0.43425
vn -0.95741 -0.02891 0.28729
vn -0.85634 0.01738 0.51613
vn -0.94287 0.12951 0.30695
vn -0.66800 0.35397 0.65458
vn -0.43688 0.83549 0.33329
vn -0.11316 0.99296 0.03495
vn -0.24080 0.95262 0.18582
vn -0.32177 0.90042 0.29274
vn -0.02624 0.99684 -0.07495
vn 0.19592 0.92548 -0.32418
vn -0.22288 0.95128 0.21304
vn -0.28403 0.91051 0.30050
vn -0.15917 0.98422 0.07734
vn -0.27693 0.93952 0.20154
vn -0.51077 0.85646 -0.07481
vn -0.90911 0.36248 0.20524
vn -0.92455 0.20764 0.31952
vn -0.95468 0.19339 0.22625
vn -0.97384 0.08241 0.21176
vn -0.97785 0.05346 0.20236
vn -0.97128 -0.10771 0.21216
vn -0.91628 -0.27211 0.29393
vn -0.99536 0.09459 0.01781
vn -0.99806 -0.04322 0.04481
vn -0.98636 0.16144 0.03220
vn -0.97012 0.21634 0.10983
vn -0.99415 0.10636 -0.01883
vn -0.90261 0.38955 -0.18316
vn -0.03731 0.999018 -0.02389
vn -0.34340 0.93137 -0.12091
vn -0.02125 0.99873 0.04577
vn 0.10412 0.99421 -0.02640
vn 0.00078 0.99849 0.05500
vn -0.32468 0.94580 -0.00708
vn -0.81727 0.53699 -0.20907
vn -0.98388 0.06495 -0.16664
vn -0.99412 0.09944 -0.04295
vn -0.99177 0.04988 0.11788
vn -0.98318 -0.09941 0.15321
vn -0.95371 -0.29826 0.03847
vn -0.92741 -0.36729 0.07076
vn -0.85848 -0.45219 0.24194
vn -0.76026 -0.64961 0.00338
vn -0.68873 -0.72031 0.08247
vn -0.92439 -0.35763 0.13266
vn -0.98152 -0.07689 0.17521
vn -0.98142 -0.01022 0.19162
vn -0.88502 0.46434 -0.03348
vn -0.01690 0.999678 -0.01894
vn -0.37960 0.92079 0.08974
vn -0.73006 0.68187 0.04542
vn -0.06609 0.99755 -0.02309
vn -0.49241 0.86594 0.08768
vn -0.87900 0.47468 0.04514
vn -0.96188 0.26452 -0.06934
vn -0.95351 0.29914 -0.03655
vn -0.99792 -0.06436 -0.00378
vn -0.99347 -0.03452 0.10877
vn -0.93740 -0.32250 0.13141
vn -0.76287 -0.63465 0.12349
vn -0.67975 -0.73185 0.04840
vn -0.99181 0.03177 0.12371
vn -0.96895 -0.23229 0.08465
vn -0.99082 -0.04950 0.12577
vn -0.98767 -0.12377 0.09587
vn -0.999446 -0.02046 0.02624
vn -0.91858 0.37792 0.11574
vn -0.19387 0.98019 0.04061
vn -0.60751 0.78814 0.09879
vn 0.11827 0.99297 0.00371
vn -0.11456 0.98297 0.14368
vn 0.12080 0.98515 -0.12205
vn -0.09458 0.99246 0.07802
vn -0.60309 0.78857 0.12014
vn -0.94437 0.26809 0.19050
vn -0.97611 -0.10005 0.19289
vn -0.98838 -0.07005 0.13491
vn -0.99739 -0.04569 0.05599
vn -0.99476 0.06911 0.07538
vn -0.98889 -0.12139 0.08581
vn -0.99815 0.05914 0.01384
vn -0.99723 -0.02276 0.07085
vn -0.97921 -0.07503 0.18845
vn -0.97930 -0.10100 0.17539
vn -0.95809 0.20818 0.19679
vn -0.27001 0.95758 0.10066
vn -0.70775 0.67365 0.21279
vn -0.00757 0.999909 0.01121
vn 0.26513 0.96404 0.01793
vn 0.21335 0.93879 0.27046
vn 0.42993 0.90055 -0.06462
vn 0.75886 0.35772 0.54422
vn 0.82523 0.48393 0.29122
vn 0.71561 0.52002 0.46635
vn 0.73782 0.56932 0.36263
vn 0.28178 0.87421 0.39542
vn -0.12809 0.89000 0.43760
vn -0.42129 0.76550 0.48634
vn -0.79166 0.42225 0.44156
vn -0.94131 0.16149 0.29640
vn -0.98714 -0.03699 0.15552
vn -0.99498 -0.02009 0.09805
vn -0.99745 -0.01993 0.06854
vn -0.999169 0.04029 0.00615
vn -0.98714 -0.15836 0.02200
vn -0.87149 -0.48546 0.06953
vn -0.98963 -0.05420 0.13302
vn -0.86121 -0.48407 0.15491
vn -0.80710 -0.58723 0.06125
vn -0.98559 0.06140 0.15758
vn -0.97840 -0.01776 0.20595
vn -0.96974 -0.02368 0.24301
vn -0.91729 -0.02005 0.39771
vn -0.84986 0.06949 0.52241
vn -0.66078 0.25562 0.70571
vn -0.20160 0.25383 0.94601
vn 0.14350 0.49271 0.85828
vn 0.55176 0.25438 0.79426
vn 0.84948 0.08912 0.52004
vn 0.82349 0.14621 0.54817
vn 0.58310 -0.01137 0.81232
vn 0.82369 -0.00419 0.56703
vn 0.84680 0.02589 0.53127
vn 0.28581 0.04186 0.95737
vn 0.14271 -0.01612 0.98963
vn -0.39171 -0.02628 0.91971
vn -0.69683 -0.03091 0.71657
vn -0.85465 -0.03339 0.51813
vn -0.89991 -0.03570 0.43461
vn -0.89115 0.04223 0.45173
vn -0.88587 0.07228 0.45827
vn -0.85847 -0.28673 0.42523
vn -0.70255 0.08993 0.70593
vn -0.61526 -0.10844 0.78083
vn -0.71316 -0.01716 0.70079
vn 0.32733 -0.02953 0.94445
vn 0.87795 -0.02832 0.47791
vn 0.84246 0.10040 0.52932
vn 0.88271 -0.02368 0.46933
vn 0.95392 0.10507 0.28108
vn 0.63771 -0.00250 0.77028
vn 0.37417 -0.01141 0.92729
vn -0.29884 0.03685 0.95359
vn 0.16124 0.06727 0.98462
vn 0.62316 0.01924 0.78186
vn 0.31902 0.02790 0.94734
vn 0.85640 0.03440 0.51516
vn 0.96189 -0.05628 0.26758
vn 0.81031 0.58560 -0.02174
vn 0.98291 0.14743 0.11027
vn 0.43202 0.89554 -0.10658
vn 0.57774 0.81168 0.08599
vn 0.91237 0.40592 0.05295
vn 0.98401 -0.03658 0.17430
vn 0.98352 -0.08997 0.15685
vn 0.94454 0.03764 0.32623
vn 0.98318 -0.03473 0.17929
vn 0.88357 0.06180 0.46420
vn 0.82475 -0.09835 0.55688
vn 0.33954 0.03288 0.94002
vn 0.50563 -0.26653 0.82055
vn 0.63470 -0.55933 0.53321
vn 0.86811 -0.16104 0.46952
vn 0.68298 -0.58696 0.43476
vn 0.88566 -0.10704 0.45182
vn 0.98659 -0.03583 0.15922
vn 0.99559 0.06752 0.06510
vn 0.99511 -0.04047 0.09011
vn 0.96472 -0.15609 0.21203
vn 0.92140 -0.36148 0.14266
vn 0.83190 -0.38589 0.39878
vn 0.81601 -0.50617 0.27915
vn 0.37003 -0.89104 0.26292
vn 0.23944 -0.96006 0.14478
vn 0.65046 -0.70280 0.28805
vn 0.41034 -0.73132 0.54478
vn 0.14819 -0.96130 0.23224
vn 0.03519 -0.999009 0.02725
vn 0.07974 -0.99646 0.02663
vn 0.45712 -0.87658 0.15052
vn -0.00481 -0.999964 -0.00693
vn 0.70404 -0.68982 0.16873
vn 0.94636 -0.25269 0.20136
vn 0.73280 -0.67196 0.10709
vn 0.98142 -0.04039 0.18758
vn 0.99373 0.02216 0.10961
vn 0.99117 -0.00540 0.13246
vn 0.99110 0.10173 0.08585
vn 0.79290 0.56523 0.22765
vn 0.91892 0.27888 0.27896
vn 0.95535 0.07091 0.28684
vn 0.94566 0.01349 0.32487
vn 0.98521 0.06117 0.16008
vn 0.98583 -0.07282 0.15109
vn 0.90989 -0.38392 0.15721
vn 0.29534 -0.95311 0.06594
vn 0.25008 -0.96790 0.02521
vn 0.62594 -0.77163 0.11307
vn -0.19214 -0.98116 0.01993
vn -0.00029 -0.999994 0.00345
vn -0.05366 -0.99824 0.02517
vn 0.26197 -0.96416 0.04198
vn 0.00464 -0.999986 -0.00272
vn 0.85328 -0.49828 0.15374
vn 0.56184 -0.82082 0.10287
vn 0.96635 -0.17939 0.18437
vn 0.94260 0.08026 0.32414
vn 0.93379 0.04449 0.35505
vn 0.95786 0.08771 0.27353
vn 0.94183 0.19524 0.27358
vn 0.97928 0.20226 -0.00999
vn 0.98882 0.14898 -0.00615
vn 0.92532 -0.18477 0.33112
vn 0.80014 -0.59030 0.10637
vn 0.77245 -0.60938 0.17882
vn 0.19244 -0.98101 0.02435
vn 0.57585 -0.81645 0.04243
vn -0.00441 -0.999947 0.00928
vn -0.00378 -0.999869 -0.01577
vn -0.01044 -0.999945 -0.00030
vn 0.11965 -0.99274 -0.01191
vn 0.37694 -0.91962 0.11058
vn 0.66149 -0.68471 0.30596
vn 0.94380 -0.05819 0.32536
vn 0.98897 0.11286 0.09589
vn 0.97631 0.17114 -0.13244
vn 0.97579 0.16627 -0.14209
vn 0.97639 0.15206 -0.15344
vn 0.98020 0.05563 0.19002
vn 0.98923 0.05485 -0.13572
vn 0.86422 -0.38707 0.32140
vn 0.97422 -0.16223 0.15679
vn 0.19119 -0.97275 0.13119
vn 0.56313 -0.80499 0.18677
vn 0.05228 -0.99782 0.04025
vn -0.27867 -0.96022 -0.01780
vn -0.35527 -0.93448 -0.02283
vn -0.36246 -0.93020 0.05792
vn -0.24810 -0.96740 0.05084
vn -0.00212 -0.999986 0.00488
vn -0.02591 -0.999661 0.00246
vn 0.15770 -0.98742 -0.01129
vn 0.81208 -0.55838 0.16953
vn 0.56697 -0.82374 -0.00003
vn 0.99365 0.06747 -0.09005
vn 0.97750 -0.06396 -0.20102
vn 0.86159 -0.49420 -0.11588
vn 0.96492 0.21010 -0.15746
vn 0.97086 0.21741 -0.10079
vn 0.86473 0.48590 -0.12704
vn 0.93619 0.34748 0.05291
vn 0.45885 0.87814 0.13535
vn 0.70413 0.71007 -0.00026
vn 0.38946 0.91412 -0.11273
vn 0.42945 0.89144 -0.14462
vn 0.86705 0.49814 -0.00878
vn 0.88581 0.34581 0.30943
vn 0.66433 0.74645 0.03857
vn 0.38624 0.88484 -0.26054
vn 0.12981 0.96654 -0.22124
vn 0.09048 0.99521 -0.03707
vn 0.13268 0.98551 0.10570
vn -0.06534 0.97120 0.22914
vn 0.32537 0.94521 0.02679
vn -0.00409 0.95814 0.28627
vn 0.17076 0.92149 -0.34886
vn 0.26144 0.95268 -0.15509
vn 0.50855 0.70533 0.49384
vn 0.11994 0.95428 0.27380
vn 0.61860 0.58549 0.52396
vn 0.17753 0.83590 0.51938
vn -0.11593 0.95801 0.26225
vn 0.00869 0.99815 -0.06011
vn 0.54253 0.78860 0.28945
vn 0.28440 0.94807 0.14238
vn 0.69051 0.72156 0.05045
vn 0.16149 0.96884 0.18778
vn -0.16491 0.95806 0.23434
vn -0.02009 0.99408 0.10674
vn 0.59390 0.79386 0.13063
vn 0.15198 0.98359 0.09718
vn 0.18265 0.97564 -0.12153
vn -0.01013 0.92356 0.38333
vn 0.01654 0.99703 0.07520
vn 0.15464 0.98796 0.00474
vn 0.09285 0.97784 -0.18765
vn 0.84725 -0.50855 -0.15344
vn 0.47630 -0.87584 -0.07772
vn 0.11675 -0.99181 -0.05183
vn 0.00747 -0.999969 -0.00237
vn -0.05804 -0.99829 -0.00707
vn -0.36716 -0.93012 0.00876
vn -0.07303 -0.99702 0.02480
vn -0.38966 -0.91997 0.04258
vn -0.46428 -0.87688 0.12458
vn -0.79103 -0.59223 0.15342
vn -0.76538 -0.64208 0.04390
vn -0.76552 -0.63831 0.08089
vn -0.94047 -0.30765 0.14443
vn -0.95758 -0.28813 -0.00429
vn -0.96552 -0.26030 0.00454
vn -0.96503 -0.15402 0.21210
vn -0.76491 -0.60661 0.21664
vn -0.61104 -0.76904 0.18764
vn -0.97452 -0.11480 0.19271
vn -0.97024 -0.12458 0.20764
vn -0.93103 -0.35011 0.10296
vn -0.36500 -0.92698 0.08644
vn -0.79870 -0.58850 0.12549
vn -0.46709 -0.87986 0.08758
vn -0.81988 -0.56643 0.08341
vn -0.60745 -0.78999 0.08321
vn -0.56896 -0.82138 0.04021
vn -0.26865 -0.96142 0.05908
vn -0.62321 -0.77258 0.12136
vn -0.13108 -0.91995 0.36946
vn -0.58097 -0.67155 0.45987
vn -0.21613 -0.29810 0.92974
vn -0.20191 -0.66932 0.71501
vn 0.17734 -0.65458 0.73490
vn 0.21451 -0.22729 0.94991
vn 0.08629 0.00871 0.99623
vn -0.00279 0.19646 0.98051
vn 0.00410 0.26264 0.96489
vn 0.09552 0.02602 0.99509
vn 0.01088 0.13481 0.99081
vn 0.11109 0.04297 0.99288
vn -0.14061 0.36190 0.92155
vn -0.26946 0.25688 0.92812
vn -0.11605 0.10589 0.98758
vn -0.21521 0.23975 0.94668
vn -0.18922 -0.14397 0.97132
vn -0.56127 0.45477 0.69149
vn -0.34103 0.49623 0.79841
vn -0.59015 0.68299 0.43040
vn -0.55165 0.59592 0.58358
vn -0.12103 0.67775 0.72526
vn -0.10598 0.47604 0.87301
vn -0.08092 -0.06694 0.99447
vn -0.02786 -0.14998 0.98830
vn 0.02376 -0.10665 0.99401
vn 0.10007 -0.02346 0.99470
vn -0.07166 -0.00377 0.99742
vn -0.09159 0.21532 0.97224
vn -0.01488 0.61403 0.78914
vn 0.01680 0.37050 0.92868
vn -0.32137 0.68826 0.65040
vn -0.01923 0.73649 0.67618
vn -0.05925 0.90905 0.41246
vn 0.02869 0.77542 0.63079
vn 0.14419 0.56198 0.81449
vn 0.20540 0.22040 0.95354
vn 0.02948 0.10239 0.99431
vn -0.01026 -0.03328 0.999394
vn 0.04790 -0.00412 0.99884
vn 0.09150 -0.21118 0.97315
vn 0.02063 -0.53019 0.84762
vn 0.07824 -0.60798 0.79009
vn -0.02613 -0.14074 0.98970
vn 0.02650 -0.51171 0.85875
vn -0.05792 0.02642 0.99797
vn 0.41918 0.40785 0.81114
vn 0.11753 0.00393 0.99306
vn 0.22161 0.25377 0.94153
vn 0.30933 0.74340 0.59302
vn 0.02675 0.99490 0.09728
vn 0.31814 0.94609 -0.06090
vn -0.14008 0.98936 0.03934
vn 0.13050 0.97054 -0.20252
vn 0.47450 0.64050 0.60382
vn 0.01942 0.92337 0.38342
vn -0.13971 0.51687 0.84458
vn -0.00007 0.07650 0.99707
vn 0.05240 0.03427 0.99804
vn 0.00614 -0.06153 0.99809
vn -0.01306 -0.00900 0.999874
vn -0.03177 -0.11508 0.99285
vn -0.02700 -0.48527 0.87395
vn 0.00088 -0.80843 0.58860
vn 0.03947 -0.79182 0.60948
vn 0.01263 -0.95182 0.30640
vn -0.00133 -0.98663 0.16299
vn 0.01578 -0.73943 0.67305
vn 0.01203 -0.96394 0.26586
vn 0.04062 -0.44483 0.89470
vn 0.07492 -0.09427 0.99272
vn 0.05192 0.01418 0.99855
vn 0.00850 -0.07856 0.99687
vn -0.02045 0.29926 0.95395
vn -0.22273 0.89318 0.39067
vn -0.14939 0.71567 0.68228
vn 0.06817 0.66347 0.74509
vn 0.02707 0.05456 0.99814
vn 0.12528 0.45983 0.87913
vn -0.00355 0.06990 0.99755
vn -0.04494 -0.07388 0.99625
vn 0.08834 -0.02391 0.99580
vn 0.09866 -0.44697 0.88909
vn 0.04981 -0.76997 0.63613
vn 0.00565 -0.999975 -0.00427
vn 0.01383 -0.999117 0.03968
vn 0.00382 -0.999668 0.02549
vn 0.00749 -0.94912 0.31482
vn -0.00988 -0.76663 0.64202
vn -0.05082 -0.37439 0.92588
vn -0.14905 0.09285 0.98446
vn -0.18330 0.02635 0.98270
vn -0.19782 -0.10243 0.97487
vn -0.17109 -0.03597 0.98460
vn -0.12791 0.12608 0.98374
vn -0.42359 -0.04742 0.90461
vn -0.57588 -0.04932 0.81604
vn -0.38076 -0.01931 0.92447
vn -0.38359 0.11252 0.91662
vn -0.36662 -0.12337 0.92216
vn -0.30193 -0.62029 0.72393
vn -0.07162 -0.93351 0.35133
vn -0.01662 -0.99512 -0.09721
vn -0.03840 -0.99673 -0.07108
vn -0.07921 -0.98084 -0.17799
vn 0.04050 -0.98851 -0.14566
vn 0.00151 -0.88456 -0.46643
vn -0.07076 -0.87629 -0.47655
vn -0.30824 -0.92461 -0.22379
vn -0.28072 -0.71709 -0.63795
vn -0.39404 -0.79412 -0.46272
vn -0.23955 -0.96862 -0.06625
vn -0.24067 -0.95260 0.18610
vn -0.33320 -0.80997 0.48262
vn -0.54873 -0.52684 0.64911
vn -0.57817 -0.09808 0.81000
vn -0.56073 0.05468 0.82619
vn -0.79997 -0.03670 0.59892
vn -0.72636 0.03523 0.68641
vn -0.74500 0.07043 0.66333
vn -0.76629 -0.29874 0.56881
vn -0.56292 -0.72044 0.40507
vn -0.65035 -0.74455 0.15060
vn -0.65495 -0.68911 -0.31010
vn -0.61369 -0.61203 -0.49881
vn -0.57674 -0.27190 -0.77035
vn -0.42193 -0.27237 -0.86475
vn -0.18666 -0.53889 -0.82143
vn -0.07151 -0.52402 -0.84870
vn -0.33297 -0.06112 -0.94095
vn -0.47232 0.07297 -0.87840
vn -0.58841 0.06022 -0.80632
vn -0.76048 -0.13900 -0.63431
vn -0.91273 -0.39247 -0.11355
vn -0.85949 -0.21187 -0.46517
vn -0.90925 -0.28061 0.30745
vn -0.87343 0.07887 0.48053
vn -0.85022 0.05646 0.52339
vn -0.65111 -0.00734 0.75895
vn -0.77522 0.20087 0.59890
vn -0.86510 -0.00010 0.50159
vn -0.93055 -0.03155 0.36480
vn -0.93461 -0.00833 0.35558
vn -0.97445 0.10156 0.20033
vn -0.99672 0.06362 0.04997
vn -0.94163 0.03949 -0.33432
vn -0.86990 0.09257 -0.48446
vn -0.76654 0.05451 -0.63988
vn -0.40406 0.04711 -0.91352
vn -0.32721 0.15798 -0.93165
vn -0.48576 0.06212 -0.87188
vn -0.70182 -0.00102 -0.71235
vn -0.88883 0.01819 -0.45788
vn -0.96242 0.12122 -0.24302
vn -0.99466 -0.02723 -0.09956
vn -0.91635 0.15893 0.36748
vn -0.98435 0.16331 0.06617
vn -0.78080 0.35177 0.51634
vn -0.63146 0.73380 0.25059
vn -0.74796 0.65434 -0.11133
vn -0.91784 0.05817 -0.39267
vn -0.86361 -0.02877 -0.50334
vn -0.26579 0.01855 -0.96385
vn -0.27731 0.11944 -0.95333
vn -0.05230 0.02744 -0.99825
vn 0.09242 0.12323 -0.98807
vn -0.31634 0.16048 -0.93497
vn -0.05164 0.08866 -0.99472
vn -0.43406 0.24808 -0.86605
vn -0.35150 0.37794 -0.85651
vn -0.38148 0.14604 -0.91277
vn -0.73542 0.00214 -0.67761
vn -0.74619 0.34772 -0.56771
vn -0.26209 0.94080 0.21495
vn -0.18084 0.86814 -0.46221
vn -0.33788 0.32843 -0.88203
vn 0.08364 0.59524 -0.79918
vn -0.18243 0.69552 -0.69497
vn -0.36910 0.45763 -0.80891
vn -0.34332 0.53559 -0.77154
vn -0.31007 0.51839 -0.79695
vn 0.07897 0.15061 -0.98543
vn 0.20444 0.02806 -0.97848
vn -0.11465 0.00922 -0.99336
vn 0.18344 -0.08284 -0.97954
vn -0.22726 0.70163 -0.67532
vn 0.06840 0.42690 -0.90171
vn -0.42061 0.90512 0.06199
vn -0.24697 0.92573 -0.28641
vn 0.24018 0.81270 -0.53088
vn 0.22481 0.75366 -0.61762
vn 0.26626 0.67299 -0.69007
vn -0.04105 0.99887 0.02385
vn 0.19434 0.84755 -0.49385
vn 0.32111 0.64492 -0.69352
vn -0.05086 0.97527 -0.21508
vn -0.38743 0.85660 0.34077
vn -0.32988 0.93909 0.09643
vn -0.30099 0.95075 -0.07395
vn -0.32335 0.92534 0.19798
vn -0.36373 0.93014 -0.05033
vn -0.19549 0.90372 -0.38088
vn 0.19583 0.69339 -0.69344
vn 0.23205 0.68566 -0.68994
vn 0.03696 0.999285 -0.00797
vn -0.09662 0.97779 0.18596
vn -0.20513 0.97817 0.03333
vn 0.09225 0.94950 0.29988
vn 0.14903 0.98655 -0.06721
vn -0.04829 0.97833 0.20135
vn 0.16609 0.87647 -0.45191
vn 0.13269 0.70946 -0.69214
vn -0.11860 0.83448 -0.53812
vn -0.09992 0.96075 -0.25878
vn -0.02374 0.98422 0.17537
vn 0.30503 0.93406 -0.18570
vn 0.11690 0.98874 -0.09343
vn 0.01229 0.90903 0.41655
vn 0.20969 0.86718 0.45170
vn 0.26094 0.81583 0.51608
vn -0.16942 0.98217 -0.08145
vn -0.53441 0.80427 0.25993
vn -0.11517 0.97286 0.20067
vn -0.41498 0.68336 0.60067
vn -0.69978 0.36379 0.61479
vn -0.06858 0.48102 0.87402
vn -0.46360 0.18476 0.86657
vn 0.35994 0.89640 -0.25865
vn -0.00301 0.98029 0.19752
vn 0.25190 0.96775 0.00089
vn 0.15839 -0.52486 -0.83632
vn 0.13718 -0.83517 -0.53260
vn 0.14254 -0.79756 -0.58616
vn 0.04975 -0.96668 -0.25111
vn -0.00500 -0.9998 -0.01938
vn -0.02517 -0.999568 0.01519
vn -0.00344 -0.95494 0.29678
vn 0.25416 -0.33689 -0.90659
vn 0.25323 -0.22291 -0.94137
vn 0.34492 -0.06615 -0.93630
vn 0.15493 -0.18030 -0.97133
vn 0.21016 -0.01370 -0.97757
vn 0.04287 -0.14829 -0.98801
vn 0.21103 0.02055 -0.97726
vn 0.04482 0.00867 -0.99896
vn -0.13454 -0.02422 -0.99061
vn -0.10974 0.05484 -0.99245
vn -0.20875 0.01111 -0.97791
vn -0.07325 0.09419 -0.99286
vn -0.04710 0.03201 -0.99838
vn -0.01894 0.08462 -0.99623
vn 0.11534 0.08735 -0.98948
vn 0.15152 -0.02212 -0.98821
vn 0.21619 0.07598 -0.97339
vn 0.15060 0.11531 -0.98185
vn 0.19806 0.03933 -0.97940
vn 0.18290 -0.01111 -0.98307
vn 0.13350 -0.32089 -0.93766
vn 0.21583 -0.16404 -0.96255
vn 0.45098 -0.17589 -0.87503
vn 0.36735 0.04036 -0.92921
vn 0.41036 0.24982 -0.87704
vn 0.38230 0.18658 -0.90500
vn 0.26193 0.04565 -0.96401
vn 0.54645 0.07007 -0.83456
vn 0.58922 0.25688 -0.76605
vn 0.02957 0.29747 -0.95427
vn 0.69299 0.12458 -0.71011
vn 0.56921 0.17710 -0.80289
vn 0.61463 -0.03132 -0.78819
vn 0.59386 -0.23516 -0.76943
vn 0.42361 -0.50699 -0.75068
vn 0.51128 -0.40742 -0.75670
vn 0.41538 -0.68253 -0.60134
vn 0.52940 0.27308 -0.80322
vn 0.65287 0.14102 -0.74422
vn 0.42867 0.20057 -0.88092
vn 0.55504 -0.11569 -0.82374
vn 0.52868 -0.47874 -0.70093
vn 0.45848 -0.32766 -0.82609
vn 0.56574 0.06562 -0.82197
vn 0.49977 -0.13599 -0.85542
vn 0.34601 0.32058 -0.88176
vn 0.62200 -0.01647 -0.78284
vn 0.57532 -0.04448 -0.81672
vn 0.57414 -0.31688 -0.75495
vn 0.49507 -0.44939 -0.74361
vn 0.68486 0.00589 -0.72865
vn 0.65884 -0.19835 -0.72566
vn 0.50052 -0.52277 -0.69007
vn 0.70351 0.05529 -0.70853
vn 0.75991 -0.03536 -0.64907
vn 0.83350 -0.04936 -0.55031
vn 0.79225 0.04298 -0.60869
vn 0.80884 0.08776 -0.58144
vn 0.83034 -0.13439 -0.54080
vn 0.68503 -0.48279 -0.54558
vn 0.89914 0.02068 -0.43717
vn 0.87001 0.05496 -0.48996
vn 0.93121 0.04047 -0.36222

# No. texture coordinates 1674:
vt 0.17867 0.34463
vt 0.18651 0.34507
vt 0.18180 0.33887
vt 0.17957 0.34951
vt 0.17117 0.34742
vt 0.17308 0.33909
vt 0.18835 0.33758
vt 0.18517 0.33257
vt 0.17680 0.33223
vt 0.18430 0.35225
vt 0.37997 0.71575
vt 0.37865 0.70592
vt 0.37244 0.71060
vt 0.38354 0.71177
vt 0.37125 0.70207
vt 0.17591 0.35533
vt 0.16497 0.34035
vt 0.16518 0.32922
vt 0.17348 0.32617
vt 0.18065 0.32622
vt 0.19232 0.33203
vt 0.18946 0.32651
vt 0.38610 0.71815
vt 0.37387 0.72471
vt 0.36472 0.71454
vt 0.36604 0.70444
vt 0.18199 0.35731
vt 0.36633 0.69876
vt 0.16551 0.35438
vt 0.17091 0.36197
vt 0.17814 0.36187
vt 0.15945 0.34639
vt 0.16975 0.32299
vt 0.17462 0.32031
vt 0.18348 0.31935
vt 0.19667 0.32513
vt 0.19341 0.31969
vt 0.38376 0.72530
vt 0.39079 0.72470
vt 0.36167 0.73109
vt 0.37351 0.73783
vt 0.35883 0.70334
vt 0.36272 0.69886
vt 0.12017 0.66589
vt 0.11720 0.67100
vt 0.12115 0.67158
vt 0.11473 0.66592
vt 0.11766 0.65900
vt 0.17557 0.36872
vt 0.16282 0.36223
vt 0.16730 0.36876
vt 0.16503 0.31686
vt 0.17458 0.31042
vt 0.18691 0.31168
vt 0.18208 0.30266
vt 0.15548 0.31919
vt 0.15595 0.33716
vt 0.14844 0.34286
vt 0.15288 0.35583
vt 0.15778 0.36805
vt 0.14689 0.33378
vt 0.14236 0.33673
vt 0.15203 0.32768
vt 0.15618 0.31152
vt 0.16169 0.30595
vt 0.16814 0.29845
vt 0.17921 0.29258
vt 0.16018 0.29237
vt 0.15664 0.29731
vt 0.15158 0.30373
vt 0.14760 0.31152
vt 0.14551 0.31956
vt 0.14318 0.32653
vt 0.14073 0.33173
vt 0.13862 0.34064
vt 0.13746 0.33412
vt 0.14315 0.34866
vt 0.13464 0.34784
vt 0.14002 0.35616
vt 0.48281 0.27584
vt 0.49204 0.27850
vt 0.48940 0.27345
vt 0.48544 0.28396
vt 0.49384 0.28655
vt 0.48449 0.26854
vt 0.49155 0.26895
vt 0.49007 0.26336
vt 0.48266 0.26143
vt 0.48853 0.25607
vt 0.47881 0.25512
vt 0.48614 0.24815
vt 0.47535 0.24630
vt 0.48316 0.23998
vt 0.47354 0.23805
vt 0.48001 0.23282
vt 0.15293 0.29111
vt 0.47152 0.23138
vt 0.15757 0.28734
vt 0.16623 0.28831
vt 0.17480 0.28265
vt 0.16642 0.28078
vt 0.16994 0.27496
vt 0.17902 0.27567
vt 0.15939 0.28196
vt 0.15110 0.28356
vt 0.46560 0.23565
vt 0.46311 0.22782
vt 0.46730 0.24324
vt 0.57713 0.36180
vt 0.56856 0.35606
vt 0.56886 0.36442
vt 0.58189 0.35081
vt 0.56842 0.34659
vt 0.57470 0.34284
vt 0.56901 0.33932
vt 0.47592 0.26024
vt 0.47866 0.26496
vt 0.47822 0.26950
vt 0.47372 0.27311
vt 0.47719 0.28116
vt 0.48037 0.28884
vt 0.48797 0.29143
vt 0.59058 0.32906
vt 0.59075 0.32015
vt 0.58259 0.32285
vt 0.58255 0.33161
vt 0.58269 0.31454
vt 0.58993 0.33949
vt 0.57999 0.33939
vt 0.47286 0.26511
vt 0.58546 0.36147
vt 0.58387 0.36825
vt 0.57618 0.36949
vt 0.58326 0.37563
vt 0.57447 0.37769
vt 0.58287 0.38405
vt 0.57626 0.38609
vt 0.15517 0.27612
vt 0.16168 0.27536
vt 0.58772 0.10424
vt 0.58360 0.11068
vt 0.59104 0.11104
vt 0.58067 0.10352
vt 0.16405 0.26816
vt 0.58297 0.39145
vt 0.57664 0.39311
vt 0.58928 0.38916
vt 0.59071 0.38241
vt 0.59074 0.37423
vt 0.59037 0.36693
vt 0.59485 0.36033
vt 0.59903 0.34154
vt 0.59802 0.33441
vt 0.59806 0.32597
vt 0.60464 0.33866
vt 0.60444 0.33176
vt 0.60548 0.34623
vt 0.59639 0.34909
vt 0.59763 0.37124
vt 0.59853 0.38026
vt 0.59714 0.38903
vt 0.59149 0.39904
vt 0.58199 0.39709
vt 0.57660 0.39990
vt 0.59442 0.10338
vt 0.59856 0.10907
vt 0.17516 0.26568
vt 0.16555 0.26075
vt 0.58312 0.40263
vt 0.57801 0.40530
vt 0.59994 0.10299
vt 0.58701 0.40537
vt 0.60513 0.40989
vt 0.60526 0.39685
vt 0.60621 0.38686
vt 0.60635 0.37733
vt 0.60545 0.36700
vt 0.60651 0.35605
vt 0.61339 0.34982
vt 0.61170 0.34139
vt 0.61523 0.35635
vt 0.61437 0.36378
vt 0.61382 0.37322
vt 0.61520 0.38375
vt 0.61447 0.39389
vt 0.61453 0.40374
vt 0.61612 0.41222
vt 0.59085 0.41113
vt 0.59937 0.41679
vt 0.58253 0.40801
vt 0.60539 0.10488
vt 0.57548 0.41104
vt 0.58233 0.41319
vt 0.59358 0.41944
vt 0.58600 0.41815
vt 0.60706 0.42136
vt 0.60021 0.42341
vt 0.61497 0.41922
vt 0.62290 0.41833
vt 0.62281 0.41027
vt 0.62217 0.40040
vt 0.62013 0.39126
vt 0.63101 0.40849
vt 0.16848 0.20879
vt 0.16384 0.20018
vt 0.15989 0.20874
vt 0.16172 0.21319
vt 0.34949 0.12704
vt 0.35562 0.12408
vt 0.34913 0.11736
vt 0.62976 0.41772
vt 0.62788 0.42365
vt 0.62251 0.42557
vt 0.61516 0.42802
vt 0.60581 0.43115
vt 0.59896 0.42811
vt 0.59525 0.42477
vt 0.58959 0.42413
vt 0.57875 0.41796
vt 0.58142 0.42444
vt 0.61310 0.11127
vt 0.61258 0.10240
vt 0.61943 0.10406
vt 0.58789 0.42987
vt 0.61287 0.28197
vt 0.60704 0.28844
vt 0.61484 0.28796
vt 0.61316 0.29388
vt 0.60585 0.29847
vt 0.59374 0.42905
vt 0.59823 0.43447
vt 0.61442 0.43808
vt 0.60798 0.43788
vt 0.62286 0.43368
vt 0.62819 0.42979
vt 0.63511 0.42782
vt 0.63785 0.41768
vt 0.64061 0.40978
vt 0.15755 0.19281
vt 0.15420 0.20293
vt 0.64322 0.42489
vt 0.64610 0.41789
vt 0.64425 0.43309
vt 0.63885 0.43811
vt 0.63130 0.43768
vt 0.62388 0.44181
vt 0.61877 0.44507
vt 0.61263 0.44644
vt 0.60842 0.44230
vt 0.60309 0.43982
vt 0.59193 0.43564
vt 0.59511 0.44332
vt 0.26654 0.05016
vt 0.26480 0.04384
vt 0.25786 0.04833
vt 0.27041 0.04481
vt 0.27409 0.05059
vt 0.12954 0.69315
vt 0.13744 0.68936
vt 0.13176 0.68259
vt 0.60428 0.44961
vt 0.61395 0.26649
vt 0.62081 0.27030
vt 0.62038 0.26280
vt 0.61651 0.27416
vt 0.61829 0.45100
vt 0.61212 0.45330
vt 0.62418 0.44893
vt 0.63081 0.44850
vt 0.63631 0.44420
vt 0.64460 0.44140
vt 0.64109 0.44497
vt 0.64017 0.45154
vt 0.12434 0.65752
vt 0.12981 0.65876
vt 0.13374 0.65070
vt 0.12401 0.64770
vt 0.65472 0.86172
vt 0.65958 0.85644
vt 0.65182 0.85457
vt 0.64950 0.85978
vt 0.62325 0.45459
vt 0.61794 0.45725
vt 0.13587 0.66718
vt 0.13383 0.67392
vt 0.13939 0.67148
vt 0.13998 0.67698
vt 0.14122 0.68321
vt 0.62811 0.26527
vt 0.62638 0.25877
vt 0.62951 0.27368
vt 0.62283 0.27874
vt 0.61677 0.27946
vt 0.62097 0.28309
vt 0.62687 0.28703
vt 0.63112 0.28104
vt 0.63730 0.26882
vt 0.63761 0.27756
vt 0.63549 0.25924
vt 0.62840 0.25365
vt 0.63058 0.24924
vt 0.63517 0.25233
vt 0.14307 0.66655
vt 0.63639 0.24681
vt 0.13840 0.66153
vt 0.13316 0.66282
vt 0.13521 0.65763
vt 0.75871 0.07517
vt 0.75256 0.08113
vt 0.76269 0.08268
vt 0.42309 0.35089
vt 0.42785 0.34485
vt 0.42141 0.33911
vt 0.43057 0.34967
vt 0.41354 0.34504
vt 0.41490 0.35248
vt 0.64485 0.44739
vt 0.75211 0.07173
vt 0.74746 0.07755
vt 0.74462 0.07424
vt 0.64868 0.44528
vt 0.40514 0.35648
vt 0.40269 0.36170
vt 0.41005 0.35750
vt 0.29506 0.05590
vt 0.30253 0.05779
vt 0.30232 0.05047
vt 0.30755 0.05671
vt 0.40567 0.35260
vt 0.40926 0.35037
vt 0.40267 0.34500
vt 0.40937 0.33281
vt 0.42218 0.32742
vt 0.43363 0.34547
vt 0.43002 0.33802
vt 0.43848 0.34071
vt 0.43599 0.33071
vt 0.64474 0.25312
vt 0.64899 0.26471
vt 0.39797 0.33438
vt 0.40117 0.35413
vt 0.39570 0.35831
vt 0.39424 0.35052
vt 0.39217 0.34165
vt 0.40079 0.32756
vt 0.40431 0.32387
vt 0.41021 0.31923
vt 0.42899 0.31927
vt 0.65717 0.25762
vt 0.65980 0.26363
vt 0.41852 0.31381
vt 0.40277 0.31812
vt 0.39855 0.32130
vt 0.39309 0.32503
vt 0.38910 0.33213
vt 0.38280 0.34876
vt 0.38299 0.33762
vt 0.38891 0.35522
vt 0.38185 0.32925
vt 0.38556 0.32442
vt 0.39374 0.31773
vt 0.39761 0.31478
vt 0.40279 0.31225
vt 0.40902 0.30785
vt 0.42487 0.31075
vt 0.42031 0.30752
vt 0.66575 0.26152
vt 0.42341 0.30533
vt 0.66702 0.26646
vt 0.67074 0.26406
vt 0.41554 0.30590
vt 0.41931 0.30203
vt 0.40093 0.30559
vt 0.40546 0.30176
vt 0.41226 0.29971
vt 0.39568 0.30900
vt 0.39119 0.31235
vt 0.38666 0.31660
vt 0.38072 0.32367
vt 0.38228 0.32006
vt 0.37649 0.33302
vt 0.37547 0.32576
vt 0.37332 0.34004
vt 0.36873 0.33130
vt 0.36794 0.32312
vt 0.37301 0.32059
vt 0.37776 0.32033
vt 0.37994 0.31690
vt 0.71736 0.16470
vt 0.71012 0.16541
vt 0.71241 0.17242
vt 0.71806 0.17154
vt 0.71137 0.15939
vt 0.70525 0.16134
vt 0.70688 0.15430
vt 0.69914 0.15538
vt 0.70338 0.14855
vt 0.69730 0.14766
vt 0.70068 0.14359
vt 0.69410 0.14094
vt 0.40112 0.83744
vt 0.39419 0.83346
vt 0.39424 0.83968
vt 0.40135 0.82985
vt 0.42112 0.29522
vt 0.40960 0.83246
vt 0.42449 0.30097
vt 0.67307 0.26781
vt 0.43049 0.29917
vt 0.67011 0.27307
vt 0.40671 0.82262
vt 0.17349 0.05743
vt 0.17672 0.06561
vt 0.18360 0.05906
vt 0.41514 0.82476
vt 0.39472 0.81988
vt 0.38393 0.83183
vt 0.38898 0.83865
vt 0.38308 0.84397
vt 0.37625 0.84913
vt 0.38052 0.85189
vt 0.37403 0.84145
vt 0.70515 0.16885
vt 0.37468 0.85620
vt 0.71768 0.17682
vt 0.71315 0.18139
vt 0.70580 0.17757
vt 0.37465 0.31670
vt 0.37006 0.31837
vt 0.71871 0.18159
vt 0.36725 0.86894
vt 0.36731 0.86095
vt 0.36168 0.86566
vt 0.35669 0.85736
vt 0.36864 0.85167
vt 0.36900 0.82771
vt 0.38176 0.81483
vt 0.38894 0.79396
vt 0.40413 0.80911
vt 0.41357 0.81625
vt 0.17009 0.06363
vt 0.17065 0.07004
vt 0.42015 0.81917
vt 0.41985 0.81222
vt 0.41370 0.80594
vt 0.40717 0.79421
vt 0.36461 0.84371
vt 0.36244 0.82003
vt 0.36752 0.81589
vt 0.37345 0.81211
vt 0.37889 0.80380
vt 0.41610 0.79781
vt 0.41361 0.79203
vt 0.42132 0.80496
vt 0.42217 0.79742
vt 0.41893 0.79069
vt 0.41247 0.78478
vt 0.40136 0.77235
vt 0.37364 0.80340
vt 0.36880 0.80758
vt 0.36283 0.81271
vt 0.35568 0.82708
vt 0.35590 0.81739
vt 0.35555 0.84005
vt 0.34668 0.82344
vt 0.37538 0.23318
vt 0.37308 0.24075
vt 0.38192 0.24075
vt 0.36573 0.23250
vt 0.37938 0.24617
vt 0.38557 0.24603
vt 0.38583 0.25074
vt 0.39088 0.24824
vt 0.37104 0.79886
vt 0.39420 0.25227
vt 0.37635 0.79493
vt 0.41420 0.77547
vt 0.41026 0.76806
vt 0.41955 0.78288
vt 0.42268 0.77553
vt 0.41730 0.76803
vt 0.40669 0.76454
vt 0.41170 0.75982
vt 0.37685 0.75767
vt 0.37414 0.78049
vt 0.82237 0.14394
vt 0.82998 0.14592
vt 0.82639 0.13789
vt 0.37092 0.79006
vt 0.39491 0.24926
vt 0.81185 0.77366
vt 0.81602 0.77565
vt 0.81778 0.77269
vt 0.81121 0.76693
vt 0.38913 0.24291
vt 0.39486 0.24621
vt 0.38327 0.23430
vt 0.38629 0.23866
vt 0.38980 0.23571
vt 0.39432 0.24124
vt 0.39991 0.24358
vt 0.81493 0.77885
vt 0.80928 0.77953
vt 0.80651 0.77409
vt 0.31979 0.15825
vt 0.31977 0.15309
vt 0.31473 0.15397
vt 0.80632 0.76919
vt 0.31440 0.15935
vt 0.31970 0.16392
vt 0.36858 0.78336
vt 0.39315 0.75144
vt 0.40328 0.75815
vt 0.70655 0.84162
vt 0.69684 0.84171
vt 0.70341 0.84916
vt 0.20576 0.28428
vt 0.21272 0.28772
vt 0.21007 0.27926
vt 0.20350 0.28975
vt 0.20684 0.29572
vt 0.84171 0.17391
vt 0.83520 0.16802
vt 0.83434 0.17767
vt 0.40055 0.74998
vt 0.83921 0.18228
vt 0.32528 0.16313
vt 0.32398 0.16957
vt 0.36664 0.77650
vt 0.32550 0.15558
vt 0.80394 0.77745
vt 0.32252 0.14987
vt 0.13528 0.22859
vt 0.13019 0.22326
vt 0.13046 0.23156
vt 0.12587 0.22790
vt 0.80457 0.78280
vt 0.12142 0.22246
vt 0.12438 0.21519
vt 0.11671 0.21572
vt 0.11445 0.22083
vt 0.13288 0.21421
vt 0.13933 0.22142
vt 0.13976 0.23111
vt 0.79801 0.78005
vt 0.32836 0.14711
vt 0.32901 0.16007
vt 0.32884 0.16927
vt 0.33162 0.16469
vt 0.32995 0.17535
vt 0.36312 0.76896
vt 0.36894 0.76892
vt 0.39771 0.74449
vt 0.83308 0.18602
vt 0.83920 0.18843
vt 0.39293 0.73913
vt 0.39852 0.73820
vt 0.83442 0.19334
vt 0.38286 0.73822
vt 0.36473 0.76074
vt 0.33507 0.17233
vt 0.33546 0.17814
vt 0.06197 0.24285
vt 0.05467 0.24693
vt 0.06004 0.24870
vt 0.33445 0.15710
vt 0.33740 0.16606
vt 0.14686 0.22383
vt 0.33679 0.14757
vt 0.33445 0.13896
vt 0.34290 0.16296
vt 0.34310 0.15335
vt 0.34248 0.17225
vt 0.33939 0.17703
vt 0.33996 0.18218
vt 0.05632 0.25375
vt 0.35941 0.75730
vt 0.36049 0.74893
vt 0.38928 0.73162
vt 0.39496 0.73162
vt 0.35552 0.75239
vt 0.34374 0.18052
vt 0.53679 0.16324
vt 0.53334 0.15786
vt 0.53061 0.16250
vt 0.34965 0.16826
vt 0.34940 0.17732
vt 0.34909 0.15946
vt 0.34396 0.14167
vt 0.35318 0.15028
vt 0.35725 0.16233
vt 0.35764 0.17359
vt 0.35440 0.18323
vt 0.34865 0.18587
vt 0.54042 0.15942
vt 0.54374 0.16596
vt 0.35240 0.74572
vt 0.35416 0.73848
vt 0.34771 0.73779
vt 0.34976 0.72982
vt 0.54826 0.16104
vt 0.55271 0.16808
vt 0.35403 0.19180
vt 0.36038 0.18165
vt 0.35959 0.18919
vt 0.35381 0.13842
vt 0.34788 0.13395
vt 0.34080 0.13042
vt 0.35180 0.13256
vt 0.36285 0.13632
vt 0.35631 0.13097
vt 0.36117 0.14410
vt 0.36589 0.15322
vt 0.36679 0.16666
vt 0.36540 0.17685
vt 0.36605 0.18538
vt 0.36570 0.19461
vt 0.36041 0.19733
vt 0.55654 0.16264
vt 0.56127 0.16944
vt 0.34351 0.73021
vt 0.34413 0.72347
vt 0.34898 0.71738
vt 0.56454 0.16451
vt 0.56915 0.17067
vt 0.56585 0.17470
vt 0.36703 0.20231
vt 0.37271 0.19032
vt 0.37204 0.19983
vt 0.37305 0.17956
vt 0.36988 0.17297
vt 0.36945 0.14236
vt 0.36307 0.12800
vt 0.37076 0.13533
vt 0.34338 0.12117
vt 0.15357 0.21041
vt 0.15515 0.21718
vt 0.15022 0.20829
vt 0.14745 0.21450
vt 0.14846 0.19518
vt 0.14484 0.20513
vt 0.14015 0.21205
vt 0.13627 0.19639
vt 0.13649 0.20660
vt 0.15223 0.18618
vt 0.14421 0.18770
vt 0.64908 0.41028
vt 0.65424 0.41801
vt 0.65665 0.40942
vt 0.14882 0.17915
vt 0.14061 0.18100
vt 0.13657 0.18697
vt 0.12837 0.20556
vt 0.12959 0.18851
vt 0.12371 0.19496
vt 0.13185 0.18129
vt 0.14378 0.17275
vt 0.13571 0.17513
vt 0.66277 0.41788
vt 0.66484 0.40885
vt 0.66012 0.42549
vt 0.65208 0.42836
vt 0.66136 0.43480
vt 0.65574 0.43638
vt 0.65036 0.43828
vt 0.67015 0.42924
vt 0.67105 0.41769
vt 0.67270 0.40983
vt 0.13702 0.16822
vt 0.13084 0.16976
vt 0.12820 0.17568
vt 0.12041 0.18164
vt 0.11090 0.19209
vt 0.11697 0.20575
vt 0.10220 0.19486
vt 0.10723 0.20204
vt 0.12230 0.17114
vt 0.13317 0.16154
vt 0.12512 0.16391
vt 0.67885 0.41696
vt 0.68037 0.40819
vt 0.67721 0.42424
vt 0.68049 0.43190
vt 0.67909 0.43959
vt 0.67019 0.44338
vt 0.68382 0.43762
vt 0.68743 0.43441
vt 0.68621 0.42654
vt 0.68718 0.41618
vt 0.68850 0.40798
vt 0.12604 0.15714
vt 0.12108 0.16000
vt 0.11849 0.16447
vt 0.11021 0.17026
vt 0.10776 0.18079
vt 0.10151 0.17654
vt 0.09826 0.18569
vt 0.11793 0.15957
vt 0.11184 0.16088
vt 0.62204 0.04739
vt 0.62187 0.05298
vt 0.62574 0.05181
vt 0.62422 0.05583
vt 0.69338 0.41385
vt 0.61656 0.05288
vt 0.69696 0.42400
vt 0.69346 0.43199
vt 0.68975 0.43189
vt 0.68800 0.43971
vt 0.68585 0.44277
vt 0.69204 0.43905
vt 0.69159 0.43497
vt 0.70079 0.43554
vt 0.69523 0.43698
vt 0.70109 0.41580
vt 0.75708 0.13895
vt 0.76417 0.13460
vt 0.75841 0.13111
vt 0.76332 0.12923
vt 0.11586 0.15405
vt 0.12081 0.15711
vt 0.10742 0.16417
vt 0.10349 0.16556
vt 0.09951 0.17014
vt 0.09398 0.17633
vt 0.08821 0.18241
vt 0.08964 0.19011
vt 0.09171 0.16929
vt 0.08458 0.17394
vt 0.09639 0.16326
vt 0.10352 0.16002
vt 0.10662 0.15259
vt 0.76350 0.14401
vt 0.11091 0.14602
vt 0.70792 0.42307
vt 0.71020 0.41494
vt 0.75701 0.14825
vt 0.70743 0.43136
vt 0.71593 0.43054
vt 0.71726 0.42204
vt 0.71885 0.41332
vt 0.75867 0.15684
vt 0.76327 0.15100
vt 0.10844 0.13931
vt 0.10124 0.14228
vt 0.09547 0.15356
vt 0.08455 0.16254
vt 0.07742 0.16942
vt 0.07662 0.17547
vt 0.08045 0.18074
vt 0.08350 0.18729
vt 0.33508 0.20005
vt 0.34324 0.20030
vt 0.33934 0.19485
vt 0.34057 0.20644
vt 0.34740 0.20606
vt 0.33246 0.19180
vt 0.07037 0.17138
vt 0.07218 0.16300
vt 0.07661 0.15597
vt 0.76512 0.15567
vt 0.10460 0.13647
vt 0.72867 0.41984
vt 0.72556 0.41346
vt 0.75947 0.16348
vt 0.76408 0.16114
vt 0.72758 0.43053
vt 0.73159 0.41183
vt 0.76180 0.16932
vt 0.76759 0.16532
vt 0.10175 0.13172
vt 0.09702 0.13022
vt 0.09885 0.13517
vt 0.10168 0.13645
vt 0.09060 0.14424
vt 0.08374 0.15055
vt 0.06573 0.16560
vt 0.32686 0.18698
vt 0.32496 0.19173
vt 0.32861 0.19671
vt 0.06820 0.15506
vt 0.06326 0.15996
vt 0.07373 0.14834
vt 0.08057 0.13995
vt 0.09180 0.13514
vt 0.76909 0.17189
vt 0.09157 0.12613
vt 0.74132 0.41848
vt 0.73956 0.41086
vt 0.76401 0.17709
vt 0.73997 0.42873
vt 0.73772 0.43636
vt 0.73077 0.43850
vt 0.74381 0.43554
vt 0.74702 0.41185
vt 0.08688 0.11348
vt 0.08550 0.12063
vt 0.09155 0.11940
vt 0.08270 0.12898
vt 0.07399 0.13231
vt 0.06743 0.14041
vt 0.06380 0.14818
vt 0.05945 0.15353
vt 0.05890 0.14370
vt 0.05688 0.14810
vt 0.07683 0.12722
vt 0.07871 0.12227
vt 0.08045 0.11522
vt 0.75262 0.41804
vt 0.75474 0.41188
vt 0.08091 0.10851
vt 0.75127 0.42642
vt 0.75108 0.43523
vt 0.74694 0.44160
vt 0.73745 0.44402
vt 0.36691 0.12369
vt 0.37253 0.11820
vt 0.36364 0.11887
vt 0.65977 0.06295
vt 0.66580 0.06085
vt 0.66051 0.05466
vt 0.37112 0.12635
vt 0.36773 0.10961
vt 0.65497 0.05472
vt 0.65035 0.06091
vt 0.76031 0.43279
vt 0.76055 0.42375
vt 0.76076 0.41587
vt 0.38412 0.12952
vt 0.37952 0.13009
vt 0.38069 0.13482
vt 0.07623 0.10598
vt 0.07537 0.11108
vt 0.07369 0.11723
vt 0.07081 0.12523
vt 0.06420 0.13217
vt 0.05776 0.13794
vt 0.05164 0.14395
vt 0.05183 0.15086
vt 0.04936 0.13662
vt 0.04394 0.14122
vt 0.31117 0.17416
vt 0.31059 0.16667
vt 0.30531 0.17048
vt 0.30239 0.16527
vt 0.05604 0.13085
vt 0.06212 0.12518
vt 0.06663 0.11933
vt 0.06915 0.11343
vt 0.07130 0.10865
vt 0.37894 0.12467
vt 0.07122 0.10451
vt 0.38321 0.11745
vt 0.39195 0.12766
vt 0.39356 0.11952
vt 0.40000 0.12446
vt 0.77042 0.18754
vt 0.77391 0.17952
vt 0.76692 0.18276
vt 0.77795 0.18488
vt 0.29790 0.39368
vt 0.30538 0.39542
vt 0.30223 0.38723
vt 0.30977 0.39254
vt 0.30871 0.38682
vt 0.31321 0.39023
vt 0.69278 0.08868
vt 0.69635 0.08072
vt 0.68618 0.07931
vt 0.68850 0.07022
vt 0.30606 0.37986
vt 0.29751 0.37502
vt 0.77595 0.19482
vt 0.76916 0.19892
vt 0.78588 0.19159
vt 0.77850 0.20572
vt 0.78587 0.20452
vt 0.77907 0.15145
vt 0.77731 0.14347
vt 0.76983 0.14717
vt 0.77520 0.15911
vt 0.06520 0.10981
vt 0.06360 0.11580
vt 0.06083 0.12011
vt 0.05566 0.12422
vt 0.04854 0.12937
vt 0.04209 0.13513
vt 0.05021 0.12342
vt 0.04219 0.12798
vt 0.05721 0.11732
vt 0.78188 0.16220
vt 0.78408 0.15521
vt 0.77390 0.20150
vt 0.30504 0.36828
vt 0.31244 0.38393
vt 0.31143 0.37611
vt 0.31864 0.37967
vt 0.31897 0.38921
vt 0.68254 0.07241
vt 0.77153 0.20705
vt 0.76738 0.20650
vt 0.77705 0.17229
vt 0.78426 0.17126
vt 0.78511 0.18052
vt 0.78355 0.21760
vt 0.77700 0.21660
vt 0.76634 0.21541
vt 0.77315 0.21343
vt 0.67732 0.06512
vt 0.28904 0.36694
vt 0.29615 0.36441
vt 0.31727 0.36803
vt 0.32915 0.38401
vt 0.32661 0.37438
vt 0.35837 0.10872
vt 0.36454 0.10159
vt 0.72886 0.44333
vt 0.72534 0.44785
vt 0.73430 0.45038
vt 0.33990 0.37593
vt 0.33786 0.38303
vt 0.32478 0.36861
vt 0.32480 0.36396
vt 0.30854 0.35668
vt 0.32039 0.35599
vt 0.29932 0.35742
vt 0.29024 0.35511
vt 0.77241 0.22199
vt 0.25700 0.08525
vt 0.25138 0.07463
vt 0.24340 0.08129
vt 0.76700 0.23000
vt 0.24206 0.07386
vt 0.29547 0.35065
vt 0.24447 0.06718
vt 0.25197 0.06743
vt 0.30084 0.35013
vt 0.31323 0.34843
vt 0.33104 0.36796
vt 0.33067 0.35913
vt 0.30627 0.34784
vt 0.30924 0.34233
vt 0.29717 0.34580
vt 0.30211 0.34281
vt 0.24922 0.06314
vt 0.81353 0.10257
vt 0.80776 0.10831
vt 0.81475 0.10961
vt 0.80389 0.10061
vt 0.24461 0.06088
vt 0.81020 0.09691
vt 0.23720 0.07620
vt 0.81110 0.11394
vt 0.27973 0.90094
vt 0.28561 0.89873
vt 0.27989 0.89485
vt 0.28702 0.89014
vt 0.29360 0.89599
vt 0.30011 0.89093
vt 0.30102 0.89756
vt 0.29677 0.90166
vt 0.29521 0.88556
vt 0.25023 0.05751
vt 0.56465 0.09637
vt 0.56303 0.09002
vt 0.55850 0.09596
vt 0.30627 0.33777
vt 0.55643 0.09039
vt 0.31524 0.34181
vt 0.31336 0.33587
vt 0.32100 0.34570
vt 0.32930 0.35026
vt 0.33904 0.35440
vt 0.34033 0.36442
vt 0.34995 0.37595
vt 0.35068 0.36996
vt 0.34924 0.35941
vt 0.34639 0.34923
vt 0.33685 0.34535
vt 0.32794 0.34125
vt 0.32062 0.33804
vt 0.06833 0.69855
vt 0.06293 0.69191
vt 0.06092 0.69857
vt 0.07165 0.68971
vt 0.80934 0.25986
vt 0.81189 0.25197
vt 0.80462 0.25308
vt 0.32025 0.89157
vt 0.31407 0.88786
vt 0.31343 0.89621
vt 0.30657 0.89894
vt 0.30663 0.89293
vt 0.28901 0.87946
vt 0.30552 0.88236
vt 0.29823 0.87492
vt 0.32098 0.88519
vt 0.31764 0.87611
vt 0.80756 0.24631
vt 0.80104 0.24720
vt 0.32616 0.88802
vt 0.32654 0.33406
vt 0.33473 0.33624
vt 0.34274 0.34107
vt 0.35180 0.34167
vt 0.35714 0.35343
vt 0.35899 0.36500
vt 0.36820 0.35992
vt 0.36570 0.35222
vt 0.34322 0.33330
vt 0.33103 0.33074
vt 0.33659 0.32928
vt 0.80375 0.24219
vt 0.32734 0.88071
vt 0.79891 0.24210
vt 0.33121 0.88575
vt 0.30827 0.86810
vt 0.32018 0.86077
vt 0.32949 0.86947
vt 0.33198 0.87656
vt 0.33529 0.88102
vt 0.80189 0.23682
vt 0.79457 0.23792
vt 0.79782 0.23090
vt 0.80678 0.22914
vt 0.35123 0.33335
vt 0.36239 0.34474
vt 0.37012 0.35416
vt 0.37121 0.34838
vt 0.36803 0.34281
vt 0.35799 0.33627
vt 0.36539 0.33778
vt 0.34874 0.32694
vt 0.35634 0.32807
vt 0.80068 0.22353
vt 0.34238 0.88462
vt 0.34255 0.87679
vt 0.79288 0.22426
vt 0.34940 0.88085
vt 0.33603 0.87405
vt 0.31129 0.85729
vt 0.31707 0.85196
vt 0.30513 0.86064
vt 0.30623 0.85532
vt 0.31104 0.85002
vt 0.33372 0.20679
vt 0.32478 0.84772
vt 0.31830 0.84570
vt 0.33211 0.85557
vt 0.34160 0.86502
vt 0.35177 0.87155
vt 0.79620 0.21891
vt 0.71594 0.20245
vt 0.72096 0.19883
vt 0.71567 0.19616
vt 0.35541 0.87816
vt 0.35326 0.32224
vt 0.36226 0.33199
vt 0.36313 0.32685
vt 0.36005 0.32083
vt 0.37590 0.35576
vt 0.38323 0.35740
vt 0.38036 0.36500
vt 0.38888 0.36157
vt 0.60482 0.08043
vt 0.60353 0.08709
vt 0.61278 0.08848
vt 0.59886 0.08153
vt 0.39611 0.36549
vt 0.61036 0.07924
vt 0.61725 0.08091
vt 0.62530 0.08856
vt 0.36966 0.37135
vt 0.36038 0.37364
vt 0.36703 0.37802
vt 0.63047 0.08268
vt 0.62367 0.07991
vt 0.68426 0.44689
vt 0.68348 0.45321
vt 0.68961 0.45246
vt 0.67854 0.44699
vt 0.67651 0.45179
vt 0.67117 0.45353
vt 0.66344 0.44931
vt 0.66519 0.45713
vt 0.65732 0.45378
vt 0.66250 0.44239
vt 0.65745 0.44853
vt 0.65892 0.44441
vt 0.68908 0.44759
vt 0.69666 0.45476
vt 0.69318 0.45022
vt 0.70271 0.45367
vt 0.69840 0.44966
vt 0.36103 0.37941
vt 0.35577 0.37654
vt 0.63419 0.06023
vt 0.62795 0.06073
vt 0.63309 0.06474
vt 0.63893 0.06428
vt 0.70355 0.44912
vt 0.69853 0.44295
vt 0.69206 0.44486
vt 0.63974 0.06054
vt 0.63660 0.05533
vt 0.70692 0.44445
vt 0.64458 0.06282
vt 0.06255 0.23652
vt 0.06057 0.23066
vt 0.05525 0.23135
vt 0.05666 0.22711
vt 0.71380 0.44916
vt 0.71438 0.44383
vt 0.70915 0.43814
vt 0.71484 0.43726
vt 0.71962 0.44829
vt 0.72126 0.44320
vt 0.34368 0.38243
vt 0.34904 0.37986
vt 0.72325 0.43734
vt 0.37094 0.10196
vt 0.65876 0.43984
vt 0.65521 0.44119
vt 0.65532 0.44530
vt 0.65231 0.44361
vt 0.65288 0.44835
vt 0.36556 0.31786
vt 0.72101 0.19196
vt 0.71270 0.18958
vt 0.71787 0.18601
vt 0.35755 0.86686
vt 0.36005 0.87269
vt 0.34405 0.84933
vt 0.34420 0.83494
vt 0.34086 0.82874
vt 0.33446 0.84300
vt 0.33507 0.83296
vt 0.32814 0.83842
vt 0.35672 0.21476
vt 0.35440 0.22265
vt 0.36421 0.22329
vt 0.34841 0.21609
vt 0.35973 0.22742
vt 0.36968 0.22864
vt 0.37382 0.22464
vt 0.36914 0.22000
vt 0.36612 0.21526
vt 0.36166 0.20906
vt 0.35459 0.20715
vt 0.35027 0.21100
vt 0.32297 0.84152
vt 0.34508 0.21083
vt 0.09541 0.19387
vt 0.09901 0.20060
vt 0.10212 0.20501
vt 0.10617 0.21019
vt 0.11077 0.20728
vt 0.11242 0.21109
vt 0.37979 0.22892
vt 0.11114 0.21558
vt 0.32299 0.19669
vt 0.29980 0.86545
vt 0.31751 0.19207
vt 0.32019 0.18626
vt 0.29305 0.87031
vt 0.31209 0.18564
vt 0.32375 0.18161
vt 0.31577 0.18045
vt 0.28709 0.87286
vt 0.30893 0.17979
vt 0.31942 0.17537
vt 0.28211 0.87749
vt 0.30362 0.17555
vt 0.27982 0.88572
vt 0.27656 0.88069
vt 0.29981 0.17031
vt 0.27473 0.89184
vt 0.27074 0.88659
vt 0.29348 0.16500
vt 0.80727 0.13241
vt 0.80335 0.13838
vt 0.80835 0.14277
vt 0.81652 0.13393
vt 0.81662 0.14134
vt 0.80148 0.14207
vt 0.29976 0.15944
vt 0.06791 0.25720
vt 0.07003 0.26401
vt 0.07274 0.26030
vt 0.06405 0.26374
vt 0.06170 0.25717
vt 0.23436 0.08126
vt 0.77322 0.23733
vt 0.77364 0.23083
vt 0.78009 0.23253
vt 0.77871 0.23864
vt 0.77738 0.22407
vt 0.78760 0.22796
vt 0.37792 0.14126
vt 0.37538 0.14887
vt 0.38238 0.14709
vt 0.38164 0.15403
vt 0.37437 0.15877
vt 0.38162 0.16320
vt 0.37481 0.16888
vt 0.38824 0.15067
vt 0.38852 0.15826
vt 0.38791 0.16713
vt 0.38187 0.17352
vt 0.39004 0.17780
vt 0.38170 0.18689
vt 0.39359 0.16366
vt 0.39319 0.17041
vt 0.80233 0.15055
vt 0.79477 0.15412
vt 0.80136 0.15957
vt 0.79576 0.14645
vt 0.79070 0.14862
vt 0.79229 0.14459
vt 0.79463 0.14055
vt 0.78974 0.14050
vt 0.79102 0.13453
vt 0.39666 0.17647
vt 0.37840 0.19594
vt 0.38230 0.19420
vt 0.38677 0.19546
vt 0.38266 0.19914
vt 0.39201 0.18930
vt 0.39638 0.18348
vt 0.78603 0.13621
vt 0.40199 0.18204
vt 0.40133 0.17544
vt 0.78889 0.14491
vt 0.78549 0.14203
vt 0.60941 0.33534
vt 0.78511 0.14794
vt 0.60780 0.32741
vt 0.60418 0.32527
vt 0.60712 0.32157
vt 0.78124 0.13805
vt 0.40625 0.17936
vt 0.78160 0.13203
vt 0.40817 0.18551
vt 0.40317 0.19246
vt 0.39494 0.20103
vt 0.38706 0.20371
vt 0.37951 0.20633
vt 0.37318 0.20795
vt 0.37798 0.21372
vt 0.38646 0.21211
vt 0.38227 0.21530
vt 0.39187 0.20900
vt 0.41100 0.18176
vt 0.41206 0.19153
vt 0.41552 0.18531
vt 0.77713 0.13440
vt 0.77774 0.12911
vt 0.60211 0.31940
vt 0.60731 0.31574
vt 0.60245 0.31173
vt 0.59672 0.31957
vt 0.59834 0.31521
vt 0.60981 0.31049
vt 0.06871 0.23797
vt 0.07286 0.23912
vt 0.07173 0.23332
vt 0.06843 0.24514
vt 0.07816 0.24566
vt 0.07219 0.25267
vt 0.41803 0.19285
vt 0.42315 0.18996
vt 0.41485 0.20014
vt 0.40543 0.20586
vt 0.39819 0.21174
vt 0.39243 0.21673
vt 0.38740 0.22024
vt 0.58724 0.17367
vt 0.58471 0.16616
vt 0.58000 0.16786
vt 0.59166 0.16772
vt 0.57763 0.17239
vt 0.57272 0.16617
vt 0.33505 0.71590
vt 0.33598 0.70998
vt 0.32929 0.70806
vt 0.33466 0.70272
vt 0.59619 0.17349
vt 0.32739 0.69549
vt 0.32330 0.70143
vt 0.39317 0.22503
vt 0.59918 0.16843
vt 0.39854 0.22142
vt 0.40534 0.21672
vt 0.41470 0.21282
vt 0.42449 0.19718
vt 0.40131 0.16467
vt 0.40647 0.16126
vt 0.39861 0.15599
vt 0.40656 0.16603
vt 0.42742 0.19331
vt 0.42959 0.19620
vt 0.42494 0.20689
vt 0.43220 0.20025
vt 0.41153 0.22190
vt 0.41675 0.21957
vt 0.40483 0.22599
vt 0.39901 0.23010
vt 0.60346 0.17499
vt 0.60704 0.16879
vt 0.31927 0.69520
vt 0.34029 0.69383
vt 0.34165 0.70714
vt 0.32692 0.67987
vt 0.32021 0.68815
vt 0.61192 0.17528
vt 0.31366 0.68880
vt 0.40548 0.23470
vt 0.61525 0.16829
vt 0.41136 0.22991
vt 0.41720 0.22494
vt 0.42365 0.21791
vt 0.42889 0.21213
vt 0.43340 0.20775
vt 0.43298 0.21516
vt 0.43075 0.22372
vt 0.42282 0.22645
vt 0.41762 0.23199
vt 0.41217 0.23710
vt 0.62136 0.17507
vt 0.40836 0.24257
vt 0.61632 0.18220
vt 0.31543 0.68123
vt 0.34066 0.68039
vt 0.32772 0.67062
vt 0.33429 0.67027
vt 0.34767 0.68660
vt 0.34979 0.67868
vt 0.34394 0.67123
vt 0.32791 0.66434
vt 0.33980 0.66312
vt 0.33357 0.66183
vt 0.32185 0.66801
vt 0.31589 0.67297
vt 0.62354 0.18155
vt 0.31085 0.67583
vt 0.72138 0.36767
vt 0.72044 0.37413
vt 0.72843 0.37311
vt 0.41813 0.24049
vt 0.62738 0.17786
vt 0.42442 0.23244
vt 0.75005 0.38767
vt 0.74872 0.37792
vt 0.74164 0.38221
vt 0.73811 0.37611
vt 0.73304 0.38125
vt 0.72249 0.38074
vt 0.71655 0.37776
vt 0.62805 0.18314
vt 0.31046 0.67055
vt 0.31378 0.66437
vt 0.32198 0.65902
vt 0.77331 0.11577
vt 0.77313 0.10727
vt 0.76764 0.11124
vt 0.76728 0.10526
vt 0.75997 0.10969
vt 0.76280 0.10089
vt 0.16014 0.39655
vt 0.16630 0.39892
vt 0.16510 0.39313
vt 0.75624 0.10379
vt 0.10474 0.63997
vt 0.10952 0.63360
vt 0.10316 0.63093
vt 0.10792 0.64884
vt 0.11447 0.64027
vt 0.16711 0.38524
vt 0.15789 0.39007
vt 0.15225 0.39428
vt 0.15782 0.40273
vt 0.72457 0.11716
vt 0.71591 0.12040
vt 0.72783 0.12723
vt 0.72025 0.13233
vt 0.76296 0.11860
vt 0.77476 0.12383
vt 0.78179 0.11864
vt 0.76901 0.12214
vt 0.71464 0.38445
vt 0.72142 0.38819
vt 0.13244 0.40278
vt 0.13877 0.40883
vt 0.14113 0.40255
vt 0.72950 0.38762
vt 0.73879 0.38773
vt 0.43919 0.21736
vt 0.75836 0.38211
vt 0.76058 0.38877
vt 0.75635 0.39272
vt 0.75144 0.39567
vt 0.74394 0.39319
vt 0.73550 0.39329
vt 0.72638 0.39358
vt 0.14701 0.40702
vt 0.14454 0.41204
vt 0.76906 0.12701
vt 0.71224 0.13341
vt 0.71779 0.13884
vt 0.71219 0.13914
vt 0.71142 0.12653
vt 0.14279 0.38680
vt 0.14509 0.39779
vt 0.15105 0.38864
vt 0.13417 0.39030
vt 0.70402 0.11876
vt 0.70682 0.11072
vt 0.70434 0.12752
vt 0.70553 0.13458
vt 0.70806 0.14197
vt 0.59572 0.07512
vt 0.59773 0.06909
vt 0.58884 0.07133
vt 0.74391 0.39993
vt 0.60771 0.07311
vt 0.75835 0.39687
vt 0.75607 0.40194
vt 0.76234 0.39397
vt 0.76499 0.39865
vt 0.76321 0.40595
vt 0.68008 0.11384
vt 0.68346 0.12324
vt 0.68877 0.11873
vt 0.69471 0.12844
vt 0.69685 0.12148
vt 0.14262 0.37911
vt 0.15054 0.38274
vt 0.14640 0.37506
vt 0.15398 0.37544
vt 0.13533 0.37814
vt 0.13896 0.37176
vt 0.13228 0.38325
vt 0.16556 0.05859
vt 0.16776 0.05266
vt 0.15870 0.05201
vt 0.15979 0.05958
vt 0.69813 0.10847
vt 0.69372 0.11389
vt 0.68571 0.11026
vt 0.82552 0.15207
vt 0.81876 0.15775
vt 0.82654 0.16057
vt 0.81569 0.14823
vt 0.49668 0.33049
vt 0.49790 0.33910
vt 0.50369 0.33520
vt 0.50569 0.32946
vt 0.69013 0.10595
vt 0.51094 0.32554
vt 0.50158 0.32206
vt 0.50931 0.31942
vt 0.50448 0.31605
vt 0.50878 0.31593
vt 0.51336 0.31528
vt 0.12900 0.37685
vt 0.50794 0.31227
vt 0.12950 0.36943
vt 0.13516 0.36275
vt 0.14615 0.36619
vt 0.15862 0.38242
vt 0.16338 0.37622
vt 0.12745 0.36054
vt 0.13063 0.35426
vt 0.50573 0.30550
vt 0.49844 0.30025
vt 0.49653 0.30602
vt 0.50107 0.31051
vt 0.49780 0.31484
vt 0.49347 0.32311
vt 0.49411 0.31824
vt 0.80994 0.15709
vt 0.48726 0.32688
vt 0.48683 0.31815
vt 0.49089 0.31291
vt 0.49511 0.30731
vt 0.83317 0.27614
vt 0.83776 0.28370
vt 0.84172 0.27801
vt 0.83969 0.27041
vt 0.84383 0.27360
vt 0.49400 0.30185
vt 0.49142 0.29821
vt 0.49709 0.29326
vt 0.57497 0.30940
vt 0.58221 0.30641
vt 0.57489 0.30184
vt 0.84616 0.26959
vt 0.84154 0.26233
vt 0.57934 0.29919
vt 0.58503 0.30203
vt 0.58543 0.29766
vt 0.58179 0.29204
vt 0.48821 0.30393
vt 0.48843 0.30827
vt 0.48406 0.31099
vt 0.47734 0.31497
vt 0.48162 0.32239
vt 0.80578 0.16476
vt 0.81452 0.16452
vt 0.27962 0.06436
vt 0.27865 0.05640
vt 0.27303 0.05766
vt 0.41473 0.16097
vt 0.42314 0.15678
vt 0.41642 0.15107
vt 0.80871 0.16950
vt 0.40781 0.15456
vt 0.39768 0.13663
vt 0.38871 0.13488
vt 0.39243 0.14385
vt 0.47778 0.30529
vt 0.48428 0.30631
vt 0.48346 0.30272
vt 0.48596 0.30011
vt 0.58929 0.30518
vt 0.48086 0.29868
vt 0.58991 0.31198
vt 0.59534 0.30844
vt 0.47448 0.29764
vt 0.40104 0.14284
vt 0.39970 0.14935
vt 0.40715 0.13675
vt 0.41003 0.16469
vt 0.28532 0.05785
vt 0.28607 0.06393
vt 0.28492 0.06731
vt 0.28085 0.05060
vt 0.81357 0.16941
vt 0.82201 0.16758
vt 0.82030 0.16266
vt 0.85593 0.21008
vt 0.85427 0.21735
vt 0.86281 0.21599
vt 0.85952 0.22217
vt 0.86557 0.22458
vt 0.82909 0.16566
vt 0.86884 0.22066
vt 0.08172 0.28905
vt 0.08619 0.28139
vt 0.07875 0.28136
vt 0.08781 0.29453
vt 0.08211 0.29516
vt 0.08883 0.28764
vt 0.08417 0.29830
vt 0.08089 0.29840
vt 0.40961 0.16799
vt 0.43865 0.20296
vt 0.44459 0.20428
vt 0.43968 0.20982
vt 0.77171 0.38325
vt 0.76534 0.37904
vt 0.76582 0.38517
vt 0.40723 0.14757
vt 0.41270 0.14266
vt 0.59794 0.31199
vt 0.59415 0.31604
vt 0.59516 0.31258
vt 0.17212 0.37659
vt 0.11131 0.65671
vt 0.11634 0.65021
vt 0.11306 0.66149
vt 0.35279 0.69414
vt 0.35426 0.68595
vt 0.35658 0.69052
vt 0.35891 0.69464
vt 0.35017 0.70480
vt 0.35686 0.71411
vt 0.34054 0.71577
vt 0.33963 0.72324
vt 0.19588 0.31257
vt 0.19982 0.31773
vt 0.20185 0.31052
vt 0.19674 0.30575
vt 0.20262 0.30290
vt 0.19053 0.30639
vt 0.19741 0.30133
vt 0.19144 0.30049
vt 0.19829 0.29610
vt 0.18562 0.29728
vt 0.18971 0.29325
vt 0.19572 0.28918
vt 0.18760 0.28318
vt 0.19847 0.28385
vt 0.19498 0.27696
vt 0.20242 0.27777
vt 0.18737 0.27168
vt 0.19936 0.26898
vt 0.20657 0.27273
vt 0.20552 0.26924
vt 0.18904 0.26061
vt 0.20708 0.26548
vt 0.20897 0.26946
vt 0.21277 0.27288
vt 0.21703 0.27876
vt 0.21895 0.26955
vt 0.21263 0.26764
vt 0.21402 0.26059
vt 0.20184 0.25693
vt 0.19277 0.25206
vt 0.18664 0.25317
vt 0.17950 0.25545
vt 0.18227 0.24899
vt 0.61485 0.30019
vt 0.61870 0.30509
vt 0.62166 0.29983
vt 0.62414 0.30610
vt 0.17073 0.25631
vt 0.60439 0.11366
vt 0.17310 0.24813
vt 0.61828 0.29579
vt 0.63019 0.29856
vt 0.63261 0.31209
vt 0.64301 0.30332
vt 0.64443 0.31677
vt 0.65073 0.31068
vt 0.65243 0.31664
vt 0.64990 0.32340
vt 0.20830 0.45934
vt 0.21480 0.45924
vt 0.21245 0.45166
vt 0.65437 0.31305
vt 0.21222 0.46351
vt 0.21518 0.46344
vt 0.62283 0.29336
vt 0.61801 0.29171
vt 0.62032 0.28774
vt 0.65237 0.30363
vt 0.65652 0.30934
vt 0.21525 0.46779
vt 0.42272 0.78729
vt 0.20844 0.46713
vt 0.65746 0.30375
vt 0.21258 0.47362
vt 0.66149 0.30533
vt 0.65039 0.29446
vt 0.65623 0.29908
vt 0.61703 0.28402
vt 0.63908 0.28824
vt 0.65601 0.29469
vt 0.66074 0.29531
vt 0.66069 0.30095
vt 0.85461 0.26580
vt 0.85374 0.25824
vt 0.84993 0.26273
vt 0.84636 0.25826
vt 0.65727 0.28940
vt 0.66335 0.29058
vt 0.66617 0.29380
vt 0.84923 0.25367
vt 0.64948 0.28522
vt 0.64419 0.28071
vt 0.64508 0.27392
vt 0.64973 0.27882
vt 0.65622 0.28134
vt 0.66423 0.28467
vt 0.66769 0.28965
vt 0.85334 0.25084
vt 0.84787 0.24947
vt 0.67105 0.28593
vt 0.84966 0.24461
vt 0.66920 0.27984
vt 0.66255 0.27681
vt 0.65379 0.27413
vt 0.66019 0.26961

# No. faces 2256:

usemtl CaveWalls4

f 3/3/2259 2/2/2258 1/1/2257
f 1/1/2257 2/2/2258 4/4/2260
f 1/1/2257 4/4/2260 5/5/2261
f 1/1/2257 6/6/2262 3/3/2259
f 6/6/2262 1/1/2257 5/5/2261
f 8/8/2264 7/7/2263 3/3/2259
f 7/7/2263 2/2/2258 3/3/2259
f 3/3/2259 9/9/2265 8/8/2264
f 6/6/2262 9/9/2265 3/3/2259
f 2/2/2258 10/10/2266 4/4/2260
f 12/13/2268 2/12/2258 11/11/2267
f 2/12/2258 7/14/2263 11/11/2267
f 10/15/2266 2/12/2258 12/13/2268
f 4/4/2260 13/16/2269 5/5/2261
f 10/10/2266 13/16/2269 4/4/2260
f 14/17/2270 6/6/2262 5/5/2261
f 15/18/2271 6/6/2262 14/17/2270
f 9/9/2265 6/6/2262 15/18/2271
f 16/19/2272 9/9/2265 15/18/2271
f 17/20/2273 9/9/2265 16/19/2272
f 9/9/2265 17/20/2273 8/8/2264
f 19/22/2275 18/21/2274 8/8/2264
f 18/21/2274 7/7/2263 8/8/2264
f 8/8/2264 17/20/2273 19/22/2275
f 7/14/2263 18/23/2274 11/11/2267
f 11/11/2267 20/24/2276 12/13/2268
f 12/13/2268 20/24/2276 21/25/2277
f 12/13/2268 21/25/2277 22/26/2278
f 22/26/2278 10/15/2266 12/13/2268
f 23/27/2279 13/16/2269 10/10/2266
f 10/15/2266 22/26/2278 23/28/2279
f 5/5/2261 13/16/2269 24/29/2280
f 13/16/2269 25/30/2281 24/29/2280
f 23/27/2279 26/31/2282 13/16/2269
f 25/30/2281 13/16/2269 26/31/2282
f 5/5/2261 24/29/2280 27/32/2283
f 27/32/2283 14/17/2270 5/5/2261
f 16/19/2272 15/18/2271 28/33/2284
f 29/34/2285 16/19/2272 28/33/2284
f 29/34/2285 17/20/2273 16/19/2272
f 30/35/2286 17/20/2273 29/34/2285
f 17/20/2273 30/35/2286 19/22/2275
f 32/37/2288 31/36/2287 19/22/2275
f 31/36/2287 18/21/2274 19/22/2275
f 19/22/2275 30/35/2286 32/37/2288
f 11/11/2267 18/23/2274 33/38/2289
f 18/23/2274 31/39/2287 33/38/2289
f 33/38/2289 20/24/2276 11/11/2267
f 20/24/2276 35/41/2291 34/40/2290
f 20/24/2276 34/40/2290 21/25/2277
f 36/42/2292 22/26/2278 21/25/2277
f 37/43/2293 22/26/2278 36/42/2292
f 37/43/2293 23/28/2279 22/26/2278
f 23/46/2279 37/45/2293 26/44/2282
f 37/45/2293 38/47/2294 26/44/2282
f 26/44/2282 38/47/2294 39/48/2295
f 39/49/2295 25/30/2281 26/31/2282
f 24/29/2280 25/30/2281 40/50/2296
f 25/30/2281 41/51/2297 40/50/2296
f 25/30/2281 39/49/2295 41/51/2297
f 28/33/2284 15/18/2271 42/52/2298
f 29/34/2285 28/33/2284 42/52/2298
f 43/53/2299 29/34/2285 42/52/2298
f 43/53/2299 30/35/2286 29/34/2285
f 44/54/2300 30/35/2286 43/53/2299
f 30/35/2286 44/54/2300 32/37/2288
f 45/55/2301 44/54/2300 43/53/2299
f 42/52/2298 15/18/2271 46/56/2302
f 15/18/2271 14/17/2270 47/57/2303
f 47/57/2303 14/17/2270 27/32/2283
f 48/58/2304 47/57/2303 27/32/2283
f 24/29/2280 49/59/2305 27/32/2283
f 24/29/2280 40/50/2296 49/59/2305
f 40/50/2296 50/60/2306 49/59/2305
f 40/50/2296 41/51/2297 50/60/2306
f 27/32/2283 49/59/2305 48/58/2304
f 52/62/2308 51/61/2307 48/58/2304
f 51/61/2307 47/57/2303 48/58/2304
f 53/63/2309 47/57/2303 51/61/2307
f 15/18/2271 47/57/2303 53/63/2309
f 46/56/2302 15/18/2271 53/63/2309
f 42/52/2298 46/56/2302 54/64/2310
f 55/65/2311 42/52/2298 54/64/2310
f 43/53/2299 42/52/2298 55/65/2311
f 56/66/2312 43/53/2299 55/65/2311
f 45/55/2301 43/53/2299 56/66/2312
f 56/66/2312 57/67/2313 45/55/2301
f 59/69/2315 58/68/2314 56/66/2312
f 56/66/2312 55/65/2311 59/69/2315
f 59/69/2315 55/65/2311 60/70/2316
f 55/65/2311 54/64/2310 60/70/2316
f 60/70/2316 54/64/2310 61/71/2317
f 54/64/2310 46/56/2302 61/71/2317
f 61/71/2317 46/56/2302 62/72/2318
f 46/56/2302 53/63/2309 62/72/2318
f 62/72/2318 53/63/2309 63/73/2319
f 53/63/2309 51/61/2307 63/73/2319
f 63/73/2319 51/61/2307 64/74/2320
f 64/74/2320 51/61/2307 52/62/2308
f 48/58/2304 65/75/2321 52/62/2308
f 52/62/2308 65/75/2321 66/76/2322
f 66/76/2322 64/74/2320 52/62/2308
f 48/58/2304 67/77/2323 65/75/2321
f 48/58/2304 49/59/2305 67/77/2323
f 65/75/2321 67/77/2323 68/78/2324
f 67/77/2323 69/79/2325 68/78/2324
f 67/77/2323 49/59/2305 69/79/2325
f 66/82/2322 65/81/2321 70/80/2326
f 70/80/2326 65/81/2321 71/83/2327
f 65/81/2321 68/84/2324 71/83/2327
f 66/82/2322 70/80/2326 72/85/2328
f 64/86/2320 66/82/2322 72/85/2328
f 63/87/2319 64/86/2320 72/85/2328
f 62/89/2318 63/87/2319 73/88/2329
f 73/88/2329 63/87/2319 72/85/2328
f 61/91/2317 62/89/2318 74/90/2330
f 74/90/2330 62/89/2318 73/88/2329
f 60/93/2316 61/91/2317 75/92/2331
f 75/92/2331 61/91/2317 74/90/2330
f 59/95/2315 60/93/2316 76/94/2332
f 76/94/2332 60/93/2316 75/92/2331
f 58/68/2314 59/69/2315 77/96/2333
f 77/97/2333 59/95/2315 76/94/2332
f 78/98/2334 58/68/2314 77/96/2333
f 56/66/2312 58/68/2314 79/99/2335
f 79/99/2335 58/68/2314 78/98/2334
f 57/67/2313 56/66/2312 79/99/2335
f 57/67/2313 79/99/2335 80/100/2336
f 82/102/2338 80/100/2336 81/101/2337
f 83/103/2339 80/100/2336 82/102/2338
f 79/99/2335 81/101/2337 80/100/2336
f 84/104/2340 79/99/2335 78/98/2334
f 81/101/2337 79/99/2335 84/104/2340
f 84/104/2340 78/98/2334 85/105/2341
f 78/98/2334 77/96/2333 85/105/2341
f 85/107/2341 77/97/2333 86/106/2342
f 77/97/2333 76/94/2332 86/106/2342
f 76/94/2332 87/108/2343 86/106/2342
f 76/111/2332 75/110/2331 87/109/2343
f 75/110/2331 88/112/2344 87/109/2343
f 75/110/2331 74/113/2330 88/112/2344
f 74/113/2330 89/114/2345 88/112/2344
f 74/113/2330 73/115/2329 89/114/2345
f 73/88/2329 90/117/2346 89/116/2345
f 73/88/2329 72/85/2328 90/117/2346
f 72/85/2328 91/118/2347 90/117/2346
f 72/85/2328 70/80/2326 91/118/2347
f 70/80/2326 93/120/2349 92/119/2348
f 91/118/2347 70/80/2326 92/119/2348
f 70/80/2326 71/83/2327 93/120/2349
f 71/83/2327 94/121/2350 93/120/2349
f 71/83/2327 95/122/2351 94/121/2350
f 71/83/2327 68/84/2324 95/122/2351
f 93/125/2349 97/124/2353 96/123/2352
f 92/126/2348 93/125/2349 96/123/2352
f 93/125/2349 94/127/2350 97/124/2353
f 92/126/2348 96/123/2352 98/128/2354
f 99/129/2355 92/126/2348 98/128/2354
f 91/118/2347 92/119/2348 99/130/2355
f 90/117/2346 91/118/2347 99/130/2355
f 89/116/2345 90/117/2346 99/130/2355
f 89/114/2345 99/129/2355 88/112/2344
f 87/109/2343 88/112/2344 100/131/2356
f 87/109/2343 100/131/2356 101/132/2357
f 86/133/2342 87/109/2343 101/132/2357
f 86/133/2342 101/132/2357 102/134/2358
f 85/135/2341 86/133/2342 102/134/2358
f 85/135/2341 102/134/2358 103/136/2359
f 104/137/2360 85/135/2341 103/136/2359
f 104/138/2360 84/104/2340 85/105/2341
f 105/139/2361 84/104/2340 104/138/2360
f 105/139/2361 81/101/2337 84/104/2340
f 82/102/2338 81/101/2337 105/139/2361
f 107/142/2363 105/141/2361 106/140/2362
f 106/140/2362 105/141/2361 104/143/2360
f 107/144/2363 82/102/2338 105/139/2361
f 104/137/2360 103/136/2359 108/145/2364
f 106/146/2362 104/137/2360 108/145/2364
f 103/136/2359 110/148/2366 109/147/2365
f 108/145/2364 103/136/2359 109/147/2365
f 103/136/2359 102/134/2358 110/148/2366
f 102/134/2358 111/149/2367 110/148/2366
f 102/134/2358 101/132/2357 111/149/2367
f 101/132/2357 112/150/2368 111/149/2367
f 101/132/2357 100/131/2356 112/150/2368
f 100/131/2356 113/151/2369 112/150/2368
f 100/131/2356 88/112/2344 113/151/2369
f 99/129/2355 98/128/2354 88/112/2344
f 98/128/2354 115/153/2371 114/152/2370
f 98/128/2354 96/123/2352 115/153/2371
f 96/123/2352 116/154/2372 115/153/2371
f 97/124/2353 116/154/2372 96/123/2352
f 115/153/2371 118/156/2374 117/155/2373
f 114/152/2370 115/153/2371 117/155/2373
f 115/153/2371 116/154/2372 118/156/2374
f 114/152/2370 117/155/2373 119/157/2375
f 120/158/2376 114/152/2370 119/157/2375
f 98/128/2354 114/152/2370 120/158/2376
f 88/112/2344 98/128/2354 120/158/2376
f 88/112/2344 120/158/2376 113/151/2369
f 112/150/2368 113/151/2369 121/159/2377
f 111/149/2367 112/150/2368 121/159/2377
f 111/149/2367 121/159/2377 122/160/2378
f 110/148/2366 111/149/2367 122/160/2378
f 110/148/2366 122/160/2378 123/161/2379
f 109/147/2365 110/148/2366 123/161/2379
f 109/147/2365 123/161/2379 124/162/2380
f 108/145/2364 109/147/2365 124/162/2380
f 125/163/2381 108/145/2364 124/162/2380
f 106/146/2362 108/145/2364 125/163/2381
f 126/164/2382 106/146/2362 125/163/2381
f 126/165/2382 107/142/2363 106/140/2362
f 127/166/2383 107/142/2363 126/165/2382
f 127/168/2383 128/167/2384 107/144/2363
f 128/167/2384 82/102/2338 107/144/2363
f 126/164/2382 125/163/2381 129/169/2385
f 130/170/2386 126/164/2382 129/169/2385
f 130/171/2386 127/166/2383 126/165/2382
f 129/169/2385 125/163/2381 124/162/2380
f 131/172/2387 129/169/2385 124/162/2380
f 124/162/2380 133/174/2389 132/173/2388
f 124/162/2380 123/161/2379 133/174/2389
f 123/161/2379 134/175/2390 133/174/2389
f 123/161/2379 122/160/2378 134/175/2390
f 122/160/2378 135/176/2391 134/175/2390
f 122/160/2378 121/159/2377 135/176/2391
f 121/159/2377 136/177/2392 135/176/2391
f 121/159/2377 113/151/2369 136/177/2392
f 113/151/2369 137/178/2393 136/177/2392
f 113/151/2369 120/158/2376 137/178/2393
f 120/158/2376 119/157/2375 137/178/2393
f 119/157/2375 139/180/2395 138/179/2394
f 137/178/2393 119/157/2375 138/179/2394
f 119/157/2375 117/155/2373 139/180/2395
f 137/178/2393 138/179/2394 140/181/2396
f 137/178/2393 140/181/2396 141/182/2397
f 136/177/2392 137/178/2393 141/182/2397
f 136/177/2392 141/182/2397 142/183/2398
f 135/176/2391 136/177/2392 142/183/2398
f 135/176/2391 142/183/2398 143/184/2399
f 134/175/2390 135/176/2391 143/184/2399
f 134/175/2390 143/184/2399 144/185/2400
f 133/174/2389 134/175/2390 144/185/2400
f 133/174/2389 144/185/2400 145/186/2401
f 132/173/2388 133/174/2389 145/186/2401
f 132/173/2388 145/186/2401 146/187/2402
f 132/173/2388 148/189/2404 147/188/2403
f 124/162/2380 132/173/2388 147/188/2403
f 131/172/2387 124/162/2380 147/188/2403
f 131/172/2387 149/190/2405 129/169/2385
f 129/169/2385 149/190/2405 130/170/2386
f 130/171/2386 150/191/2406 127/166/2383
f 130/170/2386 149/190/2405 150/192/2406
f 151/193/2407 149/190/2405 147/188/2403
f 149/190/2405 131/172/2387 147/188/2403
f 150/192/2406 149/190/2405 151/193/2407
f 153/195/2409 147/188/2403 152/194/2408
f 147/188/2403 153/195/2409 151/193/2407
f 148/189/2404 152/194/2408 147/188/2403
f 148/189/2404 132/173/2388 154/196/2410
f 155/197/2411 148/189/2404 154/196/2410
f 152/194/2408 148/189/2404 155/197/2411
f 132/173/2388 146/187/2402 156/198/2412
f 154/196/2410 132/173/2388 156/198/2412
f 146/187/2402 158/200/2414 157/199/2413
f 156/198/2412 146/187/2402 157/199/2413
f 146/187/2402 145/186/2401 158/200/2414
f 145/186/2401 159/201/2415 158/200/2414
f 145/186/2401 144/185/2400 159/201/2415
f 144/185/2400 160/202/2416 159/201/2415
f 143/184/2399 160/202/2416 144/185/2400
f 159/201/2415 161/203/2417 158/200/2414
f 162/206/2418 161/205/2417 159/204/2415
f 162/206/2418 159/204/2415 163/207/2419
f 159/210/2415 160/209/2416 163/208/2419
f 158/200/2414 161/203/2417 164/211/2420
f 157/199/2413 158/200/2414 164/211/2420
f 157/199/2413 164/211/2420 165/212/2421
f 166/213/2422 157/199/2413 165/212/2421
f 156/198/2412 157/199/2413 166/213/2422
f 167/214/2423 156/198/2412 166/213/2422
f 154/196/2410 156/198/2412 167/214/2423
f 168/215/2424 154/196/2410 167/214/2423
f 155/197/2411 154/196/2410 168/215/2424
f 169/216/2425 155/197/2411 168/215/2424
f 170/217/2426 155/197/2411 169/216/2425
f 170/217/2426 152/194/2408 155/197/2411
f 152/194/2408 170/217/2426 171/218/2427
f 152/194/2408 171/218/2427 153/195/2409
f 153/195/2409 172/219/2428 151/193/2407
f 172/219/2428 153/195/2409 173/220/2429
f 173/220/2429 153/195/2409 171/218/2427
f 172/219/2428 150/192/2406 151/193/2407
f 172/222/2428 174/221/2430 150/191/2406
f 172/222/2428 173/223/2429 174/221/2430
f 175/224/2431 173/220/2429 171/218/2427
f 176/227/2432 173/226/2429 175/225/2431
f 176/227/2432 177/228/2433 173/226/2429
f 177/228/2433 174/229/2430 173/226/2429
f 171/218/2427 170/217/2426 178/230/2434
f 175/224/2431 171/218/2427 178/230/2434
f 178/230/2434 170/217/2426 169/216/2425
f 179/231/2435 169/216/2425 168/215/2424
f 178/230/2434 169/216/2425 179/231/2435
f 168/215/2424 167/214/2423 180/232/2436
f 181/233/2437 168/215/2424 180/232/2436
f 167/214/2423 166/213/2422 182/234/2438
f 180/232/2436 167/214/2423 182/234/2438
f 166/213/2422 165/212/2421 183/235/2439
f 182/234/2438 166/213/2422 183/235/2439
f 183/235/2439 165/212/2421 184/236/2440
f 165/212/2421 164/211/2420 184/236/2440
f 164/211/2420 185/237/2441 184/236/2440
f 164/211/2420 161/203/2417 185/237/2441
f 161/203/2417 186/238/2442 185/237/2441
f 161/205/2417 187/240/2443 186/239/2442
f 162/206/2418 187/240/2443 161/205/2417
f 185/237/2441 189/242/2445 188/241/2444
f 184/236/2440 185/237/2441 188/241/2444
f 185/237/2441 186/238/2442 189/242/2445
f 184/236/2440 188/241/2444 190/243/2446
f 191/244/2447 184/236/2440 190/243/2446
f 192/245/2448 183/235/2439 184/236/2440
f 192/245/2448 184/236/2440 191/244/2447
f 182/234/2438 183/235/2439 192/245/2448
f 193/246/2449 182/234/2438 192/245/2448
f 180/232/2436 182/234/2438 193/246/2449
f 194/247/2450 180/232/2436 193/246/2449
f 180/232/2436 194/247/2450 195/248/2451
f 196/249/2452 180/232/2436 195/248/2451
f 181/233/2437 180/232/2436 196/249/2452
f 168/215/2424 181/233/2437 197/250/2453
f 179/231/2435 168/215/2424 197/250/2453
f 199/252/2455 198/251/2454 179/231/2435
f 197/250/2453 199/252/2455 179/231/2435
f 198/251/2454 178/230/2434 179/231/2435
f 198/251/2454 175/224/2431 178/230/2434
f 199/255/2455 200/254/2456 198/253/2454
f 200/254/2456 201/256/2457 198/253/2454
f 201/256/2457 175/257/2431 198/253/2454
f 203/260/2459 202/259/2458 199/258/2455
f 197/250/2453 203/261/2459 199/252/2455
f 202/264/2458 204/263/2460 199/262/2455
f 204/263/2460 200/265/2456 199/262/2455
f 196/249/2452 197/250/2453 181/233/2437
f 195/248/2451 194/247/2450 205/266/2461
f 206/267/2462 195/248/2451 205/266/2461
f 195/248/2451 206/267/2462 203/261/2459
f 196/249/2452 195/248/2451 203/261/2459
f 194/247/2450 193/246/2449 207/268/2463
f 205/266/2461 194/247/2450 207/268/2463
f 193/246/2449 192/245/2448 208/269/2464
f 207/268/2463 193/246/2449 208/269/2464
f 192/245/2448 209/270/2465 208/269/2464
f 209/270/2465 192/245/2448 191/244/2447
f 211/272/2467 191/244/2447 210/271/2466
f 211/272/2467 209/270/2465 191/244/2447
f 212/273/2468 209/270/2465 211/272/2467
f 209/270/2465 212/273/2468 208/269/2464
f 214/276/2470 213/275/2469 208/274/2464
f 214/276/2470 208/274/2464 212/277/2468
f 207/280/2463 208/279/2464 213/278/2469
f 215/281/2471 207/280/2463 213/278/2469
f 205/266/2461 207/268/2463 215/282/2471
f 216/283/2472 205/266/2461 215/282/2471
f 216/283/2472 206/267/2462 205/266/2461
f 217/286/2473 206/285/2462 216/284/2472
f 217/286/2473 218/287/2474 206/285/2462
f 206/285/2462 218/287/2474 203/260/2459
f 218/287/2474 219/288/2475 203/260/2459
f 196/249/2452 203/261/2459 197/250/2453
f 203/260/2459 219/288/2475 202/259/2458
f 219/290/2475 220/289/2476 202/264/2458
f 220/289/2476 204/263/2460 202/264/2458
f 204/263/2460 220/289/2476 221/291/2477
f 204/263/2460 222/292/2478 200/265/2456
f 221/291/2477 222/292/2478 204/263/2460
f 201/293/2457 200/265/2456 222/292/2478
f 223/294/2479 201/293/2457 222/292/2478
f 223/294/2479 222/292/2478 224/295/2480
f 221/291/2477 225/296/2481 222/292/2478
f 225/296/2481 224/295/2480 222/292/2478
f 220/289/2476 226/297/2482 221/291/2477
f 227/298/2483 221/291/2477 226/297/2482
f 227/298/2483 225/296/2481 221/291/2477
f 228/299/2484 220/289/2476 219/290/2475
f 226/297/2482 220/289/2476 228/299/2484
f 228/299/2484 219/290/2475 218/300/2474
f 229/302/2485 218/300/2474 217/301/2473
f 229/302/2485 228/299/2484 218/300/2474
f 230/303/2486 217/286/2473 216/284/2472
f 229/302/2485 217/301/2473 230/304/2486
f 215/306/2471 231/305/2487 216/284/2472
f 231/305/2487 230/303/2486 216/284/2472
f 213/275/2469 232/307/2488 215/306/2471
f 232/307/2488 231/305/2487 215/306/2471
f 232/307/2488 213/275/2469 214/276/2470
f 214/310/2470 212/309/2468 233/308/2489
f 235/313/2491 234/312/2490 214/311/2470
f 234/312/2490 232/314/2488 214/311/2470
f 233/316/2489 236/315/2492 214/311/2470
f 214/311/2470 236/315/2492 235/313/2491
f 212/273/2468 211/272/2467 237/317/2493
f 212/309/2468 238/318/2494 233/308/2489
f 237/319/2493 238/318/2494 212/309/2468
f 237/317/2493 211/272/2467 210/271/2466
f 237/319/2493 239/320/2495 238/318/2494
f 210/271/2466 239/321/2495 237/317/2493
f 238/324/2494 241/323/2497 240/322/2496
f 238/327/2494 242/326/2498 241/325/2497
f 238/327/2494 239/328/2495 242/326/2498
f 244/330/2500 238/324/2494 243/329/2499
f 243/329/2499 238/324/2494 240/322/2496
f 244/330/2500 233/316/2489 238/324/2494
f 236/315/2492 233/316/2489 244/330/2500
f 245/331/2501 236/315/2492 244/330/2500
f 246/332/2502 236/315/2492 245/331/2501
f 236/315/2492 246/332/2502 235/313/2491
f 235/313/2491 246/332/2502 247/333/2503
f 234/312/2490 231/334/2487 232/314/2488
f 248/335/2504 231/334/2487 234/312/2490
f 235/313/2491 248/335/2504 234/312/2490
f 248/335/2504 230/336/2486 231/334/2487
f 249/337/2505 230/336/2486 248/335/2504
f 229/302/2485 230/304/2486 249/338/2505
f 250/339/2506 226/297/2482 228/299/2484
f 228/299/2484 229/302/2485 249/338/2505
f 247/333/2503 249/337/2505 248/335/2504
f 247/333/2503 248/335/2504 235/313/2491
f 251/340/2507 246/332/2502 245/331/2501
f 245/331/2501 244/330/2500 243/329/2499
f 240/322/2496 252/341/2508 243/329/2499
f 252/341/2508 245/331/2501 243/329/2499
f 252/341/2508 240/322/2496 241/323/2497
f 253/342/2509 252/341/2508 241/323/2497
f 254/343/2510 252/341/2508 253/342/2509
f 245/331/2501 252/341/2508 254/343/2510
f 255/344/2511 245/331/2501 254/343/2510
f 256/345/2512 246/332/2502 251/340/2507
f 257/346/2513 246/332/2502 256/345/2512
f 246/332/2502 257/346/2513 258/347/2514
f 247/333/2503 246/332/2502 258/347/2514
f 259/348/2515 249/337/2505 247/333/2503
f 228/299/2484 249/338/2505 250/339/2506
f 249/338/2505 259/349/2515 250/339/2506
f 250/339/2506 259/349/2515 260/350/2516
f 261/351/2517 247/333/2503 258/347/2514
f 261/351/2517 259/348/2515 247/333/2503
f 262/352/2518 258/347/2514 257/346/2513
f 263/353/2519 257/346/2513 256/345/2512
f 262/352/2518 257/346/2513 263/353/2519
f 263/353/2519 256/345/2512 264/354/2520
f 264/354/2520 256/345/2512 251/340/2507
f 251/340/2507 245/331/2501 255/344/2511
f 265/355/2521 251/340/2507 255/344/2511
f 264/354/2520 251/340/2507 265/355/2521
f 255/344/2511 254/343/2510 266/356/2522
f 267/357/2523 255/344/2511 266/356/2522
f 254/343/2510 253/342/2509 268/358/2524
f 266/356/2522 254/343/2510 268/358/2524
f 265/355/2521 255/344/2511 267/357/2523
f 270/360/2526 265/355/2521 269/359/2525
f 269/359/2525 265/355/2521 267/357/2523
f 270/360/2526 264/354/2520 265/355/2521
f 271/361/2527 263/353/2519 264/354/2520
f 272/362/2528 263/353/2519 271/361/2527
f 272/362/2528 262/352/2518 263/353/2519
f 273/363/2529 262/352/2518 272/362/2528
f 273/363/2529 258/347/2514 262/352/2518
f 274/364/2530 258/347/2514 273/363/2529
f 258/347/2514 274/364/2530 261/351/2517
f 275/365/2531 259/348/2515 261/351/2517
f 276/366/2532 275/365/2531 261/351/2517
f 259/349/2515 275/367/2531 260/350/2516
f 277/368/2533 275/365/2531 276/366/2532
f 260/350/2516 275/367/2531 278/369/2534
f 275/367/2531 277/370/2533 278/369/2534
f 279/371/2535 276/366/2532 261/351/2517
f 280/372/2536 276/366/2532 279/371/2535
f 276/366/2532 280/372/2536 277/368/2533
f 261/351/2517 274/364/2530 279/371/2535
f 281/373/2537 274/364/2530 273/363/2529
f 282/374/2538 274/364/2530 281/373/2537
f 274/364/2530 282/374/2538 283/375/2539
f 279/371/2535 274/364/2530 283/375/2539
f 284/376/2540 273/363/2529 272/362/2528
f 281/373/2537 273/363/2529 284/376/2540
f 284/376/2540 272/362/2528 285/377/2541
f 285/377/2541 272/362/2528 271/361/2527
f 264/354/2520 286/378/2542 271/361/2527
f 271/361/2527 286/378/2542 285/377/2541
f 286/378/2542 264/354/2520 270/360/2526
f 287/379/2543 270/360/2526 269/359/2525
f 288/380/2544 286/378/2542 270/360/2526
f 288/380/2544 270/360/2526 287/379/2543
f 267/357/2523 289/381/2545 269/359/2525
f 289/381/2545 290/382/2546 269/359/2525
f 287/379/2543 269/359/2525 290/382/2546
f 267/357/2523 291/383/2547 289/381/2545
f 267/357/2523 266/356/2522 291/383/2547
f 289/381/2545 291/383/2547 292/384/2548
f 290/382/2546 289/381/2545 292/384/2548
f 293/385/2549 290/382/2546 292/384/2548
f 294/386/2550 290/382/2546 293/385/2549
f 295/387/2551 290/382/2546 294/386/2550
f 287/379/2543 290/382/2546 295/387/2551
f 295/387/2551 288/380/2544 287/379/2543
f 296/388/2552 288/380/2544 295/387/2551
f 296/388/2552 286/378/2542 288/380/2544
f 298/391/2554 297/390/2553 286/389/2542
f 296/392/2552 298/391/2554 286/389/2542
f 286/389/2542 297/390/2553 285/393/2541
f 299/394/2555 285/393/2541 297/390/2553
f 284/395/2540 285/393/2541 299/394/2555
f 284/395/2540 299/394/2555 300/396/2556
f 284/395/2540 300/396/2556 281/397/2537
f 300/396/2556 301/398/2557 281/397/2537
f 281/397/2537 301/398/2557 282/399/2538
f 301/398/2557 302/400/2558 282/399/2538
f 282/403/2538 302/402/2558 283/401/2539
f 279/371/2535 283/375/2539 280/372/2536
f 302/402/2558 303/404/2559 283/401/2539
f 304/405/2560 280/372/2536 283/375/2539
f 283/401/2539 303/404/2559 304/406/2560
f 280/372/2536 305/407/2561 277/368/2533
f 305/407/2561 280/372/2536 304/405/2560
f 305/408/2561 278/369/2534 277/370/2533
f 305/407/2561 304/405/2560 306/409/2562
f 305/408/2561 306/410/2562 278/369/2534
f 303/404/2559 307/411/2563 304/406/2560
f 304/414/2560 308/413/2564 306/412/2562
f 304/406/2560 307/411/2563 308/415/2564
f 303/404/2559 302/402/2558 309/416/2565
f 307/411/2563 303/404/2559 309/416/2565
f 302/402/2558 301/418/2557 310/417/2566
f 309/416/2565 302/402/2558 310/417/2566
f 301/418/2557 300/419/2556 310/417/2566
f 300/419/2556 299/421/2555 311/420/2567
f 300/419/2556 311/420/2567 312/422/2568
f 310/417/2566 300/419/2556 312/422/2568
f 313/423/2569 299/394/2555 297/390/2553
f 299/421/2555 313/424/2569 311/420/2567
f 298/391/2554 313/423/2569 297/390/2553
f 296/392/2552 314/425/2570 298/391/2554
f 298/391/2554 314/425/2570 315/426/2571
f 315/426/2571 316/427/2572 298/391/2554
f 316/427/2572 313/423/2569 298/391/2554
f 314/428/2570 296/388/2552 295/387/2551
f 294/386/2550 314/428/2570 295/387/2551
f 293/385/2549 317/429/2573 294/386/2550
f 317/429/2573 314/428/2570 294/386/2550
f 314/425/2570 317/430/2573 315/426/2571
f 318/433/2574 316/432/2572 315/431/2571
f 316/432/2572 318/433/2574 319/434/2575
f 320/435/2576 316/432/2572 319/434/2575
f 313/424/2569 316/432/2572 320/435/2576
f 311/420/2567 313/424/2569 320/435/2576
f 311/420/2567 320/435/2576 312/422/2568
f 310/417/2566 312/422/2568 321/436/2577
f 322/437/2578 310/417/2566 321/436/2577
f 309/416/2565 310/417/2566 322/437/2578
f 323/438/2579 309/416/2565 322/437/2578
f 324/439/2580 307/411/2563 309/416/2565
f 324/439/2580 309/416/2565 323/438/2579
f 307/411/2563 325/440/2581 308/415/2564
f 325/440/2581 307/411/2563 324/439/2580
f 308/413/2564 326/441/2582 306/412/2562
f 327/442/2583 326/441/2582 308/413/2564
f 308/415/2564 325/440/2581 327/443/2583
f 325/440/2581 328/444/2584 327/443/2583
f 329/445/2585 325/440/2581 324/439/2580
f 328/444/2584 325/440/2581 329/445/2585
f 330/446/2586 324/439/2580 323/438/2579
f 329/445/2585 324/439/2580 330/446/2586
f 312/422/2568 320/435/2576 331/447/2587
f 312/422/2568 331/447/2587 321/436/2577
f 320/435/2576 319/434/2575 331/447/2587
f 333/449/2589 321/436/2577 332/448/2588
f 334/450/2590 321/436/2577 333/449/2589
f 322/437/2578 321/436/2577 334/450/2590
f 335/451/2591 322/437/2578 334/450/2590
f 323/438/2579 322/437/2578 335/451/2591
f 336/452/2592 329/445/2585 330/446/2586
f 336/452/2592 330/446/2586 337/453/2593
f 338/454/2594 328/444/2584 329/445/2585
f 338/454/2594 329/445/2585 336/452/2592
f 339/455/2595 338/454/2594 336/452/2592
f 340/456/2596 336/452/2592 337/453/2593
f 339/455/2595 336/452/2592 340/456/2596
f 341/457/2597 337/453/2593 330/446/2586
f 340/456/2596 337/453/2593 341/457/2597
f 341/457/2597 330/446/2586 342/458/2598
f 335/451/2591 334/450/2590 343/459/2599
f 334/450/2590 333/449/2589 344/460/2600
f 343/459/2599 334/450/2590 344/460/2600
f 333/449/2589 332/448/2588 345/461/2601
f 344/460/2600 333/449/2589 345/461/2601
f 332/448/2588 321/436/2577 346/462/2602
f 332/448/2588 346/462/2602 347/463/2603
f 345/461/2601 332/448/2588 347/463/2603
f 321/436/2577 331/447/2587 348/464/2604
f 321/436/2577 348/464/2604 346/462/2602
f 347/463/2603 346/462/2602 349/465/2605
f 351/468/2607 347/467/2603 350/466/2606
f 347/467/2603 349/469/2605 350/466/2606
f 345/470/2601 347/467/2603 351/468/2607
f 352/471/2608 345/470/2601 351/468/2607
f 344/472/2600 345/470/2601 352/471/2608
f 353/473/2609 344/472/2600 352/471/2608
f 344/460/2600 354/474/2610 343/459/2599
f 353/473/2609 354/475/2610 344/472/2600
f 355/476/2611 343/459/2599 354/474/2610
f 335/451/2591 343/459/2599 355/476/2611
f 323/438/2579 335/451/2591 355/476/2611
f 342/458/2598 330/446/2586 323/438/2579
f 356/477/2612 341/457/2597 342/458/2598
f 356/477/2612 342/458/2598 357/478/2613
f 358/479/2614 340/456/2596 341/457/2597
f 358/479/2614 341/457/2597 356/477/2612
f 356/477/2612 359/480/2615 358/479/2614
f 357/478/2613 360/481/2616 356/477/2612
f 360/481/2616 359/480/2615 356/477/2612
f 357/478/2613 342/458/2598 361/482/2617
f 361/482/2617 362/483/2618 357/478/2613
f 362/483/2618 360/481/2616 357/478/2613
f 342/458/2598 323/438/2579 363/484/2619
f 323/438/2579 355/476/2611 364/485/2620
f 363/484/2619 323/438/2579 364/485/2620
f 354/488/2610 365/487/2621 355/486/2611
f 364/485/2620 355/476/2611 365/489/2621
f 353/473/2609 366/490/2622 354/475/2610
f 354/493/2610 366/492/2622 367/491/2623
f 367/491/2623 365/494/2621 354/493/2610
f 353/473/2609 352/471/2608 368/495/2624
f 369/496/2625 353/473/2609 368/495/2624
f 353/473/2609 369/496/2625 366/490/2622
f 368/495/2624 352/471/2608 351/468/2607
f 350/466/2606 370/497/2626 351/468/2607
f 371/498/2627 368/495/2624 351/468/2607
f 371/498/2627 351/468/2607 370/497/2626
f 368/495/2624 371/498/2627 372/499/2628
f 368/495/2624 372/499/2628 373/500/2629
f 369/496/2625 368/495/2624 373/500/2629
f 369/496/2625 373/500/2629 374/501/2630
f 367/491/2623 366/492/2622 369/502/2625
f 367/491/2623 369/502/2625 374/503/2630
f 367/491/2623 374/503/2630 375/504/2631
f 367/507/2623 375/506/2631 376/505/2632
f 367/491/2623 376/508/2632 365/494/2621
f 377/510/2633 365/509/2621 376/505/2632
f 364/485/2620 365/489/2621 377/511/2633
f 378/512/2634 342/458/2598 363/484/2619
f 379/513/2635 342/458/2598 378/512/2634
f 361/482/2617 342/458/2598 379/513/2635
f 379/513/2635 362/483/2618 361/482/2617
f 360/516/2616 362/515/2618 380/514/2636
f 380/519/2636 362/518/2618 381/517/2637
f 381/517/2637 362/518/2618 382/520/2638
f 362/518/2618 383/521/2639 382/520/2638
f 383/524/2639 362/523/2618 379/522/2635
f 379/513/2635 378/512/2634 384/525/2640
f 384/526/2640 383/524/2639 379/522/2635
f 385/527/2641 377/510/2633 376/505/2632
f 386/528/2642 377/510/2633 385/527/2641
f 364/485/2620 377/511/2633 386/529/2642
f 375/506/2631 387/530/2643 376/505/2632
f 376/505/2632 387/530/2643 385/527/2641
f 375/504/2631 374/503/2630 388/531/2644
f 387/530/2643 375/506/2631 388/532/2644
f 374/535/2630 390/534/2646 389/533/2645
f 373/536/2629 390/534/2646 374/535/2630
f 389/537/2645 388/531/2644 374/503/2630
f 373/536/2629 372/538/2628 390/534/2646
f 371/498/2627 370/497/2626 372/499/2628
f 372/538/2628 392/540/2648 391/539/2647
f 372/538/2628 370/541/2626 392/540/2648
f 390/534/2646 372/538/2628 391/539/2647
f 390/534/2646 391/539/2647 393/542/2649
f 390/534/2646 393/542/2649 394/543/2650
f 389/533/2645 390/534/2646 394/543/2650
f 394/543/2650 395/544/2651 389/533/2645
f 395/545/2651 388/531/2644 389/537/2645
f 388/532/2644 395/546/2651 387/530/2643
f 396/547/2652 385/527/2641 387/530/2643
f 398/549/2654 397/548/2653 385/527/2641
f 396/547/2652 398/549/2654 385/527/2641
f 397/548/2653 386/528/2642 385/527/2641
f 399/550/2655 386/528/2642 397/548/2653
f 400/552/2656 386/529/2642 399/551/2655
f 364/485/2620 386/529/2642 400/552/2656
f 363/484/2619 364/485/2620 400/552/2656
f 384/525/2640 378/512/2634 401/553/2657
f 401/555/2657 402/554/2658 384/526/2640
f 402/554/2658 383/524/2639 384/526/2640
f 401/553/2657 378/512/2634 403/556/2659
f 403/556/2659 404/557/2660 401/553/2657
f 404/558/2660 402/554/2658 401/555/2657
f 378/512/2634 363/484/2619 405/559/2661
f 403/556/2659 378/512/2634 405/559/2661
f 399/551/2655 406/560/2662 400/552/2656
f 363/484/2619 400/552/2656 406/560/2662
f 407/561/2663 399/550/2655 397/548/2653
f 399/550/2655 407/561/2663 408/562/2664
f 408/565/2664 406/564/2662 399/563/2655
f 397/548/2653 398/549/2654 407/561/2663
f 409/566/2665 398/549/2654 396/547/2652
f 398/549/2654 409/566/2665 410/567/2666
f 398/549/2654 410/567/2666 407/561/2663
f 396/547/2652 387/530/2643 409/566/2665
f 395/546/2651 409/566/2665 387/530/2643
f 411/568/2667 395/544/2651 394/543/2650
f 395/546/2651 411/570/2667 412/569/2668
f 395/546/2651 412/569/2668 409/566/2665
f 409/566/2665 414/572/2670 413/571/2669
f 409/566/2665 413/571/2669 410/567/2666
f 410/567/2666 413/571/2669 415/573/2671
f 415/573/2671 407/561/2663 410/567/2666
f 416/574/2672 407/561/2663 415/573/2671
f 416/574/2672 408/562/2664 407/561/2663
f 408/562/2664 416/574/2672 417/575/2673
f 408/565/2664 417/576/2673 406/564/2662
f 418/578/2674 406/560/2662 417/577/2673
f 363/484/2619 406/560/2662 418/578/2674
f 403/556/2659 405/559/2661 419/579/2675
f 419/579/2675 420/580/2676 403/556/2659
f 420/580/2676 404/557/2660 403/556/2659
f 419/579/2675 405/559/2661 33/38/2289
f 33/38/2289 31/39/2287 419/579/2675
f 31/39/2287 420/580/2676 419/579/2675
f 33/38/2289 405/559/2661 20/24/2276
f 405/559/2661 363/484/2619 35/41/2291
f 20/24/2276 405/559/2661 35/41/2291
f 421/581/2677 418/578/2674 417/577/2673
f 416/574/2672 422/582/2678 417/575/2673
f 417/585/2673 422/584/2678 421/583/2677
f 422/582/2678 416/574/2672 415/573/2671
f 413/571/2669 423/586/2679 415/573/2671
f 415/573/2671 423/586/2679 424/587/2680
f 424/587/2680 422/582/2678 415/573/2671
f 414/572/2670 425/588/2681 413/571/2669
f 413/571/2669 425/588/2681 423/586/2679
f 412/569/2668 414/572/2670 409/566/2665
f 411/570/2667 426/589/2682 412/569/2668
f 426/589/2682 414/572/2670 412/569/2668
f 427/590/2683 414/572/2670 426/589/2682
f 414/572/2670 427/590/2683 425/588/2681
f 425/588/2681 428/591/2684 423/586/2679
f 423/586/2679 428/591/2684 429/592/2685
f 423/586/2679 429/592/2685 424/587/2680
f 424/587/2680 429/592/2685 430/593/2686
f 430/593/2686 431/594/2687 424/587/2680
f 431/594/2687 422/582/2678 424/587/2680
f 422/584/2678 431/595/2687 421/583/2677
f 421/583/2677 431/595/2687 432/596/2688
f 432/597/2688 418/578/2674 421/581/2677
f 433/598/2689 418/578/2674 432/597/2688
f 34/40/2290 418/578/2674 433/598/2689
f 363/484/2619 418/578/2674 34/40/2290
f 35/41/2291 363/484/2619 34/40/2290
f 434/599/2690 433/598/2689 432/597/2688
f 435/600/2691 433/598/2689 434/599/2690
f 34/40/2290 433/598/2689 435/600/2691
f 431/595/2687 436/601/2692 432/596/2688
f 432/596/2688 436/601/2692 434/602/2690
f 436/603/2692 431/594/2687 430/593/2686
f 429/592/2685 437/604/2693 430/593/2686
f 430/593/2686 437/604/2693 438/605/2694
f 438/605/2694 436/603/2692 430/593/2686
f 425/588/2681 427/590/2683 428/591/2684
f 439/606/2695 427/590/2683 426/589/2682
f 426/589/2682 440/607/2696 439/606/2695
f 441/608/2697 440/607/2696 426/589/2682
f 411/570/2667 441/608/2697 426/589/2682
f 439/606/2695 440/607/2696 442/609/2698
f 444/611/2700 443/610/2699 439/606/2695
f 442/609/2698 444/611/2700 439/606/2695
f 439/606/2695 443/610/2699 445/612/2701
f 439/606/2695 445/612/2701 427/590/2683
f 427/590/2683 445/612/2701 446/613/2702
f 427/590/2683 446/613/2702 428/591/2684
f 428/591/2684 446/613/2702 447/614/2703
f 428/591/2684 447/614/2703 429/592/2685
f 429/592/2685 447/614/2703 448/615/2704
f 429/592/2685 448/615/2704 437/604/2693
f 437/604/2693 448/615/2704 449/616/2705
f 437/604/2693 449/616/2705 438/605/2694
f 438/605/2694 449/616/2705 450/617/2706
f 450/617/2706 451/618/2707 438/605/2694
f 451/618/2707 436/603/2692 438/605/2694
f 436/601/2692 451/619/2707 434/602/2690
f 434/602/2690 451/619/2707 452/620/2708
f 452/621/2708 435/600/2691 434/599/2690
f 453/622/2709 435/600/2691 452/621/2708
f 454/623/2710 435/600/2691 453/622/2709
f 34/40/2290 435/600/2691 454/623/2710
f 451/619/2707 455/624/2711 452/620/2708
f 452/620/2708 455/624/2711 456/625/2712
f 456/625/2712 453/626/2709 452/620/2708
f 455/627/2711 451/618/2707 450/617/2706
f 449/616/2705 457/628/2713 450/617/2706
f 450/617/2706 457/628/2713 458/629/2714
f 458/629/2714 455/627/2711 450/617/2706
f 448/615/2704 459/630/2715 449/616/2705
f 449/616/2705 459/630/2715 457/628/2713
f 447/614/2703 460/631/2716 448/615/2704
f 448/615/2704 460/631/2716 459/630/2715
f 443/610/2699 461/632/2717 445/612/2701
f 445/612/2701 461/632/2717 446/613/2702
f 444/611/2700 143/633/2399 443/610/2699
f 143/633/2399 142/634/2398 443/610/2699
f 443/610/2699 142/634/2398 461/632/2717
f 444/611/2700 160/209/2416 143/633/2399
f 444/611/2700 163/208/2419 160/209/2416
f 442/609/2698 163/208/2419 444/611/2700
f 163/208/2419 442/609/2698 440/607/2696
f 163/208/2419 440/607/2696 441/608/2697
f 162/635/2418 163/208/2419 441/608/2697
f 162/206/2418 462/636/2718 187/240/2443
f 462/636/2718 162/206/2418 441/637/2697
f 187/240/2443 462/636/2718 463/638/2719
f 464/639/2720 463/638/2719 462/636/2718
f 464/639/2720 462/636/2718 441/637/2697
f 187/240/2443 465/640/2721 186/239/2442
f 466/641/2722 465/640/2721 187/240/2443
f 463/638/2719 466/641/2722 187/240/2443
f 441/637/2697 411/568/2667 464/639/2720
f 467/642/2723 464/639/2720 394/543/2650
f 466/641/2722 464/639/2720 467/642/2723
f 466/641/2722 463/638/2719 464/639/2720
f 464/639/2720 411/568/2667 394/543/2650
f 466/641/2722 468/643/2724 465/640/2721
f 469/644/2725 468/643/2724 466/641/2722
f 186/239/2442 465/640/2721 470/645/2726
f 465/640/2721 471/646/2727 470/645/2726
f 468/643/2724 471/646/2727 465/640/2721
f 186/238/2442 470/647/2726 189/242/2445
f 470/647/2726 473/649/2729 472/648/2728
f 189/242/2445 470/647/2726 472/648/2728
f 470/645/2726 471/646/2727 473/650/2729
f 471/646/2727 474/651/2730 473/650/2729
f 475/652/2731 474/651/2730 471/646/2727
f 468/643/2724 475/652/2731 471/646/2727
f 466/641/2722 467/642/2723 469/644/2725
f 393/542/2649 469/644/2725 467/642/2723
f 393/542/2649 467/642/2723 394/543/2650
f 393/542/2649 476/653/2732 469/644/2725
f 476/653/2732 468/643/2724 469/644/2725
f 468/643/2724 477/654/2733 475/652/2731
f 478/655/2734 477/654/2733 468/643/2724
f 476/653/2732 478/655/2734 468/643/2724
f 475/652/2731 479/656/2735 474/651/2730
f 477/654/2733 479/656/2735 475/652/2731
f 473/650/2729 474/651/2730 480/657/2736
f 474/651/2730 481/658/2737 480/657/2736
f 479/656/2735 481/658/2737 474/651/2730
f 473/649/2729 480/660/2736 482/659/2738
f 472/648/2728 473/649/2729 482/659/2738
f 472/648/2728 482/659/2738 483/661/2739
f 484/662/2740 472/648/2728 483/661/2739
f 189/242/2445 472/648/2728 484/662/2740
f 188/241/2444 189/242/2445 484/662/2740
f 484/662/2740 483/661/2739 485/663/2741
f 486/664/2742 484/662/2740 485/663/2741
f 190/243/2446 188/241/2444 484/662/2740
f 487/665/2743 190/243/2446 484/662/2740
f 487/665/2743 484/662/2740 486/664/2742
f 485/663/2741 483/661/2739 488/666/2744
f 483/661/2739 482/659/2738 488/666/2744
f 482/659/2738 489/667/2745 488/666/2744
f 482/659/2738 480/660/2736 489/667/2745
f 480/660/2736 490/668/2746 489/667/2745
f 480/657/2736 481/658/2737 490/669/2746
f 481/658/2737 491/670/2747 490/669/2746
f 492/671/2748 491/670/2747 481/658/2737
f 479/656/2735 492/671/2748 481/658/2737
f 493/672/2749 492/671/2748 479/656/2735
f 477/654/2733 493/672/2749 479/656/2735
f 478/655/2734 493/672/2749 477/654/2733
f 495/674/2751 494/673/2750 478/655/2734
f 478/655/2734 476/653/2732 495/674/2751
f 497/676/2753 496/675/2752 494/673/2750
f 494/673/2750 495/674/2751 497/676/2753
f 492/671/2748 498/677/2754 491/670/2747
f 493/672/2749 498/677/2754 492/671/2748
f 490/669/2746 491/670/2747 499/678/2755
f 491/670/2747 500/679/2756 499/678/2755
f 498/677/2754 500/679/2756 491/670/2747
f 490/668/2746 499/681/2755 501/680/2757
f 489/667/2745 490/668/2746 501/680/2757
f 489/667/2745 501/680/2757 502/682/2758
f 488/666/2744 489/667/2745 502/682/2758
f 488/666/2744 502/682/2758 503/683/2759
f 488/666/2744 503/683/2759 504/684/2760
f 505/685/2761 488/666/2744 504/684/2760
f 485/663/2741 488/666/2744 505/685/2761
f 507/687/2763 506/686/2762 503/683/2759
f 503/683/2759 506/686/2762 504/684/2760
f 503/683/2759 502/682/2758 508/688/2764
f 507/687/2763 503/683/2759 508/688/2764
f 502/682/2758 501/680/2757 508/688/2764
f 501/680/2757 509/689/2765 508/688/2764
f 501/680/2757 499/681/2755 509/689/2765
f 499/681/2755 510/690/2766 509/689/2765
f 499/678/2755 500/679/2756 510/691/2766
f 500/679/2756 511/692/2767 510/691/2766
f 512/693/2768 511/692/2767 500/679/2756
f 498/677/2754 512/693/2768 500/679/2756
f 513/694/2769 512/693/2768 498/677/2754
f 493/672/2749 513/694/2769 498/677/2754
f 514/695/2770 513/694/2769 493/672/2749
f 494/673/2750 514/695/2770 493/672/2749
f 494/673/2750 493/672/2749 478/655/2734
f 515/696/2771 513/694/2769 514/695/2770
f 516/697/2772 515/696/2771 514/695/2770
f 494/673/2750 516/697/2772 514/695/2770
f 512/693/2768 517/698/2773 511/692/2767
f 518/699/2774 512/693/2768 513/694/2769
f 518/699/2774 517/698/2773 512/693/2768
f 511/702/2767 519/701/2775 510/700/2766
f 517/703/2773 519/701/2775 511/702/2767
f 510/690/2766 520/704/2776 509/689/2765
f 519/701/2775 520/705/2776 510/700/2766
f 509/689/2765 520/704/2776 521/706/2777
f 508/688/2764 509/689/2765 521/706/2777
f 508/688/2764 521/706/2777 522/707/2778
f 523/708/2779 508/688/2764 522/707/2778
f 507/687/2763 508/688/2764 523/708/2779
f 525/710/2781 506/686/2762 524/709/2780
f 524/709/2780 506/686/2762 507/687/2763
f 525/710/2781 504/684/2760 506/686/2762
f 507/687/2763 526/711/2782 524/709/2780
f 527/712/2783 526/711/2782 507/687/2763
f 523/708/2779 527/712/2783 507/687/2763
f 523/708/2779 522/707/2778 527/712/2783
f 529/714/2785 522/707/2778 528/713/2784
f 522/707/2778 521/706/2777 528/713/2784
f 522/707/2778 529/714/2785 527/712/2783
f 520/704/2776 530/715/2786 521/706/2777
f 520/718/2776 531/717/2787 530/716/2786
f 519/719/2775 531/717/2787 520/718/2776
f 519/721/2775 517/698/2773 531/720/2787
f 531/720/2787 517/698/2773 518/699/2774
f 513/694/2769 532/722/2788 518/699/2774
f 533/723/2789 532/722/2788 513/694/2769
f 534/724/2790 513/694/2769 515/696/2771
f 534/724/2790 533/723/2789 513/694/2769
f 535/725/2791 534/724/2790 515/696/2771
f 516/697/2772 535/725/2791 515/696/2771
f 536/726/2792 535/725/2791 516/697/2772
f 537/727/2793 536/726/2792 516/697/2772
f 535/725/2791 538/728/2794 534/724/2790
f 539/729/2795 538/728/2794 535/725/2791
f 536/726/2792 539/729/2795 535/725/2791
f 534/724/2790 538/728/2794 540/730/2796
f 534/724/2790 540/730/2796 533/723/2789
f 532/722/2788 533/723/2789 541/731/2797
f 541/731/2797 533/723/2789 540/730/2796
f 532/722/2788 541/731/2797 518/699/2774
f 518/699/2774 542/732/2798 531/720/2787
f 541/731/2797 542/732/2798 518/699/2774
f 531/717/2787 543/733/2799 530/716/2786
f 542/732/2798 543/734/2799 531/720/2787
f 530/715/2786 545/736/2801 544/735/2800
f 521/706/2777 530/715/2786 544/735/2800
f 530/716/2786 543/733/2799 545/737/2801
f 521/706/2777 544/735/2800 546/738/2802
f 528/713/2784 521/706/2777 546/738/2802
f 544/735/2800 548/740/2804 547/739/2803
f 546/738/2802 544/735/2800 547/739/2803
f 544/735/2800 545/736/2801 548/740/2804
f 545/736/2801 549/741/2805 548/740/2804
f 545/737/2801 550/743/2806 549/742/2805
f 543/733/2799 550/743/2806 545/737/2801
f 551/745/2807 550/744/2806 543/734/2799
f 542/732/2798 551/745/2807 543/734/2799
f 552/746/2808 551/745/2807 542/732/2798
f 541/731/2797 552/746/2808 542/732/2798
f 552/746/2808 541/731/2797 540/730/2796
f 553/747/2809 540/730/2796 538/728/2794
f 539/729/2795 553/747/2809 538/728/2794
f 554/748/2810 553/747/2809 539/729/2795
f 555/749/2811 554/748/2810 539/729/2795
f 536/726/2792 556/750/2812 539/729/2795
f 556/750/2812 555/749/2811 539/729/2795
f 537/727/2793 557/751/2813 536/726/2792
f 557/751/2813 556/750/2812 536/726/2792
f 555/754/2811 556/753/2812 558/752/2814
f 558/752/2814 556/753/2812 559/755/2815
f 556/753/2812 557/756/2813 559/755/2815
f 555/754/2811 558/752/2814 560/757/2816
f 555/749/2811 560/758/2816 554/748/2810
f 560/758/2816 561/759/2817 554/748/2810
f 554/748/2810 561/759/2817 553/747/2809
f 561/759/2817 562/760/2818 553/747/2809
f 540/730/2796 553/747/2809 552/746/2808
f 550/743/2806 563/761/2819 549/742/2805
f 551/745/2807 563/762/2819 550/744/2806
f 549/741/2805 565/764/2821 564/763/2820
f 548/740/2804 549/741/2805 564/763/2820
f 549/742/2805 566/766/2822 565/765/2821
f 563/761/2819 566/766/2822 549/742/2805
f 548/740/2804 564/763/2820 567/767/2823
f 547/739/2803 548/740/2804 567/767/2823
f 565/764/2821 568/768/2824 564/763/2820
f 566/766/2822 568/769/2824 565/765/2821
f 569/770/2825 568/769/2824 566/766/2822
f 570/773/2826 569/772/2825 566/771/2822
f 563/762/2819 571/774/2827 566/771/2822
f 571/774/2827 570/773/2826 566/771/2822
f 551/745/2807 571/774/2827 563/762/2819
f 551/745/2807 552/746/2808 572/775/2828
f 573/776/2829 572/775/2828 552/746/2808
f 553/747/2809 573/776/2829 552/746/2808
f 562/760/2818 573/776/2829 553/747/2809
f 560/758/2816 574/777/2830 561/759/2817
f 575/779/2831 574/778/2830 560/757/2816
f 576/780/2832 575/779/2831 560/757/2816
f 558/752/2814 576/780/2832 560/757/2816
f 561/759/2817 577/781/2833 562/760/2818
f 578/782/2834 577/781/2833 561/759/2817
f 574/777/2830 578/782/2834 561/759/2817
f 562/760/2818 579/783/2835 573/776/2829
f 577/781/2833 579/783/2835 562/760/2818
f 573/776/2829 580/784/2836 572/775/2828
f 579/783/2835 580/784/2836 573/776/2829
f 570/773/2826 571/774/2827 551/745/2807
f 581/785/2837 570/773/2826 551/745/2807
f 581/785/2837 569/772/2825 570/773/2826
f 569/770/2825 582/786/2838 568/769/2824
f 581/785/2837 582/787/2838 569/772/2825
f 568/768/2824 584/789/2840 583/788/2839
f 564/763/2820 568/768/2824 583/788/2839
f 568/769/2824 582/786/2838 584/790/2840
f 564/763/2820 583/788/2839 585/791/2841
f 567/767/2823 564/763/2820 585/791/2841
f 567/767/2823 585/791/2841 586/792/2842
f 587/793/2843 567/767/2823 586/792/2842
f 586/792/2842 585/791/2841 588/794/2844
f 584/789/2840 589/795/2845 583/788/2839
f 584/798/2840 590/797/2846 589/796/2845
f 582/787/2838 590/797/2846 584/798/2840
f 591/799/2847 590/797/2846 582/787/2838
f 581/785/2837 591/799/2847 582/787/2838
f 551/745/2807 572/775/2828 581/785/2837
f 581/785/2837 572/775/2828 580/784/2836
f 580/784/2836 592/800/2848 591/799/2847
f 581/785/2837 580/784/2836 591/799/2847
f 579/783/2835 593/801/2849 580/784/2836
f 594/802/2850 593/801/2849 579/783/2835
f 577/781/2833 594/802/2850 579/783/2835
f 595/803/2851 594/802/2850 577/781/2833
f 578/782/2834 595/803/2851 577/781/2833
f 594/802/2850 596/804/2852 593/801/2849
f 597/805/2853 596/804/2852 594/802/2850
f 595/803/2851 597/805/2853 594/802/2850
f 593/801/2849 592/800/2848 580/784/2836
f 592/800/2848 598/806/2854 591/799/2847
f 591/799/2847 599/807/2855 590/797/2846
f 598/806/2854 599/807/2855 591/799/2847
f 590/797/2846 600/808/2856 589/796/2845
f 599/807/2855 600/808/2856 590/797/2846
f 589/795/2845 602/810/2858 601/809/2857
f 583/788/2839 589/795/2845 601/809/2857
f 589/796/2845 600/808/2856 602/811/2858
f 583/788/2839 601/809/2857 603/812/2859
f 585/791/2841 583/788/2839 603/812/2859
f 585/791/2841 603/812/2859 604/813/2860
f 588/794/2844 585/791/2841 604/813/2860
f 604/813/2860 605/814/2861 588/794/2844
f 586/792/2842 588/794/2844 605/814/2861
f 606/815/2862 586/792/2842 605/814/2861
f 587/793/2843 586/792/2842 606/815/2862
f 608/818/2864 605/817/2861 607/816/2863
f 609/821/2865 605/820/2861 604/819/2860
f 609/822/2865 607/816/2863 605/817/2861
f 605/817/2861 608/818/2864 606/823/2862
f 611/825/2867 610/824/2866 604/819/2860
f 610/824/2866 609/821/2865 604/819/2860
f 604/813/2860 603/812/2859 611/826/2867
f 603/812/2859 612/827/2868 611/826/2867
f 603/812/2859 601/809/2857 612/827/2868
f 601/809/2857 613/828/2869 612/827/2868
f 601/809/2857 602/810/2858 613/828/2869
f 602/831/2858 614/830/2870 613/829/2869
f 602/811/2858 615/833/2871 614/832/2870
f 600/808/2856 615/833/2871 602/811/2858
f 616/834/2872 615/833/2871 600/808/2856
f 599/807/2855 616/834/2872 600/808/2856
f 617/835/2873 616/834/2872 599/807/2855
f 598/806/2854 617/835/2873 599/807/2855
f 592/800/2848 617/835/2873 598/806/2854
f 618/836/2874 617/835/2873 592/800/2848
f 593/801/2849 618/836/2874 592/800/2848
f 619/837/2875 618/836/2874 593/801/2849
f 596/804/2852 619/837/2875 593/801/2849
f 620/838/2876 619/837/2875 596/804/2852
f 597/805/2853 620/838/2876 596/804/2852
f 621/839/2877 620/838/2876 597/805/2853
f 621/839/2877 597/805/2853 595/803/2851
f 620/838/2876 622/840/2878 619/837/2875
f 620/838/2876 623/841/2879 622/840/2878
f 624/844/2880 620/843/2876 621/842/2877
f 624/844/2880 623/845/2879 620/843/2876
f 619/837/2875 625/846/2881 618/836/2874
f 622/840/2878 625/846/2881 619/837/2875
f 618/836/2874 626/847/2882 617/835/2873
f 625/846/2881 626/847/2882 618/836/2874
f 617/835/2873 627/848/2883 616/834/2872
f 626/847/2882 627/848/2883 617/835/2873
f 616/834/2872 628/849/2884 615/833/2871
f 627/848/2883 628/849/2884 616/834/2872
f 615/833/2871 629/850/2885 614/832/2870
f 628/849/2884 629/850/2885 615/833/2871
f 613/829/2869 614/830/2870 630/851/2886
f 629/850/2885 630/852/2886 614/832/2870
f 612/854/2868 613/829/2869 631/853/2887
f 631/853/2887 613/829/2869 630/851/2886
f 611/856/2867 612/854/2868 632/855/2888
f 632/855/2888 612/854/2868 631/853/2887
f 610/859/2866 611/858/2867 633/857/2889
f 633/857/2889 611/858/2867 632/860/2888
f 634/863/2890 610/862/2866 633/861/2889
f 609/864/2865 610/862/2866 634/863/2890
f 635/865/2891 609/864/2865 634/863/2890
f 607/866/2863 609/864/2865 635/865/2891
f 636/869/2892 634/868/2890 633/867/2889
f 637/870/2893 634/868/2890 636/869/2892
f 635/865/2891 634/863/2890 638/871/2894
f 634/863/2890 637/872/2893 638/871/2894
f 633/857/2889 632/860/2888 639/873/2895
f 636/874/2892 633/857/2889 639/873/2895
f 639/873/2895 632/860/2888 631/875/2887
f 640/876/2896 639/873/2895 631/875/2887
f 640/876/2896 631/875/2887 641/877/2897
f 631/880/2887 630/879/2886 642/878/2898
f 641/881/2897 631/880/2887 642/878/2898
f 642/882/2898 630/852/2886 629/850/2885
f 628/849/2884 642/882/2898 629/850/2885
f 627/848/2883 643/883/2899 628/849/2884
f 643/883/2899 642/882/2898 628/849/2884
f 626/847/2882 644/884/2900 627/848/2883
f 644/884/2900 643/883/2899 627/848/2883
f 625/846/2881 645/885/2901 626/847/2882
f 645/885/2901 644/884/2900 626/847/2882
f 622/840/2878 646/886/2902 625/846/2881
f 646/886/2902 645/885/2901 625/846/2881
f 647/887/2903 646/886/2902 622/840/2878
f 623/841/2879 647/887/2903 622/840/2878
f 645/885/2901 646/886/2902 648/888/2904
f 648/888/2904 646/886/2902 649/889/2905
f 647/887/2903 649/889/2905 646/886/2902
f 644/884/2900 645/885/2901 650/890/2906
f 650/890/2906 645/885/2901 648/888/2904
f 643/883/2899 644/884/2900 650/890/2906
f 642/878/2898 643/892/2899 650/891/2906
f 641/881/2897 642/878/2898 650/891/2906
f 636/874/2892 639/873/2895 651/893/2907
f 639/873/2895 640/876/2896 651/893/2907
f 638/871/2894 637/872/2893 652/894/2908
f 653/895/2909 635/865/2891 638/871/2894
f 652/894/2908 654/896/2910 638/871/2894
f 654/896/2910 653/895/2909 638/871/2894
f 607/866/2863 635/865/2891 653/895/2909
f 608/898/2864 653/895/2909 655/897/2911
f 607/866/2863 653/895/2909 608/898/2864
f 654/896/2910 655/897/2911 653/895/2909
f 656/899/2912 637/870/2893 636/869/2892
f 636/874/2892 651/893/2907 657/900/2913
f 656/901/2912 636/874/2892 657/900/2913
f 651/893/2907 640/876/2896 657/900/2913
f 658/902/2914 641/881/2897 650/891/2906
f 648/903/2904 658/902/2914 650/891/2906
f 649/904/2905 658/902/2914 648/903/2904
f 658/905/2914 640/876/2896 641/877/2897
f 640/876/2896 658/905/2914 659/906/2915
f 660/907/2916 656/901/2912 657/900/2913
f 661/908/2917 660/907/2916 657/900/2913
f 661/908/2917 657/900/2913 640/876/2896
f 660/909/2916 637/870/2893 656/899/2912
f 662/911/2918 637/872/2893 660/910/2916
f 637/872/2893 662/911/2918 652/894/2908
f 655/897/2911 654/896/2910 663/912/2919
f 654/896/2910 652/894/2908 663/912/2919
f 664/913/2920 608/898/2864 655/897/2911
f 665/914/2921 664/913/2920 655/897/2911
f 665/914/2921 655/897/2911 663/912/2919
f 608/818/2864 664/915/2920 606/823/2862
f 606/823/2862 664/915/2920 666/916/2922
f 664/919/2920 667/918/2923 666/917/2922
f 667/921/2923 664/913/2920 668/920/2924
f 668/920/2924 664/913/2920 665/914/2921
f 669/922/2925 665/914/2921 663/912/2919
f 670/923/2926 669/922/2925 663/912/2919
f 671/924/2927 663/912/2919 652/894/2908
f 672/925/2928 663/912/2919 671/924/2927
f 663/912/2919 672/925/2928 670/923/2926
f 673/926/2929 671/924/2927 652/894/2908
f 652/894/2908 662/911/2918 673/926/2929
f 674/927/2930 662/911/2918 660/910/2916
f 662/911/2918 674/927/2930 673/926/2929
f 661/908/2917 640/876/2896 659/906/2915
f 675/928/2931 661/908/2917 659/906/2915
f 661/908/2917 675/928/2931 660/907/2916
f 676/931/2932 674/930/2930 660/929/2916
f 660/907/2916 675/928/2931 676/932/2932
f 677/933/2933 674/930/2930 676/931/2932
f 673/926/2929 674/927/2930 678/934/2934
f 674/930/2930 677/933/2933 679/935/2935
f 678/936/2934 674/930/2930 679/935/2935
f 678/934/2934 680/937/2936 673/926/2929
f 680/937/2936 671/924/2927 673/926/2929
f 681/938/2937 672/925/2928 671/924/2927
f 669/922/2925 682/939/2938 665/914/2921
f 669/922/2925 670/923/2926 682/939/2938
f 665/914/2921 682/939/2938 668/920/2924
f 683/940/2939 682/939/2938 670/923/2926
f 672/925/2928 683/940/2939 670/923/2926
f 684/941/2940 681/938/2937 671/924/2927
f 685/942/2941 681/938/2937 684/941/2940
f 684/941/2940 671/924/2927 680/937/2936
f 686/943/2942 680/937/2936 678/934/2934
f 680/937/2936 687/944/2943 684/941/2940
f 686/943/2942 687/944/2943 680/937/2936
f 678/936/2934 679/935/2935 686/945/2942
f 677/948/2933 688/947/2944 679/946/2935
f 688/947/2944 689/949/2945 679/946/2935
f 690/950/2946 686/945/2942 679/935/2935
f 690/951/2946 679/946/2935 689/949/2945
f 691/952/2947 677/933/2933 676/931/2932
f 688/947/2944 677/948/2933 691/953/2947
f 692/956/2948 688/955/2944 691/954/2947
f 693/957/2949 688/955/2944 692/956/2948
f 689/958/2945 688/955/2944 693/957/2949
f 695/960/2951 689/958/2945 694/959/2950
f 690/961/2946 689/958/2945 695/960/2951
f 696/962/2952 689/958/2945 693/957/2949
f 694/959/2950 689/958/2945 696/962/2952
f 686/945/2942 690/950/2946 687/963/2943
f 695/966/2951 687/965/2943 690/964/2946
f 687/944/2943 685/942/2941 684/941/2940
f 697/967/2953 685/942/2941 687/944/2943
f 687/965/2943 695/966/2951 697/968/2953
f 681/938/2937 685/942/2941 698/969/2954
f 685/942/2941 697/967/2953 699/970/2955
f 698/969/2954 685/942/2941 699/970/2955
f 698/969/2954 700/971/2956 681/938/2937
f 700/971/2956 672/925/2928 681/938/2937
f 701/972/2957 683/940/2939 672/925/2928
f 700/971/2956 701/972/2957 672/925/2928
f 701/972/2957 702/973/2958 683/940/2939
f 683/940/2939 703/974/2959 682/939/2938
f 702/973/2958 703/974/2959 683/940/2939
f 703/974/2959 668/920/2924 682/939/2938
f 668/920/2924 705/976/2961 704/975/2960
f 703/974/2959 705/976/2961 668/920/2924
f 706/977/2962 705/976/2961 703/974/2959
f 702/973/2958 706/977/2962 703/974/2959
f 707/978/2963 706/977/2962 702/973/2958
f 708/979/2964 702/973/2958 701/972/2957
f 708/979/2964 707/978/2963 702/973/2958
f 709/980/2965 701/972/2957 700/971/2956
f 709/980/2965 708/979/2964 701/972/2957
f 710/981/2966 700/971/2956 698/969/2954
f 700/971/2956 710/981/2966 709/980/2965
f 698/969/2954 699/970/2955 710/981/2966
f 697/984/2953 711/983/2967 699/982/2955
f 711/983/2967 712/985/2968 699/982/2955
f 713/988/2969 710/987/2966 699/986/2955
f 699/991/2955 712/990/2968 713/989/2969
f 695/960/2951 711/993/2967 697/992/2953
f 711/993/2967 695/960/2951 694/959/2950
f 696/962/2952 693/957/2949 714/994/2970
f 715/995/2971 694/959/2950 696/962/2952
f 716/996/2972 696/962/2952 714/994/2970
f 715/995/2971 696/962/2952 716/996/2972
f 715/995/2971 711/993/2967 694/959/2950
f 712/990/2968 711/993/2967 715/995/2971
f 712/990/2968 717/997/2973 713/989/2969
f 718/998/2974 712/990/2968 715/995/2971
f 717/997/2973 712/990/2968 718/998/2974
f 719/999/2975 710/987/2966 713/988/2969
f 720/1000/2976 719/999/2975 713/988/2969
f 713/989/2969 717/997/2973 720/1001/2976
f 710/981/2966 719/1002/2975 709/980/2965
f 721/1003/2977 708/979/2964 709/980/2965
f 709/980/2965 719/1002/2975 721/1003/2977
f 722/1004/2978 707/978/2963 708/979/2964
f 721/1003/2977 722/1004/2978 708/979/2964
f 723/1005/2979 707/978/2963 722/1004/2978
f 707/978/2963 724/1006/2980 706/977/2962
f 706/977/2962 725/1007/2981 705/976/2961
f 724/1006/2980 725/1007/2981 706/977/2962
f 726/1008/2982 725/1007/2981 724/1006/2980
f 727/1009/2983 726/1008/2982 724/1006/2980
f 724/1006/2980 707/978/2963 723/1005/2979
f 728/1010/2984 722/1004/2978 721/1003/2977
f 722/1004/2978 728/1010/2984 723/1005/2979
f 719/1002/2975 729/1011/2985 721/1003/2977
f 721/1003/2977 730/1012/2986 728/1010/2984
f 729/1011/2985 730/1012/2986 721/1003/2977
f 729/1013/2985 719/999/2975 720/1000/2976
f 717/997/2973 731/1014/2987 720/1001/2976
f 732/1015/2988 729/1013/2985 720/1000/2976
f 732/1016/2988 720/1001/2976 731/1014/2987
f 731/1014/2987 717/997/2973 718/998/2974
f 733/1017/2989 715/995/2971 716/996/2972
f 718/998/2974 715/995/2971 733/1017/2989
f 734/1018/2990 718/998/2974 733/1017/2989
f 735/1019/2991 731/1014/2987 718/998/2974
f 735/1019/2991 718/998/2974 734/1018/2990
f 737/1021/2993 731/1014/2987 736/1020/2992
f 732/1016/2988 731/1014/2987 737/1021/2993
f 736/1020/2992 731/1014/2987 735/1019/2991
f 729/1013/2985 732/1015/2988 730/1022/2986
f 737/1023/2993 730/1022/2986 732/1015/2988
f 728/1025/2984 730/1022/2986 738/1024/2994
f 730/1022/2986 737/1023/2993 738/1024/2994
f 728/1010/2984 739/1026/2995 723/1005/2979
f 723/1005/2979 740/1027/2996 724/1006/2980
f 740/1027/2996 727/1009/2983 724/1006/2980
f 741/1028/2997 726/1008/2982 727/1009/2983
f 727/1009/2983 742/1029/2998 741/1028/2997
f 740/1027/2996 742/1029/2998 727/1009/2983
f 743/1030/2999 742/1029/2998 740/1027/2996
f 740/1027/2996 723/1005/2979 744/1031/3000
f 745/1032/3001 743/1030/2999 740/1027/2996
f 744/1031/3000 745/1032/3001 740/1027/2996
f 739/1026/2995 744/1031/3000 723/1005/2979
f 746/1033/3002 739/1026/2995 728/1010/2984
f 747/1034/3003 744/1031/3000 739/1026/2995
f 739/1026/2995 746/1033/3002 747/1034/3003
f 728/1025/2984 738/1024/2994 746/1035/3002
f 737/1021/2993 748/1037/3004 738/1036/2994
f 749/1038/3005 746/1035/3002 738/1024/2994
f 738/1036/2994 748/1037/3004 749/1039/3005
f 750/1040/3006 737/1021/2993 736/1020/2992
f 748/1037/3004 737/1021/2993 750/1040/3006
f 750/1040/3006 736/1020/2992 735/1019/2991
f 734/1018/2990 733/1017/2989 751/1041/3007
f 752/1042/3008 734/1018/2990 751/1041/3007
f 751/1041/3007 733/1017/2989 753/1043/3009
f 558/1045/2814 751/1041/3007 576/1044/2832
f 751/1041/3007 753/1043/3009 576/1044/2832
f 752/1042/3008 751/1041/3007 558/1045/2814
f 559/755/2815 752/1046/3008 558/752/2814
f 754/1047/3010 734/1018/2990 752/1042/3008
f 754/1047/3010 752/1042/3008 559/1048/2815
f 755/1049/3011 735/1019/2991 734/1018/2990
f 755/1049/3011 734/1018/2990 754/1047/3010
f 756/1050/3012 750/1040/3006 735/1019/2991
f 756/1050/3012 735/1019/2991 755/1049/3011
f 756/1050/3012 748/1037/3004 750/1040/3006
f 748/1037/3004 757/1051/3013 749/1039/3005
f 757/1051/3013 748/1037/3004 756/1050/3012
f 758/1052/3014 746/1035/3002 749/1038/3005
f 759/1055/3015 758/1054/3014 749/1053/3005
f 759/1056/3015 749/1039/3005 757/1051/3013
f 746/1033/3002 758/1057/3014 747/1034/3003
f 747/1034/3003 760/1058/3016 744/1031/3000
f 761/1059/3017 760/1058/3016 747/1034/3003
f 747/1034/3003 762/1060/3018 761/1059/3017
f 758/1057/3014 762/1060/3018 747/1034/3003
f 760/1058/3016 745/1032/3001 744/1031/3000
f 745/1032/3001 291/383/2547 743/1030/2999
f 292/384/2548 291/383/2547 745/1032/3001
f 760/1058/3016 292/384/2548 745/1032/3001
f 291/383/2547 742/1029/2998 743/1030/2999
f 291/383/2547 266/356/2522 742/1029/2998
f 742/1029/2998 266/356/2522 763/1061/3019
f 742/1029/2998 763/1061/3019 741/1028/2997
f 266/356/2522 764/1062/3020 763/1061/3019
f 266/356/2522 268/358/2524 764/1062/3020
f 763/1061/3019 765/1063/3021 726/1008/2982
f 763/1061/3019 726/1008/2982 741/1028/2997
f 764/1062/3020 765/1063/3021 763/1061/3019
f 764/1062/3020 766/1064/3022 765/1063/3021
f 268/358/2524 766/1064/3022 764/1062/3020
f 268/358/2524 253/342/2509 766/1064/3022
f 765/1067/3021 766/1066/3022 767/1065/3023
f 767/1065/3023 766/1066/3022 768/1068/3024
f 766/1064/3022 253/342/2509 768/1069/3024
f 769/1070/3025 765/1067/3021 767/1065/3023
f 771/1072/3027 765/1067/3021 770/1071/3026
f 726/1008/2982 765/1063/3021 771/1073/3027
f 770/1071/3026 765/1067/3021 769/1070/3025
f 726/1008/2982 771/1073/3027 725/1007/2981
f 771/1073/3027 773/1075/3029 772/1074/3028
f 774/1077/3030 773/1076/3029 771/1072/3027
f 725/1007/2981 771/1073/3027 772/1074/3028
f 774/1077/3030 771/1072/3027 770/1071/3026
f 774/1080/3030 770/1079/3026 775/1078/3031
f 776/1081/3032 775/1078/3031 770/1079/3026
f 769/1082/3025 776/1081/3032 770/1079/3026
f 505/685/2761 776/1081/3032 769/1082/3025
f 767/1083/3023 505/685/2761 769/1082/3025
f 777/1084/3033 505/685/2761 767/1083/3023
f 768/1085/3024 777/1084/3033 767/1083/3023
f 768/1069/3024 253/342/2509 241/323/2497
f 777/1084/3033 768/1085/3024 241/1086/2497
f 777/1084/3033 778/1087/3034 505/685/2761
f 779/1088/3035 777/1084/3033 241/1086/2497
f 778/1087/3034 777/1084/3033 780/1089/3036
f 780/1089/3036 777/1084/3033 779/1088/3035
f 775/1078/3031 776/1081/3032 504/684/2760
f 505/685/2761 504/684/2760 776/1081/3032
f 781/1090/3037 774/1080/3030 775/1078/3031
f 781/1090/3037 775/1078/3031 525/710/2781
f 525/710/2781 775/1078/3031 504/684/2760
f 774/1080/3030 782/1092/3038 773/1091/3029
f 774/1080/3030 781/1090/3037 782/1092/3038
f 773/1091/3029 784/1094/3040 783/1093/3039
f 772/1074/3028 773/1075/3029 783/1095/3039
f 773/1091/3029 782/1092/3038 784/1094/3040
f 785/1096/3041 772/1074/3028 783/1095/3039
f 772/1074/3028 705/976/2961 725/1007/2981
f 785/1096/3041 705/976/2961 772/1074/3028
f 783/1099/3039 784/1098/3040 786/1097/3042
f 785/1100/3041 783/1099/3039 786/1097/3042
f 784/1094/3040 787/1102/3043 786/1101/3042
f 784/1094/3040 788/1103/3044 787/1102/3043
f 782/1092/3038 788/1103/3044 784/1094/3040
f 782/1092/3038 781/1090/3037 788/1103/3044
f 781/1090/3037 525/710/2781 788/1103/3044
f 525/710/2781 524/709/2780 788/1103/3044
f 526/711/2782 787/1102/3043 788/1103/3044
f 788/1103/3044 524/709/2780 526/711/2782
f 529/714/2785 787/1102/3043 526/711/2782
f 789/1104/3045 785/1100/3041 786/1097/3042
f 789/1104/3045 786/1097/3042 790/1105/3046
f 787/1102/3043 790/1106/3046 786/1101/3042
f 785/1096/3041 704/975/2960 705/976/2961
f 785/1100/3041 789/1104/3045 704/1107/2960
f 791/1110/3047 789/1109/3045 790/1108/3046
f 789/1109/3045 791/1110/3047 704/1111/2960
f 792/1113/3048 791/1112/3047 790/1106/3046
f 790/1106/3046 793/1114/3049 792/1113/3048
f 528/713/2784 793/1114/3049 790/1106/3046
f 787/1102/3043 528/713/2784 790/1106/3046
f 528/713/2784 787/1102/3043 529/714/2785
f 527/712/2783 529/714/2785 526/711/2782
f 793/1114/3049 794/1115/3050 792/1113/3048
f 793/1114/3049 546/738/2802 794/1115/3050
f 528/713/2784 546/738/2802 793/1114/3049
f 796/1117/3052 795/1116/3051 792/1113/3048
f 795/1116/3051 791/1112/3047 792/1113/3048
f 792/1113/3048 794/1115/3050 796/1117/3052
f 791/1119/3047 795/1118/3051 668/920/2924
f 704/975/2960 791/1119/3047 668/920/2924
f 667/918/2923 795/1116/3051 796/1117/3052
f 795/1118/3051 667/921/2923 668/920/2924
f 666/917/2922 667/918/2923 796/1117/3052
f 796/1117/3052 797/1120/3053 666/917/2922
f 794/1115/3050 797/1120/3053 796/1117/3052
f 794/1115/3050 547/739/2803 797/1120/3053
f 546/738/2802 547/739/2803 794/1115/3050
f 797/1120/3053 587/793/2843 666/917/2922
f 797/1120/3053 567/767/2823 587/793/2843
f 547/739/2803 567/767/2823 797/1120/3053
f 666/916/2922 587/1121/2843 606/823/2862
f 778/1087/3034 485/663/2741 505/685/2761
f 485/663/2741 778/1087/3034 798/1122/3054
f 798/1122/3054 778/1087/3034 780/1089/3036
f 486/664/2742 485/663/2741 798/1122/3054
f 780/1089/3036 799/1123/3055 798/1122/3054
f 486/664/2742 798/1122/3054 799/1123/3055
f 779/1088/3035 800/1124/3056 780/1089/3036
f 800/1124/3056 799/1123/3055 780/1089/3036
f 800/1124/3056 801/1125/3057 799/1123/3055
f 801/1125/3057 487/665/2743 799/1123/3055
f 487/665/2743 486/664/2742 799/1123/3055
f 242/1126/2498 801/1125/3057 800/1124/3056
f 239/321/2495 801/1125/3057 242/1126/2498
f 487/665/2743 801/1125/3057 239/321/2495
f 242/1126/2498 800/1124/3056 779/1088/3035
f 779/1088/3035 241/1086/2497 242/1126/2498
f 487/665/2743 239/321/2495 210/271/2466
f 190/243/2446 487/665/2743 210/271/2466
f 191/244/2447 190/243/2446 210/271/2466
f 761/1059/3017 292/384/2548 760/1058/3016
f 293/385/2549 292/384/2548 761/1059/3017
f 762/1060/3018 293/385/2549 761/1059/3017
f 802/1127/3058 293/385/2549 762/1060/3018
f 802/1127/3058 317/429/2573 293/385/2549
f 758/1054/3014 759/1055/3015 762/1128/3018
f 803/1129/3059 762/1128/3018 759/1055/3015
f 803/1129/3059 802/1130/3058 762/1128/3018
f 315/426/2571 317/430/2573 802/1130/3058
f 315/426/2571 802/1130/3058 803/1129/3059
f 803/1132/3059 757/1051/3013 804/1131/3060
f 759/1056/3015 757/1051/3013 803/1132/3059
f 318/433/2574 803/1132/3059 804/1131/3060
f 315/431/2571 803/1132/3059 318/433/2574
f 319/434/2575 757/1051/3013 756/1050/3012
f 804/1131/3060 757/1051/3013 319/434/2575
f 318/433/2574 804/1131/3060 319/434/2575
f 319/434/2575 756/1050/3012 805/1133/3061
f 348/464/2604 319/434/2575 805/1133/3061
f 331/447/2587 319/434/2575 348/464/2604
f 805/1133/3061 756/1050/3012 755/1049/3011
f 348/464/2604 805/1133/3061 806/1134/3062
f 346/462/2602 348/464/2604 806/1134/3062
f 349/465/2605 806/1134/3062 807/1135/3063
f 346/462/2602 806/1134/3062 349/465/2605
f 806/1134/3062 805/1133/3061 808/1136/3064
f 806/1134/3062 808/1136/3064 809/1137/3065
f 807/1135/3063 806/1134/3062 809/1137/3065
f 805/1133/3061 755/1049/3011 808/1136/3064
f 808/1136/3064 755/1049/3011 754/1047/3010
f 754/1047/3010 810/1138/3066 808/1136/3064
f 809/1137/3065 808/1136/3064 810/1138/3066
f 812/1141/3068 809/1140/3065 811/1139/3067
f 809/1140/3065 810/1142/3066 811/1139/3067
f 807/1143/3063 809/1140/3065 812/1141/3068
f 349/469/2605 807/1143/3063 812/1141/3068
f 813/1144/3069 349/469/2605 812/1141/3068
f 812/1141/3068 815/1146/3071 814/1145/3070
f 813/1144/3069 812/1141/3068 814/1145/3070
f 812/1141/3068 811/1139/3067 816/1147/3072
f 812/1141/3068 816/1147/3072 815/1146/3071
f 811/1139/3067 537/1149/2793 817/1148/3073
f 818/1150/3074 537/1149/2793 811/1139/3067
f 810/1142/3066 818/1150/3074 811/1139/3067
f 811/1139/3067 817/1148/3073 816/1147/3072
f 819/1151/3075 810/1138/3066 754/1047/3010
f 819/1152/3075 818/1150/3074 810/1142/3066
f 819/1151/3075 754/1047/3010 559/1048/2815
f 559/755/2815 557/756/2813 819/1152/3075
f 819/1152/3075 557/756/2813 818/1150/3074
f 818/1150/3074 557/756/2813 537/1149/2793
f 817/1153/3073 537/727/2793 516/697/2772
f 817/1153/3073 516/697/2772 496/675/2752
f 816/1154/3072 817/1153/3073 496/675/2752
f 816/1154/3072 496/675/2752 497/676/2753
f 815/1155/3071 816/1154/3072 497/676/2753
f 814/1156/3070 815/1155/3071 497/676/2753
f 820/1157/3076 814/1156/3070 497/676/2753
f 814/1156/3070 820/1157/3076 821/1158/3077
f 350/466/2606 813/1144/3069 814/1145/3070
f 822/1159/3078 350/466/2606 814/1145/3070
f 822/1160/3078 814/1156/3070 821/1158/3077
f 350/466/2606 349/469/2605 813/1144/3069
f 822/1159/3078 370/497/2626 350/466/2606
f 822/1160/3078 821/1158/3077 392/540/2648
f 370/541/2626 822/1160/3078 392/540/2648
f 821/1158/3077 495/674/2751 392/540/2648
f 821/1158/3077 820/1157/3076 495/674/2751
f 820/1157/3076 497/676/2753 495/674/2751
f 391/539/2647 495/674/2751 476/653/2732
f 392/540/2648 495/674/2751 391/539/2647
f 391/539/2647 476/653/2732 393/542/2649
f 496/675/2752 516/697/2772 494/673/2750
f 576/780/2832 753/1161/3009 575/779/2831
f 753/1043/3009 733/1017/2989 823/1162/3079
f 753/1161/3009 823/1163/3079 575/779/2831
f 575/779/2831 824/1164/3080 574/778/2830
f 575/779/2831 823/1163/3079 824/1164/3080
f 823/1162/3079 716/996/2972 825/1165/3081
f 733/1017/2989 716/996/2972 823/1162/3079
f 823/1163/3079 825/1166/3081 824/1164/3080
f 824/1164/3080 826/1168/3082 578/1167/2834
f 824/1164/3080 825/1166/3081 826/1168/3082
f 824/1164/3080 578/1167/2834 574/778/2830
f 825/1165/3081 714/994/2970 827/1169/3083
f 716/996/2972 714/994/2970 825/1165/3081
f 825/1166/3081 827/1170/3083 826/1168/3082
f 826/1168/3082 621/842/2877 595/1171/2851
f 826/1168/3082 827/1170/3083 621/842/2877
f 826/1168/3082 595/1171/2851 578/1167/2834
f 827/1169/3083 714/994/2970 828/1172/3084
f 827/1170/3083 828/1173/3084 621/842/2877
f 828/1173/3084 624/844/2880 621/842/2877
f 829/1174/3085 828/1172/3084 714/994/2970
f 830/1175/3086 828/1172/3084 829/1174/3085
f 830/1176/3086 624/844/2880 828/1173/3084
f 714/994/2970 693/957/2949 829/1174/3085
f 829/1174/3085 692/956/2948 831/1177/3087
f 693/957/2949 692/956/2948 829/1174/3085
f 830/1175/3086 829/1174/3085 832/1178/3088
f 829/1174/3085 831/1177/3087 832/1178/3088
f 832/1179/3088 623/845/2879 830/1176/3086
f 830/1176/3086 623/845/2879 624/844/2880
f 832/1182/3088 834/1181/3090 833/1180/3089
f 832/1182/3088 833/1180/3089 649/1183/2905
f 832/1182/3088 649/1183/2905 647/1184/2903
f 831/1185/3087 834/1181/3090 832/1182/3088
f 647/1186/2903 623/845/2879 832/1179/3088
f 834/1189/3090 831/1188/3087 835/1187/3091
f 831/1188/3087 692/1190/2948 835/1187/3091
f 835/1187/3091 692/1190/2948 691/1191/2947
f 835/1192/3091 691/952/2947 676/931/2932
f 836/1194/3092 835/1193/3091 676/932/2932
f 836/1194/3092 833/1195/3089 835/1193/3091
f 835/1193/3091 833/1195/3089 834/1196/3090
f 658/905/2914 833/1195/3089 837/1197/3093
f 833/1195/3089 836/1194/3092 837/1197/3093
f 833/1195/3089 658/905/2914 649/1198/2905
f 836/1194/3092 675/928/2931 837/1197/3093
f 836/1194/3092 676/932/2932 675/928/2931
f 837/1197/3093 675/928/2931 659/906/2915
f 837/1197/3093 659/906/2915 658/905/2914
f 142/634/2398 141/1199/2397 461/632/2717
f 461/632/2717 141/1199/2397 838/1200/3094
f 461/632/2717 838/1200/3094 446/613/2702
f 141/1199/2397 140/1201/2396 838/1200/3094
f 838/1200/3094 140/1201/2396 839/1202/3095
f 838/1200/3094 839/1202/3095 840/1203/3096
f 446/613/2702 838/1200/3094 840/1203/3096
f 446/613/2702 840/1203/3096 447/614/2703
f 840/1203/3096 839/1202/3095 841/1204/3097
f 840/1203/3096 841/1204/3097 842/1205/3098
f 447/614/2703 840/1203/3096 842/1205/3098
f 140/1201/2396 138/1206/2394 839/1202/3095
f 839/1202/3095 138/1206/2394 843/1207/3099
f 839/1202/3095 843/1207/3099 841/1204/3097
f 841/1204/3097 843/1207/3099 844/1208/3100
f 841/1204/3097 844/1208/3100 845/1209/3101
f 842/1205/3098 841/1204/3097 845/1209/3101
f 447/614/2703 842/1205/3098 460/631/2716
f 842/1205/3098 845/1209/3101 459/630/2715
f 460/631/2716 842/1205/3098 459/630/2715
f 845/1209/3101 844/1208/3100 846/1210/3102
f 845/1209/3101 846/1210/3102 847/1211/3103
f 459/630/2715 845/1209/3101 847/1211/3103
f 843/1207/3099 848/1212/3104 844/1208/3100
f 848/1212/3104 849/1213/3105 844/1208/3100
f 844/1208/3100 849/1213/3105 846/1210/3102
f 138/1216/2394 139/1215/2395 843/1214/3099
f 843/1214/3099 139/1215/2395 848/1217/3104
f 139/1215/2395 850/1218/3106 848/1217/3104
f 851/1219/3107 848/1217/3104 850/1218/3106
f 851/1219/3107 849/1220/3105 848/1217/3104
f 851/1219/3107 852/1221/3108 849/1220/3105
f 849/1220/3105 852/1221/3108 853/1222/3109
f 849/1213/3105 853/1223/3109 846/1210/3102
f 459/630/2715 847/1211/3103 457/628/2713
f 847/1211/3103 855/1225/3111 854/1224/3110
f 457/628/2713 847/1211/3103 854/1224/3110
f 855/1225/3111 847/1211/3103 856/1226/3112
f 855/1225/3111 856/1226/3112 857/1227/3113
f 854/1224/3110 855/1225/3111 857/1227/3113
f 847/1211/3103 846/1210/3102 858/1228/3114
f 847/1211/3103 858/1228/3114 856/1226/3112
f 846/1210/3102 853/1223/3109 859/1229/3115
f 846/1210/3102 859/1229/3115 858/1228/3114
f 852/1221/3108 860/1230/3116 853/1222/3109
f 853/1223/3109 860/1232/3116 861/1231/3117
f 853/1223/3109 861/1231/3117 859/1229/3115
f 852/1221/3108 851/1219/3107 862/1233/3118
f 860/1230/3116 852/1221/3108 863/1234/3119
f 863/1234/3119 852/1221/3108 862/1233/3118
f 862/1233/3118 851/1219/3107 850/1218/3106
f 117/155/2373 850/1235/3106 139/180/2395
f 118/156/2374 850/1235/3106 117/155/2373
f 862/1233/3118 850/1218/3106 118/1236/2374
f 862/1233/3118 118/1236/2374 863/1234/3119
f 118/156/2374 864/1238/3120 863/1237/3119
f 863/1237/3119 864/1238/3120 865/1239/3121
f 865/1240/3121 860/1230/3116 863/1234/3119
f 860/1232/3116 866/1241/3122 861/1231/3117
f 866/1242/3122 860/1230/3116 865/1240/3121
f 861/1231/3117 866/1241/3122 867/1243/3123
f 861/1231/3117 867/1243/3123 868/1244/3124
f 859/1229/3115 861/1231/3117 868/1244/3124
f 858/1228/3114 859/1229/3115 868/1244/3124
f 858/1228/3114 868/1244/3124 869/1245/3125
f 856/1226/3112 858/1228/3114 869/1245/3125
f 856/1226/3112 869/1245/3125 870/1246/3126
f 857/1227/3113 856/1226/3112 870/1246/3126
f 854/1224/3110 857/1227/3113 871/1247/3127
f 857/1227/3113 870/1246/3126 871/1247/3127
f 457/628/2713 854/1224/3110 458/629/2714
f 458/629/2714 854/1224/3110 871/1247/3127
f 871/1247/3127 872/1248/3128 458/629/2714
f 873/1249/3129 872/1248/3128 871/1247/3127
f 871/1247/3127 870/1246/3126 874/1250/3130
f 874/1250/3130 875/1251/3131 871/1247/3127
f 875/1251/3131 873/1249/3129 871/1247/3127
f 870/1246/3126 869/1245/3125 876/1252/3132
f 870/1246/3126 876/1252/3132 874/1250/3130
f 866/1241/3122 877/1253/3133 867/1243/3123
f 867/1243/3123 879/1255/3135 878/1254/3134
f 877/1253/3133 879/1255/3135 867/1243/3123
f 867/1243/3123 878/1254/3134 868/1244/3124
f 877/1257/3133 866/1242/3122 880/1256/3136
f 880/1256/3136 866/1242/3122 865/1240/3121
f 864/1238/3120 881/1258/3137 865/1239/3121
f 865/1239/3121 881/1258/3137 880/1259/3136
f 116/154/2372 864/1238/3120 118/156/2374
f 116/154/2372 881/1258/3137 864/1238/3120
f 881/1258/3137 882/1260/3138 880/1259/3136
f 883/1261/3139 881/1258/3137 116/154/2372
f 883/1261/3139 884/1262/3140 881/1258/3137
f 881/1258/3137 884/1262/3140 882/1260/3138
f 885/1263/3141 880/1259/3136 882/1260/3138
f 880/1266/3136 885/1265/3141 877/1264/3133
f 877/1264/3133 885/1265/3141 879/1267/3135
f 885/1265/3141 886/1268/3142 879/1267/3135
f 879/1267/3135 886/1268/3142 887/1269/3143
f 879/1255/3135 887/1271/3143 888/1270/3144
f 878/1254/3134 879/1255/3135 888/1270/3144
f 878/1254/3134 888/1270/3144 889/1272/3145
f 868/1244/3124 878/1254/3134 889/1272/3145
f 868/1244/3124 889/1272/3145 890/1273/3146
f 869/1245/3125 868/1244/3124 890/1273/3146
f 869/1245/3125 890/1273/3146 891/1274/3147
f 876/1252/3132 869/1245/3125 891/1274/3147
f 876/1252/3132 891/1274/3147 892/1275/3148
f 874/1250/3130 876/1252/3132 892/1275/3148
f 892/1275/3148 893/1276/3149 874/1250/3130
f 893/1276/3149 875/1251/3131 874/1250/3130
f 873/1279/3129 875/1278/3131 894/1277/3150
f 875/1278/3131 893/1280/3149 894/1277/3150
f 872/1282/3128 873/1279/3129 895/1281/3151
f 895/1281/3151 873/1279/3129 894/1277/3150
f 894/1285/3150 896/1284/3152 895/1283/3151
f 897/1286/3153 896/1284/3152 894/1285/3150
f 894/1277/3150 893/1280/3149 898/1287/3154
f 898/1289/3154 899/1288/3155 894/1285/3150
f 899/1288/3155 897/1286/3153 894/1285/3150
f 900/1290/3156 893/1276/3149 892/1275/3148
f 893/1280/3149 900/1291/3156 898/1287/3154
f 892/1275/3148 891/1274/3147 901/1292/3157
f 901/1292/3157 900/1290/3156 892/1275/3148
f 891/1274/3147 890/1273/3146 902/1293/3158
f 891/1274/3147 902/1293/3158 901/1292/3157
f 890/1273/3146 903/1294/3159 902/1293/3158
f 890/1273/3146 889/1272/3145 903/1294/3159
f 887/1271/3143 904/1295/3160 888/1270/3144
f 888/1270/3144 904/1295/3160 889/1272/3145
f 886/1298/3142 905/1297/3161 887/1296/3143
f 906/1299/3162 887/1296/3143 905/1297/3161
f 906/1300/3162 904/1295/3160 887/1271/3143
f 906/1300/3162 907/1301/3163 904/1295/3160
f 904/1295/3160 909/1303/3165 908/1302/3164
f 907/1301/3163 909/1303/3165 904/1295/3160
f 889/1272/3145 904/1295/3160 908/1302/3164
f 889/1272/3145 908/1302/3164 903/1294/3159
f 903/1294/3159 911/1305/3167 910/1304/3166
f 902/1293/3158 903/1294/3159 910/1304/3166
f 902/1293/3158 910/1304/3166 912/1306/3168
f 901/1292/3157 902/1293/3158 912/1306/3168
f 912/1306/3168 913/1307/3169 901/1292/3157
f 913/1307/3169 900/1290/3156 901/1292/3157
f 898/1287/3154 900/1291/3156 914/1308/3170
f 900/1291/3156 913/1309/3169 914/1308/3170
f 914/1310/3170 899/1288/3155 898/1289/3154
f 915/1311/3171 897/1286/3153 899/1288/3155
f 916/1312/3172 896/1284/3152 897/1286/3153
f 916/1312/3172 897/1286/3153 915/1311/3171
f 915/1311/3171 899/1288/3155 917/1313/3173
f 918/1314/3174 899/1288/3155 914/1310/3170
f 917/1313/3173 899/1288/3155 918/1314/3174
f 914/1308/3170 913/1309/3169 919/1315/3175
f 919/1316/3175 918/1314/3174 914/1310/3170
f 920/1317/3176 913/1307/3169 912/1306/3168
f 913/1309/3169 920/1318/3176 919/1315/3175
f 912/1306/3168 910/1304/3166 921/1319/3177
f 921/1319/3177 920/1317/3176 912/1306/3168
f 910/1304/3166 911/1305/3167 922/1320/3178
f 910/1304/3166 922/1320/3178 921/1319/3177
f 911/1305/3167 903/1294/3159 923/1321/3179
f 911/1305/3167 923/1321/3179 922/1320/3178
f 903/1294/3159 908/1302/3164 923/1321/3179
f 908/1302/3164 924/1322/3180 923/1321/3179
f 908/1302/3164 909/1303/3165 925/1323/3181
f 908/1302/3164 925/1323/3181 924/1322/3180
f 924/1322/3180 925/1323/3181 926/1324/3182
f 923/1321/3179 924/1322/3180 926/1324/3182
f 927/1325/3183 923/1321/3179 926/1324/3182
f 928/1326/3184 923/1321/3179 927/1325/3183
f 922/1320/3178 923/1321/3179 928/1326/3184
f 929/1327/3185 922/1320/3178 928/1326/3184
f 921/1319/3177 922/1320/3178 929/1327/3185
f 930/1328/3186 921/1319/3177 929/1327/3185
f 920/1317/3176 921/1319/3177 930/1328/3186
f 919/1315/3175 920/1318/3176 931/1329/3187
f 930/1328/3186 931/1330/3187 920/1317/3176
f 931/1329/3187 932/1331/3188 919/1315/3175
f 932/1332/3188 918/1314/3174 919/1316/3175
f 917/1313/3173 918/1314/3174 932/1332/3188
f 933/1333/3189 915/1311/3171 917/1313/3173
f 935/1335/3191 917/1313/3173 934/1334/3190
f 933/1333/3189 917/1313/3173 935/1335/3191
f 936/1336/3192 915/1311/3171 933/1333/3189
f 937/1337/3193 936/1336/3192 933/1333/3189
f 937/1337/3193 933/1333/3189 938/1338/3194
f 935/1335/3191 938/1338/3194 933/1333/3189
f 935/1335/3191 934/1334/3190 939/1339/3195
f 940/1340/3196 938/1338/3194 935/1335/3191
f 939/1339/3195 941/1341/3197 935/1335/3191
f 941/1341/3197 940/1340/3196 935/1335/3191
f 934/1334/3190 917/1313/3173 942/1342/3198
f 939/1339/3195 934/1334/3190 942/1342/3198
f 917/1313/3173 932/1332/3188 943/1343/3199
f 942/1342/3198 917/1313/3173 943/1343/3199
f 944/1344/3200 932/1331/3188 931/1329/3187
f 943/1343/3199 932/1332/3188 944/1345/3200
f 946/1348/3202 945/1347/3201 931/1346/3187
f 930/1328/3186 946/1349/3202 931/1330/3187
f 945/1350/3201 944/1344/3200 931/1329/3187
f 929/1327/3185 946/1349/3202 930/1328/3186
f 928/1326/3184 947/1351/3203 929/1327/3185
f 947/1351/3203 946/1349/3202 929/1327/3185
f 927/1325/3183 947/1351/3203 928/1326/3184
f 949/1354/3205 927/1353/3183 948/1352/3204
f 947/1355/3203 927/1353/3183 949/1354/3205
f 950/1356/3206 947/1355/3203 949/1354/3205
f 946/1348/3202 947/1355/3203 950/1356/3206
f 951/1357/3207 946/1348/3202 950/1356/3206
f 945/1347/3201 946/1348/3202 951/1357/3207
f 952/1358/3208 945/1347/3201 951/1357/3207
f 944/1344/3200 945/1350/3201 952/1359/3208
f 943/1343/3199 944/1345/3200 952/1360/3208
f 953/1361/3209 943/1343/3199 952/1360/3208
f 942/1342/3198 943/1343/3199 953/1361/3209
f 954/1362/3210 942/1342/3198 953/1361/3209
f 939/1339/3195 942/1342/3198 954/1362/3210
f 955/1365/3211 939/1364/3195 954/1363/3210
f 941/1366/3197 939/1364/3195 955/1365/3211
f 940/1368/3196 941/1366/3197 956/1367/3212
f 956/1367/3212 941/1366/3197 955/1365/3211
f 958/1371/3214 940/1370/3196 957/1369/3213
f 957/1372/3213 940/1368/3196 956/1367/3212
f 940/1375/3196 958/1374/3214 938/1373/3194
f 938/1373/3194 959/1377/3215 937/1376/3193
f 959/1377/3215 938/1373/3194 958/1374/3214
f 958/1371/3214 960/1379/3216 959/1378/3215
f 958/1371/3214 957/1369/3213 960/1379/3216
f 957/1369/3213 956/1381/3212 961/1380/3217
f 960/1379/3216 957/1369/3213 961/1380/3217
f 956/1384/3212 962/1383/3218 961/1382/3217
f 962/1383/3218 956/1384/3212 963/1385/3219
f 963/1386/3219 956/1367/3212 955/1365/3211
f 963/1386/3219 955/1365/3211 954/1363/3210
f 953/1388/3209 964/1387/3220 954/1363/3210
f 965/1389/3221 963/1386/3219 954/1363/3210
f 965/1389/3221 954/1363/3210 964/1387/3220
f 953/1390/3209 952/1358/3208 951/1357/3207
f 966/1391/3222 953/1390/3209 951/1357/3207
f 966/1394/3222 964/1393/3220 953/1392/3209
f 950/1356/3206 967/1395/3223 951/1357/3207
f 966/1391/3222 951/1357/3207 967/1395/3223
f 949/1354/3205 968/1396/3224 950/1356/3206
f 968/1396/3224 967/1395/3223 950/1356/3206
f 948/1352/3204 968/1396/3224 949/1354/3205
f 969/1397/3225 927/1325/3183 926/1324/3182
f 927/1353/3183 969/1398/3225 948/1352/3204
f 948/1352/3204 969/1398/3225 970/1399/3226
f 970/1399/3226 971/1400/3227 948/1352/3204
f 973/1402/3229 948/1352/3204 972/1401/3228
f 948/1352/3204 971/1400/3227 972/1401/3228
f 968/1396/3224 948/1352/3204 973/1402/3229
f 974/1403/3230 968/1396/3224 973/1402/3229
f 967/1395/3223 968/1396/3224 974/1403/3230
f 975/1404/3231 967/1395/3223 974/1403/3230
f 966/1391/3222 967/1395/3223 975/1404/3231
f 964/1393/3220 966/1394/3222 975/1405/3231
f 976/1406/3232 964/1393/3220 975/1405/3231
f 965/1389/3221 964/1387/3220 976/1407/3232
f 965/1409/3221 977/1408/3233 963/1385/3219
f 977/1408/3233 965/1409/3221 976/1410/3232
f 963/1385/3219 977/1408/3233 978/1411/3234
f 978/1411/3234 962/1383/3218 963/1385/3219
f 961/1380/3217 962/1413/3218 979/1412/3235
f 979/1412/3235 980/1414/3236 961/1380/3217
f 980/1414/3236 960/1379/3216 961/1380/3217
f 962/1413/3218 981/1415/3237 979/1412/3235
f 981/1417/3237 962/1383/3218 982/1416/3238
f 982/1416/3238 962/1383/3218 978/1411/3234
f 977/1408/3233 983/1418/3239 978/1411/3234
f 978/1411/3234 983/1418/3239 982/1416/3238
f 983/1418/3239 977/1408/3233 984/1419/3240
f 984/1419/3240 977/1408/3233 976/1410/3232
f 976/1410/3232 975/1420/3231 984/1419/3240
f 975/1423/3231 974/1422/3230 984/1421/3240
f 974/1403/3230 973/1402/3229 985/1424/3241
f 984/1421/3240 974/1422/3230 985/1425/3241
f 973/1402/3229 972/1401/3228 985/1424/3241
f 972/1401/3228 971/1400/3227 986/1426/3242
f 972/1401/3228 986/1426/3242 987/1427/3243
f 985/1424/3241 972/1401/3228 987/1427/3243
f 970/1399/3226 988/1428/3244 971/1400/3227
f 971/1400/3227 988/1428/3244 986/1426/3242
f 986/1426/3242 988/1428/3244 989/1429/3245
f 987/1427/3243 986/1426/3242 989/1429/3245
f 990/1430/3246 987/1427/3243 989/1429/3245
f 991/1433/3247 987/1432/3243 990/1431/3246
f 987/1432/3243 991/1433/3247 985/1434/3241
f 991/1433/3247 992/1435/3248 985/1434/3241
f 992/1435/3248 983/1418/3239 985/1434/3241
f 985/1434/3241 983/1418/3239 984/1419/3240
f 994/1437/3250 979/1412/3235 993/1436/3249
f 994/1437/3250 980/1414/3236 979/1412/3235
f 994/1437/3250 960/1379/3216 980/1414/3236
f 995/1438/3251 994/1437/3250 993/1436/3249
f 996/1439/3252 994/1437/3250 995/1438/3251
f 998/1441/3254 993/1436/3249 997/1440/3253
f 995/1438/3251 993/1436/3249 998/1441/3254
f 993/1436/3249 979/1412/3235 997/1440/3253
f 997/1440/3253 979/1412/3235 999/1442/3255
f 979/1412/3235 981/1415/3237 999/1442/3255
f 981/1445/3237 1001/1444/3257 1000/1443/3256
f 999/1446/3255 981/1445/3237 1000/1443/3256
f 1001/1447/3257 981/1417/3237 982/1416/3238
f 983/1418/3239 992/1435/3248 982/1416/3238
f 992/1435/3248 991/1433/3247 1002/1448/3258
f 982/1416/3238 992/1435/3248 1002/1448/3258
f 1003/1449/3259 991/1433/3247 990/1431/3246
f 1002/1448/3258 991/1433/3247 1003/1449/3259
f 989/1452/3245 1004/1451/3260 990/1450/3246
f 1005/1453/3261 990/1450/3246 1004/1451/3260
f 1003/1456/3259 990/1455/3246 1005/1454/3261
f 1006/1457/3262 1003/1456/3259 1005/1454/3261
f 1003/1449/3259 1006/1458/3262 1002/1448/3258
f 1006/1458/3262 1001/1447/3257 1002/1448/3258
f 1002/1448/3258 1001/1447/3257 982/1416/3238
f 1007/1460/3263 1001/1459/3257 1006/1457/3262
f 1000/1461/3256 1001/1459/3257 1007/1460/3263
f 1008/1462/3264 1000/1461/3256 1007/1460/3263
f 1009/1463/3265 1000/1461/3256 1008/1462/3264
f 999/1464/3255 1000/1461/3256 1009/1463/3265
f 999/1442/3255 1010/1465/3266 997/1440/3253
f 1009/1463/3265 1010/1466/3266 999/1464/3255
f 1011/1467/3267 997/1440/3253 1010/1465/3266
f 998/1441/3254 997/1440/3253 1011/1467/3267
f 1012/1468/3268 998/1441/3254 1011/1467/3267
f 1013/1469/3269 998/1441/3254 1012/1468/3268
f 1013/1469/3269 995/1438/3251 998/1441/3254
f 1013/1469/3269 996/1439/3252 995/1438/3251
f 50/60/2306 996/1439/3252 1013/1469/3269
f 996/1439/3252 1014/1470/3270 994/1437/3250
f 1014/1470/3270 960/1379/3216 994/1437/3250
f 959/1378/3215 960/1379/3216 1014/1470/3270
f 1015/1471/3271 1014/1470/3270 996/1439/3252
f 1015/1471/3271 959/1378/3215 1014/1470/3270
f 50/60/2306 1015/1471/3271 996/1439/3252
f 49/59/2305 50/60/2306 1013/1469/3269
f 69/79/2325 1013/1469/3269 1012/1468/3268
f 49/59/2305 1013/1469/3269 69/79/2325
f 1017/1473/3273 1012/1468/3268 1016/1472/3272
f 69/79/2325 1012/1468/3268 1017/1473/3273
f 1011/1467/3267 1016/1472/3272 1012/1468/3268
f 1018/1476/3274 1016/1475/3272 1011/1474/3267
f 1018/1476/3274 1011/1474/3267 1019/1477/3275
f 1011/1474/3267 1010/1466/3266 1019/1477/3275
f 1010/1466/3266 1008/1462/3264 1019/1477/3275
f 1009/1463/3265 1008/1462/3264 1010/1466/3266
f 1008/1462/3264 1020/1478/3276 1019/1477/3275
f 1008/1462/3264 1007/1460/3263 1020/1478/3276
f 1022/1480/3278 1007/1460/3263 1021/1479/3277
f 1021/1479/3277 1007/1460/3263 1005/1454/3261
f 1007/1460/3263 1006/1457/3262 1005/1454/3261
f 1020/1478/3276 1007/1460/3263 1022/1480/3278
f 1005/1453/3261 1004/1451/3260 1023/1481/3279
f 1021/1479/3277 1005/1454/3261 1023/1482/3279
f 1024/1483/3280 1021/1479/3277 1023/1482/3279
f 1022/1480/3278 1021/1479/3277 1024/1483/3280
f 1022/1480/3278 1025/1484/3281 1020/1478/3276
f 1020/1478/3276 1025/1484/3281 1026/1485/3282
f 1019/1477/3275 1020/1478/3276 1026/1485/3282
f 1018/1488/3274 1019/1487/3275 1026/1486/3282
f 1018/1488/3274 1026/1486/3282 1027/1489/3283
f 1028/1490/3284 1018/1488/3274 1027/1489/3283
f 1018/1476/3274 1028/1491/3284 1016/1475/3272
f 1017/1493/3273 1016/1475/3272 1029/1492/3285
f 1016/1475/3272 1028/1491/3284 1029/1492/3285
f 68/84/2324 1017/1493/3273 95/122/2351
f 95/122/2351 1017/1493/3273 1029/1492/3285
f 68/78/2324 69/79/2325 1017/1473/3273
f 1029/1496/3285 1030/1495/3286 95/1494/2351
f 1027/1489/3283 1030/1498/3286 1029/1497/3285
f 1028/1490/3284 1027/1489/3283 1029/1497/3285
f 1032/1501/3288 1031/1500/3287 1027/1499/3283
f 1032/1501/3288 1027/1499/3283 1026/1502/3282
f 1033/1504/3289 1032/1503/3288 1026/1485/3282
f 1033/1504/3289 1026/1485/3282 1025/1484/3281
f 1033/1504/3289 1025/1484/3281 1034/1505/3290
f 1034/1505/3290 1025/1484/3281 1024/1483/3280
f 1025/1484/3281 1022/1480/3278 1024/1483/3280
f 1024/1483/3280 1036/1507/3292 1035/1506/3291
f 1034/1505/3290 1024/1483/3280 1035/1506/3291
f 1024/1483/3280 1023/1482/3279 1036/1507/3292
f 1023/1481/3279 1037/1509/3293 1036/1508/3292
f 1004/1451/3260 1037/1509/3293 1023/1481/3279
f 1036/1512/3292 1039/1511/3295 1038/1510/3294
f 1035/1515/3291 1036/1514/3292 1038/1513/3294
f 1036/1508/3292 1037/1509/3293 1039/1516/3295
f 1035/1515/3291 1038/1513/3294 1040/1517/3296
f 1041/1520/3297 1035/1519/3291 1040/1518/3296
f 1041/1521/3297 1034/1505/3290 1035/1506/3291
f 1042/1522/3298 1034/1505/3290 1041/1521/3297
f 1042/1522/3298 1033/1504/3289 1034/1505/3290
f 1032/1503/3288 1033/1504/3289 1042/1522/3298
f 1032/1503/3288 1042/1522/3298 1043/1523/3299
f 1043/1523/3299 1031/1524/3287 1032/1503/3288
f 1030/1495/3286 1031/1500/3287 1044/1525/3300
f 1031/1524/3287 1043/1523/3299 1044/1526/3300
f 1027/1499/3283 1031/1500/3287 1030/1495/3286
f 1030/1495/3286 1044/1525/3300 1045/1527/3301
f 94/127/2350 1030/1495/3286 1045/1527/3301
f 95/1494/2351 1030/1495/3286 94/127/2350
f 1046/1528/3302 1045/1527/3301 1044/1525/3300
f 1044/1526/3300 1041/1521/3297 1046/1529/3302
f 1043/1523/3299 1041/1521/3297 1044/1526/3300
f 1041/1520/3297 1040/1518/3296 1047/1530/3303
f 1046/1531/3302 1041/1520/3297 1047/1530/3303
f 1043/1523/3299 1042/1522/3298 1041/1521/3297
f 1040/1517/3296 905/1297/3161 886/1298/3142
f 1047/1530/3303 1040/1518/3296 886/1532/3142
f 1038/1513/3294 905/1297/3161 1040/1517/3296
f 1048/1533/3304 905/1297/3161 1038/1513/3294
f 1049/1534/3305 1038/1510/3294 1039/1511/3295
f 1050/1535/3306 1038/1510/3294 1049/1534/3305
f 1050/1535/3306 1048/1536/3304 1038/1510/3294
f 1039/1511/3295 1051/1537/3307 1049/1534/3305
f 1037/1509/3293 1051/1538/3307 1039/1516/3295
f 1037/1509/3293 1052/1539/3308 1051/1538/3307
f 1053/1540/3309 1052/1539/3308 1037/1509/3293
f 1004/1451/3260 1053/1540/3309 1037/1509/3293
f 1053/1540/3309 1004/1451/3260 989/1452/3245
f 1052/1543/3308 1054/1542/3310 1051/1541/3307
f 1055/1544/3311 1054/1542/3310 1052/1543/3308
f 970/1545/3226 1055/1544/3311 1052/1543/3308
f 1053/1540/3309 989/1452/3245 1052/1539/3308
f 988/1546/3244 1052/1539/3308 989/1452/3245
f 988/1547/3244 970/1545/3226 1052/1543/3308
f 1051/1550/3307 1054/1549/3310 1049/1548/3305
f 1050/1552/3306 1049/1548/3305 909/1551/3165
f 909/1551/3165 1049/1548/3305 1056/1553/3312
f 1049/1548/3305 1054/1549/3310 1056/1553/3312
f 907/1554/3163 1050/1552/3306 909/1551/3165
f 1048/1555/3304 1050/1552/3306 907/1554/3163
f 1048/1533/3304 906/1299/3162 905/1297/3161
f 907/1556/3163 906/1299/3162 1048/1533/3304
f 909/1303/3165 1056/1557/3312 925/1323/3181
f 1057/1559/3313 1056/1557/3312 1054/1558/3310
f 925/1323/3181 1056/1557/3312 1057/1559/3313
f 1055/1562/3311 1057/1561/3313 1054/1560/3310
f 1055/1562/3311 969/1398/3225 1057/1561/3313
f 969/1398/3225 1055/1562/3311 970/1399/3226
f 926/1324/3182 925/1323/3181 1057/1559/3313
f 1057/1559/3313 969/1397/3225 926/1324/3182
f 886/1532/3142 882/1563/3138 1047/1530/3303
f 885/1564/3141 882/1563/3138 886/1532/3142
f 882/1563/3138 1046/1531/3302 1047/1530/3303
f 884/1262/3140 1058/1565/3314 882/1260/3138
f 1058/1565/3314 1046/1528/3302 882/1260/3138
f 1059/1566/3315 884/1262/3140 883/1261/3139
f 1058/1565/3314 884/1262/3140 1060/1567/3316
f 1060/1567/3316 884/1262/3140 1059/1566/3315
f 1058/1565/3314 1060/1567/3316 1046/1528/3302
f 1059/1566/3315 883/1261/3139 97/124/2353
f 97/124/2353 883/1261/3139 116/154/2372
f 97/124/2353 1045/1527/3301 1059/1566/3315
f 1060/1567/3316 1059/1566/3315 1045/1527/3301
f 1060/1567/3316 1045/1527/3301 1046/1528/3302
f 94/127/2350 1045/1527/3301 97/124/2353
f 41/51/2297 1015/1471/3271 50/60/2306
f 41/51/2297 1061/1568/3317 1015/1471/3271
f 1061/1568/3317 959/1378/3215 1015/1471/3271
f 39/49/2295 1061/1568/3317 41/51/2297
f 937/1376/3193 1061/1570/3317 1062/1569/3318
f 1061/1570/3317 39/48/2295 1062/1569/3318
f 959/1377/3215 1061/1570/3317 937/1376/3193
f 1062/1569/3318 39/48/2295 1063/1571/3319
f 1062/1573/3318 1064/1572/3320 936/1336/3192
f 1063/1574/3319 1064/1572/3320 1062/1573/3318
f 1062/1573/3318 936/1336/3192 937/1337/3193
f 1063/1571/3319 39/48/2295 38/47/2294
f 1063/1574/3319 38/1575/2294 1064/1572/3320
f 1064/1572/3320 1065/1576/3321 915/1311/3171
f 36/42/2292 1065/1576/3321 1064/1572/3320
f 1064/1572/3320 915/1311/3171 936/1336/3192
f 1064/1572/3320 38/1575/2294 36/42/2292
f 38/1575/2294 37/43/2293 36/42/2292
f 36/42/2292 1066/1577/3322 1065/1576/3321
f 21/25/2277 1066/1577/3322 36/42/2292
f 1065/1576/3321 454/623/2710 916/1312/3172
f 1066/1577/3322 454/623/2710 1065/1576/3321
f 1065/1576/3321 916/1312/3172 915/1311/3171
f 916/1312/3172 1067/1578/3323 896/1284/3152
f 454/623/2710 1067/1578/3323 916/1312/3172
f 454/623/2710 453/622/2709 1067/1578/3323
f 34/40/2290 454/623/2710 1066/1577/3322
f 21/25/2277 34/40/2290 1066/1577/3322
f 1067/1578/3323 453/622/2709 456/1579/2712
f 895/1283/3151 1067/1578/3323 456/1579/2712
f 896/1284/3152 1067/1578/3323 895/1283/3151
f 455/624/2711 872/1282/3128 456/625/2712
f 456/625/2712 872/1282/3128 895/1281/3151
f 872/1248/3128 455/627/2711 458/629/2714
f 404/1582/2660 420/1581/2676 1068/1580/3324
f 1068/1580/3324 420/1581/2676 32/37/2288
f 420/1581/2676 31/36/2287 32/37/2288
f 402/1584/2658 404/1582/2660 1069/1583/3325
f 1069/1583/3325 404/1582/2660 1068/1580/3324
f 1068/1580/3324 1070/1585/3326 1069/1583/3325
f 32/37/2288 44/54/2300 1068/1580/3324
f 44/54/2300 1070/1585/3326 1068/1580/3324
f 1071/1586/3327 402/1584/2658 1069/1583/3325
f 1069/1583/3325 1072/1587/3328 1071/1586/3327
f 1070/1585/3326 1072/1587/3328 1069/1583/3325
f 1073/1588/3329 383/521/2639 402/1584/2658
f 1071/1586/3327 1073/1588/3329 402/1584/2658
f 1071/1586/3327 1072/1587/3328 1073/1588/3329
f 1072/1587/3328 1070/1585/3326 45/55/2301
f 1070/1585/3326 44/54/2300 45/55/2301
f 45/55/2301 1074/1589/3330 1072/1587/3328
f 1072/1587/3328 1074/1589/3330 1075/1590/3331
f 1073/1588/3329 1072/1587/3328 1075/1590/3331
f 1076/1591/3332 1073/1588/3329 1075/1590/3331
f 382/520/2638 1073/1588/3329 1076/1591/3332
f 382/520/2638 383/521/2639 1073/1588/3329
f 1077/1592/3333 1075/1590/3331 57/67/2313
f 1076/1591/3332 1075/1590/3331 1077/1592/3333
f 1075/1590/3331 1074/1589/3330 57/67/2313
f 57/67/2313 1074/1589/3330 45/55/2301
f 1077/1592/3333 57/67/2313 80/100/2336
f 382/520/2638 1076/1591/3332 1078/1593/3334
f 1078/1593/3334 1076/1591/3332 1077/1592/3333
f 381/517/2637 382/520/2638 1078/1593/3334
f 1077/1592/3333 1079/1594/3335 1078/1593/3334
f 1079/1594/3335 1080/1595/3336 1078/1593/3334
f 1080/1595/3336 381/517/2637 1078/1593/3334
f 1077/1592/3333 80/100/2336 83/103/2339
f 83/103/2339 1081/1596/3337 1077/1592/3333
f 1081/1596/3337 1079/1594/3335 1077/1592/3333
f 1082/1597/3338 1079/1594/3335 1081/1596/3337
f 1082/1597/3338 1080/1595/3336 1079/1594/3335
f 1083/1598/3339 1080/1595/3336 1082/1597/3338
f 381/517/2637 1080/1595/3336 380/519/2636
f 1080/1595/3336 1083/1598/3339 380/519/2636
f 1084/1599/3340 1083/1598/3339 1082/1597/3338
f 1082/1597/3338 1081/1596/3337 1085/1600/3341
f 83/103/2339 128/167/2384 1081/1596/3337
f 83/103/2339 82/102/2338 128/167/2384
f 1081/1596/3337 128/167/2384 1085/1600/3341
f 1086/1601/3342 1084/1599/3340 1082/1597/3338
f 1084/1599/3340 1086/1601/3342 1087/1602/3343
f 1087/1602/3343 1083/1598/3339 1084/1599/3340
f 380/519/2636 1083/1598/3339 1088/1603/3344
f 1083/1598/3339 1087/1602/3343 1088/1603/3344
f 1088/1603/3344 360/1604/2616 380/519/2636
f 1089/1606/3345 359/1605/2615 1088/1603/3344
f 359/1605/2615 360/1604/2616 1088/1603/3344
f 1088/1603/3344 1087/1602/3343 1089/1606/3345
f 1086/1601/3342 1089/1606/3345 1087/1602/3343
f 1089/1606/3345 1086/1601/3342 1090/1607/3346
f 1090/1607/3346 1086/1601/3342 1091/1608/3347
f 1086/1601/3342 1082/1597/3338 1091/1608/3347
f 1085/1600/3341 1091/1608/3347 1082/1597/3338
f 1091/1608/3347 1085/1600/3341 1092/1609/3348
f 1085/1600/3341 1093/1610/3349 1092/1609/3348
f 1095/1612/3351 1093/1610/3349 1094/1611/3350
f 1096/1615/3352 1093/1614/3349 1095/1613/3351
f 1093/1610/3349 1085/1600/3341 1094/1611/3350
f 1093/1614/3349 1096/1615/3352 1092/1616/3348
f 1094/1611/3350 1085/1600/3341 128/167/2384
f 1097/1617/3353 128/167/2384 127/168/2383
f 1094/1611/3350 128/167/2384 1097/1617/3353
f 127/166/2383 150/191/2406 1097/1618/3353
f 150/191/2406 174/221/2430 1097/1618/3353
f 174/1619/2430 1094/1611/3350 1097/1617/3353
f 1095/1612/3351 1094/1611/3350 174/1619/2430
f 174/229/2430 177/228/2433 1095/1613/3351
f 177/228/2433 1098/1620/3354 1095/1613/3351
f 1095/1613/3351 1098/1620/3354 1096/1615/3352
f 1092/1616/3348 1096/1615/3352 1099/1621/3355
f 1091/1622/3347 1092/1616/3348 1099/1621/3355
f 1099/1621/3355 1100/1623/3356 1091/1622/3347
f 1100/1623/3356 1090/1624/3346 1091/1622/3347
f 1101/1625/3357 1090/1624/3346 1100/1623/3356
f 1101/1625/3357 1102/1626/3358 1090/1624/3346
f 1090/1624/3346 1102/1626/3358 359/1627/2615
f 1089/1606/3345 1090/1607/3346 359/1605/2615
f 359/1630/2615 1102/1629/3358 358/1628/2614
f 1103/1631/3359 1102/1626/3358 1101/1625/3357
f 1103/1633/3359 1104/1632/3360 1102/1629/3358
f 358/1628/2614 1102/1629/3358 1104/1632/3360
f 1096/1615/3352 1098/1620/3354 1105/1634/3361
f 1098/1620/3354 177/228/2433 1106/1635/3362
f 1105/1634/3361 1098/1620/3354 1106/1635/3362
f 1106/1635/3362 177/228/2433 176/227/2432
f 176/227/2432 1107/1636/3363 1106/1635/3362
f 1107/1636/3363 1105/1634/3361 1106/1635/3362
f 1096/1615/3352 1105/1634/3361 1099/1621/3355
f 1101/1625/3357 1100/1623/3356 1108/1637/3364
f 1101/1625/3357 1108/1637/3364 1109/1638/3365
f 1101/1625/3357 1109/1638/3365 1103/1631/3359
f 1104/1632/3360 1103/1633/3359 1109/1639/3365
f 1104/1640/3360 340/456/2596 358/479/2614
f 1104/1632/3360 1109/1639/3365 340/1641/2596
f 1108/1637/3364 1110/1642/3366 1109/1638/3365
f 340/1641/2596 1109/1639/3365 339/1643/2595
f 1109/1638/3365 1110/1642/3366 339/1644/2595
f 1100/1623/3356 1111/1645/3367 1108/1637/3364
f 1111/1645/3367 1112/1646/3368 1108/1637/3364
f 1108/1637/3364 1112/1646/3368 1110/1642/3366
f 1107/1636/3363 224/295/2480 1105/1634/3361
f 224/295/2480 1099/1621/3355 1105/1634/3361
f 224/295/2480 1107/1636/3363 223/294/2479
f 1113/1647/3369 1107/1636/3363 176/227/2432
f 1113/1647/3369 223/294/2479 1107/1636/3363
f 1113/1647/3369 176/227/2432 175/225/2431
f 201/293/2457 1113/1647/3369 175/225/2431
f 223/294/2479 1113/1647/3369 201/293/2457
f 1099/1621/3355 224/295/2480 1114/1648/3370
f 1114/1648/3370 224/295/2480 225/296/2481
f 1100/1623/3356 1099/1621/3355 1114/1648/3370
f 1111/1645/3367 1100/1623/3356 1114/1648/3370
f 1112/1646/3368 1111/1645/3367 1115/1649/3371
f 1117/1651/3373 1112/1646/3368 1116/1650/3372
f 1116/1650/3372 1112/1646/3368 1115/1649/3371
f 1112/1646/3368 1117/1651/3373 1110/1642/3366
f 339/1644/2595 1110/1642/3366 1117/1651/3373
f 1117/1654/3373 338/1653/2594 339/1652/2595
f 1117/1654/3373 1116/1655/3372 338/1653/2594
f 1118/1656/3374 1116/1650/3372 1115/1649/3371
f 1119/1657/3375 1116/1650/3372 1118/1656/3374
f 1119/1657/3375 1120/1658/3376 1116/1650/3372
f 338/1653/2594 1116/1655/3372 1120/1659/3376
f 1111/1645/3367 1118/1656/3374 1115/1649/3371
f 1114/1648/3370 1121/1660/3377 1111/1645/3367
f 1121/1660/3377 1118/1656/3374 1111/1645/3367
f 1122/1661/3378 1121/1660/3377 1114/1648/3370
f 225/296/2481 227/298/2483 1114/1648/3370
f 227/298/2483 1122/1661/3378 1114/1648/3370
f 1122/1661/3378 227/298/2483 1123/1662/3379
f 1123/1662/3379 227/298/2483 226/297/2482
f 1121/1660/3377 1122/1661/3378 1124/1663/3380
f 1124/1663/3380 1122/1661/3378 1123/1662/3379
f 1125/1664/3381 1121/1660/3377 1124/1663/3380
f 1121/1660/3377 1125/1664/3381 1118/1656/3374
f 1126/1665/3382 1118/1656/3374 1125/1664/3381
f 1119/1657/3375 1118/1656/3374 1126/1665/3382
f 1127/1666/3383 1119/1657/3375 1126/1665/3382
f 1120/1658/3376 1119/1657/3375 1127/1666/3383
f 1120/1659/3376 328/1667/2584 338/1653/2594
f 1120/1659/3376 1127/1668/3383 328/1667/2584
f 1127/1666/3383 1126/1665/3382 327/1669/2583
f 328/1667/2584 1127/1668/3383 327/1670/2583
f 1126/1665/3382 1128/1672/3384 326/1671/2582
f 1125/1664/3381 1128/1672/3384 1126/1665/3382
f 327/1669/2583 1126/1665/3382 326/1671/2582
f 1124/1663/3380 1129/1673/3385 1125/1664/3381
f 1129/1673/3385 1128/1672/3384 1125/1664/3381
f 1123/1662/3379 1129/1673/3385 1124/1663/3380
f 226/297/2482 250/339/2506 1123/1662/3379
f 250/339/2506 1129/1673/3385 1123/1662/3379
f 1130/1674/3386 1129/1673/3385 250/339/2506
f 1128/1672/3384 1129/1673/3385 1130/1674/3386
f 306/410/2562 1128/1672/3384 1130/1674/3386
f 326/1671/2582 1128/1672/3384 306/410/2562
f 306/410/2562 1130/1674/3386 278/369/2534
f 278/369/2534 1130/1674/3386 260/350/2516
f 1130/1674/3386 250/339/2506 260/350/2516

# End of Object "CaveWalls4_E"
