# Created with Anim8or 1.00
# Object "CavePlatform2_4":

mtllib CavePlatform2_4.mtl

# Shape "CavePlatform2-4":
g CavePlatform2-4
# No. points 758:
v -8.169 -2.5288 -14.418
v -8.036 -3.4004 -14.193
v -7.316 -2.5498 -14.719
v -9.224 -2.509 -14.262
v -8.077 -1.4704 -14.564
v -6.209 -3.60357 -14.358
v -6.328 -2.0723 -14.644
v -7.028 -1.4655 -14.797
v -9.216 -3.93661 -13.726
v -7.592 -4.52946 -12.666
v -9.413 -0.87430 -14.229
v -10.429 -1.768 -13.594
v -10.435 -3.1853 -13.382
v -8.165 0.29960 -14.472
v -7.245 -0.37750 -14.814
v -6.157 -0.64390 -14.585
v -5.022 -1.8918 -14.201
v -4.341 -3.4312 -13.721
v -5.185 -4.49987 -12.681
v -5.582 -4.50118 -10.362
v -8.921 -4.49646 -10.481
v -9.958 -4.34046 -12.402
v -11.218 -2.4116 -12.877
v -11.489 -3.55849 -12.44
v -11.336 -1.1918 -12.804
v -10.449 -0.49520 -13.529
v -9.816 0.62250 -14.013
v -4.883 -0.12700 -13.959
v -4.071 -1.036 -13.448
v -3.739 -2.1554 -13.339
v -3.196 -3.1482 -13.09
v -3.705 -4.05712 -12.618
v -4.33 -4.46519 -11.81
v -11.384 -4.429 -11.028
v -12.24 -2.3301 -12.016
v -12.348 -3.57871 -11.684
v -11.21 0.50230 -12.865
v -12.324 -0.63230 -11.917
v -10.266 2.0723 -13.445
v -8.663 2.0202 -14.047
v -6.929 1.7338 -14.55
v -7.26 0.57500 -14.716
v -6.652 0.46100 -14.79
v -5.734 0.86520 -14.451
v -3.448 0.31830 -13.245
v -2.847 -1.0672 -13.35
v -2.508 -2.2347 -13.241
v -2.193 -3.1115 -13.016
v -2.59 -3.87154 -12.73
v -2.962 -4.5213 -11.53
v -5 -4.48155 -6.6633
v -2.692 -4.59852 -9.2305
v -1.151 -4.25219 -10.848
v -1.396 -3.4995 -12.307
v -1.668 -2.4447 -12.732
v -1.70399 -1.3526 -12.816
v -1.99 0.00260 -12.789
v -2.365 1.1082 -12.923
v -4.57 1.6759 -13.579
v -3.241 1.5713 -13.108
v -3.582 2.3302 -12.892
v -5.666 1.9256 -14.183
v -5.61 3.1211 -13.691
v -4.328 2.9459 -13.073
v -2.281 2.3196 -12.69
v -1.091 1.1751 -12.135
v -0.73400 -0.33070 -12.071
v -0.69700 -1.9151 -11.877
v -0.02200 -3.1969 -11.575
v -0.68300 -4.5848 -9.2845
v 0.43300 -4.22819 -10.598
v -0.99200 -4.48067 -6.4104
v -3.962 -4.48395 -2.277
v -0.96300 -4.4838 -3.3516
v 0.76900 -4.49843 -8.9127
v 2.107 -4.64266 -10.486
v 1.47701 -3.56081 -11.892
v 1.033 -2.0802 -12.174
v 0.61700 -0.83130 -12.045
v 1.117 0.79590 -12.393
v -1.133 2.4789 -11.614
v 0.37200 2.2214 -11.64
v -1.994 3.4287 -11.714
v -3.294 3.304 -12.37
v -0.25400 3.0472 -11.009
v -1.095 3.3461 -11.102
v 1.445 2.1751 -12.262
v 1.702 3.1648 -11.652
v 0.68000 3.2172 -11.146
v 2.013 -0.79500 -12.774
v 2.577 -2.3456 -12.802
v 3.222 -3.91488 -12.125
v 2.955 -4.49469 -7.7371
v 3.996 -4.70405 -10.507
v 1.564 -4.48374 -3.6187
v 5.344 -4.48289 -4.4579
v 5.382 -4.51737 -7.3443
v 5.146 -4.57733 -9.1899
v 5.304 -4.19592 -10.659
v 4.8 -3.63835 -11.748
v 4.149 -2.4041 -12.312
v 3.707 -0.93560 -12.559
v 3.197 0.60290 -12.67
v 2.77 2.2787 -12.358
v 2.597 4.1613 -10.56
v 3.027 3.4128 -11.559
v 1.272 3.9172 -10.806
v 0.29500 3.8846 -10.551
v 1.21 4.4758 -9.4056
v 2.794 4.5717 -8.9372
v 4.266 4.4398 -9.5741
v 3.798 3.9095 -10.94
v 4.095 3.0702 -11.606
v 4.416 1.7675 -12.022
v 4.77 0.25500 -12.069
v 4.967 -1.1981 -11.846
v 5.162 -2.4075 -11.64
v 5.738 -3.1612 -11.05
v 6.692 -4.22502 -8.4707
v 6.233 -3.91768 -10.0607
v 6.765 -4.50886 -6.4826
v 7.845 -4.47872 -4.8992
v 8.442 -4.3973 -7.0901
v 7.7 -3.2084 -8.7713
v 6.98 -3.3286 -9.6166
v 6.43 -2.8253 -10.328
v 6.022 -1.7137 -10.948
v 5.777 -0.23500 -11.345
v 5.918 1.3881 -11.115
v 5.138 2.6426 -11.27
v 4.958 3.6951 -10.73
v 5.879 3.9714 -9.5497
v 6.008 2.9158 -10.495
v 6.752 1.1993 -10.331
v 6.806 2.0849 -10.0822
v 6.689 -0.02800 -10.297
v 7.08 -1.8979 -9.6612
v 8.72701 -2.9504 -8.3645
v 7.914 -1.933 -8.6641
v 9.345 -4.47057 -4.9205
v 10.016 -4.5553 -6.2605
v 9.997 -4.05229 -7.9007
v 9.144 -4.48362 -1.6197
v 11.033 -4.49606 -4.7026
v 11.223 -4.50198 -6.5997
v 11.804 -4.55131 -8.0445
v 9.694 -2.3971 -8.9291
v 10.893 -3.3561 -9.3482
v 8.814 -1.3902 -8.345
v 7.857 -0.25690 -8.9045
v 7.376 1.1964 -9.6375
v 8.18501 1.398 -8.7762
v 7.525 2.4517 -8.9176
v 9.12 0.75350 -8.5165
v 8.917 -0.32400 -8.3678
v 9.968 -0.49550 -9.0625
v 10.727 -1.8138 -9.4896
v 11.995 -2.1628 -9.9254
v 12.644 -3.78978 -9.5005
v 13.177 -4.48472 -6.0295
v 13.457 -4.47163 -8.0718
v 13.135 -4.46616 -2.764
v 14.341 -4.37882 -7.1579
v 14.503 -4.0751 -8.0044
v 14.223 -3.63141 -8.9577
v 13.592 -2.3277 -9.5186
v 11.495 -0.62620 -9.8523
v 13.048 -0.81650 -9.8021
v 10.152 1.0553 -9.1386
v 11.176 0.78910 -9.6462
v 12.611 0.68590 -9.746
v 13.876 0.46990 -9.0789
v 14.289 -1.0251 -8.8759
v 14.746 -2.4092 -8.4887
v 14.999 -3.4212 -8.1263
v 15.257 -3.93493 -7.3571
v 15.396 -4.44114 -6.1026
v 14.859 -4.60899 -4.416
v 15.708 -4.4652 -2.7056
v 15.057 -4.5592 -0.32541
v 12.677 -4.47796 0.47058
v 16.943 -4.26273 0.42682
v 16.775 -4.4136 -1.3612
v 16.775 -4.09618 -2.5442
v 16.476 -4.25802 -4.3724
v 16.664 -4.27373 -3.2155
v 16.702 -3.65797 -6.0666
v 15.873 -3.73641 -6.7669
v 15.772 -2.7671 -7.1702
v 15.426 -1.2593 -7.7786
v 15.06 0.20670 -8.0687
v 14.686 1.6892 -8.253
v 13.464 2.0317 -9.0773
v 12.177 1.8655 -9.6381
v 14.243 2.6744 -8.2312
v 12.312 3.1541 -8.9232
v 13.539 3.1115 -8.4047
v 15.658 1.4932 -7.1348
v 15.035 2.8068 -7.3373
v 16.222 -0.03610 -6.697
v 16.269 -1.4882 -6.7092
v 17.35 -3.0847 -4.6782
v 16.935 -2.2793 -5.8976
v 17.259 -3.60592 -3.2661
v 17.358 -3.77374 -2.125
v 17.83 -3.62464 -0.96179
v 17.489 -2.7729 -2.273
v 17.825 -2.5832 -3.5793
v 17.64 -1.8139 -4.6264
v 17.015 -0.99530 -5.7305
v 15.858 2.4937 -6.4562
v 14.531 4.0132 -6.6607
v 15.514 3.3378 -6.3629
v 14.218 3.4627 -7.8012
v 13.255 3.955 -7.7694
v 14.154 4.3742 -4.7577
v 15.591 3.8665 -5.3577
v 12.879 4.537 -6.1987
v 16.205 2.999 -5.7078
v 16.853 1.7336 -5.7039
v 17.15 0.20290 -5.48
v 17.689 -0.53820 -4.5128
v 17.822 -1.317 -2.794
v 18.019 -2.117 -0.95371
v 17.97 -2.8856 0.87771
v 17.988 -1.2024 0.50881
v 17.962 -0.49830 -1.03338
v 17.894 0.10080 -2.2813
v 17.999 0.01970 -3.3908
v 17.641 0.77960 -4.4066
v 16.867 3.2369 -4.3682
v 17.565 1.9627 -4.0979
v 15.671 4.3424 -3.6438
v 13.828 4.4854 -2.3329
v 12.078 4.432 -4.1925
v 11.326 4.5894 -5.8985
v 11.542 4.2623 -7.6247
v 9.848 4.3267 -6.7329
v 10.196 3.7722 -7.9617
v 10.736 3.2403 -8.7168
v 10.067 4.4083 -4.6649
v 10.009 4.4098 -1.2395
v 15.702 4.2488 -2.0157
v 16.733 3.6412 -2.5366
v 17.583 2.437 -2.7183
v 17.957 1.1199 -3.0336
v 17.863 1.1932 -1.2749
v 18.067 -1.5482 1.9892
v 18.002 -0.38990 1.4957
v 17.996 0.30290 0.33432
v 17.334 2.8458 -0.93739
v 16.504 3.8528 -1.1773
v 15.484 4.3753 -0.32829
v 13.119 4.5279 0.14020
v 8.74 4.3607 -5.7011
v 8.173 3.8401 -6.9808
v 9.092 3.3342 -7.8131
v 9.821 3.0285 -8.3391
v 10.997 2.1415 -9.4245
v 9.775 2.1134 -8.8111
v 9.157 2.5876 -8.4029
v 7.968 3.0117 -7.8128
v 8.432 2.3367 -8.1414
v 7.543 4.3749 -5.9071
v 6.885 4.3435 -6.995
v 7.043 3.7332 -8.2878
v 7.941 4.4074 -4.187
v 11.642 4.3974 1.1081
v 16.782 3.6454 -0.05291
v 17.823 1.7268 0.42140
v 17.37 2.8622 0.74400
v 16.767 3.9002 1.446
v 14.727 4.5262 1.8545
v 12.975 4.4949 1.8017
v 5.68501 4.4364 -5.6192
v 5.647 4.378 -7.9587
v 6.74 3.1422 -9.5359
v 8.934 1.8218 -8.4547
v 3.812 4.4166 -7.4173
v 2.333 4.4123 -4.6752
v 5.246 4.4085 -1.9953
v 9.882 4.4063 2.5575
v 2.034 4.4016 -7.5508
v -0.08400 4.4528 -7.1457
v -1.034 4.4125 -3.6959
v 0.19800 4.4138 0.86970
v 5.604 4.4112 2.7637
v 11.903 4.4372 2.477
v 11.488 4.4856 3.6411
v 10.273 4.375 4.5139
v 8.152 4.4261 5.0038
v -0.43000 4.3352 -9.6279
v -2.031 4.4863 -8.8407
v -0.59900 3.7042 -10.571
v -1.503 4.0762 -10.568
v -2.925 4.4173 -5.9322
v 9.918 4.5247 5.8763
v 8.089 4.3607 7.6079
v 11.933 4.125 5.2117
v 13.343 4.106 3.4003
v 12.931 3.3036 5.8862
v 13.468 3.1534 4.9333
v 10.831 4.3652 7.2419
v 12.513 3.616 6.7152
v -6.005 4.4087 -5.8715
v -4.306 4.4835 -8.4823
v -6.702 4.4015 -8.6712
v -4.722 4.4109 -1.7893
v 9.65 3.9417 8.5715
v 8.48 3.8645 9.0325
v -5.392 4.5558 -10.645
v -7.346 4.5339 -10.707
v -8.479 4.4945 -9.3085
v -8.81 4.4121 -6.9878
v -8.701 4.4116 -3.5047
v -9.169 4.5071 -10.885
v -8.15 4.212 -12.209
v -10.454 4.7068 -9.2356
v -10.618 4.0107 -11.199
v -9.6 4.0717 -12.163
v -10.486 4.4696 -7.3649
v -10.987 4.462 -5.5328
v 5.221 4.3996 6.7123
v -12.179 4.5282 -6.2324
v -11.846 4.4854 -7.5996
v -12.105 4.219 -9.3181
v -11.601 3.9192 -10.381
v -11.714 2.8276 -11.338
v -10.625 3.1981 -12.473
v -9.12 3.2897 -13.133
v -11.424 1.9041 -12.348
v -12.98 1.8461 -10.917
v -12.192 1.9158 -11.704
v -12.626 3.2232 -10.142
v -13.245 3.5552 -8.6229
v -13.305 4.261 -6.6942
v -12.574 4.5206 -5.0892
v -12.388 4.446 -2.2509
v -14.089 4.5734 -4.7411
v -14.619 3.8732 -6.324
v -14.326 3.2174 -7.4995
v -14.144 2.2876 -8.6166
v -13.476 2.4373 -9.6372
v -12.305 0.90990 -11.82
v -13.153 0.08510 -10.838
v -13.824 1.0063 -9.5208
v -13.806 -0.80080 -9.6951
v -14.742 1.2081 -8.1487
v -14.592 -0.17860 -8.5468
v -14.918 2.2601 -7.7087
v -15.4 2.9072 -6.639
v -15.334 3.692 -5.4305
v -14.422 4.4515 -3.0369
v -15.377 4.0552 -4.0755
v -15.713 4.3578 -2.503
v -16.456 3.4405 -3.7111
v -15.975 3.2879 -4.7953
v -15.817 2.838 -5.5725
v -16.001 2.1184 -6.093
v -15.635 1.6309 -7.1217
v -15.543 0.26230 -7.4229
v -14.475 -1.6246 -8.6526
v -15.379 -1.2046 -7.6776
v -16.326 0.85080 -5.9286
v -16.287 -0.79750 -6.4534
v -16.45 2.2508 -4.8365
v -17.056 3.2731 -1.871
v -17.28 2.2901 -3.4321
v -14.508 4.474 -1.64
v -15.71 4.1734 -0.70591
v -9.182 4.4216 0.92100
v -5.141 4.4137 3.7789
v -9.034 4.4273 4.7676
v -11.051 4.4489 3.2034
v -12.377 4.5195 1.3314
v -14.199 4.5429 0.05451
v -15.479 3.8155 1.0335
v -16.57 3.0185 0.14078
v -17.377 1.4973 -0.69337
v -17.752 1.9416 -2.1958
v -17.695 1.2273 -2.9793
v -17.12 0.84320 -4.1922
v -16.636 -0.50020 -4.9503
v -16.54 -2.0593 -5.279
v -16.146 -2.2542 -6.8444
v -17.447 -0.39430 -4.0463
v -17.348 -1.4539 -4.3545
v -17.831 0.07370 -2.9358
v -17.892 0.87740 -1.9183
v -17.509 0.34040 -1.05235
v -16.889 1.7769 1.1342
v -17.276 0.47520 0.61708
v -17.366 0.32450 -0.37407
v -16.013 2.7931 1.6853
v -14.251 4.1368 2.1954
v -15.232 3.3837 2.198
v -12.862 4.2273 3.5889
v -11.389 4.2654 5.2376
v -12.655 3.7093 4.8173
v -13.385 3.4265 4.2356
v -13.978 3.6156 3.4937
v -14.654 3.2946 3.0259
v -15.254 2.5247 2.8586
v -16.018 1.6655 2.4026
v -16.582 0.64980 1.956
v -16.796 -0.60690 1.5933
v -17.419 -0.88310 -0.33662
v -17.927 -0.09240 -1.6517
v -17.959 -1.025 -2.0602
v -17.911 -1.1328 -3.3565
v -18.067 -1.9568 -2.641
v -17.84 -2.264 -3.5886
v -17.752 -2.2234 -1.4629
v -16.809 -2.0894 1.4648
v -17.176 -2.9367 0.01766
v -16.18 -0.24100 2.5988
v -16.129 -1.4292 2.705
v -15.878 0.58300 2.883
v -15.145 1.2489 3.6881
v -14.19 2.5153 4.1285
v -12.804 2.7678 4.9813
v -12.301 3.5916 5.9304
v -12.928 2.7178 6.5646
v -13.118 1.3062 5.3573
v -14.192 1.3217 4.4727
v -13.996 0.10840 4.5664
v -15.27 -0.45860 3.5942
v -15.208 -2.0989 3.668
v -15.985 -2.846 2.8209
v -16.464 -3.68734 1.633
v -16.421 -4.26365 0.41685
v -16.796 -4.03562 -0.61643
v -17.876 -3.2087 -2.5947
v -17.49 -3.4421 -1.2587
v -16.648 -4.42062 -1.9378
v -17.566 -3.2131 -3.7975
v -17.156 -4.08762 -3.3737
v -15.432 -4.56223 -0.51119
v -14.901 -4.62292 1.2292
v -15.102 -4.17771 2.9348
v -15.083 -3.2651 3.7945
v -14.212 -1.4916 4.4604
v -14.215 -2.7955 4.4041
v -13.081 -0.04480 5.427
v -13.467 1.4575 7.3809
v -13.428 -0.34550 6.7923
v -13.149 -1.0976 5.3094
v -13.249 -2.4084 5.0987
v -13.323 -3.3295 4.9178
v -13.972 -3.93654 4.2118
v -12.687 -4.56994 3.0084
v -12.602 -4.49465 -0.31294
v -14.644 -4.57128 -1.9032
v -15.486 -4.62352 -3.573
v -16.8 -3.67859 -4.7237
v -17.295 -2.531 -4.3811
v -16.039 -3.3337 -5.9809
v -15.162 -4.33127 -5.2809
v -13.003 -4.48473 -3.5369
v -14.325 -4.47791 -4.3687
v -12.508 -4.15043 5.2093
v -13.218 -3.4112 6.0386
v -13.428 -2.1289 6.4373
v -13.858 -0.85540 8.4282
v -13.911 -1.9752 7.8732
v -13.788 0.35600 8.5099
v -12.96 -0.69640 9.5763
v -13.391 -1.7564 8.9822
v -13.327 -2.9874 8.9585
v -13.55 -3.4588 7.5074
v -12.402 -4.32342 6.9949
v -11.194 -4.51625 6.303
v -10.829 -4.54559 4.7099
v -8.45399 -4.47615 2.4355
v -13.64 -4.56634 -5.1626
v -9 -4.48362 -3.4811
v -9.358 -4.49345 6.4084
v -10.903 -4.53327 8.0591
v -12.529 -4.30786 8.7224
v -12.686 -2.2789 9.8974
v -12.496 -3.61119 9.911
v -12.034 -1.3919 10.84
v -11.984 -3.0747 10.967
v -11.144 -4.3771 10.196
v -8.82 -4.51666 9.3767
v -2.317 -4.48384 2.9603
v -6.005 -4.48192 7.1364
v -8.048 -4.35939 11.622
v -6.526 -4.57894 10.598
v -9.671 -4.29638 11.464
v -10.918 -3.63707 11.614
v -11.074 -2.1995 11.832
v -9.906 -2.9803 12.332
v -8.633 -3.4822 12.445
v -6.759 -4.11301 12.339
v -7.603 -3.70244 12.654
v -5.344 -4.52923 12.342
v -3.828 -4.5 10.337
v -1.936 -4.48234 7.4187
v -3.617 -4.51279 12.745
v -4.766 -3.77396 13.928
v -6.043 -3.74377 13.276
v -6.752 -3.2876 12.954
v -7.497 -2.6246 12.849
v -8.68999 -2.0744 12.552
v -7.325 -0.73960 12.962
v -5.877 -2.3323 13.599
v -3.706 -3.1276 14.413
v -3.385 -4.01403 14.106
v -4.457 -2.5652 14.249
v -2.175 -4.56236 11.82
v -1.927 -4.4191 13.576
v -0.93100 -4.48395 10.227
v 0.91400 -4.48385 5.4567
v 1.116 -4.4828 8.4367
v 1.098 -4.46539 10.422
v 0.18900 -4.42958 11.133
v -0.37400 -4.48433 12.196
v -2.466 -3.1719 14.757
v -1.161 -3.3548 14.303
v -0.27900 -3.78617 13.489
v -3.386 -1.9469 14.61
v -4.574 -1.4799 14.209
v -5.319 -0.41920 13.867
v -3.577 -0.32900 14.49
v -4.23 1.2598 14.229
v -2.593 -1.0547 14.778
v -2.255 -1.9159 14.813
v -1.343 -2.2058 14.448
v -0.31800 -2.4882 13.762
v 0.25300 -3.8555 12.81
v 0.70800 -2.8225 12.837
v 0.98200 -4.29125 11.696
v 0.68600 -3.82113 12.406
v 4.577 -4.4882 7.3055
v 3.037 -4.48089 9.8267
v 2.44 -4.43991 11.372
v 2.031 -3.68081 12.692
v 1.466 -1.5129 13.096
v 0.44100 -1.3922 13.157
v 2.1 -2.2772 13.037
v -0.48800 -0.99760 14.002
v -1.599 -1.0703 14.57
v -2.139 -0.06560 14.757
v -2.68999 1.0599 14.793
v -1.447 0.95310 14.458
v -1.132 -0.09640 14.378
v 0.25900 -0.28060 13.215
v 1.353 -0.19330 13.045
v 2.69 -0.82890 12.88
v 3.547 -2.2646 12.733
v 3.698 -3.86357 12.239
v 3.894 -4.46107 11.177
v 5.345 -4.60822 10.47
v 4.951 -4.07777 11.829
v 5.018 -2.8197 12.241
v 4.009 -0.73590 12.576
v 5.056 -1.3225 12.286
v 0.57800 0.63450 13.017
v -0.28800 0.60880 13.81
v -1.935 1.9939 14.516
v -0.83600 2.0502 13.971
v -2.958 2.1753 14.56
v -3.721 2.5724 13.999
v -2.111 3.3861 13.871
v -0.32700 3.0393 12.96
v 0.38800 1.8233 13.112
v 1.404 1.2401 12.961
v 2.458 0.82520 12.883
v 3.72 0.58840 12.588
v 5.063 0.18420 12.224
v 6.515 -0.49830 11.365
v 6.027 -1.9964 11.723
v 6.115 -3.2498 11.534
v 6.928 -4.49536 9.4336
v 7.177 -3.54535 10.677
v 7.523 -4.49978 7.9212
v 8.273 -4.48509 5.4475
v 8.132 -3.78384 10.115
v 8.502 -4.25459 9.2589
v 7.134 -2.1168 11.027
v 8.596 -2.452 10.266
v 5.962 0.94980 11.596
v 6.83 0.89810 11.017
v 4.864 1.8108 12.157
v 3.226 2.0243 12.539
v 2.125 1.958 12.8
v 1.349 2.2498 12.766
v 0.76100 2.7493 12.516
v -0.90000 4.2443 11.656
v 0.60300 3.7147 12.155
v 2.079 3.2317 12.163
v 3.94901 3.1142 11.774
v 5.252 3.0254 11.461
v 6.294 2.1033 11.089
v 7.642 1.5005 10.476
v 7.614 0.31420 10.653
v 8.028 -0.88230 10.5
v 9.175 -1.0268 10.119
v 9.057 -3.52775 9.951
v 9.93501 -1.7711 9.7984
v 9.715 -2.8654 9.7983
v 9.031 0.52020 10.143
v 10.023 -0.55050 9.7621
v 7.318 2.7643 10.183
v 8.587 2.1997 9.95
v 6.014 3.5782 10.513
v 4.779 3.856 10.891
v 3.387 4.1796 10.683
v 1.315 4.5397 10.383
v -0.42300 4.6751 9.3564
v 1.411 4.3921 6.6222
v 3.242 4.5298 8.7835
v 5.432 4.4225 9.2954
v 7.258 3.8039 9.4301
v 8.197 3.2093 9.6919
v 9.191 3.0729 9.3671
v 9.864 1.9832 9.7117
v 10.779 0.56650 9.427
v 10.939 -1.0613 9.279
v 10.871 -2.68 9.2569
v 9.86 -3.85115 9.4463
v 10.829 -4.08942 8.786
v 9.333 -4.53389 8.1044
v 11.992 -1.6779 8.5586
v 11.904 -3.2889 8.3669
v 11.805 -0.27570 8.673
v 11.148 2.1176 9.053
v 12.038 1.1509 8.4374
v 10.346 3.0479 9.0382
v -1.818 4.4446 5.4864
v -1.431 4.3191 7.9119
v -3.99 4.3641 8.0192
v -7.231 4.4156 7.798
v -2.324 4.4998 9.949
v -4.002 4.4413 10.422
v -5.72 4.5352 10.142
v -3.082 4.3972 11.998
v -4.888 4.3409 11.9
v -4.154 3.6171 13.27
v -5.73 3.5199 12.88
v -6.42 4.1114 11.843
v -7.75 4.4271 10.632
v -8.902 4.4692 9.1666
v -9.91199 4.4185 7.3941
v -11.48 4.1791 6.828
v -10.335 4.4437 9.3588
v -11.286 4.3504 8.2094
v -9.373 4.3116 10.526
v -7.566 3.4689 12.221
v -8.918 3.5859 11.647
v -6.656 3.4405 12.595
v -5.18999 2.482 13.699
v -6.798 2.4758 12.998
v -6.107 1.0616 13.499
v -7.507 1.0907 12.911
v -8.498 2.1428 12.366
v -9.903 3.6326 11.131
v -10.119 2.6331 11.783
v -10.255 3.9495 10.399
v -10.861 3.7607 9.951
v -11.254 3.9016 9.2433
v -12.051 3.7868 8.7506
v -12.277 3.7215 7.441
v -12.988 2.8148 8.4772
v -11.678 3.0449 9.8646
v -10.73 3.3276 10.783
v -11.319 2.4933 11.021
v -9.922 1.0218 12.218
v -11.139 1.3328 11.469
v -8.646 0.40170 12.512
v -8.846 -0.86110 12.479
v -9.70399 -0.27920 12.373
v -10.975 -0.40980 11.79
v -11.843 1.6777 10.728
v -12.13 0.41690 10.59
v -11.861 2.2705 10.429
v -12.504 1.8061 9.8186
v -13.391 1.5196 8.7962
v -12.975 0.69740 9.4398
v -9.925 -1.5309 12.378
v 10.866 3.6757 8.3158
v 11.299 3.0097 8.5425
v 11.854 3.3662 7.7674
v 11.95 2.4409 8.3214
v 12.804 2.1197 7.2707
v 12.988 2.9022 6.4769
v 13.373 2.4265 6.0294
v 13.534 0.86830 6.1473
v 12.783 -0.35550 7.431
v 14.116 1.9414 5.1075
v 13.444 -0.45970 6.3441
v 14.426 0.75970 5.1571
v 14.182 -0.53600 5.5524
v 13.432 -1.7748 6.4522
v 15.213 0.14100 4.8912
v 15.522 1.549 4.5899
v 14.875 3.1176 4.1306
v 14.785 4.0626 3.2227
v 15.399 -1.2611 4.9296
v 14.268 -1.922 5.606
v 12.708 -2.3487 7.5659
v 13.064 -3.1054 6.8328
v 13.826 -3.3147 5.9866
v 12.465 -3.70515 7.4731
v 12.447 -4.11872 6.3901
v 14.746 -2.6272 5.1887
v 12.847 -4.54061 4.922
v 14.575 -3.90901 4.816
v 15.976 -2.8664 4.5
v 16.581 0.25130 4.2427
v 16.808 -1.3722 4.0424
v 16.292 2.7536 3.9607
v 16.852 1.7709 3.9216
v 15.944 3.7908 3.0797
v 17.164 2.7368 2.7807
v 17.537 1.2354 2.9643
v 17.632 -0.34430 2.8944
v 17.596 -1.6939 3.1649
v 17.129 -2.5132 3.714
v 16.926 -3.8146 3.4354
v 15.569 -4.40336 3.8582
v 13.807 -4.62032 2.9616
v 11.111 -4.53023 5.4756
v 10.828 -4.4872 2.8894
v 11.096 -4.5607 7.2978
v 15.795 -4.70675 2.031
v 14.341 -4.46897 1.299
v 17.671 -2.7757 2.6136
v 17.419 -4.00079 2.0085
v 17.884 0.78860 1.6844
v 17.676 2.0751 1.7456
v 17.369 2.9238 1.6939
v 8.012 -4.48494 2.0657
v 3.823 -4.48349 1.4754
v -0.44900 -4.48383 -0.95498
v -11.667 -4.47569 -6.2217
v -8.432 -4.48111 -7.7369
v -10.966 -4.51526 -8.8923
v -12.66 -4.24677 -9.7609
v -13.057 -4.44557 -8.129
v -14.014 -4.6041 -6.5744
v -14.717 -3.85732 -7.8392
v -13.901 -3.49207 -9.0504
v -13.365 -3.2139 -10.308
v -12.745 -3.8912 -10.882
v -12.85 -2.9711 -11.181
v -13.899 -2.2873 -9.5936
v -13.247 -1.754 -10.873
v -14.431 -3.1184 -8.2838
v -14.326 -2.6203 -8.7168
v -15.088 -2.589 -7.8978
v -15.421 -4.19731 -6.6237
v -15.772 -3.3652 -7.2074
v -7.5 3.4437 -13.672
v -6.396 4.3618 -12.409
v -4.587 4.0459 -12.431
v -3.205 4.4508 -10.895

# No. normals 2270:
vn -0.32538 -0.28259 -0.90237
vn -0.14584 -0.26809 -0.95229
vn -0.14742 -0.12257 -0.98145
vn -0.33328 -0.10035 -0.93747
vn 0.15585 -0.16964 -0.97310
vn -0.12920 -0.44013 -0.88859
vn 0.12528 -0.10425 -0.98663
vn -0.21676 -0.01265 -0.97614
vn -0.20567 -0.34499 -0.91580
vn -0.14138 -0.81520 -0.56165
vn 0.11358 -0.78280 -0.61182
vn -0.24698 -0.00899 -0.96898
vn -0.50351 -0.04079 -0.86303
vn -0.53775 -0.12250 -0.83416
vn -0.43422 -0.31876 -0.84252
vn -0.22649 0.03932 -0.97322
vn -0.32693 0.03284 -0.94448
vn -0.21620 -0.05835 -0.97460
vn 0.21223 0.02707 -0.97684
vn 0.22455 0.01336 -0.97437
vn 0.32114 0.00067 -0.94703
vn 0.33594 -0.14764 -0.93024
vn 0.33128 -0.14420 -0.93245
vn 0.00786 -0.87991 -0.47508
vn 0.26774 -0.77220 -0.57621
vn 0.01230 -0.999923 0.00154
vn -0.00191 -0.999901 0.01394
vn -0.08354 -0.99586 -0.03577
vn -0.11312 -0.93089 -0.34734
vn -0.55099 -0.66037 -0.51022
vn -0.63140 -0.14133 -0.76247
vn -0.61559 -0.11403 -0.77977
vn -0.33443 -0.68616 -0.64602
vn -0.66367 -0.01945 -0.74777
vn -0.64606 0.02880 -0.76275
vn -0.55098 0.03393 -0.83383
vn -0.25432 0.07072 -0.96453
vn -0.56812 -0.03431 -0.82223
vn 0.40870 0.09232 -0.90799
vn 0.58274 0.06518 -0.81004
vn 0.56798 0.08878 -0.81824
vn 0.55574 -0.01334 -0.83125
vn 0.47483 0.03920 -0.87920
vn 0.25531 -0.77030 -0.58434
vn 0.49430 -0.60231 -0.62681
vn 0.03501 -0.999372 0.00543
vn 0.28742 -0.92587 -0.24527
vn -0.01060 -0.99711 -0.07525
vn -0.39460 -0.79497 -0.46076
vn -0.64470 -0.13440 -0.75253
vn -0.65213 -0.14162 -0.74476
vn -0.38830 -0.79706 -0.46252
vn -0.64499 -0.01667 -0.76401
vn -0.64218 0.02017 -0.76629
vn -0.66091 0.02215 -0.75014
vn -0.66466 0.01068 -0.74707
vn -0.63686 0.02703 -0.77050
vn -0.33297 0.25257 -0.90848
vn -0.23317 0.16905 -0.95763
vn -0.63763 0.10127 -0.76366
vn -0.24986 0.16342 -0.95439
vn -0.31633 0.22246 -0.92219
vn -0.28564 0.09363 -0.95375
vn 0.18136 -0.10026 -0.97829
vn -0.10167 0.10023 -0.98976
vn 0.35245 -0.01571 -0.93570
vn 0.45643 -0.04905 -0.88841
vn 0.46410 -0.08128 -0.88205
vn 0.08212 0.11068 -0.99046
vn 0.07772 -0.07376 -0.99424
vn 0.07460 -0.07120 -0.99467
vn 0.06417 -0.20961 -0.97568
vn 0.07979 -0.22078 -0.97205
vn 0.08193 -0.38820 -0.91792
vn -0.01377 -0.45474 -0.89052
vn 0.04878 -0.90624 -0.41995
vn 0.10266 -0.88770 -0.44883
vn -0.03047 -0.99823 -0.05116
vn -0.03808 -0.999211 0.01129
vn -0.02151 -0.999287 -0.03103
vn 0.16612 -0.98470 -0.05257
vn 0.30217 -0.82554 -0.47663
vn 0.38804 -0.85547 -0.34292
vn 0.42371 -0.50442 -0.75235
vn 0.61396 -0.15364 -0.77424
vn 0.51116 -0.03672 -0.85870
vn 0.43132 0.04110 -0.90126
vn 0.50855 -0.04936 -0.85962
vn 0.33353 0.21425 -0.91807
vn 0.44332 0.11128 -0.88943
vn 0.29539 -0.01559 -0.95525
vn 0.41253 0.11874 -0.90317
vn 0.33697 0.04715 -0.94034
vn 0.23962 0.06632 -0.96860
vn 0.56362 0.07553 -0.82257
vn 0.33442 0.39394 -0.85614
vn 0.51203 0.30628 -0.80250
vn 0.44793 0.25595 -0.85665
vn 0.42715 0.26325 -0.86501
vn 0.50597 0.18071 -0.84341
vn 0.14739 0.33146 -0.93188
vn 0.28512 0.16194 -0.94471
vn 0.51694 0.12698 -0.84655
vn 0.52178 0.07397 -0.84987
vn 0.51733 0.12604 -0.84645
vn 0.51138 0.08489 -0.85515
vn 0.67109 -0.03484 -0.74056
vn 0.65679 -0.07652 -0.75018
vn 0.69003 -0.11028 -0.71533
vn 0.46376 0.03565 -0.88524
vn 0.42146 -0.77514 -0.47066
vn 0.00108 -0.97805 -0.20839
vn 0.04980 -0.97376 -0.22206
vn 0.12786 -0.65178 -0.74755
vn -0.00251 -0.999061 0.04326
vn 0.00782 -0.999283 0.03705
vn 0.00026 -1 -0.00061
vn -0.00032 -0.999999 -0.00102
vn 0.04876 -0.99795 0.04140
vn 0.10369 -0.97863 -0.17760
vn -0.23205 -0.96661 -0.10873
vn -0.16498 -0.81603 -0.55397
vn -0.30646 -0.72241 -0.61984
vn -0.18984 -0.31876 -0.92863
vn -0.25894 -0.25508 -0.93160
vn -0.02615 -0.12210 -0.99217
vn -0.16466 0.04692 -0.98523
vn -0.12801 -0.07239 -0.98913
vn -0.05277 -0.19331 -0.97972
vn 0.04763 0.37197 -0.92702
vn -0.02553 0.45646 -0.88938
vn 0.62807 0.30611 -0.71542
vn 0.57637 0.45071 -0.68166
vn 0.32331 0.57661 -0.75032
vn 0.14162 0.43482 -0.88931
vn 0.09822 0.65016 -0.75343
vn 0.53856 0.41076 -0.73568
vn 0.26365 0.48183 -0.83566
vn -0.39952 0.55395 -0.73043
vn -0.36300 0.50177 -0.78515
vn -0.21282 0.48626 -0.84750
vn -0.48539 0.19636 -0.85196
vn -0.46139 -0.04769 -0.88591
vn -0.46073 -0.06202 -0.88537
vn -0.39229 -0.12624 -0.91114
vn -0.40281 -0.28637 -0.86933
vn -0.20837 -0.45837 -0.86399
vn -0.23602 -0.81839 -0.52396
vn -0.03257 -0.99743 0.06374
vn -0.03171 -0.99748 0.06348
vn -0.03412 -0.90460 -0.42489
vn -0.00153 -0.999981 0.00602
vn -0.00300 -0.999994 0.00165
vn -0.00008 -0.999999 -0.00102
vn 0.00088 -0.999995 0.00296
vn -0.01125 -0.999867 0.01180
vn -0.01490 -0.999298 0.03437
vn 0.01646 -0.99654 0.08151
vn 0.33398 -0.92045 -0.20305
vn 0.25252 -0.80887 -0.53101
vn 0.26676 -0.80979 -0.52258
vn 0.27581 -0.28294 -0.91863
vn 0.26914 -0.27923 -0.92173
vn 0.13099 0.06551 -0.98922
vn 0.29439 -0.07169 -0.95299
vn -0.11459 0.16987 -0.97878
vn 0.12334 -0.03068 -0.99189
vn -0.08060 0.11323 -0.99029
vn -0.11649 0.15302 -0.98133
vn -0.10278 0.54112 -0.83464
vn -0.10121 0.77478 -0.62407
vn -0.01299 0.74388 -0.66818
vn -0.05222 0.58304 -0.81077
vn -0.32235 0.62004 -0.71529
vn -0.22483 0.57295 -0.78815
vn -0.22025 0.57525 -0.78777
vn -0.10081 0.92256 -0.37246
vn -0.12785 0.91925 -0.37234
vn -0.01826 0.96984 -0.24305
vn 0.07215 0.92119 -0.38237
vn -0.02522 0.79480 -0.60635
vn 0.01431 0.96896 -0.24679
vn 0.17573 0.64933 -0.73993
vn 0.13982 0.54892 -0.82410
vn 0.29167 0.35545 -0.88802
vn 0.26552 0.24143 -0.93339
vn 0.37690 0.11677 -0.91887
vn 0.36689 0.05462 -0.92866
vn 0.48038 -0.06905 -0.87434
vn 0.49280 0.00197 -0.87014
vn 0.55191 -0.05277 -0.83223
vn 0.55040 -0.08903 -0.83014
vn 0.63081 -0.11824 -0.76688
vn 0.66685 -0.49139 -0.56022
vn 0.22065 -0.97535 0.00347
vn 0.33177 -0.90375 -0.27047
vn 0.39264 -0.89957 -0.19132
vn -0.00128 -0.999928 0.01193
vn 0.09587 -0.98490 -0.14413
vn 0.00449 -0.999862 0.01597
vn 0.05876 -0.99805 -0.02108
vn 0.01446 -0.98978 -0.14184
vn 0.44283 -0.62823 -0.63971
vn 0.58834 -0.70201 -0.40130
vn 0.69713 -0.63916 -0.32479
vn 0.64735 -0.28929 -0.70515
vn 0.57112 -0.48876 -0.65950
vn 0.75480 -0.28114 -0.59265
vn 0.74094 -0.09856 -0.66430
vn 0.66218 -0.07740 -0.74534
vn 0.64008 -0.02758 -0.76782
vn 0.56712 -0.04929 -0.82216
vn 0.61306 -0.10852 -0.78255
vn 0.53876 0.15185 -0.82866
vn 0.60194 0.06054 -0.79625
vn 0.54552 0.23997 -0.80301
vn 0.41843 0.36824 -0.83025
vn 0.25014 0.65460 -0.71339
vn 0.43903 0.46844 -0.76669
vn 0.23802 0.87512 -0.42131
vn 0.56555 0.58746 -0.57883
vn 0.26029 0.87511 -0.40797
vn 0.50528 0.46077 -0.72965
vn 0.59054 0.27336 -0.75930
vn 0.69505 0.15486 -0.70208
vn 0.64088 0.25595 -0.72371
vn 0.75130 0.02817 -0.65936
vn 0.67724 -0.05509 -0.73370
vn 0.75822 -0.04893 -0.65016
vn 0.76718 -0.05682 -0.63891
vn 0.76483 -0.07609 -0.63973
vn 0.76322 -0.07336 -0.64196
vn 0.76435 -0.07339 -0.64061
vn 0.36450 0.01710 -0.93105
vn 0.41586 -0.64585 -0.64027
vn 0.76365 -0.07422 -0.64135
vn 0.00492 -0.999347 -0.03580
vn -0.10520 -0.99440 0.01020
vn 0.05881 -0.95421 -0.29331
vn -0.25554 -0.61018 -0.74992
vn 0.00538 -0.999979 -0.00363
vn -0.01447 -0.999884 -0.00483
vn -0.02182 -0.99840 0.05221
vn 0.04631 -0.99890 0.00775
vn -0.04001 -0.95542 -0.29254
vn -0.27105 -0.95954 -0.07624
vn -0.17007 -0.54233 -0.82277
vn -0.26315 -0.79567 -0.54558
vn -0.61173 -0.49525 -0.61686
vn -0.52066 0.03969 -0.85284
vn 0.33796 -0.00708 -0.94114
vn 0.39399 -0.11735 -0.91159
vn 0.76423 -0.06603 -0.64155
vn 0.75975 -0.06124 -0.64733
vn 0.74206 -0.05659 -0.66794
vn 0.75775 -0.07608 -0.64809
vn 0.73623 0.14105 -0.66186
vn 0.65320 0.31686 -0.68770
vn 0.79466 0.22826 -0.56250
vn 0.73655 -0.09406 -0.66981
vn 0.27970 0.01898 -0.95990
vn 0.43210 -0.20268 -0.87875
vn 0.44770 -0.06232 -0.89201
vn -0.53819 0.01844 -0.84262
vn -0.48024 0.00767 -0.87710
vn -0.41651 -0.12736 -0.90017
vn -0.35267 -0.12300 -0.92763
vn -0.15789 -0.30800 -0.93819
vn -0.24503 -0.79385 -0.55657
vn -0.00101 -0.999431 0.03372
vn 0.04815 -0.99884 0.00020
vn 0.03571 -0.89386 -0.44692
vn 0.00770 -0.999963 0.00389
vn 0.00671 -0.999944 0.00815
vn 0.00888 -0.999944 0.00580
vn 0.09729 -0.99523 0.00696
vn 0.35711 -0.89882 -0.25415
vn 0.33827 -0.81124 -0.47693
vn 0.26404 -0.80341 -0.53368
vn 0.22814 -0.15982 -0.96042
vn 0.33692 -0.22976 -0.91307
vn 0.03963 0.06035 -0.99739
vn 0.23635 -0.09631 -0.96688
vn -0.34057 -0.06620 -0.93789
vn -0.45762 0.02448 -0.88881
vn -0.54710 0.03497 -0.83634
vn -0.55262 -0.01089 -0.83336
vn -0.44234 0.00848 -0.89681
vn -0.45747 0.02632 -0.88883
vn -0.52042 0.01985 -0.85368
vn -0.05943 0.13072 -0.98964
vn 0.03819 0.04838 -0.99810
vn 0.48235 0.17237 -0.85885
vn 0.60341 0.05871 -0.79527
vn 0.60408 0.06851 -0.79397
vn 0.66626 0.01139 -0.74564
vn 0.66590 0.00133 -0.74604
vn 0.73700 -0.05693 -0.67349
vn 0.66015 -0.58790 -0.46752
vn 0.37837 -0.89192 -0.24761
vn 0.59713 -0.56001 -0.57430
vn 0.01708 -0.99697 -0.07595
vn 0.33358 -0.86083 -0.38432
vn -0.07813 -0.99693 0.00466
vn 0.01646 -0.99545 -0.09383
vn -0.00155 -0.99642 0.08453
vn 0.00126 -0.999234 -0.03912
vn -0.03709 -0.999272 -0.00890
vn 0.12698 -0.98932 0.07155
vn 0.07277 -0.99716 -0.01948
vn 0.34967 -0.90487 -0.24279
vn 0.21266 -0.97685 -0.02344
vn 0.17475 -0.98373 -0.04176
vn 0.29333 -0.93511 0.19882
vn 0.21278 -0.97666 -0.02945
vn 0.50542 -0.83237 -0.22739
vn 0.46456 -0.75329 -0.46556
vn 0.57989 -0.73118 -0.35930
vn 0.71078 -0.20580 -0.67263
vn 0.83151 -0.29095 -0.47322
vn 0.78567 -0.02494 -0.61814
vn 0.69730 0.02989 -0.71615
vn 0.77725 -0.07377 -0.62485
vn 0.65720 0.07979 -0.74948
vn 0.69752 0.03249 -0.71583
vn 0.58188 0.15432 -0.79850
vn 0.65662 0.07232 -0.75075
vn 0.47960 0.12740 -0.86819
vn 0.36616 0.21748 -0.90478
vn -0.06440 0.06738 -0.99565
vn 0.58959 0.28186 -0.75693
vn 0.31165 0.43580 -0.84437
vn 0.35628 0.47606 -0.80401
vn 0.46478 0.44466 -0.76568
vn 0.75057 0.26249 -0.60642
vn 0.68437 0.32220 -0.65408
vn 0.75961 0.11199 -0.64067
vn 0.76788 0.10215 -0.63240
vn 0.76706 0.06520 -0.63825
vn 0.77522 -0.07518 -0.62720
vn 0.78815 0.03068 -0.61472
vn 0.63988 -0.23742 -0.73088
vn 0.91721 -0.10800 -0.38349
vn 0.78261 -0.61227 -0.11245
vn 0.74590 -0.04460 -0.66457
vn 0.73558 -0.66512 -0.12857
vn 0.76624 -0.61728 -0.17847
vn 0.74758 -0.66217 0.05152
vn 0.56677 -0.80661 -0.16780
vn 0.58458 -0.78362 -0.21026
vn 0.59599 -0.80291 0.01175
vn 0.62898 -0.76127 -0.15764
vn 0.92025 -0.17240 -0.35131
vn 0.98374 -0.14452 -0.10660
vn 0.88353 -0.43889 0.16353
vn 0.84913 -0.51093 -0.13387
vn 0.92935 -0.19942 -0.31071
vn 0.88658 -0.18504 -0.42394
vn 0.87307 0.00905 -0.48751
vn 0.78731 0.03109 -0.61577
vn 0.74692 -0.05130 -0.66293
vn 0.74995 0.26205 -0.60738
vn 0.57070 0.56996 -0.59114
vn 0.74161 0.36448 -0.56318
vn 0.70003 0.54875 -0.45699
vn 0.66624 0.37328 -0.64558
vn 0.46121 0.43612 -0.77271
vn 0.30185 0.63632 -0.70992
vn 0.31890 0.63638 -0.70237
vn 0.38538 0.78517 -0.48475
vn 0.28409 0.95073 -0.12407
vn 0.59771 0.68978 -0.40859
vn 0.26696 0.95513 -0.12830
vn 0.21313 0.93168 -0.29420
vn 0.67358 0.63164 -0.38382
vn 0.72870 0.36128 -0.58179
vn 0.72317 0.36853 -0.58413
vn 0.70897 0.29329 -0.64136
vn 0.75638 0.09361 -0.64741
vn 0.78759 0.06315 -0.61296
vn 0.79093 0.03856 -0.61068
vn 0.78743 0.03066 -0.61564
vn 0.87445 0.00289 -0.48510
vn 0.87331 0.00983 -0.48707
vn 0.99542 -0.03016 -0.09069
vn 0.98997 0.07614 -0.11897
vn 0.96376 -0.13895 0.22772
vn 0.92856 -0.29364 -0.22705
vn 0.94027 -0.11616 -0.31999
vn 0.99193 -0.12421 -0.02559
vn 0.75482 -0.62651 0.19426
vn 0.999381 0.03516 -0.00080
vn 0.999685 -0.00532 0.02452
vn 0.99517 0.03046 -0.09330
vn 0.99740 -0.02642 -0.06703
vn 0.99120 -0.08655 0.10013
vn 0.96517 -0.20202 -0.16622
vn 0.95442 0.05836 -0.29271
vn 0.89284 0.06840 -0.44515
vn 0.88214 0.10397 -0.45937
vn 0.78998 0.40312 -0.46198
vn 0.83041 0.36573 -0.42032
vn 0.89235 0.16675 -0.41940
vn 0.64538 0.63070 -0.43094
vn 0.57455 0.78132 -0.24377
vn 0.21831 0.93763 -0.27054
vn 0.04963 0.99800 -0.03910
vn 0.01592 0.99892 -0.04367
vn 0.04705 0.99637 0.07093
vn 0.04735 0.99635 0.07105
vn -0.00291 0.98245 -0.18653
vn 0.14190 0.93880 -0.31389
vn 0.08844 0.78295 -0.61576
vn -0.06470 0.97895 -0.19360
vn -0.20388 0.86941 -0.45006
vn -0.04617 0.74615 -0.66418
vn -0.12231 0.76811 -0.62853
vn -0.03708 0.99346 0.10800
vn -0.16310 0.98637 -0.02165
vn -0.02206 0.999725 -0.00794
vn -0.01164 0.999932 -0.00063
vn 0.11593 0.99174 0.05481
vn 0.52190 0.85211 0.03905
vn 0.63263 0.76470 -0.12251
vn 0.81006 0.58224 -0.06926
vn 0.87934 0.44668 -0.16504
vn 0.94813 0.29660 -0.11434
vn 0.95920 0.12746 -0.25236
vn 0.96093 0.11798 -0.25040
vn 0.99558 0.00760 0.09366
vn 0.99812 0.05438 -0.02828
vn 0.99829 -0.02165 0.05426
vn 0.99799 -0.02355 -0.05876
vn 0.99994 -0.00635 -0.00895
vn 0.99832 0.03701 -0.04463
vn 0.999763 -0.00768 -0.02036
vn 0.99723 0.05059 -0.05443
vn 0.95415 0.29186 0.06641
vn 0.96369 0.26395 0.04051
vn 0.81550 0.57846 -0.01876
vn 0.48670 0.87192 -0.05373
vn 0.76783 0.63996 0.02974
vn 0.45010 0.89294 -0.00879
vn 0.13451 0.98928 -0.05679
vn 0.06466 0.99791 0.00139
vn -0.02691 0.999328 -0.02489
vn -0.00551 0.99923 -0.03884
vn -0.22989 0.93278 -0.27761
vn -0.37963 0.79820 -0.46771
vn -0.13352 0.77457 -0.61824
vn -0.32269 0.55265 -0.76841
vn -0.42272 0.57049 -0.70416
vn -0.08212 0.52579 -0.84664
vn -0.41462 0.42109 -0.80671
vn -0.42774 0.43124 -0.79440
vn -0.30763 0.57320 -0.75948
vn -0.21985 0.45590 -0.86245
vn -0.20628 0.71834 -0.66440
vn -0.10766 0.37436 -0.92101
vn -0.44409 0.53129 -0.72147
vn 0.08068 0.91028 -0.40606
vn 0.35559 0.90300 -0.24113
vn 0.34218 0.86517 -0.36661
vn 0.65884 0.44566 -0.60607
vn -0.00834 0.999345 -0.03523
vn 0.01574 0.999622 -0.02253
vn -0.00052 1 -0.00045
vn -0.05815 0.99726 0.04572
vn 0.48294 0.87465 0.04193
vn 0.77833 0.62306 -0.07751
vn 0.94478 0.31833 -0.07786
vn 0.99248 0.12149 -0.01481
vn 0.92623 0.37622 -0.02350
vn 0.81062 0.58512 -0.02306
vn 0.50767 0.85019 -0.13944
vn 0.83597 0.54233 -0.08383
vn 0.30013 0.95313 0.03819
vn 0.05443 0.99726 -0.05007
vn -0.01841 0.999664 0.01826
vn -0.07962 0.99674 0.01290
vn 0.02911 0.999248 -0.02561
vn 0.02614 0.99866 -0.04463
vn 0.04783 0.99852 -0.02570
vn 0.31499 0.87255 -0.37341
vn 0.67367 0.51424 -0.53078
vn 0.76298 0.49265 -0.41851
vn 0.37797 0.90872 -0.17712
vn 0.62207 0.63839 -0.45331
vn 0.54532 0.63897 -0.54254
vn 0.64096 0.30708 -0.70347
vn -0.38683 0.17390 -0.90561
vn 0.04561 0.55134 -0.83303
vn -0.43754 0.18691 -0.87956
vn -0.38607 -0.01386 -0.92236
vn 0.33734 0.11280 -0.93460
vn -0.53037 0.07247 -0.84467
vn -0.44775 0.11493 -0.88674
vn -0.42300 0.09179 -0.90147
vn -0.04361 0.48816 -0.87167
vn -0.14420 0.14147 -0.97938
vn 0.74818 0.34084 -0.56926
vn 0.57236 0.58475 -0.57487
vn 0.69747 0.36284 -0.61797
vn 0.27602 0.94011 -0.20001
vn 0.01360 0.999591 -0.02517
vn 0.02580 0.999536 0.01618
vn -0.00796 0.999965 -0.00272
vn 0.00740 0.999936 0.00859
vn -0.00016 1 -0.00070
vn 0.00598 0.999981 0.00112
vn -0.00520 0.999961 0.00707
vn -0.00822 0.999962 -0.00287
vn -0.01684 0.99349 0.11266
vn 0.10310 0.99414 0.03240
vn 0.02300 0.999717 -0.00611
vn 0.02931 0.999207 0.02695
vn -0.08279 0.99362 0.07653
vn 0.00376 0.999912 0.01272
vn 0.00115 0.999999 0.00017
vn -0.00002 1 -0.00028
vn 0.00070 1 -0.00062
vn -0.00019 1 -0.00055
vn 0.00119 0.999999 0.00096
vn -0.01632 0.99953 -0.02595
vn -0.06935 0.99715 0.02981
vn -0.01717 0.99872 -0.04764
vn 0.02655 0.99959 0.01069
vn 0.00078 0.999971 -0.00754
vn -0.08052 0.99610 -0.03597
vn -0.01580 0.89359 -0.44861
vn 0.06627 0.99620 -0.05644
vn -0.15637 0.83363 -0.52973
vn -0.02555 0.97085 -0.23831
vn 0.31203 0.76284 -0.56631
vn -0.00851 0.99992 0.00934
vn -0.00272 0.999734 0.02288
vn -0.06726 0.99746 0.02342
vn -0.00136 0.99398 -0.10957
vn 0.17430 0.98270 -0.06256
vn 0.05996 0.97646 0.20720
vn 0.21773 0.96291 0.15939
vn 0.20439 0.97836 0.03219
vn 0.54922 0.81586 0.18091
vn 0.19052 0.98160 -0.01272
vn 0.43758 0.88939 0.13229
vn 0.62635 0.77923 0.02218
vn 0.53948 0.73419 0.41223
vn 0.01273 0.99411 0.10760
vn -0.00226 0.999628 0.02717
vn 0.00263 0.999696 0.02453
vn -0.03468 0.99938 0.00606
vn -0.00279 0.999996 0.00034
vn 0.00047 0.999998 0.00175
vn -0.00051 1 -0.00015
vn 0.04359 0.94008 0.33815
vn 0.06094 0.94768 0.31336
vn -0.03830 0.99788 0.05259
vn -0.01337 0.99752 0.06910
vn 0.03266 0.99798 0.05457
vn 0.00248 0.999992 -0.00319
vn 0.03762 0.99846 0.04082
vn 0.00117 0.999999 0.00011
vn 0.00047 1 -0.00069
vn -0.01617 0.999756 0.01507
vn 0.00642 0.97707 -0.21283
vn 0.10541 0.99370 -0.03819
vn -0.24879 0.91924 -0.30512
vn -0.10128 0.95164 -0.29005
vn -0.27119 0.93533 -0.22720
vn 0.10859 0.99279 0.05074
vn 0.00571 0.99203 0.12588
vn 0.02254 0.999746 -0.00056
vn 0.03142 0.999425 0.01274
vn -0.00777 0.999967 0.00218
vn 0.06452 0.99780 -0.01552
vn 0.01041 0.999921 0.00699
vn -0.01015 0.99203 0.12561
vn -0.27685 0.95501 -0.10632
vn -0.32630 0.89918 -0.29154
vn -0.24627 0.89600 -0.36950
vn -0.55173 0.58137 -0.59799
vn -0.48712 0.73752 -0.46774
vn -0.64524 0.64571 -0.40831
vn -0.09346 0.75200 -0.65250
vn -0.34016 0.64270 -0.68646
vn -0.72432 0.39248 -0.56684
vn -0.36564 0.53872 -0.75901
vn -0.67038 0.35077 -0.65387
vn -0.61429 0.54939 -0.56641
vn -0.59809 0.50429 -0.62288
vn -0.53903 0.58612 -0.60491
vn -0.53552 0.54104 -0.64846
vn -0.56945 0.68004 -0.46183
vn -0.52612 0.84880 -0.05229
vn -0.63135 0.66307 -0.40217
vn -0.19933 0.97673 -0.07913
vn -0.34147 0.87917 -0.33235
vn 0.04288 0.99885 0.02146
vn -0.20531 0.97657 -0.06445
vn 0.04342 0.99878 0.02341
vn 0.01285 0.999864 0.01036
vn 0.04024 0.99891 0.02362
vn -0.00207 0.98732 -0.15875
vn -0.34367 0.89598 -0.28127
vn -0.55512 0.77539 -0.30102
vn -0.37334 0.76744 -0.52120
vn -0.69667 0.49149 -0.52259
vn -0.74482 0.52620 -0.41032
vn -0.73809 0.53062 -0.41672
vn -0.72925 0.46825 -0.49893
vn -0.77556 0.04795 -0.62945
vn -0.70468 0.15890 -0.69150
vn -0.88605 0.18075 -0.42690
vn -0.87054 0.06363 -0.48797
vn -0.63299 0.15849 -0.75776
vn -0.77598 0.04911 -0.62884
vn -0.64454 0.17601 -0.74403
vn -0.67870 0.05443 -0.73240
vn -0.87975 0.03696 -0.47400
vn -0.83647 0.16080 -0.52389
vn -0.80080 0.19872 -0.56500
vn -0.82403 0.07219 -0.56193
vn -0.81193 0.04803 -0.58178
vn -0.65580 0.52426 -0.54321
vn -0.75548 0.14120 -0.63978
vn -0.58563 0.63695 -0.50132
vn -0.62191 0.51375 -0.59101
vn -0.48269 0.84923 -0.21404
vn -0.65062 0.65263 -0.38829
vn -0.02313 0.99750 0.06683
vn -0.37649 0.92639 -0.00730
vn -0.46742 0.85007 -0.24269
vn -0.16062 0.96230 -0.21950
vn -0.54376 0.79491 -0.26915
vn -0.66347 0.71716 -0.21329
vn -0.55018 0.75782 -0.35074
vn -0.74855 0.49645 -0.43956
vn -0.81323 0.50734 -0.28505
vn -0.84743 0.43590 -0.30306
vn -0.83272 0.32333 -0.44950
vn -0.75759 0.34828 -0.55205
vn -0.70857 0.16809 -0.68532
vn -0.73018 0.09968 -0.67594
vn -0.73653 0.11184 -0.66710
vn -0.83159 -0.02670 -0.55475
vn -0.75752 0.02855 -0.65218
vn -0.73539 -0.00993 -0.67757
vn -0.87722 0.04620 -0.47785
vn -0.85340 0.13970 -0.50219
vn -0.80080 0.01443 -0.59876
vn -0.89751 0.17777 -0.40357
vn -0.82121 0.45708 -0.34161
vn -0.91797 0.19022 -0.34807
vn -0.82833 0.39516 -0.39714
vn -0.81927 0.39186 -0.41862
vn -0.66287 0.73368 -0.14940
vn -0.81766 0.53276 -0.21815
vn -0.76873 0.43747 -0.46656
vn -0.16686 0.98080 0.10092
vn -0.08103 0.99649 -0.02104
vn -0.60241 0.79391 0.08247
vn 0.00872 0.999841 -0.01557
vn 0.00889 0.99996 -0.00129
vn 0.00110 0.999997 -0.00214
vn 0.00219 0.999998 -0.00034
vn 0.00309 0.999994 -0.00160
vn 0.01222 0.999923 -0.00195
vn 0.03251 0.999364 0.01466
vn 0.02798 0.999396 -0.02059
vn 0.02727 0.999416 -0.02059
vn 0.00142 0.999163 -0.04088
vn -0.23953 0.97088 0.00420
vn -0.33991 0.91123 0.23264
vn -0.69061 0.68480 0.23262
vn -0.67895 0.68983 0.25132
vn -0.90466 0.33672 0.26116
vn -0.86787 0.37384 0.32717
vn -0.85121 0.49049 -0.18672
vn -0.92752 0.24015 -0.28642
vn -0.87539 0.14540 -0.46104
vn -0.84601 0.17163 -0.50479
vn -0.88408 0.23624 -0.40323
vn -0.90539 -0.09234 -0.41441
vn -0.97045 0.05206 -0.23562
vn -0.97456 -0.01284 -0.22374
vn -0.97020 -0.02935 -0.24054
vn -0.78578 0.08826 -0.61217
vn -0.73093 0.12676 -0.67058
vn -0.73275 0.11454 -0.67079
vn -0.71507 0.10178 -0.69161
vn -0.88905 0.08787 -0.44930
vn -0.89984 0.19157 -0.39189
vn -0.98413 0.08952 -0.15321
vn -0.98309 0.11039 -0.14613
vn -0.93531 0.19928 0.29238
vn -0.91844 -0.01782 0.39516
vn -0.90650 0.38005 0.18391
vn -0.95473 0.19438 0.22519
vn -0.99599 0.01467 0.08821
vn -0.97717 0.04722 0.20712
vn -0.72171 0.59857 0.34763
vn -0.79440 0.49061 0.35808
vn -0.39071 0.90608 0.16238
vn -0.56011 0.73096 0.38985
vn -0.70293 0.60528 0.37354
vn -0.11530 0.97644 0.18242
vn -0.09830 0.98939 0.10694
vn -0.15771 0.98306 0.09336
vn -0.05224 0.99534 0.08111
vn -0.10606 0.99176 0.07184
vn -0.47735 0.77798 0.40850
vn -0.58872 0.70453 0.39630
vn -0.46469 0.78363 0.41230
vn -0.44054 0.72036 0.53573
vn -0.60495 0.68680 0.40292
vn -0.54171 0.70721 0.45431
vn -0.71428 0.43805 0.54582
vn -0.70180 0.44548 0.55590
vn -0.75635 0.35350 0.55043
vn -0.74291 0.36163 0.56331
vn -0.80040 0.19524 0.56678
vn -0.88908 0.08569 0.44966
vn -0.88868 0.01911 0.45814
vn -0.93854 -0.12664 0.32110
vn -0.99544 0.04627 0.08335
vn -0.86069 0.16360 0.48213
vn -0.99724 0.01607 -0.07248
vn -0.99580 0.06320 -0.06627
vn -0.99574 0.08124 -0.04363
vn -0.89805 0.19674 -0.39345
vn -0.85963 0.06701 -0.50650
vn -0.98826 0.14486 -0.04864
vn -0.97342 -0.01420 -0.22858
vn -0.86310 0.04896 -0.50265
vn -0.94697 -0.10111 0.30501
vn -0.95379 -0.01519 0.30008
vn -0.96756 -0.04304 0.24896
vn -0.86591 0.20358 0.45690
vn -0.97707 0.04931 0.20715
vn -0.95070 -0.01849 0.30955
vn -0.95757 -0.06486 0.28082
vn -0.85168 -0.00621 0.52402
vn -0.86826 -0.03528 0.49485
vn -0.85425 0.00979 0.51977
vn -0.77932 0.16721 0.60390
vn -0.79097 0.08071 0.60651
vn -0.72841 0.32864 0.60118
vn -0.72154 0.33302 0.60702
vn -0.69589 0.41495 0.58613
vn -0.64213 0.47215 0.60394
vn -0.62294 0.47751 0.61962
vn -0.53371 0.38288 0.75403
vn -0.65936 0.22908 0.71608
vn -0.45535 0.85857 0.23560
vn -0.92700 0.20178 0.31615
vn -0.82746 0.55954 -0.04713
vn -0.97883 0.19212 -0.07059
vn -0.53826 0.31657 0.78107
vn -0.61849 0.21868 0.75475
vn -0.63037 0.21607 0.74562
vn -0.60685 0.00072 0.79482
vn -0.63308 -0.04258 0.77291
vn -0.79199 0.15915 0.58943
vn -0.74673 0.01810 0.66488
vn -0.73379 0.03493 0.67848
vn -0.73457 0.02906 0.67791
vn -0.72133 0.00390 0.69258
vn -0.72883 -0.01808 0.68446
vn -0.86510 -0.04707 0.49939
vn -0.87911 -0.14191 0.45500
vn -0.92852 -0.16549 0.33237
vn -0.87727 -0.44503 0.17987
vn -0.87464 -0.43076 0.22237
vn -0.93895 -0.05245 0.34003
vn -0.96411 -0.13872 0.22639
vn -0.95498 -0.16387 0.24729
vn -0.94365 -0.15377 0.29304
vn -0.97095 -0.15488 -0.18238
vn -0.72344 -0.68457 0.08942
vn -0.94496 -0.21938 -0.24274
vn -0.84019 -0.49796 -0.21472
vn -0.72522 -0.68143 0.09854
vn -0.77944 -0.49275 0.38687
vn -0.70837 -0.69501 0.12316
vn -0.35390 -0.93209 -0.07726
vn -0.36604 -0.90366 0.22230
vn -0.40050 -0.83343 0.38079
vn -0.25153 -0.96689 0.04303
vn -0.70211 -0.41612 0.57783
vn -0.47347 -0.86428 0.16981
vn -0.73466 -0.00516 0.67841
vn -0.74322 -0.45049 0.49464
vn -0.62678 0.01136 0.77912
vn -0.58373 0.02546 0.81155
vn -0.60993 -0.03278 0.79178
vn -0.61499 0.03082 0.78793
vn -0.63554 -0.04314 0.77086
vn -0.68331 0.01894 0.72988
vn -0.94120 0.28365 -0.18353
vn -0.98441 0.03498 -0.17239
vn -0.96631 -0.03959 -0.25431
vn -0.96988 0.08801 -0.22712
vn -0.68790 -0.03654 0.72488
vn -0.63135 0.03390 0.77476
vn -0.60338 -0.08148 0.79328
vn -0.57444 -0.03399 0.81784
vn -0.54790 -0.11861 0.82809
vn -0.59265 -0.25498 0.76404
vn -0.46620 -0.24266 0.85075
vn -0.56562 -0.55920 0.60611
vn -0.16140 -0.93385 0.31918
vn -0.16283 -0.95919 0.23119
vn 0.04125 -0.99892 -0.02159
vn 0.02686 -0.99871 -0.04302
vn 0.02252 -0.999561 0.01925
vn -0.07431 -0.99660 -0.03559
vn -0.07598 -0.99469 0.06943
vn -0.31536 -0.94291 -0.10710
vn -0.76356 -0.53396 -0.36313
vn -0.32383 -0.87839 -0.35153
vn -0.79998 -0.17359 -0.57437
vn -0.83662 -0.12410 -0.53354
vn -0.84925 -0.04407 -0.52615
vn -0.73015 -0.11381 -0.67374
vn -0.46096 -0.74432 -0.48322
vn -0.42687 -0.87442 -0.23061
vn 0.05576 -0.99844 0.00312
vn 0.05697 -0.99349 -0.09868
vn 0.00923 -0.98592 -0.16696
vn 0.04416 -0.99899 -0.00857
vn -0.27468 -0.94018 0.20155
vn -0.56747 -0.28969 0.77075
vn -0.99339 0.06066 0.09749
vn -0.71234 -0.70166 0.01559
vn -0.98332 0.09949 -0.15227
vn -0.98609 -0.12886 -0.10496
vn -0.97798 0.04074 -0.20466
vn -0.96680 0.14873 -0.20777
vn -0.94373 0.06457 -0.32436
vn -0.97286 0.05253 -0.22536
vn -0.96993 0.07173 -0.23259
vn -0.78794 0.00400 0.61574
vn -0.87654 -0.17980 0.44648
vn -0.78557 -0.02706 0.61819
vn -0.92950 -0.28415 0.23515
vn -0.89981 -0.05511 0.43279
vn -0.94125 -0.15506 -0.30002
vn -0.97082 -0.08985 -0.22235
vn -0.63998 -0.74959 -0.16895
vn -0.73341 -0.67942 -0.02229
vn -0.20299 -0.97570 -0.08248
vn -0.23934 -0.97023 -0.03697
vn -0.16845 -0.96567 0.19776
vn 0.02099 -0.999743 -0.00861
vn 0.01915 -0.999571 -0.02217
vn -0.04859 -0.99643 0.06906
vn -0.15107 -0.98832 -0.02026
vn 0.00386 -0.999992 0.00091
vn 0.03204 -0.999482 0.00294
vn 0.01121 -0.999717 0.02098
vn 0.01310 -0.999844 -0.01186
vn -0.14916 -0.98870 0.01513
vn -0.13780 -0.99046 -0.00121
vn -0.61191 -0.79002 -0.03787
vn -0.79355 -0.53229 0.29487
vn -0.80555 -0.05324 0.59014
vn -0.78249 -0.10532 0.61370
vn -0.77960 -0.53062 0.33265
vn -0.79628 -0.01517 0.60474
vn -0.81225 -0.02237 0.58288
vn -0.82990 0.01743 0.55764
vn -0.86837 -0.11892 0.48145
vn -0.49227 -0.65611 0.57201
vn -0.51056 -0.73555 0.44530
vn -0.11313 -0.99178 0.05972
vn -0.03560 -0.99699 0.06885
vn 0.01459 -0.999839 -0.01046
vn -0.00038 -0.999999 0.00130
vn 0.00032 -0.999995 -0.00312
vn -0.00129 -0.999999 0.00043
vn 0.00418 -0.999985 -0.00340
vn -0.00120 -0.999999 -0.00060
vn 0.00535 -0.999947 -0.00879
vn -0.07827 -0.99226 0.09641
vn -0.01131 -0.999494 -0.02972
vn -0.04700 -0.99520 0.08587
vn -0.02655 -0.99520 0.09420
vn -0.36571 -0.79994 0.47576
vn -0.61318 -0.65600 0.44008
vn -0.70485 0.03254 0.70861
vn -0.57892 -0.18331 0.79451
vn -0.48746 -0.18238 0.85389
vn -0.20194 -0.56410 0.80063
vn -0.29047 -0.56244 0.77414
vn -0.09524 -0.71415 0.69348
vn 0.03793 -0.96403 0.26307
vn -0.17068 -0.79621 0.58045
vn -0.28180 -0.74971 0.59877
vn -0.27609 -0.93705 0.21383
vn 0.03003 -0.999516 0.00814
vn 0.02692 -0.99935 -0.02396
vn -0.00013 -1 0.00035
vn 0.00030 -0.999983 -0.00585
vn 0.01098 -0.99992 -0.00627
vn -0.27106 -0.82697 0.49260
vn -0.09818 -0.88413 0.45681
vn -0.24357 -0.82437 0.51098
vn -0.59864 -0.47532 0.64475
vn 0.00860 -0.59750 0.80182
vn -0.26464 -0.14642 0.95317
vn -0.22760 -0.15164 0.96188
vn -0.27702 -0.08397 0.95719
vn -0.11941 -0.08005 0.98961
vn -0.41764 -0.01635 0.90847
vn -0.36444 -0.26829 0.89174
vn -0.25639 -0.03451 0.96596
vn -0.48313 -0.14093 0.86413
vn -0.45249 -0.14802 0.87940
vn -0.18296 -0.38024 0.90661
vn -0.43002 -0.12743 0.89378
vn -0.32605 -0.16390 0.93104
vn -0.20506 -0.90718 0.36740
vn 0.01641 -0.99674 0.07900
vn -0.12587 -0.92435 0.36020
vn -0.03575 -0.999358 -0.00218
vn 0.00378 -0.99892 -0.04622
vn 0.00544 -0.999982 -0.00252
vn -0.00028 -1 0.00036
vn -0.00027 -1 0.00037
vn 0.00005 -1 -0.00059
vn 0.00830 -0.999926 0.00884
vn 0.00383 -0.99847 0.05518
vn 0.04604 -0.99885 -0.01322
vn 0.06302 -0.99785 -0.01802
vn 0.02700 -0.99663 0.07749
vn 0.17210 -0.63708 0.75134
vn 0.08463 -0.66558 0.74151
vn 0.34382 -0.83661 0.42647
vn 0.29478 -0.67451 0.67686
vn -0.25838 -0.39837 0.88008
vn -0.26919 -0.08707 0.95914
vn -0.27343 -0.08575 0.95806
vn -0.31965 0.00046 0.94753
vn -0.41775 -0.01155 0.90849
vn -0.42186 -0.00397 0.90665
vn -0.41014 -0.00813 0.91199
vn -0.33744 0.01593 0.94121
vn -0.33901 0.06452 0.93857
vn -0.30752 0.03423 0.95092
vn -0.25203 0.04196 0.96681
vn -0.17582 -0.02902 0.98399
vn -0.17627 -0.01427 0.98424
vn 0.34240 -0.09918 0.93430
vn 0.31920 -0.06872 0.94519
vn 0.55276 -0.01758 0.83316
vn 0.63331 -0.14102 0.76094
vn 0.72478 -0.33498 0.60207
vn 0.63740 -0.14021 0.75767
vn 0.41531 -0.81286 0.40839
vn 0.15151 -0.98802 0.02936
vn 0.32831 -0.71880 0.61282
vn 0.43070 -0.81268 0.39249
vn 0.07178 -0.98733 0.14149
vn -0.00141 -0.999999 0.00045
vn -0.00532 -0.999948 0.00872
vn -0.00077 -0.999997 0.00243
vn -0.07227 -0.98906 0.12861
vn 0.00017 -0.999647 0.02657
vn -0.02810 -0.83881 0.54370
vn 0.02395 -0.86340 0.50394
vn -0.15264 -0.38878 0.90860
vn 0.66175 -0.30933 0.68294
vn 0.03312 -0.21232 0.97664
vn -0.08439 -0.14609 0.98567
vn 0.66096 -0.04421 0.74911
vn -0.04690 -0.23625 0.97056
vn 0.54068 -0.07327 0.83803
vn 0.66165 -0.04505 0.74846
vn 0.45484 0.00686 0.89055
vn 0.36678 -0.01725 0.93015
vn 0.20514 0.11999 0.97135
vn 0.20319 -0.07253 0.97645
vn -0.20137 0.11309 0.97297
vn -0.16182 -0.11058 0.98060
vn -0.34230 0.01365 0.93949
vn 0.26692 0.10002 0.95851
vn 0.35261 0.01537 0.93564
vn 0.35296 0.03467 0.93500
vn 0.45705 -0.04403 0.88835
vn 0.68823 0.07503 0.72161
vn 0.15553 -0.02606 0.98749
vn 0.06452 0.04406 0.99694
vn 0.14602 0.05069 0.98798
vn 0.14823 0.04670 0.98785
vn 0.20146 -0.24312 0.94884
vn 0.20536 0.02241 0.97843
vn 0.22515 -0.26813 0.93670
vn 0.04380 -0.86012 0.50821
vn 0.05408 -0.86596 0.49718
vn -0.01159 -0.99969 0.02203
vn -0.07168 -0.99561 0.06011
vn -0.04776 -0.99851 -0.02628
vn 0.01218 -0.87050 0.49201
vn 0.09487 -0.91773 0.38572
vn 0.21219 -0.27011 0.93916
vn 0.24649 -0.31345 0.91706
vn 0.27502 0.01561 0.96131
vn 0.30463 -0.03634 0.95178
vn 0.22226 0.03290 0.97443
vn 0.13879 0.16297 0.97682
vn 0.67460 -0.07630 0.73423
vn 0.72937 -0.00905 0.68406
vn 0.53855 0.03358 0.84192
vn 0.50560 0.08632 0.85844
vn 0.26524 0.07078 0.96158
vn 0.43270 0.15337 0.88839
vn 0.50757 0.09734 0.85610
vn 0.08124 0.22247 0.97155
vn -0.32811 0.11697 0.93737
vn -0.44754 0.31987 0.83510
vn 0.11469 0.42950 0.89576
vn -0.24443 0.60307 0.75932
vn 0.38392 0.42767 0.81835
vn 0.57162 0.42392 0.70253
vn 0.46876 0.50181 0.72694
vn 0.58577 0.13340 0.79943
vn 0.67375 0.04876 0.73735
vn 0.11220 -0.06132 0.99179
vn 0.02545 0.05758 0.99802
vn 0.09515 0.05486 0.99395
vn 0.13017 0.01646 0.99136
vn 0.23301 0.03092 0.97198
vn 0.22176 0.03957 0.97430
vn 0.27565 0.05146 0.95988
vn 0.28649 0.03806 0.95733
vn 0.52024 0.03270 0.85340
vn 0.48108 -0.03853 0.87583
vn 0.51930 0.03489 0.85388
vn 0.43016 -0.30156 0.85090
vn 0.51350 -0.09258 0.85308
vn 0.59238 -0.67740 0.43614
vn 0.04002 -0.99807 -0.04757
vn 0.38813 -0.76817 0.50919
vn 0.32790 -0.69070 0.64453
vn -0.00420 -0.99999 0.00127
vn -0.00253 -0.999974 -0.00671
vn 0.14307 -0.80005 0.58262
vn 0.18545 -0.82502 0.53381
vn 0.15794 -0.98531 0.06501
vn 0.41459 -0.20476 0.88667
vn 0.44330 -0.25197 0.86023
vn 0.58815 -0.17571 0.78944
vn 0.52293 -0.09108 0.84749
vn 0.53423 0.02788 0.84488
vn 0.53157 0.06832 0.84425
vn 0.55643 0.08057 0.82698
vn 0.51258 0.09785 0.85305
vn 0.28153 0.07385 0.95671
vn 0.23984 0.11541 0.96393
vn 0.24694 0.11778 0.96185
vn 0.11487 0.10614 0.98769
vn 0.22079 0.13567 0.96584
vn 0.02886 0.19106 0.98115
vn 0.25368 0.19672 0.94707
vn 0.07720 0.51743 0.85224
vn 0.43301 0.35801 0.82724
vn 0.03961 0.74248 0.66870
vn 0.40957 0.75265 0.51553
vn 0.43433 0.37699 0.81807
vn 0.05132 0.49464 0.86758
vn 0.11420 0.36430 0.92425
vn 0.12941 0.44727 0.88499
vn 0.18109 0.44513 0.87697
vn 0.25789 0.43460 0.86291
vn 0.20819 0.46563 0.86014
vn 0.53562 0.28451 0.79509
vn 0.23874 0.42427 0.87350
vn 0.56173 0.19202 0.80472
vn 0.55213 0.19716 0.81011
vn 0.46555 0.15500 0.87134
vn 0.48882 0.11744 0.86445
vn 0.48340 0.10746 0.86878
vn 0.50779 0.06586 0.85896
vn 0.49810 0.00943 0.86707
vn 0.46819 0.03781 0.88282
vn 0.31184 -0.02873 0.94970
vn 0.22113 -0.18559 0.95742
vn 0.31185 -0.76920 0.55774
vn 0.34997 -0.04567 0.93565
vn 0.36160 -0.07278 0.92949
vn 0.34266 -0.12577 0.93100
vn 0.37788 0.02082 0.92562
vn 0.31688 0.01478 0.94835
vn 0.38819 -0.00058 0.92158
vn 0.33903 -0.00299 0.94077
vn 0.31855 0.13252 0.93860
vn 0.50618 0.31582 0.80252
vn 0.29500 0.28693 0.91140
vn 0.35953 0.19979 0.91150
vn 0.45050 0.39768 0.79931
vn 0.59467 0.38791 0.70420
vn 0.22117 0.63430 0.74077
vn 0.35182 0.65755 0.66622
vn 0.06856 0.73119 0.67872
vn 0.17981 0.74849 0.63830
vn 0.05866 0.81629 0.57466
vn 0.26816 0.82763 0.49307
vn 0.15204 0.87124 0.46672
vn -0.02870 0.98356 0.17830
vn 0.09903 0.99441 -0.03650
vn 0.14502 0.97495 0.16868
vn -0.02800 0.99881 -0.03992
vn 0.00591 0.98349 0.18087
vn 0.15380 0.90963 0.38590
vn 0.32156 0.84314 0.43094
vn 0.50207 0.52609 0.68641
vn 0.25266 0.84746 0.46687
vn 0.14869 0.58565 0.79681
vn 0.31682 0.34796 0.88236
vn 0.33401 0.35251 0.87417
vn 0.23494 0.42200 0.87562
vn 0.20799 0.16576 0.96398
vn 0.37847 0.02146 0.92536
vn 0.45001 -0.03689 0.89226
vn 0.46341 -0.00706 0.88612
vn 0.47702 -0.03203 0.87831
vn 0.43396 -0.08733 0.89669
vn 0.44311 -0.24296 0.86292
vn 0.44433 -0.24259 0.86239
vn 0.12536 -0.73268 0.66893
vn 0.48939 -0.28943 0.82263
vn 0.07158 -0.90007 0.42983
vn 0.21634 -0.90188 0.37390
vn 0.55046 -0.03451 0.83415
vn 0.52435 -0.28385 0.80280
vn 0.60357 -0.12664 0.78719
vn 0.58327 -0.01651 0.81211
vn 0.56806 0.00862 0.82295
vn 0.60325 0.04844 0.79608
vn 0.44473 0.10857 0.88906
vn 0.37710 0.05780 0.92437
vn 0.60857 0.03155 0.79287
vn 0.39688 0.35560 0.84619
vn 0.25569 0.43150 0.86512
vn 0.23351 0.58671 0.77540
vn 0.26852 0.56955 0.77686
vn 0.32179 0.59897 0.73327
vn 0.20628 0.64841 0.73281
vn 0.05544 0.94753 0.31482
vn 0.26919 0.87987 0.39162
vn 0.05199 0.99856 -0.01310
vn 0.01676 0.999807 -0.01023
vn -0.00047 0.99800 -0.06319
vn -0.00203 0.999994 0.00274
vn 0.00568 0.999665 0.02524
vn -0.00091 0.999992 0.00396
vn 0.01613 0.99987 0.00037
vn -0.00479 0.99995 -0.00876
vn -0.00205 0.99864 0.05200
vn -0.00031 1 -0.00053
vn -0.01779 0.999705 0.01652
vn 0.01537 0.999853 0.00752
vn 0.01960 0.99863 0.04854
vn -0.13604 0.97981 -0.14655
vn -0.10237 0.98009 -0.17011
vn 0.01408 0.99651 -0.08223
vn -0.04392 0.99851 -0.03230
vn 0.05971 0.99771 -0.03176
vn 0.02022 0.99775 -0.06394
vn -0.03370 0.99830 0.04761
vn -0.02314 0.99887 0.04146
vn 0.03951 0.99504 0.09128
vn 0.08217 0.99339 0.08014
vn -0.03556 0.98359 0.17689
vn 0.12861 0.89900 0.41863
vn -0.04688 0.86864 0.49322
vn -0.05367 0.87075 0.48879
vn -0.18308 0.82534 0.53413
vn -0.14305 0.81573 0.56047
vn -0.15227 0.97190 0.17948
vn 0.00742 0.96959 0.24462
vn -0.05664 0.99829 -0.01442
vn 0.03381 0.999426 0.00214
vn 0.00589 0.999472 -0.03195
vn 0.00055 0.999994 0.00353
vn 0.00389 0.999991 0.00155
vn -0.16627 0.98510 0.04394
vn -0.07274 0.99713 -0.02097
vn -0.02009 0.999651 -0.01715
vn -0.06538 0.99750 -0.02687
vn -0.11230 0.98793 -0.10674
vn -0.07646 0.99312 0.08864
vn -0.00234 0.99344 0.11436
vn -0.28120 0.80705 0.51923
vn -0.14954 0.83897 0.52323
vn -0.09527 0.81755 0.56793
vn -0.24978 0.76017 0.59980
vn -0.22613 0.76105 0.60801
vn -0.23492 0.52386 0.81877
vn -0.35690 0.45714 0.81464
vn -0.30050 0.40497 0.86354
vn -0.18980 0.50773 0.84035
vn -0.20257 0.50254 0.84049
vn -0.20846 0.24667 0.94641
vn -0.39674 0.12815 0.90894
vn -0.37029 0.10917 0.92248
vn -0.38111 0.13766 0.91422
vn -0.33678 0.40472 0.85016
vn -0.34308 0.33699 0.87678
vn -0.38637 0.36420 0.84739
vn -0.27819 0.75087 0.59900
vn -0.20587 0.38774 0.89849
vn -0.36245 0.56289 0.74282
vn -0.39583 0.81730 0.41874
vn -0.38776 0.76321 0.51687
vn -0.52764 0.75083 0.39730
vn -0.50755 0.78452 0.35626
vn -0.49863 0.75431 0.42708
vn -0.35833 0.85229 0.38106
vn -0.51688 0.85540 -0.03348
vn -0.56590 0.82252 0.05665
vn -0.58921 0.80792 0.01013
vn -0.53349 0.84338 -0.06405
vn -0.72971 0.67752 0.09215
vn -0.81519 0.57660 -0.05482
vn -0.82400 0.56548 -0.03554
vn -0.67214 0.49240 0.55297
vn -0.46187 0.65906 0.59356
vn -0.61031 0.64030 0.46640
vn -0.61836 0.65300 0.43729
vn -0.55224 0.70071 0.45171
vn -0.48098 0.69631 0.53274
vn -0.48800 0.54842 0.67904
vn -0.49439 0.54273 0.67899
vn -0.27056 0.21995 0.93724
vn -0.48395 0.17245 0.85794
vn -0.54070 0.22865 0.80955
vn -0.36783 0.13046 0.92069
vn -0.38705 0.10967 0.91551
vn -0.17834 0.09727 0.97915
vn -0.38743 -0.01284 0.92181
vn -0.32725 -0.00621 0.94492
vn -0.36558 0.03659 0.93006
vn -0.41216 0.00709 0.91108
vn -0.30427 0.02330 0.95230
vn -0.18389 0.08585 0.97919
vn -0.12654 -0.00588 0.99194
vn -0.50014 0.11113 0.85879
vn -0.41982 0.03769 0.90682
vn -0.67239 0.17349 0.71957
vn -0.70298 0.08270 0.70638
vn -0.69570 0.06628 0.71527
vn -0.72102 0.51126 0.46771
vn -0.64455 0.59279 0.48286
vn -0.75844 0.27501 0.59088
vn -0.75962 0.49064 0.42690
vn -0.68882 0.43783 0.57778
vn -0.75082 0.36861 0.54809
vn -0.92920 0.36648 -0.04774
vn -0.95150 0.30534 0.03770
vn -0.79558 0.11601 0.59464
vn -0.75891 0.27475 0.59040
vn -0.78459 0.12589 0.60710
vn -0.10726 0.02291 0.99397
vn -0.42227 0.07816 0.90309
vn -0.30393 0.01823 0.95252
vn -0.12028 0.04421 0.99176
vn -0.15382 -0.03336 0.98754
vn -0.45038 0.04584 0.89166
vn -0.41260 -0.03430 0.91027
vn -0.69756 0.06164 0.71387
vn -0.69465 0.05526 0.71722
vn -0.79491 0.04147 0.60531
vn -0.79902 0.05009 0.59922
vn -0.76760 0.10638 0.63204
vn -0.76576 0.10874 0.63387
vn -0.76163 0.05504 0.64567
vn -0.94854 0.31449 0.03714
vn 0.28862 0.61006 0.73792
vn 0.28488 0.81081 0.51130
vn 0.41013 0.52136 0.74831
vn 0.48785 0.74170 0.46031
vn 0.52914 0.56078 0.63681
vn 0.43720 0.38980 0.81050
vn 0.55513 0.34034 0.75895
vn 0.61419 0.45132 0.64736
vn 0.47787 0.73909 0.47476
vn 0.75311 0.35265 0.55540
vn 0.77038 0.38446 0.50863
vn 0.64468 0.11198 0.75620
vn 0.78739 0.10828 0.60688
vn 0.85141 0.26120 0.45484
vn 0.78041 0.34530 0.52128
vn 0.85154 0.02669 0.52361
vn 0.88982 0.12514 0.43882
vn 0.82409 0.02964 0.56568
vn 0.84292 0.47933 0.24439
vn 0.85186 0.46776 0.23566
vn 0.78968 0.47756 0.38515
vn 0.80056 0.46512 0.37784
vn 0.80389 0.12703 0.58105
vn 0.85506 0.01884 0.51819
vn 0.73665 0.22009 0.63946
vn 0.74493 0.06236 0.66422
vn 0.73297 0.05085 0.67835
vn 0.78459 -0.02584 0.61948
vn 0.85537 0.03468 0.51686
vn 0.73295 0.04908 0.67851
vn 0.44178 0.18465 0.87792
vn 0.39393 0.10885 0.91267
vn 0.37566 0.13702 0.91657
vn 0.46818 0.36592 0.80431
vn 0.41358 0.40880 0.81353
vn 0.29823 0.82143 0.48612
vn 0.10854 0.69407 0.71168
vn 0.49543 0.08939 0.86404
vn 0.48450 0.06380 0.87246
vn 0.71574 0.07128 0.69472
vn 0.83710 0.00552 0.54703
vn 0.85570 -0.09095 0.50941
vn 0.74143 -0.01315 0.67091
vn 0.70823 -0.03203 0.70526
vn 0.78619 0.05463 0.61557
vn 0.81380 0.00870 0.58108
vn 0.79739 -0.18220 0.57529
vn 0.76627 -0.11704 0.63177
vn 0.79253 -0.18180 0.58211
vn 0.79341 -0.57292 0.20559
vn 0.52332 -0.58807 0.61670
vn 0.65602 -0.00194 0.75474
vn 0.54633 -0.75364 0.36543
vn 0.73932 -0.27707 0.61371
vn 0.31065 -0.75245 0.58079
vn 0.55668 -0.10992 0.82342
vn 0.47832 -0.06250 0.87596
vn 0.42164 0.08067 0.90317
vn 0.53088 -0.03026 0.84690
vn 0.53046 -0.03599 0.84695
vn 0.41951 0.10098 0.90212
vn 0.19971 0.35032 0.91509
vn 0.43112 0.11229 0.89528
vn 0.41306 0.20004 0.88846
vn 0.25625 0.67427 0.69260
vn 0.24515 0.68371 0.68735
vn 0.06758 0.94581 0.31761
vn 0.25277 0.91956 0.30087
vn -0.02461 0.97005 0.24166
vn 0.08444 0.97248 0.21714
vn 0.32686 0.91762 0.22611
vn 0.65699 0.65415 0.37477
vn 0.64124 0.61027 0.46518
vn 0.73979 0.40005 0.54099
vn 0.80787 -0.01961 0.58904
vn 0.84816 0.26669 0.45772
vn 0.79597 0.03675 0.60423
vn 0.79295 0.02074 0.60894
vn 0.75908 0.10841 0.64191
vn 0.57676 -0.07195 0.81374
vn 0.74737 0.01911 0.66414
vn 0.43616 -0.44266 0.78347
vn 0.59681 -0.25589 0.76048
vn 0.49792 -0.44314 0.74546
vn 0.41955 -0.30460 0.85510
vn -0.08383 -0.91828 0.38695
vn 0.34703 -0.91469 0.20713
vn 0.08917 -0.95056 0.29746
vn -0.04508 -0.99881 0.01854
vn -0.01090 -0.999821 -0.01544
vn 0.30274 -0.95298 -0.01344
vn 0.47583 -0.82427 0.30686
vn 0.37917 -0.72463 0.57545
vn 0.64325 -0.68914 0.33364
vn 0.13249 -0.93785 0.32077
vn -0.01996 -0.999747 -0.01040
vn -0.01573 -0.999734 -0.01685
vn -0.01575 -0.999765 -0.01491
vn -0.04371 -0.99835 -0.03723
vn 0.00266 -0.999995 -0.00179
vn 0.03581 -0.98514 0.16800
vn -0.10005 -0.98747 -0.12203
vn 0.04356 -0.99610 -0.07669
vn 0.44173 -0.87460 0.19986
vn 0.84893 -0.23388 0.47394
vn 0.87031 -0.35011 0.34638
vn 0.38891 -0.88669 0.25007
vn 0.86502 -0.17891 0.46875
vn 0.92489 0.05085 0.37682
vn 0.92679 -0.11753 0.35672
vn 0.96813 0.04734 0.24595
vn 0.96568 0.05608 0.25362
vn 0.95570 0.15913 0.24762
vn 0.96649 0.14622 0.21098
vn 0.92092 0.26387 0.28684
vn 0.98538 0.15606 0.06833
vn 0.99220 0.11812 0.03982
vn 0.99456 0.09165 0.04954
vn 0.91040 0.34338 0.23081
vn 0.94057 0.33895 -0.02099
vn 0.92938 0.36907 0.00609
vn 0.79613 0.55315 0.24535
vn 0.85445 0.51851 -0.03273
vn 0.95929 -0.21839 0.17906
vn 0.94211 -0.28279 0.18018
vn 0.81554 -0.55810 -0.15301
vn 0.39883 -0.91647 0.03175
vn 0.20223 -0.97144 -0.12416
vn -0.15482 -0.98785 -0.01337
vn -0.01822 -0.99871 0.04744
vn -0.00064 -1 -0.00055
vn 0.00347 -0.999989 -0.00316
vn -0.00028 -1 -0.00045
vn -0.00081 -1 0.00002
vn -0.00010 -1 -0.00013
vn 0.00007 -1 0.00002
vn 0.00021 -1 -0.00005
vn 0.00131 -0.999997 -0.00201
vn 0.00002 -1 -0.00002
vn -0.01770 -0.99978 -0.01130
vn -0.00034 -1 -0.00002
vn 0.00006 -1 0.00003
vn 0.00004 -1 -0.00006
vn 0.00041 -1 -0.00086
vn -0.00083 -0.999999 -0.00070
vn 0.00004 -1 -0.00002
vn 0.00003 -1 0.00001
vn 0.00007 -1 -0.00056
vn -0.00208 -0.999997 -0.00087
vn 0.00005 -1 -0.00058
vn 0.00600 -0.999848 0.01639
vn 0.01189 -0.999923 0.00347
vn -0.00188 -0.999983 0.00560
vn -0.00162 -0.999981 0.00588
vn -0.01924 -0.999145 -0.03659
vn -0.15138 -0.98842 -0.01029
vn -0.03086 -0.999501 0.00671
vn -0.08423 -0.98647 -0.14066
vn 0.00032 -0.999995 -0.00321
vn 0.06385 -0.99602 -0.06226
vn -0.36536 -0.87621 -0.31427
vn -0.36607 -0.79362 -0.48595
vn -0.60078 -0.76282 -0.23908
vn -0.63423 -0.65254 -0.41465
vn -0.37889 -0.89003 -0.25356
vn -0.78452 -0.60575 -0.13264
vn -0.36539 -0.79182 -0.48939
vn -0.82181 -0.25875 -0.50762
vn -0.79553 -0.26747 -0.54369
vn -0.88787 -0.18788 -0.41998
vn -0.86346 -0.11984 -0.48998
vn -0.83576 -0.13812 -0.53144
vn -0.82661 -0.01850 -0.56247
vn -0.84109 -0.22116 -0.49361
vn -0.84934 -0.23278 -0.47374
vn -0.61799 -0.21570 -0.75602
vn 0.05272 -0.99853 0.01274
vn -0.15745 -0.98518 0.06806
vn -0.27612 -0.96018 -0.04253
vn -0.24321 -0.88840 -0.38936
vn 0.06009 -0.99784 0.02654
vn -0.59616 -0.61419 -0.51708
vn -0.57122 -0.20382 -0.79508
vn -0.71104 -0.03778 -0.70214
vn -0.70661 -0.00668 -0.70757
vn -0.74304 -0.05003 -0.66738
vn -0.73179 -0.06577 -0.67835
vn -0.68042 -0.39381 -0.61801
vn -0.87871 -0.10142 -0.46645
vn -0.84747 0.01679 -0.53058
vn -0.89496 0.02558 -0.44542
vn -0.88447 0.05403 -0.46347
vn -0.77505 0.05160 -0.62979
vn -0.74997 0.00147 -0.66147
vn -0.76954 -0.09106 -0.63208
vn -0.76368 -0.10339 -0.63727
vn -0.94405 -0.25795 -0.20549
vn -0.94655 -0.25344 -0.19955
vn -0.85756 -0.48397 -0.17425
vn -0.77793 -0.62217 0.08798
vn -0.75966 -0.02133 -0.64997
vn -0.82788 -0.02690 -0.56027
vn -0.03947 -0.97733 0.20803
vn -0.06426 0.99779 -0.01676
vn -0.69119 0.15482 -0.70589
vn -0.29318 0.48686 -0.82281
vn -0.25482 0.80490 -0.53591
vn -0.31806 0.47587 -0.81999
vn -0.19497 0.39571 -0.89744
vn 0.12138 0.74943 -0.65087
vn -0.13050 0.85273 -0.50579
vn 0.07218 0.47456 -0.87726
vn -0.10171 0.98249 -0.15612
vn -0.00782 0.99445 -0.10492
vn 0.16615 0.96545 -0.20074
vn 0.12302 0.74976 -0.65018
vn 0.42612 0.52876 -0.73406
vn 0.20854 0.36384 -0.90782
vn 0.24057 0.22331 -0.94460
vn 0.24591 0.23102 -0.94136
vn -0.08842 0.16595 -0.98216
vn 0.01562 0.96330 -0.26798
vn 0.42883 0.70047 -0.57048
vn 0.34203 0.53244 -0.77429
vn 0.04896 0.99876 0.00880
vn -0.00363 0.999878 -0.01521
vn 0.24052 0.95835 -0.15401
vn 0.27927 0.77982 -0.56026
vn 0.23264 0.76095 -0.60567
vn 0.45847 0.31073 -0.83262
vn 0.45557 0.67720 -0.57781
vn 0.27017 0.66219 -0.69894
vn 0.30391 0.63379 -0.71130
vn -0.08612 0.52094 -0.84924
vn -0.23991 -0.19496 -0.95102
vn -0.14592 -0.51339 -0.84566
vn -0.12437 -0.19075 -0.97373
vn -0.32449 -0.17919 -0.92876
vn -0.24577 -0.03309 -0.96876
vn 0.13009 -0.52923 -0.83845
vn 0.23412 -0.08205 -0.96874
vn 0.02639 -0.02756 -0.999272
vn -0.25938 -0.66191 -0.70328
vn -0.03070 -0.95340 -0.30014
vn -0.39748 0.01012 -0.91756
vn -0.58894 -0.03919 -0.80723
vn -0.54078 -0.35592 -0.76215
vn -0.27122 0.11341 -0.95581
vn -0.09188 0.01628 -0.99564
vn 0.31026 -0.00454 -0.95064
vn 0.44892 -0.00842 -0.89353
vn 0.43145 -0.41040 -0.80338
vn 0.15102 -0.93291 -0.32692
vn -0.00602 -0.99997 -0.00481
vn -0.01752 -0.999631 -0.02074
vn -0.26219 -0.89297 -0.36587
vn -0.64118 -0.08532 -0.76263
vn -0.54522 -0.48256 -0.68548
vn -0.65391 0.00762 -0.75653
vn -0.60982 0.01515 -0.79239
vn -0.45444 0.10006 -0.88514
vn 0.48420 0.03712 -0.87417
vn 0.36713 0.02267 -0.92989
vn 0.31346 -0.04144 -0.94870
vn 0.20734 -0.32234 -0.92364
vn 0.20638 -0.79888 -0.56497
vn 0.08714 -0.97946 -0.18183
vn -0.25387 -0.93002 -0.26575
vn -0.70190 -0.06818 -0.70901
vn -0.64660 -0.45235 -0.61424
vn -0.65749 0.07959 -0.74925
vn -0.71963 0.03166 -0.69363
vn -0.51458 0.32430 -0.79375
vn -0.27363 0.32783 -0.90424
vn -0.01062 0.28876 -0.95734
vn -0.19944 0.14662 -0.96888
vn 0.12087 0.07815 -0.98959
vn 0.40025 0.10930 -0.90986
vn 0.31270 0.06650 -0.94752
vn 0.24544 0.05654 -0.96776
vn 0.28624 -0.09371 -0.95356
vn 0.35742 -0.27242 -0.89333
vn 0.21066 -0.66258 -0.71875
vn 0.14103 -0.95276 -0.26900
vn -0.00702 -0.999928 0.00974
vn 0.01893 -0.999256 -0.03360
vn 0.18654 -0.90589 -0.38021
vn 0.51844 -0.50051 -0.69333
vn 0.60250 -0.07742 -0.79436
vn 0.54329 0.01981 -0.83931
vn 0.44035 0.09987 -0.89225
vn 0.37581 0.08362 -0.92292
vn 0.44714 0.20731 -0.87011
vn 0.27226 0.20281 -0.94061
vn 0.30534 0.35090 -0.88523
vn 0.37211 0.27244 -0.88730
vn 0.28355 0.50867 -0.81293
vn 0.42462 0.38208 -0.82080
vn 0.38722 0.35319 -0.85166
vn 0.31607 0.20560 -0.92619
vn 0.26324 -0.04511 -0.96368
vn 0.32925 -0.09088 -0.93986
vn 0.04847 -0.50522 -0.86163
vn 0.04257 -0.99337 -0.10676
vn -0.07441 -0.90058 -0.42828
vn 0.00618 -0.999855 0.01585
vn -0.00023 -1 -0.00007
vn -0.00008 -1 -0.00052
vn -0.02299 -0.999108 -0.03542
vn -0.12734 -0.95761 -0.25841
vn -0.27550 -0.58620 -0.76189
vn -0.31655 -0.16960 -0.93329
vn -0.23865 -0.07743 -0.96801
vn -0.18958 0.10038 -0.97672
vn 0.37255 0.46238 -0.80462
vn -0.19848 0.47633 -0.85657
vn 0.40986 0.62287 -0.66637
vn 0.32916 0.56646 -0.75550
vn 0.02509 0.57314 -0.81907
vn 0.37209 0.58210 -0.72299
vn -0.27840 0.36606 -0.88797
vn -0.19710 0.62861 -0.75233
vn -0.26974 0.55350 -0.78796
vn -0.20382 -0.00542 -0.97899
vn -0.05365 -0.20590 -0.97710
vn 0.06066 -0.64687 -0.76018
vn -0.00971 -0.999401 0.03321
vn 0.14085 -0.95273 -0.26921
vn -0.00032 -1 0.00059
vn -0.00082 -0.999983 0.00578
vn 0.05818 -0.99817 -0.01662
vn 0.21844 -0.97141 -0.09305
vn 0.46697 -0.76014 -0.45180
vn 0.47528 -0.46809 -0.74498
vn 0.41214 -0.13098 -0.90165
vn 0.31921 -0.00833 -0.94765
vn 0.15422 0.12060 -0.98065
vn 0.05098 0.37488 -0.92567
vn -0.02507 0.88852 -0.45815
vn 0.02780 0.68053 -0.73219
vn -0.16305 0.78104 -0.60281
vn -0.14346 0.74482 -0.65166
vn -0.05322 0.97822 -0.20062
vn -0.00010 0.99852 -0.05444
vn 0.14002 0.96187 -0.23496
vn 0.14548 0.79714 -0.58600
vn 0.29030 0.51549 -0.80623
vn 0.41088 0.24849 -0.87717
vn 0.49289 0.04462 -0.86894
vn 0.55927 -0.05103 -0.82741
vn 0.60842 -0.07317 -0.79023
vn 0.68510 -0.26465 -0.67867
vn 0.36333 -0.88486 -0.29157
vn 0.60665 -0.62574 -0.49033
vn 0.03457 -0.99783 -0.05602
vn 0.01498 -0.999844 -0.00931
vn 0.08703 -0.93482 -0.34428
vn 0.60217 -0.37986 -0.70221
vn 0.72955 -0.37469 -0.57216
vn 0.73913 -0.16478 -0.65309
vn 0.70945 -0.07084 -0.70118
vn 0.66344 -0.02379 -0.74786
vn 0.63656 0.14011 -0.75839
vn 0.50333 0.36474 -0.78334
vn 0.38979 0.67686 -0.62444
vn 0.46249 0.78420 -0.41369
vn 0.60370 0.42676 -0.67337
vn 0.71696 0.04634 -0.69558
vn 0.72354 0.24895 -0.64383
vn 0.74579 -0.04672 -0.66454
vn 0.76391 -0.06874 -0.64165
vn 0.03282 -0.33363 -0.94213
vn 0.54152 -0.05109 -0.83914
vn -0.02627 -0.999648 0.00363
vn -0.01256 -0.99443 -0.10463
vn -0.23909 -0.81804 -0.52311
vn 0.00045 -0.999999 -0.00093
vn 0.00555 -0.999911 0.01217
vn -0.05234 -0.99647 -0.06559
vn -0.12192 -0.95263 -0.27862
vn -0.47773 -0.19182 -0.85731
vn -0.36593 -0.47250 -0.80177
vn -0.08052 -0.01769 -0.99660
vn 0.58831 -0.08503 -0.80415
vn 0.74778 0.07772 -0.65938
vn 0.47871 0.21559 -0.85109
vn 0.69994 0.41234 -0.58314
vn -0.14931 -0.00053 -0.98879
vn -0.06364 -0.06972 -0.99554
vn -0.50014 0.01618 -0.86580
vn -0.41110 -0.05710 -0.90980
vn -0.06003 -0.11988 -0.99097
vn 0.08534 -0.58915 -0.80350
vn 0.01458 -0.999791 -0.01435
vn 0.19741 -0.93488 -0.29502
vn -0.01379 -0.999877 0.00743
vn 0.24219 -0.95034 -0.19545
vn 0.48006 -0.77226 -0.41611
vn 0.55067 -0.45633 -0.69895
vn 0.46996 -0.06946 -0.87995
vn -0.21194 0.03838 -0.97653
vn 0.34683 0.05400 -0.93637
vn -0.47376 0.06163 -0.87850
vn -0.27010 0.07915 -0.95957
vn 0.21416 0.13164 -0.96789
vn 0.57956 0.11134 -0.80729
vn 0.65532 0.04687 -0.75390
vn 0.72392 -0.01890 -0.68963
vn 0.74926 -0.31550 -0.58230
vn 0.60980 -0.62925 -0.48186
vn 0.31751 -0.91636 -0.24386
vn 0.07309 -0.99726 -0.01161
vn 0.16024 -0.98700 -0.01209
vn 0.02780 -0.999537 -0.01239
vn -0.00823 -0.999876 -0.01340
vn 0.51131 -0.85938 0.00568
vn 0.40871 -0.90773 -0.09475
vn 0.52608 -0.84697 -0.07668
vn 0.51033 -0.85270 -0.11163
vn 0.51507 -0.85689 0.02112
vn 0.74262 -0.47389 -0.47322
vn 0.63077 -0.50767 -0.58686
vn 0.75809 -0.12657 -0.63975
vn 0.75280 0.00156 -0.65825
vn 0.71974 0.07755 -0.68990
vn 0.67671 0.20274 -0.70778
vn 0.45720 0.31026 -0.83349
vn 0.08850 0.28078 -0.95568
vn 0.57798 0.37470 -0.72494
vn 0.13295 0.60214 -0.78724
vn 0.38343 0.52980 -0.75650
vn 0.75190 0.18835 -0.63180
vn 0.70217 0.39028 -0.59552
vn 0.77833 0.06060 -0.62492
vn 0.77808 -0.00682 -0.62812
vn 0.88395 -0.38468 -0.26581
vn 0.83575 -0.05881 -0.54596
vn 0.81887 -0.56918 -0.07404
vn 0.79124 -0.57307 -0.21339
vn 0.87428 -0.47103 -0.11734
vn 0.96864 -0.22484 -0.10577
vn 0.96658 -0.25381 -0.03608
vn 0.94367 -0.05436 -0.32640
vn 0.83361 0.02041 -0.55197
vn 0.73152 0.33040 -0.59642
vn 0.45092 0.81147 -0.37174
vn 0.67312 0.53185 -0.51385
vn 0.51903 0.57370 -0.63362
vn 0.24847 0.80753 -0.53493
vn 0.14880 0.98474 -0.09022
vn 0.51500 0.79511 -0.32028
vn 0.12100 0.98378 -0.13244
vn 0.72111 0.48508 -0.49467
vn 0.80860 0.23584 -0.53902
vn 0.84931 0.05564 -0.52495
vn 0.94255 -0.01573 -0.33370
vn 0.99482 -0.08530 -0.05534
vn 0.99084 -0.08017 -0.10868
vn 0.96057 -0.27337 0.05064
vn 0.999823 0.00488 -0.01818
vn 0.99877 0.02277 -0.04407
vn 0.999424 -0.01458 0.03065
vn 0.99421 -0.02137 -0.10531
vn 0.92859 0.10773 -0.35512
vn 0.76025 0.58531 -0.28184
vn 0.91696 0.28533 -0.27888
vn 0.36691 0.92475 -0.10107
vn 0.04749 0.99873 -0.01664
vn 0.00660 0.999433 0.03302
vn -0.04455 0.99799 -0.04502
vn -0.03085 0.89287 -0.44925
vn -0.17429 0.93616 -0.30534
vn -0.29694 0.72819 -0.61770
vn -0.25977 0.59350 -0.76176
vn -0.03781 0.999283 0.00187
vn -0.01250 0.999921 0.00140
vn 0.34842 0.93732 -0.00519
vn 0.68477 0.72801 -0.03318
vn 0.90830 0.41599 -0.04405
vn 0.98826 0.13434 -0.07272
vn 0.98781 0.15562 -0.00205
vn 0.98342 -0.01919 0.18034
vn 0.99261 0.06817 0.10043
vn 0.99811 0.06143 -0.00154
vn 0.86898 0.49452 -0.01805
vn 0.60502 0.79609 -0.01395
vn 0.29098 0.95639 -0.02532
vn -0.01069 0.999943 0.00055
vn -0.03003 0.98681 -0.15905
vn 0.13441 0.85978 -0.49267
vn -0.27881 0.63380 -0.72150
vn -0.34225 0.51993 -0.78265
vn -0.26827 0.30759 -0.91292
vn -0.41798 0.24353 -0.87521
vn -0.36689 0.39248 -0.84342
vn 0.34668 0.59667 -0.72374
vn 0.05530 0.48581 -0.87232
vn 0.10365 0.98305 -0.15121
vn 0.22277 0.95074 -0.21555
vn 0.55889 0.70553 -0.43574
vn 0.00720 0.999894 -0.01266
vn -0.04251 0.99909 0.00341
vn 0.69977 0.71203 -0.05776
vn 0.96948 0.24517 -0.00032
vn 0.88849 0.45793 -0.02986
vn 0.64800 0.75567 0.09519
vn 0.13978 0.97728 0.15930
vn -0.02065 0.99523 0.09539
vn 0.01585 0.999755 -0.01546
vn 0.17998 0.97453 -0.13380
vn 0.68932 0.49009 -0.53352
vn -0.17750 0.21688 -0.95993
vn 0.01828 0.999596 0.02179
vn 0.00093 0.999999 0.00114
vn 0.00062 0.999997 0.00233
vn -0.00977 0.999937 -0.00551
vn -0.01113 0.999076 0.04151
vn 0.00438 0.999983 -0.00381
vn -0.00096 0.999989 0.00468
vn 0.00143 0.999999 -0.00073
vn -0.00117 0.999999 0.00016
vn 0.03858 0.99874 0.03210
vn 0.08000 0.99381 0.07705
vn 0.03837 0.999147 0.01525
vn -0.00724 0.999931 -0.00928
vn 0.01735 0.94550 -0.32516
vn 0.04668 0.99645 -0.07006
vn 0.13327 0.70676 -0.69478
vn 0.26544 0.83361 -0.48438
vn -0.00219 0.999895 0.01433
vn 0.06228 0.99800 -0.01085
vn 0.05051 0.98023 0.19131
vn 0.36200 0.92242 0.13455
vn 0.19473 0.92165 0.33563
vn 0.75492 0.61845 0.21819
vn 0.60512 0.64635 0.46483
vn 0.28858 0.90924 0.30001
vn 0.69256 0.63366 0.34472
vn -0.00593 0.99997 0.00497
vn -0.00455 0.999839 0.01734
vn -0.00227 0.999324 0.03669
vn 0.00009 1 -0.00025
vn 0.20464 0.77430 0.59882
vn 0.19096 0.77646 0.60054
vn 0.02885 0.99679 -0.07465
vn -0.01678 0.99828 -0.05623
vn 0.05371 0.99825 0.02464
vn 0.02998 0.999025 0.03241
vn 0.00784 0.999969 0.00096
vn -0.08914 0.97971 -0.17949
vn -0.11531 0.90845 -0.40178
vn -0.11490 0.98786 -0.10453
vn -0.43430 0.80983 -0.39440
vn -0.26833 0.83395 -0.48220
vn 0.00936 0.99765 0.06793
vn 0.03259 0.999434 0.00841
vn 0.01070 0.999899 -0.00940
vn -0.07499 0.99658 -0.03473
vn -0.18846 0.97981 -0.06675
vn -0.46568 0.83674 -0.28812
vn -0.45899 0.74883 -0.47810
vn -0.60565 0.54695 -0.57795
vn -0.55491 0.56779 -0.60802
vn -0.28246 0.62774 -0.72537
vn -0.65934 0.29993 -0.68943
vn -0.76263 0.29059 -0.57789
vn -0.63662 0.36031 -0.68183
vn -0.64041 0.57766 -0.50614
vn -0.62358 0.69444 -0.35902
vn -0.29700 0.92005 -0.25552
vn -0.01629 0.999381 -0.03117
vn 0.01642 0.999861 0.00281
vn -0.24479 0.96208 -0.12032
vn -0.49699 0.77574 -0.38889
vn -0.59126 0.62868 -0.50514
vn -0.76329 0.34725 -0.54480
vn -0.80067 0.37984 -0.46330
vn -0.70535 0.10799 -0.70059
vn -0.83052 0.05077 -0.55467
vn -0.84754 0.10915 -0.51938
vn -0.86015 0.02583 -0.50939
vn -0.76157 0.13235 -0.63443
vn -0.78538 0.03745 -0.61789
vn -0.71151 0.34475 -0.61229
vn -0.74355 0.49746 -0.44683
vn -0.65228 0.69437 -0.30396
vn -0.12838 0.99092 -0.03990
vn -0.47082 0.85382 -0.22207
vn -0.38700 0.91833 -0.08302
vn -0.71235 0.62439 -0.32047
vn -0.73762 0.56366 -0.37176
vn -0.81425 0.45980 -0.35437
vn -0.87121 0.31974 -0.37251
vn -0.81251 0.19677 -0.54873
vn -0.79723 0.07383 -0.59914
vn -0.79944 -0.03975 -0.59943
vn -0.75724 0.00559 -0.65312
vn -0.90940 0.10814 -0.40162
vn -0.91088 0.04291 -0.41044
vn -0.84835 0.32859 -0.41513
vn -0.80506 0.59064 0.05499
vn -0.86656 0.34378 -0.36180
vn -0.09603 0.99536 0.00556
vn -0.46949 0.86902 0.15616
vn 0.01257 0.999919 -0.00189
vn 0.00024 0.999998 0.00205
vn -0.01756 0.999793 0.01029
vn -0.04248 0.99760 0.05465
vn -0.04754 0.99708 0.05972
vn -0.17965 0.97975 0.08843
vn -0.58148 0.75748 0.29683
vn -0.79563 0.53878 0.27692
vn -0.94813 0.19423 0.25166
vn -0.95646 0.29186 -0.00142
vn -0.94323 0.13631 -0.30288
vn -0.87088 0.12342 -0.47575
vn -0.86471 0.04986 -0.49979
vn -0.87841 -0.05581 -0.47464
vn -0.88145 -0.08650 -0.46428
vn -0.83426 0.14102 -0.53304
vn -0.79785 0.04970 -0.60080
vn -0.96778 0.10858 -0.22718
vn -0.98557 0.09737 0.13847
vn -0.93092 0.09025 0.35390
vn -0.87029 0.28992 0.39818
vn -0.96042 0.03960 0.27573
vn -0.98839 0.03945 0.14675
vn -0.74453 0.48091 0.46303
vn -0.41903 0.85341 0.31001
vn -0.65310 0.59351 0.47032
vn -0.34801 0.88751 0.30201
vn -0.28450 0.95075 0.12306
vn -0.66810 0.59591 0.44557
vn -0.58633 0.51814 0.62270
vn -0.56424 0.63848 0.52342
vn -0.64826 0.55103 0.52548
vn -0.71858 0.38756 0.57745
vn -0.76999 0.26206 0.58176
vn -0.83811 0.09081 0.53789
vn -0.89735 -0.02644 0.44052
vn -0.95634 -0.00893 0.29212
vn -0.97057 0.07182 0.22988
vn -0.99276 0.02206 0.11807
vn -0.95160 0.08950 -0.29401
vn -0.999099 -0.04231 0.00324
vn -0.92028 -0.08333 -0.38228
vn -0.95628 -0.09475 0.27667
vn -0.91401 -0.07935 0.39785
vn -0.91806 -0.26304 0.29660
vn -0.79648 0.02978 0.60393
vn -0.80079 -0.00968 0.59887
vn -0.77074 0.09228 0.63043
vn -0.70542 0.14709 0.69336
vn -0.63147 0.35741 0.68812
vn -0.82235 0.34665 0.45120
vn -0.73284 0.67645 0.07320
vn -0.89954 0.43047 -0.07435
vn -0.92778 0.14359 0.34439
vn -0.63482 0.08802 0.76763
vn -0.64268 -0.00542 0.76612
vn -0.68585 0.01847 0.72751
vn -0.66999 -0.00256 0.74236
vn -0.79443 -0.18420 0.57875
vn -0.76823 -0.51677 0.37784
vn -0.59917 -0.78392 0.16268
vn -0.65416 -0.73308 0.18621
vn -0.92365 -0.38323 0.00329
vn -0.85723 -0.45678 0.23773
vn -0.45087 -0.88989 0.06942
vn -0.86089 -0.31862 -0.39668
vn -0.63019 -0.75047 -0.19914
vn -0.16934 -0.98531 0.02187
vn -0.21030 -0.96882 0.13101
vn -0.50330 -0.74961 0.42985
vn -0.64600 -0.25729 0.71867
vn -0.61083 -0.01204 0.79167
vn -0.56658 -0.11039 0.81658
vn -0.95928 0.00894 0.28231
vn -0.96876 0.22960 -0.09373
vn -0.97110 0.05784 -0.23157
vn -0.94288 0.02800 0.33196
vn -0.89866 -0.03887 0.43691
vn -0.77336 -0.29547 0.56091
vn -0.48292 -0.59180 0.64542
vn -0.09956 -0.98647 0.13023
vn 0.02260 -0.999682 -0.01119
vn -0.00558 -0.999939 0.00955
vn -0.14994 -0.98015 -0.12969
vn -0.68403 -0.52820 -0.50310
vn -0.79406 -0.09232 -0.60079
vn -0.86266 -0.42915 -0.26768
vn -0.33943 -0.93304 -0.11928
vn 0.02419 -0.999705 -0.00213
vn -0.03360 -0.99794 -0.05459
vn -0.45838 -0.87329 0.16508
vn -0.90796 -0.41264 -0.07310
vn -0.97511 -0.02839 -0.21989
vn -0.96228 0.00386 0.27202
vn -0.99531 -0.08253 0.05055
vn -0.95634 0.11093 0.27040
vn -0.79173 0.01230 0.61075
vn -0.83788 -0.06648 0.54178
vn -0.86110 -0.26930 0.43125
vn -0.88219 -0.46952 -0.03595
vn -0.43099 -0.90087 -0.05183
vn -0.11418 -0.99328 -0.01916
vn -0.06941 -0.99695 0.03558
vn 0.00967 -0.999947 -0.00365
vn -0.04911 -0.99830 0.03139
vn 0.00031 -1 -0.00088
vn 0.01341 -0.999909 -0.00177
vn -0.06819 -0.99747 0.02009
vn -0.53120 -0.82400 0.19713
vn -0.81789 -0.04973 0.57322
vn -0.72584 -0.45381 0.51693
vn -0.75896 0.03113 0.65039
vn -0.72498 -0.27747 0.63041
vn -0.32777 -0.88614 0.32760
vn -0.02559 -0.99877 0.04241
vn -0.00039 -1 0.00007
vn 0.00344 -0.999941 -0.01028
vn -0.11065 -0.90808 0.40391
vn -0.04573 -0.99497 0.08913
vn -0.18429 -0.83107 0.52475
vn -0.47841 -0.50790 0.71635
vn -0.56325 -0.04507 0.82506
vn -0.28927 -0.25297 0.92322
vn -0.22866 -0.41463 0.88080
vn -0.22053 -0.81548 0.53512
vn -0.19951 -0.52033 0.83033
vn -0.14656 -0.94583 0.28971
vn 0.00596 -0.999919 -0.01127
vn 0.00085 -0.999999 -0.00131
vn -0.07460 -0.97398 0.21400
vn -0.31096 -0.54381 0.77947
vn -0.44149 -0.52051 0.73086
vn -0.35635 -0.34090 0.86994
vn -0.30318 -0.11760 0.94565
vn -0.20599 -0.02836 0.97814
vn -0.35313 -0.00369 0.93557
vn -0.42669 -0.09101 0.89981
vn -0.26497 -0.22559 0.93749
vn -0.14726 -0.70153 0.69726
vn -0.35486 -0.07796 0.93166
vn 0.01151 -0.999753 0.01901
vn 0.12367 -0.87201 0.47360
vn 0.01865 -0.999823 -0.00236
vn -0.00055 -1 0.00008
vn 0.00010 -0.999994 0.00337
vn 0.00108 -0.99809 0.06172
vn 0.07276 -0.99598 0.05216
vn 0.23663 -0.93860 0.25106
vn 0.03297 -0.30288 0.95246
vn 0.42048 -0.32811 0.84590
vn 0.54647 -0.52690 0.65095
vn -0.25410 -0.01998 0.96697
vn -0.36181 0.01677 0.93210
vn -0.38142 0.01869 0.92421
vn -0.27860 0.02479 0.96009
vn -0.34591 0.12380 0.93006
vn -0.04527 0.03555 0.99834
vn 0.11624 -0.00821 0.99319
vn 0.43207 -0.04513 0.90071
vn 0.61638 -0.07713 0.78367
vn 0.58655 -0.59635 0.54802
vn 0.33369 -0.24843 0.90936
vn 0.08263 -0.93649 0.34082
vn 0.27179 -0.67254 0.68835
vn -0.00214 -0.99995 -0.00975
vn -0.02284 -0.999617 0.01561
vn 0.00655 -0.95718 0.28942
vn 0.04113 -0.57031 0.82040
vn 0.06213 -0.04384 0.99710
vn 0.40020 -0.03687 0.91569
vn 0.08611 -0.11305 0.98985
vn 0.58704 -0.00807 0.80952
vn 0.34263 0.00141 0.93947
vn 0.13968 0.01376 0.99010
vn -0.03794 0.07165 0.99671
vn 0.39113 0.09103 0.91582
vn 0.44339 0.02530 0.89597
vn 0.50250 0.02666 0.86417
vn 0.10821 0.05163 0.99279
vn 0.18686 0.03427 0.98179
vn 0.23751 -0.10775 0.96539
vn 0.14275 -0.62005 0.77146
vn 0.01598 -0.95412 0.29900
vn 0.20389 -0.93120 0.30215
vn 0.30113 -0.67415 0.67441
vn 0.37025 -0.17811 0.91170
vn 0.25636 0.03554 0.96593
vn 0.40092 0.00779 0.91608
vn 0.34364 0.02785 0.93869
vn 0.60687 0.04522 0.79351
vn 0.26135 0.26667 0.92768
vn 0.50096 0.29503 0.81363
vn -0.17225 0.35360 0.91940
vn -0.26255 0.44271 0.85737
vn 0.13708 0.66772 0.73168
vn 0.40628 0.54400 0.73416
vn 0.40695 0.24306 0.88052
vn 0.10577 0.09148 0.99017
vn 0.17401 0.07720 0.98171
vn 0.25000 0.07156 0.96560
vn 0.40498 0.06092 0.91229
vn 0.51928 0.05343 0.85293
vn 0.51511 -0.03194 0.85653
vn 0.52171 -0.35582 0.77538
vn 0.15984 -0.94398 0.28870
vn 0.40794 -0.51169 0.75614
vn 0.01892 -0.99849 0.05157
vn -0.00905 -0.99993 -0.00763
vn 0.27872 -0.60492 0.74591
vn 0.16502 -0.89476 0.41493
vn 0.50781 -0.06652 0.85889
vn 0.36695 -0.11052 0.92365
vn 0.54392 0.12743 0.82940
vn 0.51021 0.13177 0.84990
vn 0.38386 0.23700 0.89246
vn 0.22921 0.29004 0.92916
vn 0.13702 0.26901 0.95334
vn 0.10975 0.37507 0.92048
vn 0.22617 0.43019 0.87395
vn 0.11074 0.92202 0.37096
vn 0.21254 0.67084 0.71050
vn 0.15359 0.59448 0.78930
vn 0.19889 0.58233 0.78825
vn 0.39838 0.48998 0.77538
vn 0.52708 0.27747 0.80324
vn 0.40863 0.20275 0.88989
vn 0.42975 0.08450 0.89898
vn 0.40897 0.01611 0.91240
vn 0.34925 -0.00788 0.93699
vn 0.30720 -0.43696 0.84540
vn 0.41316 -0.04099 0.90974
vn 0.40683 -0.15494 0.90027
vn 0.33585 0.07657 0.93880
vn 0.41203 -0.00045 0.91117
vn 0.37631 0.41715 0.82727
vn 0.29313 0.29760 0.90858
vn 0.42666 0.63135 0.64758
vn 0.22833 0.77188 0.59336
vn 0.10500 0.88636 0.45092
vn 0.09874 0.95848 0.26753
vn -0.04134 0.999145 0.00041
vn -0.00259 0.999503 -0.03143
vn 0.03515 0.99828 0.04702
vn 0.15758 0.95003 0.26947
vn 0.24888 0.76954 0.58810
vn 0.26911 0.51356 0.81476
vn 0.27667 0.49700 0.82246
vn 0.32489 0.26116 0.90898
vn 0.49574 0.03085 0.86792
vn 0.51644 -0.01977 0.85609
vn 0.50709 -0.15792 0.84730
vn 0.32508 -0.60102 0.73014
vn 0.41187 -0.68612 0.59967
vn 0.05843 -0.97304 0.22312
vn 0.69093 -0.03485 0.72208
vn 0.65517 -0.37501 0.65584
vn 0.67271 0.01059 0.73983
vn 0.52150 0.22924 0.82188
vn 0.71582 0.05118 0.69640
vn 0.34008 0.48691 0.80452
vn 0.00222 0.999761 0.02174
vn -0.04163 0.99733 -0.06006
vn 0.00962 0.99976 -0.01969
vn 0.00330 0.999901 -0.01366
vn -0.02392 0.999694 0.00628
vn -0.00031 0.999728 0.02330
vn -0.01380 0.99758 0.06817
vn 0.00914 0.96320 0.26863
vn -0.09040 0.94081 0.32667
vn -0.15678 0.70548 0.69117
vn -0.25156 0.64887 0.71811
vn -0.17842 0.86824 0.46295
vn -0.09172 0.95362 0.28670
vn -0.01187 0.99944 0.03129
vn -0.06164 0.99785 -0.02237
vn -0.39343 0.91884 -0.03081
vn -0.30401 0.91884 0.25161
vn -0.37012 0.92256 0.10911
vn -0.21443 0.89106 0.40004
vn -0.29923 0.61006 0.73368
vn -0.24812 0.63916 0.72795
vn -0.28546 0.59772 0.74916
vn -0.30096 0.33457 0.89302
vn -0.36485 0.29280 0.88383
vn -0.38630 0.06777 0.91988
vn -0.37109 0.07193 0.92581
vn -0.30898 0.23779 0.92086
vn -0.40393 0.67176 0.62095
vn -0.41692 0.39009 0.82098
vn -0.47109 0.74917 0.46565
vn -0.56284 0.70158 0.43704
vn -0.49224 0.74552 0.44934
vn -0.58311 0.73283 0.35062
vn -0.67626 0.73663 -0.00663
vn -0.83505 0.48630 0.25729
vn -0.65278 0.56459 0.50509
vn -0.55153 0.62815 0.54886
vn -0.65574 0.39773 0.64172
vn -0.34361 0.12220 0.93113
vn -0.60426 0.14027 0.78434
vn -0.25271 0.05097 0.96620
vn -0.19333 0.02065 0.98092
vn -0.25485 0.04425 0.96597
vn -0.56108 0.06593 0.82513
vn -0.74204 0.18549 0.64418
vn -0.75522 0.07797 0.65082
vn -0.75651 0.39154 0.52383
vn -0.76830 0.27847 0.57633
vn -0.88164 0.25360 0.39799
vn -0.77628 0.08929 0.62403
vn -0.28156 0.02086 0.95932
vn 0.40746 0.66085 0.63028
vn 0.51350 0.45658 0.72653
vn 0.61927 0.55065 0.55973
vn 0.68734 0.28465 0.66823
vn 0.82352 0.20668 0.52830
vn 0.84224 0.39334 0.36867
vn 0.84674 0.32663 0.41993
vn 0.80811 0.09082 0.58199
vn 0.82711 0.01914 0.56171
vn 0.62428 0.30215 0.72040
vn 0.79824 0.03856 0.60111
vn 0.55146 0.14600 0.82133
vn 0.62995 0.08278 0.77221
vn 0.78328 0.00351 0.62166
vn 0.43508 0.11307 0.89326
vn 0.38200 0.20471 0.90120
vn 0.29315 0.58913 0.75299
vn 0.17379 0.83619 0.52018
vn 0.50159 -0.00069 0.86510
vn 0.62969 -0.00178 0.77685
vn 0.81386 -0.09335 0.57351
vn 0.78216 -0.30502 0.54331
vn 0.65000 -0.37203 0.66265
vn 0.69505 -0.53354 0.48192
vn 0.48144 -0.81847 0.31357
vn 0.58073 -0.15406 0.79939
vn 0.21708 -0.94223 0.25511
vn 0.41072 -0.66474 0.62404
vn 0.51364 -0.23484 0.82524
vn 0.61691 0.04429 0.78579
vn 0.66563 0.00440 0.74627
vn 0.47622 0.47302 0.74126
vn 0.67876 0.20100 0.70631
vn 0.41359 0.77521 0.47749
vn 0.80660 0.45227 0.38060
vn 0.90413 0.12362 0.40898
vn 0.89811 0.06985 0.43418
vn 0.85953 -0.02403 0.51052
vn 0.74427 -0.14773 0.65134
vn 0.65390 -0.55553 0.51362
vn 0.29396 -0.81114 0.50560
vn 0.02253 -0.99655 0.07984
vn 0.07103 -0.99631 0.04812
vn -0.01632 -0.99984 -0.00734
vn 0.28808 -0.93029 0.22710
vn 0.18015 -0.98193 0.05796
vn -0.05767 -0.99748 -0.04137
vn 0.91196 -0.23279 0.33783
vn 0.74428 -0.65242 0.14280
vn 0.98397 0.10313 0.14548
vn 0.95302 0.27269 0.13184
vn 0.88894 0.44529 0.10725
vn -0.00052 -1 -0.00025
vn -0.00008 -1 -0.00025
vn 0.00005 -1 0
vn 0.02145 -0.99977 -0.00057
vn 0.00206 -0.999985 0.00498
vn -0.04477 -0.99863 -0.02691
vn -0.46398 -0.86065 -0.20977
vn -0.24171 -0.94603 -0.21587
vn -0.15890 -0.97936 -0.12492
vn -0.56363 -0.56737 -0.60034
vn -0.76485 -0.43839 -0.47203
vn -0.83137 -0.34139 -0.43849
vn -0.67806 -0.60644 -0.41529
vn -0.80107 -0.17258 -0.57315
vn -0.87347 -0.09850 -0.47681
vn -0.83132 -0.03115 -0.55491
vn -0.75801 -0.21937 -0.61425
vn -0.80708 -0.20574 -0.55344
vn -0.68824 -0.14071 -0.71171
vn -0.59500 -0.77191 -0.22391
vn -0.78962 -0.33536 -0.51385
vn -0.12276 0.65371 -0.74673
vn 0.02959 0.91877 -0.39369
vn 0.26467 0.78253 -0.56356
vn 0.18686 0.92685 -0.32564

# No. texture coordinates 1122:
vt 0.49184 0.16366
vt 0.49717 0.16165
vt 0.49000 0.15799
vt 0.49400 0.17007
vt 0.48493 0.16503
vt 0.49454 0.15048
vt 0.48502 0.15367
vt 0.48257 0.15850
vt 0.50328 0.16841
vt 0.41728 0.38830
vt 0.41090 0.40131
vt 0.42245 0.39753
vt 0.42935 0.39274
vt 0.48419 0.17475
vt 0.49232 0.18028
vt 0.50134 0.17783
vt 0.47411 0.16960
vt 0.47620 0.16203
vt 0.47577 0.15596
vt 0.48149 0.14794
vt 0.49003 0.14210
vt 0.40178 0.39199
vt 0.39790 0.39999
vt 0.40088 0.37643
vt 0.42260 0.37222
vt 0.43216 0.38308
vt 0.11260 0.11170
vt 0.10789 0.10230
vt 0.10290 0.11138
vt 0.49847 0.18530
vt 0.50650 0.18554
vt 0.11898 0.10453
vt 0.49113 0.18880
vt 0.48445 0.18332
vt 0.47582 0.18085
vt 0.13805 0.17971
vt 0.13290 0.17114
vt 0.12629 0.18044
vt 0.13359 0.18693
vt 0.12683 0.19055
vt 0.11765 0.18754
vt 0.12123 0.19562
vt 0.39214 0.39380
vt 0.05813 0.22243
vt 0.05824 0.22999
vt 0.06557 0.22651
vt 0.39496 0.38764
vt 0.43931 0.37208
vt 0.44211 0.38107
vt 0.50066 0.19359
vt 0.50892 0.19241
vt 0.44652 0.37491
vt 0.48024 0.19158
vt 0.49028 0.19800
vt 0.46807 0.18807
vt 0.46467 0.17729
vt 0.46253 0.16554
vt 0.47034 0.16444
vt 0.46975 0.16057
vt 0.14305 0.17220
vt 0.13931 0.16632
vt 0.14299 0.18956
vt 0.13437 0.19465
vt 0.12730 0.19837
vt 0.12226 0.20186
vt 0.05227 0.22703
vt 0.05231 0.23301
vt 0.38572 0.38787
vt 0.38512 0.39619
vt 0.39162 0.35344
vt 0.38055 0.37343
vt 0.37302 0.38618
vt 0.37679 0.39525
vt 0.04529 0.23163
vt 0.12143 0.20881
vt 0.12733 0.20491
vt 0.13416 0.20318
vt 0.14268 0.19987
vt 0.14929 0.19594
vt 0.15040 0.18031
vt 0.15136 0.18962
vt 0.15633 0.18712
vt 0.15030 0.17195
vt 0.15876 0.17198
vt 0.15948 0.18142
vt 0.15746 0.19553
vt 0.15181 0.20543
vt 0.14252 0.20956
vt 0.13272 0.21214
vt 0.12545 0.21849
vt 0.94287 0.38377
vt 0.94971 0.37477
vt 0.93946 0.37350
vt 0.36767 0.37677
vt 0.36243 0.38692
vt 0.95334 0.38377
vt 0.36538 0.35777
vt 0.37839 0.32668
vt 0.36064 0.33808
vt 0.35775 0.37654
vt 0.35145 0.38868
vt 0.91842 0.84842
vt 0.91312 0.84074
vt 0.90712 0.84869
vt 0.90278 0.84166
vt 0.89619 0.83447
vt 0.90758 0.83195
vt 0.14028 0.21847
vt 0.90244 0.82515
vt 0.15048 0.21876
vt 0.16094 0.20479
vt 0.16027 0.21422
vt 0.16628 0.19817
vt 0.16357 0.18889
vt 0.21697 0.33119
vt 0.22274 0.33624
vt 0.22221 0.32622
vt 0.16732 0.20515
vt 0.16612 0.21085
vt 0.22524 0.31870
vt 0.21900 0.31796
vt 0.21663 0.32506
vt 0.89467 0.80728
vt 0.90259 0.81365
vt 0.90188 0.80471
vt 0.91157 0.82133
vt 0.91818 0.82988
vt 0.92494 0.83946
vt 0.34189 0.37221
vt 0.33930 0.39163
vt 0.34672 0.40094
vt 0.34473 0.34357
vt 0.32159 0.35462
vt 0.32565 0.37330
vt 0.32992 0.38485
vt 0.33109 0.39457
vt 0.91086 0.86355
vt 0.90350 0.86830
vt 0.91492 0.87183
vt 0.90418 0.87910
vt 0.92792 0.82815
vt 0.93412 0.83547
vt 0.92239 0.81948
vt 0.91623 0.81069
vt 0.91007 0.80154
vt 0.22447 0.30999
vt 0.20923 0.31337
vt 0.21673 0.30946
vt 0.21242 0.32177
vt 0.21175 0.32835
vt 0.20257 0.32346
vt 0.19813 0.31344
vt 0.20111 0.30326
vt 0.21113 0.30509
vt 0.21690 0.30224
vt 0.83701 0.10866
vt 0.84193 0.09860
vt 0.83168 0.10151
vt 0.83434 0.09009
vt 0.82427 0.09441
vt 0.82568 0.08374
vt 0.81699 0.08795
vt 0.81718 0.07796
vt 0.81072 0.08271
vt 0.80775 0.07490
vt 0.80344 0.08205
vt 0.90408 0.86035
vt 0.31888 0.38252
vt 0.32422 0.39211
vt 0.31544 0.36980
vt 0.30611 0.36119
vt 0.30553 0.37622
vt 0.17429 0.93233
vt 0.18814 0.92735
vt 0.17451 0.92265
vt 0.16768 0.92518
vt 0.16369 0.93062
vt 0.79306 0.08876
vt 0.79959 0.08783
vt 0.79532 0.08228
vt 0.91182 0.85617
vt 0.80763 0.09077
vt 0.81576 0.09674
vt 0.82088 0.10634
vt 0.82974 0.11031
vt 0.20935 0.29752
vt 0.83309 0.11688
vt 0.82662 0.12430
vt 0.82469 0.11641
vt 0.20067 0.29245
vt 0.81414 0.10993
vt 0.81667 0.11546
vt 0.80945 0.10339
vt 0.79842 0.09645
vt 0.78785 0.09383
vt 0.78316 0.09925
vt 0.79165 0.10146
vt 0.17988 0.91746
vt 0.29647 0.36356
vt 0.29413 0.37321
vt 0.29671 0.38378
vt 0.69956 0.06385
vt 0.68820 0.06063
vt 0.69033 0.07090
vt 0.29285 0.34197
vt 0.28525 0.36467
vt 0.28685 0.37720
vt 0.28526 0.38738
vt 0.68208 0.07084
vt 0.67981 0.05193
vt 0.67759 0.06132
vt 0.68518 0.07967
vt 0.78890 0.10777
vt 0.79926 0.10945
vt 0.80932 0.11366
vt 0.80400 0.11946
vt 0.81149 0.12274
vt 0.79657 0.11944
vt 0.79275 0.11361
vt 0.67450 0.08095
vt 0.67340 0.07075
vt 0.66664 0.06454
vt 0.66928 0.05319
vt 0.27340 0.37643
vt 0.27463 0.39002
vt 0.28202 0.39805
vt 0.26880 0.35530
vt 0.26757 0.38545
vt 0.26779 0.39116
vt 0.04453 0.31990
vt 0.04947 0.31466
vt 0.03998 0.31407
vt 0.04629 0.30414
vt 0.89296 0.82355
vt 0.88868 0.81241
vt 0.88393 0.82131
vt 0.87893 0.81232
vt 0.66479 0.07507
vt 0.65731 0.06904
vt 0.88708 0.83163
vt 0.68133 0.08552
vt 0.67659 0.09107
vt 0.66861 0.08933
vt 0.66270 0.08435
vt 0.65518 0.07915
vt 0.88812 0.84185
vt 0.87932 0.83955
vt 0.87713 0.82943
vt 0.87379 0.82002
vt 0.87133 0.81322
vt 0.04932 0.32210
vt 0.26197 0.38811
vt 0.04476 0.32648
vt 0.25919 0.38021
vt 0.26014 0.36852
vt 0.25212 0.35875
vt 0.25276 0.34242
vt 0.26694 0.33375
vt 0.23948 0.34039
vt 0.24323 0.35167
vt 0.24499 0.35932
vt 0.24965 0.37066
vt 0.24671 0.36347
vt 0.86970 0.19407
vt 0.86389 0.18344
vt 0.86200 0.19528
vt 0.86523 0.19945
vt 0.86859 0.20282
vt 0.86093 0.81064
vt 0.86294 0.81704
vt 0.86665 0.80973
vt 0.86680 0.82715
vt 0.86923 0.83704
vt 0.87116 0.84705
vt 0.88048 0.85013
vt 0.88902 0.84994
vt 0.65416 0.08741
vt 0.87261 0.85387
vt 0.88438 0.85840
vt 0.87640 0.85725
vt 0.86146 0.84516
vt 0.86466 0.85424
vt 0.85746 0.83472
vt 0.85793 0.82513
vt 0.85379 0.81061
vt 0.84388 0.81404
vt 0.85134 0.81952
vt 0.85522 0.18724
vt 0.86203 0.17598
vt 0.85672 0.17737
vt 0.85981 0.17190
vt 0.85600 0.16979
vt 0.86017 0.16381
vt 0.85250 0.16259
vt 0.85649 0.15247
vt 0.84980 0.17209
vt 0.84965 0.18092
vt 0.84676 0.18865
vt 0.84179 0.82219
vt 0.84962 0.82792
vt 0.85683 0.85166
vt 0.86309 0.86263
vt 0.85755 0.85748
vt 0.87029 0.85912
vt 0.18352 0.24529
vt 0.18913 0.24254
vt 0.18404 0.23870
vt 0.19326 0.25025
vt 0.17549 0.23774
vt 0.16327 0.24175
vt 0.16692 0.23163
vt 0.88486 0.37447
vt 0.88356 0.38429
vt 0.88970 0.37977
vt 0.17284 0.24918
vt 0.89226 0.37409
vt 0.85141 0.85481
vt 0.84905 0.84600
vt 0.84728 0.83573
vt 0.84048 0.83056
vt 0.84088 0.17747
vt 0.83872 0.18959
vt 0.84287 0.16456
vt 0.84522 0.15167
vt 0.83541 0.15626
vt 0.83323 0.16717
vt 0.83139 0.17602
vt 0.83313 0.18314
vt 0.83338 0.83412
vt 0.83961 0.83928
vt 0.84182 0.85602
vt 0.83794 0.84715
vt 0.89014 0.36534
vt 0.87862 0.36468
vt 0.15521 0.23257
vt 0.14838 0.24567
vt 0.16142 0.25581
vt 0.17219 0.25961
vt 0.18337 0.25680
vt 0.17917 0.26858
vt 0.18771 0.26515
vt 0.19312 0.26079
vt 0.16608 0.26866
vt 0.14506 0.27147
vt 0.14539 0.23347
vt 0.14912 0.22602
vt 0.88323 0.35499
vt 0.89277 0.35260
vt 0.89843 0.36023
vt 0.90156 0.35148
vt 0.83136 0.84143
vt 0.82604 0.18224
vt 0.82345 0.17090
vt 0.83537 0.14624
vt 0.82910 0.15092
vt 0.82644 0.15935
vt 0.89666 0.34089
vt 0.88557 0.34274
vt 0.14046 0.22860
vt 0.87812 0.34733
vt 0.13490 0.23617
vt 0.13367 0.25210
vt 0.17368 0.27661
vt 0.18323 0.27915
vt 0.18874 0.27227
vt 0.38143 0.06079
vt 0.38477 0.05362
vt 0.37877 0.05536
vt 0.37451 0.06039
vt 0.36673 0.05624
vt 0.36704 0.06760
vt 0.37377 0.05073
vt 0.37955 0.05013
vt 0.19043 0.27948
vt 0.38811 0.04668
vt 0.38247 0.04574
vt 0.17593 0.28433
vt 0.18325 0.28785
vt 0.19248 0.28559
vt 0.16494 0.28295
vt 0.12927 0.26242
vt 0.13379 0.22747
vt 0.87746 0.33959
vt 0.88974 0.33150
vt 0.81801 0.16059
vt 0.88160 0.33233
vt 0.12400 0.22876
vt 0.87252 0.33084
vt 0.12177 0.24276
vt 0.12365 0.25422
vt 0.17559 0.29676
vt 0.19015 0.29531
vt 0.81680 0.12993
vt 0.80847 0.13009
vt 0.81951 0.12240
vt 0.80474 0.12691
vt 0.67110 0.10162
vt 0.67637 0.10256
vt 0.67447 0.09788
vt 0.80144 0.12472
vt 0.66822 0.09677
vt 0.66010 0.09284
vt 0.36011 0.06067
vt 0.18828 0.30776
vt 0.17268 0.31942
vt 0.15374 0.30220
vt 0.12182 0.27500
vt 0.19064 0.31933
vt 0.18982 0.33354
vt 0.16950 0.34221
vt 0.14038 0.33737
vt 0.12416 0.30323
vt 0.12053 0.26170
vt 0.11361 0.26528
vt 0.10953 0.27381
vt 0.10819 0.28811
vt 0.20565 0.33399
vt 0.20182 0.34514
vt 0.21305 0.33411
vt 0.21294 0.34024
vt 0.18484 0.35304
vt 0.10110 0.27719
vt 0.09238 0.29034
vt 0.10441 0.26329
vt 0.11440 0.25273
vt 0.53423 0.22995
vt 0.53874 0.22169
vt 0.52817 0.22760
vt 0.09230 0.27208
vt 0.55136 0.22716
vt 0.53936 0.23114
vt 0.52511 0.21642
vt 0.18710 0.37329
vt 0.20154 0.36032
vt 0.20492 0.37587
vt 0.16090 0.36777
vt 0.77637 0.96126
vt 0.76955 0.97826
vt 0.78047 0.97302
vt 0.56191 0.23304
vt 0.57009 0.23369
vt 0.56859 0.22488
vt 0.21560 0.36595
vt 0.21768 0.37872
vt 0.21013 0.38713
vt 0.19633 0.39091
vt 0.17481 0.39267
vt 0.22038 0.39054
vt 0.22834 0.38277
vt 0.21086 0.40025
vt 0.22468 0.39958
vt 0.22961 0.39224
vt 0.19993 0.40167
vt 0.18911 0.40626
vt 0.10022 0.30854
vt 0.19426 0.41361
vt 0.20249 0.41044
vt 0.21389 0.41078
vt 0.22069 0.40656
vt 0.61861 0.87536
vt 0.62329 0.86879
vt 0.61410 0.86698
vt 0.61308 0.88243
vt 0.60915 0.87629
vt 0.23697 0.38800
vt 0.60439 0.88398
vt 0.60486 0.86742
vt 0.45830 0.18511
vt 0.46244 0.19520
vt 0.47227 0.19723
vt 0.61329 0.85692
vt 0.60893 0.86265
vt 0.62264 0.86146
vt 0.63018 0.86466
vt 0.21211 0.41842
vt 0.63188 0.85545
vt 0.19867 0.42054
vt 0.18758 0.41702
vt 0.17014 0.41777
vt 0.18660 0.42724
vt 0.19840 0.42923
vt 0.20689 0.42614
vt 0.63692 0.84635
vt 0.62733 0.84680
vt 0.62249 0.85334
vt 0.48067 0.20149
vt 0.47683 0.20979
vt 0.48825 0.20718
vt 0.47422 0.20335
vt 0.61685 0.84536
vt 0.60568 0.84816
vt 0.60761 0.83793
vt 0.62527 0.83832
vt 0.61681 0.83401
vt 0.63240 0.84088
vt 0.64091 0.83836
vt 0.64565 0.84410
vt 0.19392 0.43447
vt 0.64986 0.83773
vt 0.17668 0.43057
vt 0.18479 0.43590
vt 0.17471 0.43937
vt 0.74193 0.34823
vt 0.73347 0.35497
vt 0.74087 0.35657
vt 0.73405 0.36040
vt 0.73841 0.36397
vt 0.65176 0.83153
vt 0.64596 0.83283
vt 0.64056 0.83088
vt 0.63315 0.83360
vt 0.62529 0.82884
vt 0.60942 0.82828
vt 0.61707 0.82370
vt 0.63586 0.82353
vt 0.62578 0.81815
vt 0.64745 0.82547
vt 0.65802 0.82673
vt 0.73116 0.34451
vt 0.65513 0.81787
vt 0.66634 0.81737
vt 0.16811 0.43214
vt 0.16408 0.44054
vt 0.74200 0.33696
vt 0.14798 0.39897
vt 0.12700 0.37448
vt 0.12418 0.40074
vt 0.13546 0.41288
vt 0.14793 0.42029
vt 0.15727 0.43135
vt 0.75054 0.33049
vt 0.74207 0.32529
vt 0.73297 0.33096
vt 0.72134 0.33432
vt 0.72125 0.34498
vt 0.65971 0.81030
vt 0.65281 0.81011
vt 0.64475 0.81464
vt 0.63438 0.81292
vt 0.62550 0.80741
vt 0.61703 0.81348
vt 0.64012 0.80748
vt 0.63365 0.80416
vt 0.64782 0.80433
vt 0.65620 0.80406
vt 0.71534 0.34138
vt 0.70366 0.90958
vt 0.71084 0.91603
vt 0.71059 0.90797
vt 0.72581 0.32297
vt 0.71721 0.32413
vt 0.72004 0.91202
vt 0.71473 0.90919
vt 0.73497 0.32018
vt 0.74943 0.31678
vt 0.74151 0.31692
vt 0.14508 0.43300
vt 0.13513 0.42492
vt 0.12365 0.41645
vt 0.75638 0.30612
vt 0.76355 0.29366
vt 0.75525 0.29726
vt 0.75046 0.30147
vt 0.74859 0.30738
vt 0.74389 0.31073
vt 0.73735 0.31121
vt 0.72952 0.31355
vt 0.72171 0.31517
vt 0.72926 0.91596
vt 0.72889 0.90721
vt 0.71695 0.90158
vt 0.70674 0.90391
vt 0.65291 0.79862
vt 0.64679 0.79581
vt 0.64044 0.80016
vt 0.64002 0.79337
vt 0.63402 0.79615
vt 0.70616 0.89723
vt 0.71226 0.89084
vt 0.70440 0.89019
vt 0.73088 0.89757
vt 0.72345 0.88934
vt 0.73572 0.91170
vt 0.73864 0.90439
vt 0.72478 0.30820
vt 0.73677 0.91761
vt 0.73168 0.30340
vt 0.74239 0.30166
vt 0.74986 0.29461
vt 0.75672 0.28967
vt 0.74998 0.28513
vt 0.74124 0.28991
vt 0.73641 0.29715
vt 0.74240 0.92370
vt 0.75317 0.91868
vt 0.74459 0.91263
vt 0.74976 0.92610
vt 0.74820 0.90240
vt 0.74235 0.89570
vt 0.73590 0.88793
vt 0.73064 0.88206
vt 0.72342 0.88141
vt 0.70761 0.88244
vt 0.71649 0.88362
vt 0.63410 0.78820
vt 0.69191 0.05000
vt 0.70116 0.05003
vt 0.69952 0.04051
vt 0.62825 0.79353
vt 0.68934 0.04126
vt 0.68470 0.04624
vt 0.70701 0.04566
vt 0.45476 0.29074
vt 0.44976 0.29820
vt 0.45872 0.29686
vt 0.45973 0.30559
vt 0.45324 0.28285
vt 0.44374 0.28776
vt 0.74849 0.88793
vt 0.44250 0.27647
vt 0.75145 0.89531
vt 0.75478 0.90823
vt 0.75687 0.89986
vt 0.75825 0.92819
vt 0.76122 0.91977
vt 0.74172 0.27855
vt 0.87448 0.10707
vt 0.87782 0.12028
vt 0.88792 0.11282
vt 0.88306 0.10462
vt 0.88948 0.10177
vt 0.76229 0.91285
vt 0.76323 0.90410
vt 0.76369 0.89789
vt 0.75878 0.89240
vt 0.42680 0.27958
vt 0.43331 0.26992
vt 0.43120 0.30114
vt 0.44675 0.30835
vt 0.45467 0.31787
vt 0.46516 0.31411
vt 0.68054 0.03897
vt 0.46488 0.32337
vt 0.62081 0.79728
vt 0.62843 0.79959
vt 0.61568 0.80585
vt 0.04784 0.33340
vt 0.04071 0.34121
vt 0.05016 0.34252
vt 0.45513 0.32938
vt 0.43860 0.32134
vt 0.44836 0.32474
vt 0.42237 0.26566
vt 0.76960 0.89365
vt 0.77017 0.89949
vt 0.89840 0.10689
vt 0.89736 0.09783
vt 0.90547 0.10149
vt 0.89470 0.12235
vt 0.90066 0.11664
vt 0.88722 0.12531
vt 0.13330 0.16085
vt 0.13561 0.14984
vt 0.12764 0.15514
vt 0.12748 0.14749
vt 0.12084 0.15123
vt 0.93936 0.72649
vt 0.93012 0.72311
vt 0.93266 0.73297
vt 0.12244 0.14110
vt 0.90895 0.11084
vt 0.92490 0.73911
vt 0.93458 0.74185
vt 0.93015 0.74928
vt 0.41903 0.25429
vt 0.41226 0.26055
vt 0.41228 0.27137
vt 0.40035 0.28958
vt 0.44513 0.33088
vt 0.41268 0.32694
vt 0.40026 0.26260
vt 0.40777 0.24965
vt 0.41728 0.24295
vt 0.92164 0.72863
vt 0.13104 0.14000
vt 0.12618 0.13259
vt 0.92149 0.71961
vt 0.14045 0.13976
vt 0.13395 0.13066
vt 0.91869 0.71213
vt 0.91131 0.72084
vt 0.40614 0.23551
vt 0.39237 0.24425
vt 0.35997 0.29534
vt 0.37754 0.26290
vt 0.38404 0.23092
vt 0.37574 0.23979
vt 0.39475 0.22952
vt 0.90986 0.71044
vt 0.90159 0.71392
vt 0.14405 0.12981
vt 0.13784 0.12265
vt 0.14691 0.12080
vt 0.85991 0.54365
vt 0.85824 0.55272
vt 0.86658 0.54985
vt 0.85113 0.54521
vt 0.84787 0.55098
vt 0.37466 0.22823
vt 0.83890 0.54708
vt 0.84407 0.54515
vt 0.36552 0.23030
vt 0.35873 0.24550
vt 0.35087 0.26714
vt 0.35378 0.23028
vt 0.17826 0.13517
vt 0.17289 0.12416
vt 0.16910 0.13267
vt 0.35944 0.22095
vt 0.16347 0.12673
vt 0.83319 0.54286
vt 0.83886 0.54113
vt 0.84463 0.53789
vt 0.85336 0.53612
vt 0.84616 0.52545
vt 0.83363 0.53325
vt 0.82400 0.54082
vt 0.81750 0.53487
vt 0.81482 0.54049
vt 0.82327 0.53234
vt 0.35026 0.22185
vt 0.34585 0.23839
vt 0.34164 0.22743
vt 0.34020 0.25052
vt 0.33540 0.28405
vt 0.32966 0.26512
vt 0.32682 0.25229
vt 0.33162 0.24635
vt 0.33367 0.23865
vt 0.96441 0.33470
vt 0.95807 0.32808
vt 0.95281 0.33644
vt 0.96068 0.34323
vt 0.94154 0.32908
vt 0.95018 0.32506
vt 0.80914 0.53328
vt 0.81690 0.52668
vt 0.82568 0.52555
vt 0.83252 0.52000
vt 0.82072 0.51665
vt 0.82761 0.50751
vt 0.81303 0.51981
vt 0.80960 0.52489
vt 0.77069 0.58164
vt 0.76481 0.57830
vt 0.76545 0.58822
vt 0.75828 0.58251
vt 0.75781 0.57380
vt 0.75090 0.57907
vt 0.74694 0.57573
vt 0.75006 0.56906
vt 0.94512 0.32292
vt 0.32567 0.24390
vt 0.93610 0.32116
vt 0.94205 0.32074
vt 0.30901 0.27758
vt 0.31520 0.25902
vt 0.31675 0.24816
vt 0.94045 0.31212
vt 0.31743 0.23906
vt 0.94755 0.31727
vt 0.75375 0.56027
vt 0.75864 0.56427
vt 0.74740 0.56093
vt 0.74027 0.56700
vt 0.76611 0.56816
vt 0.77151 0.57442
vt 0.80732 0.51891
vt 0.81176 0.51292
vt 0.81674 0.50633
vt 0.78658 0.56979
vt 0.78028 0.56423
vt 0.77890 0.57251
vt 0.77383 0.56754
vt 0.76480 0.56006
vt 0.76038 0.55458
vt 0.75155 0.55140
vt 0.74091 0.55401
vt 0.73163 0.55973
vt 0.30735 0.24446
vt 0.30765 0.25158
vt 0.29934 0.25830
vt 0.29987 0.24896
vt 0.73122 0.54922
vt 0.72462 0.55448
vt 0.74596 0.54466
vt 0.73828 0.54225
vt 0.76743 0.55408
vt 0.77253 0.55952
vt 0.78735 0.56167
vt 0.63812 0.24999
vt 0.64234 0.25667
vt 0.64615 0.25096
vt 0.78197 0.55557
vt 0.82051 0.49973
vt 0.81405 0.49969
vt 0.82690 0.49869
vt 0.65244 0.24881
vt 0.64633 0.24106
vt 0.27399 0.06397
vt 0.28590 0.06470
vt 0.27743 0.05812
vt 0.63289 0.24160
vt 0.62823 0.24935
vt 0.77406 0.54962
vt 0.76682 0.54760
vt 0.76038 0.54480
vt 0.75347 0.53984
vt 0.74529 0.53517
vt 0.73428 0.53032
vt 0.72991 0.54004
vt 0.72319 0.54505
vt 0.11379 0.15267
vt 0.10470 0.15470
vt 0.11434 0.16258
vt 0.29068 0.26735
vt 0.10574 0.17170
vt 0.10026 0.16276
vt 0.28909 0.27799
vt 0.28794 0.29507
vt 0.09600 0.16878
vt 0.09608 0.17570
vt 0.28079 0.27083
vt 0.71562 0.54011
vt 0.72334 0.53442
vt 0.71415 0.52812
vt 0.70939 0.53596
vt 0.74392 0.52650
vt 0.73890 0.52184
vt 0.75370 0.52841
vt 0.76221 0.53527
vt 0.76695 0.54086
vt 0.77143 0.54281
vt 0.62496 0.24277
vt 0.62186 0.24712
vt 0.63333 0.22944
vt 0.62555 0.23621
vt 0.61652 0.24072
vt 0.61718 0.24980
vt 0.60997 0.24993
vt 0.60428 0.24231
vt 0.59905 0.25173
vt 0.59562 0.24330
vt 0.58771 0.24790
vt 0.59030 0.25533
vt 0.58345 0.25445
vt 0.57752 0.25033
vt 0.73730 0.51448
vt 0.73214 0.52040
vt 0.72444 0.52382
vt 0.71826 0.51876
vt 0.70648 0.53045
vt 0.09001 0.17115
vt 0.71093 0.51826
vt 0.70662 0.52425
vt 0.72626 0.51231
vt 0.71630 0.51219
vt 0.57951 0.24230
vt 0.57093 0.24597
vt 0.56764 0.25586
vt 0.58875 0.23772
vt 0.59735 0.23614
vt 0.60517 0.23174
vt 0.61676 0.22585
vt 0.08810 0.34761
vt 0.08063 0.33686
vt 0.07535 0.35216
vt 0.10402 0.33348
vt 0.07786 0.32329
vt 0.08886 0.32307
vt 0.08410 0.30900
vt 0.58923 0.22772
vt 0.57841 0.23392
vt 0.57322 0.23928
vt 0.56631 0.24002
vt 0.56255 0.24786
vt 0.71781 0.50312
vt 0.70910 0.50962
vt 0.70163 0.51732
vt 0.70059 0.52746
vt 0.08685 0.17674
vt 0.69409 0.52305
vt 0.26648 0.27735
vt 0.27714 0.27951
vt 0.27175 0.27166
vt 0.70033 0.50647
vt 0.69262 0.51389
vt 0.70801 0.50105
vt 0.72289 0.49364
vt 0.71335 0.49301
vt 0.72890 0.50112
vt 0.55852 0.24041
vt 0.55315 0.24629
vt 0.11361 0.35389
vt 0.09866 0.35302
vt 0.10006 0.36991
vt 0.10404 0.39105
vt 0.08647 0.36042
vt 0.08511 0.37174
vt 0.08807 0.38286
vt 0.07474 0.36679
vt 0.07700 0.37855
vt 0.64729 0.22704
vt 0.65676 0.23465
vt 0.65761 0.22445
vt 0.26449 0.07728
vt 0.27215 0.08364
vt 0.27421 0.07265
vt 0.26221 0.08606
vt 0.05557 0.28406
vt 0.06375 0.27792
vt 0.05310 0.27138
vt 0.06583 0.26605
vt 0.08702 0.39648
vt 0.09691 0.40302
vt 0.10879 0.40836
vt 0.11415 0.41813
vt 0.09700 0.41255
vt 0.10509 0.41793
vt 0.08932 0.40700
vt 0.25543 0.09580
vt 0.25342 0.08392
vt 0.24569 0.08986
vt 0.24522 0.09912
vt 0.25875 0.08018
vt 0.26489 0.06799
vt 0.25536 0.07455
vt 0.84287 0.49622
vt 0.84764 0.50411
vt 0.84900 0.49816
vt 0.83638 0.50138
vt 0.84029 0.51183
vt 0.85010 0.51397
vt 0.85538 0.49948
vt 0.85883 0.50898
vt 0.86499 0.50097
vt 0.77504 0.25822
vt 0.77379 0.24916
vt 0.76969 0.25409
vt 0.87067 0.50842
vt 0.76401 0.24848
vt 0.77111 0.26722
vt 0.76947 0.25978
vt 0.76576 0.26315
vt 0.76608 0.27564
vt 0.76448 0.26840
vt 0.76033 0.27253
vt 0.75833 0.28073
vt 0.76362 0.28400
vt 0.75131 0.27383
vt 0.75866 0.26363
vt 0.76453 0.25700
vt 0.75793 0.25488
vt 0.16339 0.14157
vt 0.16799 0.15166
vt 0.17409 0.14251
vt 0.15752 0.14906
vt 0.75293 0.24950
vt 0.85686 0.52020
vt 0.86620 0.51808
vt 0.85627 0.52859
vt 0.86261 0.52601
vt 0.15186 0.13874
vt 0.15924 0.13382
vt 0.75141 0.25591
vt 0.74364 0.25468
vt 0.14690 0.15000
vt 0.75423 0.25895
vt 0.74884 0.26282
vt 0.74315 0.26996
vt 0.74097 0.26368
vt 0.86210 0.53432
vt 0.15311 0.12811
vt 0.73392 0.25999
vt 0.73535 0.27002
vt 0.55380 0.23503
vt 0.55142 0.23992
vt 0.54614 0.23575
vt 0.54652 0.24280
vt 0.53817 0.24136
vt 0.54539 0.24992
vt 0.53534 0.23445
vt 0.53140 0.23558
vt 0.75101 0.05225
vt 0.74169 0.05969
vt 0.75025 0.06863
vt 0.74295 0.04946
vt 0.70099 0.49472
vt 0.71234 0.48292
vt 0.52397 0.23534
vt 0.73494 0.05193
vt 0.74215 0.06857
vt 0.73289 0.05957
vt 0.73500 0.06839
vt 0.74185 0.07728
vt 0.72746 0.06315
vt 0.72552 0.05359
vt 0.51749 0.22648
vt 0.51388 0.23717
vt 0.51606 0.21790
vt 0.72583 0.07231
vt 0.73393 0.07750
vt 0.68950 0.49650
vt 0.69210 0.50449
vt 0.68548 0.50498
vt 0.73689 0.08705
vt 0.74449 0.08638
vt 0.68644 0.51160
vt 0.09141 0.81315
vt 0.08803 0.80749
vt 0.08396 0.81468
vt 0.08130 0.80411
vt 0.72930 0.08174
vt 0.07354 0.81396
vt 0.72769 0.09014
vt 0.07176 0.80226
vt 0.72008 0.08243
vt 0.71796 0.06147
vt 0.71494 0.07198
vt 0.50838 0.22959
vt 0.71619 0.05120
vt 0.50425 0.23518
vt 0.50861 0.22030
vt 0.51273 0.20995
vt 0.90761 0.15640
vt 0.90547 0.16780
vt 0.91776 0.16104
vt 0.49905 0.21428
vt 0.49977 0.22611
vt 0.70827 0.05401
vt 0.49700 0.23497
vt 0.70650 0.06435
vt 0.70700 0.07337
vt 0.71119 0.07921
vt 0.71013 0.08779
vt 0.71828 0.09252
vt 0.24323 0.31620
vt 0.25593 0.31935
vt 0.24823 0.30856
vt 0.25921 0.30528
vt 0.26958 0.29912
vt 0.25961 0.29522
vt 0.27526 0.31539
vt 0.26696 0.28734
vt 0.09045 0.82377
vt 0.09860 0.81465
vt 0.10090 0.82359
vt 0.24449 0.32831
vt 0.25497 0.33088
vt 0.23512 0.32097
vt 0.84289 0.14046
vt 0.84977 0.13354
vt 0.84101 0.13349
vt 0.85173 0.14271
vt 0.23406 0.33090
vt 0.83572 0.13827
vt 0.82777 0.14179
vt 0.81824 0.14336
vt 0.82192 0.15120
vt 0.81444 0.15240
vt 0.88429 0.32420
vt 0.88521 0.31525
vt 0.87667 0.31980
vt 0.87901 0.32658
vt 0.29466 0.31650
vt 0.32256 0.31407
vt 0.35375 0.32339
vt 0.43398 0.34065
vt 0.41536 0.35525
vt 0.43343 0.35893
vt 0.44566 0.36201
vt 0.44578 0.35089
vt 0.44964 0.33943
vt 0.45607 0.34656
vt 0.08947 0.83251
vt 0.07965 0.83590
vt 0.08585 0.84340
vt 0.08100 0.82529
vt 0.07305 0.82946
vt 0.44789 0.36913
vt 0.07372 0.82269
vt 0.58944 0.83666
vt 0.58633 0.83178
vt 0.58362 0.83738
vt 0.59297 0.83074
vt 0.59808 0.82319
vt 0.60127 0.83058
vt 0.59709 0.83972
vt 0.60403 0.82038
vt 0.60299 0.81452
vt 0.60426 0.82452
vt 0.60919 0.81922
vt 0.45880 0.33766
vt 0.05162 0.35068
vt 0.04478 0.34873
vt 0.04715 0.35746
vt 0.60967 0.81101
vt 0.49992 0.20364
vt 0.50650 0.19793
vt 0.23856 0.37706
vt 0.45362 0.17486
vt 0.22775 0.37119
vt 0.23782 0.36448
vt 0.15958 0.16011
vt 0.14764 0.16364
vt 0.22708 0.35914
vt 0.16735 0.17997
vt 0.21553 0.35136
vt 0.22731 0.35031
vt 0.22189 0.34231
vt 0.17255 0.20299
vt 0.17078 0.20895

# No. faces 1512:

usemtl CavePlatform2_

f 3/3/1515 2/2/1514 1/1/1513
f 1/1/1513 2/2/1514 4/4/1516
f 1/1/1513 4/4/1516 5/5/1517
f 1/1/1513 5/5/1517 3/3/1515
f 7/7/1519 6/6/1518 3/3/1515
f 6/6/1518 2/2/1514 3/3/1515
f 3/3/1515 8/8/1520 7/7/1519
f 5/5/1517 8/8/1520 3/3/1515
f 2/2/1514 9/9/1521 4/4/1516
f 2/12/1514 6/11/1518 10/10/1522
f 9/13/1521 2/12/1514 10/10/1522
f 4/4/1516 11/14/1523 5/5/1517
f 11/14/1523 4/4/1516 12/15/1524
f 12/15/1524 4/4/1516 13/16/1525
f 4/4/1516 9/9/1521 13/16/1525
f 5/5/1517 11/14/1523 14/17/1526
f 15/18/1527 5/5/1517 14/17/1526
f 8/8/1520 5/5/1517 15/18/1527
f 15/18/1527 16/19/1528 8/8/1520
f 16/19/1528 7/7/1519 8/8/1520
f 7/7/1519 16/19/1528 17/20/1529
f 7/7/1519 17/20/1529 6/6/1518
f 17/20/1529 18/21/1530 6/6/1518
f 10/10/1522 6/11/1518 19/22/1531
f 6/11/1518 18/23/1530 19/22/1531
f 19/22/1531 20/24/1532 10/10/1522
f 10/10/1522 20/24/1532 21/25/1533
f 10/10/1522 21/25/1533 22/26/1534
f 22/26/1534 9/13/1521 10/10/1522
f 9/29/1521 22/28/1534 13/27/1525
f 24/31/1536 23/30/1535 13/16/1525
f 13/16/1525 23/30/1535 12/15/1524
f 24/32/1536 13/27/1525 22/28/1534
f 23/30/1535 25/33/1537 12/15/1524
f 12/15/1524 25/33/1537 26/34/1538
f 26/34/1538 11/14/1523 12/15/1524
f 11/14/1523 27/35/1539 14/17/1526
f 27/35/1539 11/14/1523 26/34/1538
f 17/38/1529 16/37/1528 28/36/1540
f 29/39/1541 17/38/1529 28/36/1540
f 30/40/1542 17/38/1529 29/39/1541
f 30/40/1542 18/41/1530 17/38/1529
f 31/42/1543 18/41/1530 30/40/1542
f 19/22/1531 18/23/1530 32/43/1544
f 18/46/1530 31/45/1543 32/44/1544
f 19/22/1531 33/47/1545 20/24/1532
f 32/43/1544 33/47/1545 19/22/1531
f 34/48/1546 22/26/1534 21/25/1533
f 24/49/1536 22/26/1534 34/48/1546
f 24/31/1536 35/50/1547 23/30/1535
f 36/51/1548 35/50/1547 24/31/1536
f 24/49/1536 34/48/1546 36/52/1548
f 35/50/1547 25/33/1537 23/30/1535
f 25/33/1537 37/53/1549 26/34/1538
f 37/53/1549 25/33/1537 38/54/1550
f 38/54/1550 25/33/1537 35/50/1547
f 37/53/1549 27/35/1539 26/34/1538
f 40/56/1552 27/35/1539 39/55/1551
f 14/17/1526 27/35/1539 40/56/1552
f 39/55/1551 27/35/1539 37/53/1549
f 14/17/1526 40/56/1552 41/57/1553
f 42/58/1554 14/17/1526 41/57/1553
f 14/17/1526 42/58/1554 15/18/1527
f 16/19/1528 15/18/1527 43/59/1555
f 15/18/1527 42/58/1554 43/59/1555
f 43/61/1555 44/60/1556 16/37/1528
f 28/36/1540 16/37/1528 44/60/1556
f 45/62/1557 29/39/1541 28/36/1540
f 46/63/1558 29/39/1541 45/62/1557
f 46/63/1558 30/40/1542 29/39/1541
f 47/64/1559 30/40/1542 46/63/1558
f 47/64/1559 31/42/1543 30/40/1542
f 48/65/1560 31/42/1543 47/64/1559
f 48/67/1560 49/66/1561 31/45/1543
f 32/44/1544 31/45/1543 49/66/1561
f 32/43/1544 50/68/1562 33/47/1545
f 49/69/1561 50/68/1562 32/43/1544
f 50/68/1562 20/24/1532 33/47/1545
f 52/71/1564 51/70/1563 20/24/1532
f 50/68/1562 52/71/1564 20/24/1532
f 53/72/1565 52/71/1564 50/68/1562
f 50/68/1562 54/73/1566 53/72/1565
f 49/69/1561 54/73/1566 50/68/1562
f 49/66/1561 48/67/1560 54/74/1566
f 55/76/1567 54/75/1566 48/65/1560
f 48/65/1560 47/64/1559 55/76/1567
f 46/63/1558 56/77/1568 47/64/1559
f 56/77/1568 55/76/1567 47/64/1559
f 45/62/1557 57/78/1569 46/63/1558
f 57/78/1569 56/77/1568 46/63/1558
f 57/78/1569 45/62/1557 58/79/1570
f 59/80/1571 45/62/1557 28/36/1540
f 60/81/1572 45/62/1557 59/80/1571
f 60/81/1572 58/79/1570 45/62/1557
f 28/36/1540 44/60/1556 59/80/1571
f 60/81/1572 59/80/1571 61/82/1573
f 63/84/1575 59/80/1571 62/83/1574
f 64/85/1576 59/80/1571 63/84/1575
f 64/85/1576 61/82/1573 59/80/1571
f 59/80/1571 44/60/1556 62/83/1574
f 61/82/1573 65/86/1577 60/81/1572
f 58/79/1570 60/81/1572 65/86/1577
f 58/79/1570 65/86/1577 66/87/1578
f 58/79/1570 66/87/1578 57/78/1569
f 56/77/1568 57/78/1569 67/88/1579
f 67/88/1579 57/78/1569 66/87/1578
f 55/76/1567 56/77/1568 68/89/1580
f 68/89/1580 56/77/1568 67/88/1579
f 55/76/1567 68/89/1580 54/75/1566
f 68/89/1580 69/90/1581 54/75/1566
f 54/93/1566 69/92/1581 53/91/1565
f 53/72/1565 70/94/1582 52/71/1564
f 71/95/1583 70/94/1582 53/72/1565
f 53/91/1565 69/92/1581 71/96/1583
f 52/71/1564 72/97/1584 51/70/1563
f 70/94/1582 72/97/1584 52/71/1564
f 51/70/1563 72/97/1584 73/98/1585
f 72/97/1584 74/99/1586 73/98/1585
f 75/100/1587 72/97/1584 70/94/1582
f 71/95/1583 75/100/1587 70/94/1582
f 76/101/1588 75/100/1587 71/95/1583
f 71/104/1583 77/103/1589 76/102/1588
f 69/105/1581 77/103/1589 71/104/1583
f 78/107/1590 69/105/1581 68/106/1580
f 77/103/1589 69/105/1581 78/107/1590
f 79/108/1591 68/89/1580 67/88/1579
f 78/107/1590 68/106/1580 79/109/1591
f 80/110/1592 67/88/1579 66/87/1578
f 79/108/1591 67/88/1579 80/110/1592
f 82/112/1594 66/87/1578 81/111/1593
f 80/110/1592 66/87/1578 82/112/1594
f 65/86/1577 81/111/1593 66/87/1578
f 83/113/1595 81/111/1593 65/86/1577
f 84/114/1596 83/113/1595 65/86/1577
f 61/82/1573 84/114/1596 65/86/1577
f 82/117/1594 81/116/1593 85/115/1597
f 86/118/1598 81/111/1593 83/113/1595
f 86/118/1598 85/119/1597 81/111/1593
f 82/117/1594 88/121/1600 87/120/1599
f 89/122/1601 88/121/1600 82/117/1594
f 89/122/1601 82/117/1594 85/115/1597
f 87/125/1599 80/124/1592 82/123/1594
f 90/126/1602 79/109/1591 80/124/1592
f 90/126/1602 78/107/1590 79/109/1591
f 91/127/1603 78/107/1590 90/126/1602
f 91/127/1603 77/103/1589 78/107/1590
f 92/128/1604 77/103/1589 91/127/1603
f 77/103/1589 92/128/1604 76/102/1588
f 76/101/1588 93/129/1605 75/100/1587
f 94/130/1606 93/129/1605 76/101/1588
f 76/101/1588 92/131/1604 94/130/1606
f 75/100/1587 93/129/1605 72/97/1584
f 93/129/1605 95/132/1607 72/97/1584
f 72/97/1584 95/132/1607 74/99/1586
f 93/129/1605 96/133/1608 95/132/1607
f 97/134/1609 96/133/1608 93/129/1605
f 98/135/1610 97/134/1609 93/129/1605
f 94/130/1606 98/135/1610 93/129/1605
f 99/136/1611 98/135/1610 94/130/1606
f 94/139/1606 100/138/1612 99/137/1611
f 92/140/1604 100/138/1612 94/139/1606
f 101/141/1613 92/128/1604 91/127/1603
f 100/142/1612 92/128/1604 101/141/1613
f 102/143/1614 91/127/1603 90/126/1602
f 101/141/1613 91/127/1603 102/143/1614
f 103/144/1615 90/126/1602 80/124/1592
f 102/143/1614 90/126/1602 103/144/1615
f 104/145/1616 80/124/1592 87/125/1599
f 103/144/1615 80/124/1592 104/145/1616
f 88/121/1600 104/146/1616 87/120/1599
f 106/148/1618 88/121/1600 105/147/1617
f 88/121/1600 107/149/1619 105/147/1617
f 106/148/1618 104/146/1616 88/121/1600
f 89/122/1601 107/149/1619 88/121/1600
f 89/122/1601 108/150/1620 107/149/1619
f 85/115/1597 108/150/1620 89/122/1601
f 107/149/1619 109/151/1621 105/147/1617
f 107/149/1619 108/150/1620 109/151/1621
f 111/153/1623 105/147/1617 110/152/1622
f 112/154/1624 105/147/1617 111/153/1623
f 112/154/1624 106/148/1618 105/147/1617
f 105/147/1617 109/151/1621 110/152/1622
f 113/155/1625 106/148/1618 112/154/1624
f 106/148/1618 113/155/1625 104/146/1616
f 114/158/1626 104/157/1616 113/156/1625
f 114/158/1626 103/159/1615 104/157/1616
f 115/160/1627 103/159/1615 114/158/1626
f 115/160/1627 102/161/1614 103/159/1615
f 116/162/1628 102/161/1614 115/160/1627
f 116/162/1628 101/163/1613 102/161/1614
f 117/164/1629 101/163/1613 116/162/1628
f 117/164/1629 100/165/1612 101/163/1613
f 118/166/1630 100/165/1612 117/164/1629
f 118/167/1630 99/137/1611 100/138/1612
f 98/135/1610 119/168/1631 97/134/1609
f 120/169/1632 119/168/1631 98/135/1610
f 98/135/1610 99/136/1611 120/169/1632
f 97/134/1609 121/170/1633 96/133/1608
f 119/168/1631 121/170/1633 97/134/1609
f 121/170/1633 122/171/1634 96/133/1608
f 123/172/1635 122/171/1634 121/170/1633
f 119/168/1631 123/172/1635 121/170/1633
f 124/175/1636 123/174/1635 119/173/1631
f 119/173/1631 125/176/1637 124/175/1636
f 120/177/1632 125/176/1637 119/173/1631
f 120/180/1632 126/179/1638 125/178/1637
f 118/167/1630 120/181/1632 99/137/1611
f 118/166/1630 126/179/1638 120/180/1632
f 118/166/1630 127/182/1639 126/179/1638
f 118/166/1630 117/164/1629 127/182/1639
f 116/162/1628 127/182/1639 117/164/1629
f 115/160/1627 128/183/1640 116/162/1628
f 128/183/1640 127/182/1639 116/162/1628
f 114/158/1626 129/184/1641 115/160/1627
f 129/184/1641 128/183/1640 115/160/1627
f 129/184/1641 114/158/1626 130/185/1642
f 130/185/1642 114/158/1626 113/156/1625
f 112/154/1624 131/186/1643 113/155/1625
f 113/156/1625 131/187/1643 130/185/1642
f 131/186/1643 112/154/1624 111/153/1623
f 133/189/1645 131/187/1643 132/188/1644
f 132/190/1644 131/186/1643 111/153/1623
f 130/185/1642 131/187/1643 133/189/1645
f 129/184/1641 130/185/1642 133/189/1645
f 129/184/1641 135/192/1647 134/191/1646
f 129/184/1641 133/189/1645 135/192/1647
f 128/183/1640 129/184/1641 136/193/1648
f 136/193/1648 129/184/1641 134/191/1646
f 127/182/1639 128/183/1640 136/193/1648
f 137/194/1649 127/182/1639 136/193/1648
f 127/182/1639 137/194/1649 126/179/1638
f 125/178/1637 126/179/1638 137/194/1649
f 125/178/1637 137/194/1649 124/195/1636
f 124/195/1636 139/197/1651 138/196/1650
f 124/175/1636 138/198/1650 123/174/1635
f 124/195/1636 137/194/1649 139/197/1651
f 123/172/1635 140/199/1652 122/171/1634
f 141/200/1653 140/199/1652 123/172/1635
f 123/172/1635 142/201/1654 141/200/1653
f 138/204/1650 142/203/1654 123/202/1635
f 140/199/1652 143/205/1655 122/171/1634
f 144/206/1656 143/205/1655 140/199/1652
f 141/200/1653 144/206/1656 140/199/1652
f 145/207/1657 144/206/1656 141/200/1653
f 142/201/1654 145/207/1657 141/200/1653
f 146/208/1658 145/207/1657 142/201/1654
f 138/204/1650 147/209/1659 142/203/1654
f 142/203/1654 148/211/1660 146/210/1658
f 148/211/1660 142/203/1654 147/209/1659
f 138/204/1650 149/212/1661 147/209/1659
f 138/196/1650 139/197/1651 149/213/1661
f 139/197/1651 150/214/1662 149/213/1661
f 139/197/1651 137/194/1649 150/214/1662
f 150/214/1662 137/194/1649 136/193/1648
f 134/191/1646 151/215/1663 136/193/1648
f 151/215/1663 150/214/1662 136/193/1648
f 151/215/1663 134/191/1646 135/192/1647
f 151/215/1663 153/217/1665 152/216/1664
f 135/192/1647 153/217/1665 151/215/1663
f 150/214/1662 151/215/1663 152/216/1664
f 154/218/1666 150/214/1662 152/216/1664
f 155/219/1667 150/214/1662 154/218/1666
f 150/214/1662 155/219/1667 149/213/1661
f 147/209/1659 149/212/1661 156/220/1668
f 156/220/1668 157/221/1669 147/209/1659
f 157/221/1669 148/211/1660 147/209/1659
f 158/222/1670 148/211/1660 157/221/1669
f 159/223/1671 148/211/1660 158/222/1670
f 148/211/1660 159/223/1671 146/210/1658
f 146/208/1658 160/224/1672 145/207/1657
f 161/225/1673 160/224/1672 146/208/1658
f 146/208/1658 159/226/1671 161/225/1673
f 160/224/1672 144/206/1656 145/207/1657
f 144/206/1656 162/227/1674 143/205/1655
f 160/224/1672 162/227/1674 144/206/1656
f 161/225/1673 163/228/1675 160/224/1672
f 164/229/1676 163/228/1675 161/225/1673
f 161/232/1673 165/231/1677 164/230/1676
f 159/233/1671 165/231/1677 161/232/1673
f 166/236/1678 159/235/1671 158/234/1670
f 165/237/1677 159/235/1671 166/236/1678
f 168/239/1680 158/222/1670 167/238/1679
f 166/236/1678 158/234/1670 168/240/1680
f 158/222/1670 157/221/1669 167/238/1679
f 167/238/1679 157/221/1669 156/220/1668
f 156/220/1668 149/212/1661 155/241/1667
f 156/220/1668 155/241/1667 154/242/1666
f 170/244/1682 156/220/1668 169/243/1681
f 167/238/1679 156/220/1668 170/244/1682
f 156/220/1668 154/242/1666 169/243/1681
f 171/245/1683 167/238/1679 170/244/1682
f 168/239/1680 167/238/1679 171/245/1683
f 172/247/1684 168/240/1680 171/246/1683
f 173/248/1685 168/240/1680 172/247/1684
f 173/248/1685 166/236/1678 168/240/1680
f 174/249/1686 166/236/1678 173/248/1685
f 174/249/1686 165/237/1677 166/236/1678
f 175/250/1687 165/237/1677 174/249/1686
f 165/231/1677 175/251/1687 164/230/1676
f 163/228/1675 164/229/1676 176/252/1688
f 164/230/1676 175/251/1687 176/253/1688
f 163/228/1675 177/254/1689 160/224/1672
f 176/252/1688 177/254/1689 163/228/1675
f 160/224/1672 178/255/1690 162/227/1674
f 177/254/1689 178/255/1690 160/224/1672
f 178/255/1690 179/256/1691 162/227/1674
f 179/256/1691 180/257/1692 162/227/1674
f 162/227/1674 180/257/1692 181/258/1693
f 183/260/1695 182/259/1694 180/257/1692
f 179/256/1691 183/260/1695 180/257/1692
f 184/261/1696 183/260/1695 179/256/1691
f 185/262/1697 179/256/1691 178/255/1690
f 186/263/1698 179/256/1691 185/262/1697
f 186/263/1698 184/261/1696 179/256/1691
f 177/254/1689 185/262/1697 178/255/1690
f 187/266/1699 185/265/1697 177/264/1689
f 177/264/1689 188/267/1700 187/266/1699
f 176/268/1688 188/267/1700 177/264/1689
f 176/271/1688 189/270/1701 188/269/1700
f 189/270/1701 176/271/1688 175/250/1687
f 174/249/1686 189/270/1701 175/250/1687
f 173/248/1685 190/272/1702 174/249/1686
f 190/272/1702 189/270/1701 174/249/1686
f 172/247/1684 191/273/1703 173/248/1685
f 191/273/1703 190/272/1702 173/248/1685
f 193/275/1705 192/274/1704 172/247/1684
f 192/274/1704 191/273/1703 172/247/1684
f 172/247/1684 171/246/1683 193/275/1705
f 193/275/1705 171/246/1683 194/276/1706
f 171/245/1683 170/244/1682 194/277/1706
f 192/274/1704 193/275/1705 195/278/1707
f 196/279/1708 193/275/1705 194/276/1706
f 197/280/1709 193/275/1705 196/279/1708
f 197/280/1709 195/278/1707 193/275/1705
f 192/274/1704 199/282/1711 198/281/1710
f 195/278/1707 199/282/1711 192/274/1704
f 191/273/1703 192/274/1704 198/281/1710
f 200/283/1712 191/273/1703 198/281/1710
f 190/272/1702 191/273/1703 200/283/1712
f 189/270/1701 190/272/1702 201/284/1713
f 201/284/1713 190/272/1702 200/283/1712
f 188/269/1700 189/270/1701 187/285/1699
f 187/285/1699 203/287/1715 202/286/1714
f 187/266/1699 202/288/1714 185/265/1697
f 187/285/1699 189/270/1701 203/287/1715
f 185/265/1697 204/290/1716 186/289/1698
f 185/265/1697 202/288/1714 204/290/1716
f 186/289/1698 204/290/1716 184/291/1696
f 184/291/1696 204/290/1716 205/292/1717
f 184/291/1696 205/292/1717 183/293/1695
f 182/295/1694 183/293/1695 206/294/1718
f 183/293/1695 205/292/1717 206/294/1718
f 205/292/1717 207/296/1719 206/294/1718
f 205/292/1717 204/290/1716 207/296/1719
f 207/296/1719 204/290/1716 208/297/1720
f 208/297/1720 204/290/1716 202/288/1714
f 209/298/1721 208/297/1720 202/288/1714
f 202/286/1714 203/287/1715 209/299/1721
f 203/287/1715 210/300/1722 209/299/1721
f 203/287/1715 201/284/1713 210/300/1722
f 189/270/1701 201/284/1713 203/287/1715
f 198/281/1710 199/282/1711 211/301/1723
f 213/303/1725 199/282/1711 212/302/1724
f 211/301/1723 199/282/1711 213/303/1725
f 199/282/1711 214/304/1726 212/302/1724
f 195/278/1707 214/304/1726 199/282/1711
f 195/278/1707 197/280/1709 214/304/1726
f 214/307/1726 197/306/1709 215/305/1727
f 197/306/1709 196/308/1708 215/305/1727
f 214/307/1726 215/305/1727 212/309/1724
f 217/311/1729 212/309/1724 216/310/1728
f 213/314/1725 212/313/1724 217/312/1729
f 212/309/1724 218/315/1730 216/310/1728
f 212/309/1724 215/305/1727 218/315/1730
f 219/316/1731 213/314/1725 217/312/1729
f 213/303/1725 219/317/1731 211/301/1723
f 219/317/1731 220/318/1732 211/301/1723
f 198/281/1710 211/301/1723 220/318/1732
f 198/281/1710 220/318/1732 200/283/1712
f 200/283/1712 220/318/1732 221/319/1733
f 210/300/1722 200/283/1712 221/319/1733
f 201/284/1713 200/283/1712 210/300/1722
f 210/300/1722 221/319/1733 222/320/1734
f 209/299/1721 210/300/1722 222/320/1734
f 222/322/1734 223/321/1735 209/298/1721
f 223/321/1735 208/297/1720 209/298/1721
f 208/297/1720 223/321/1735 207/296/1719
f 207/296/1719 223/321/1735 224/323/1736
f 206/294/1718 207/296/1719 224/323/1736
f 206/294/1718 224/323/1736 225/324/1737
f 225/324/1737 182/295/1694 206/294/1718
f 224/323/1736 227/326/1739 226/325/1738
f 225/324/1737 224/323/1736 226/325/1738
f 224/323/1736 223/321/1735 227/326/1739
f 223/321/1735 228/327/1740 227/326/1739
f 223/321/1735 229/328/1741 228/327/1740
f 229/328/1741 223/321/1735 222/322/1734
f 230/330/1742 229/329/1741 222/320/1734
f 222/320/1734 221/319/1733 230/330/1742
f 221/319/1733 220/318/1732 230/330/1742
f 220/318/1732 219/317/1731 231/331/1743
f 232/332/1744 220/318/1732 231/331/1743
f 230/330/1742 220/318/1732 232/332/1744
f 231/333/1743 219/316/1731 217/312/1729
f 233/334/1745 231/333/1743 217/312/1729
f 217/311/1729 216/310/1728 233/335/1745
f 216/310/1728 234/336/1746 233/335/1745
f 216/310/1728 235/337/1747 234/336/1746
f 218/315/1730 235/337/1747 216/310/1728
f 218/315/1730 236/338/1748 235/337/1747
f 237/339/1749 236/338/1748 218/315/1730
f 215/305/1727 237/339/1749 218/315/1730
f 215/305/1727 196/308/1708 237/339/1749
f 237/339/1749 238/340/1750 236/338/1748
f 239/341/1751 238/340/1750 237/339/1749
f 196/308/1708 240/342/1752 237/339/1749
f 240/342/1752 239/341/1751 237/339/1749
f 236/338/1748 241/343/1753 235/337/1747
f 236/338/1748 238/340/1750 241/343/1753
f 235/337/1747 242/344/1754 234/336/1746
f 235/337/1747 241/343/1753 242/344/1754
f 233/335/1745 234/336/1746 243/345/1755
f 243/345/1755 244/346/1756 233/335/1745
f 244/347/1756 231/333/1743 233/334/1745
f 231/333/1743 244/347/1756 245/348/1757
f 232/349/1744 231/333/1743 245/348/1757
f 246/350/1758 232/349/1744 245/348/1757
f 232/332/1744 246/351/1758 230/330/1742
f 246/351/1758 229/329/1741 230/330/1742
f 229/328/1741 246/352/1758 228/327/1740
f 228/327/1740 247/353/1759 227/326/1739
f 228/327/1740 246/352/1758 247/353/1759
f 225/324/1737 226/325/1738 248/354/1760
f 226/325/1738 250/356/1762 249/355/1761
f 248/354/1760 226/325/1738 249/355/1761
f 226/325/1738 227/326/1739 250/356/1762
f 227/326/1739 247/353/1759 250/356/1762
f 251/358/1763 247/357/1759 245/348/1757
f 247/357/1759 246/350/1758 245/348/1757
f 245/348/1757 244/347/1756 251/358/1763
f 252/359/1764 244/346/1756 243/345/1755
f 244/347/1756 252/360/1764 251/358/1763
f 253/361/1765 252/359/1764 243/345/1755
f 243/345/1755 234/336/1746 253/361/1765
f 234/336/1746 254/362/1766 253/361/1765
f 234/336/1746 242/344/1754 254/362/1766
f 238/340/1750 255/363/1767 241/343/1753
f 238/340/1750 256/364/1768 255/363/1767
f 239/341/1751 257/365/1769 238/340/1750
f 238/340/1750 257/365/1769 256/364/1768
f 258/368/1770 257/367/1769 239/366/1751
f 258/368/1770 239/366/1751 240/369/1752
f 196/371/1708 259/370/1771 240/369/1752
f 260/372/1772 240/369/1752 259/370/1771
f 258/368/1770 240/369/1752 260/372/1772
f 261/373/1773 257/367/1769 258/368/1770
f 260/372/1772 261/373/1773 258/368/1770
f 257/365/1769 262/374/1774 256/364/1768
f 263/376/1775 262/375/1774 257/367/1769
f 261/373/1773 263/376/1775 257/367/1769
f 256/364/1768 264/377/1776 255/363/1767
f 256/364/1768 265/378/1777 264/377/1776
f 256/364/1768 266/379/1778 265/378/1777
f 262/374/1774 266/379/1778 256/364/1768
f 255/363/1767 267/380/1779 241/343/1753
f 255/363/1767 264/377/1776 267/380/1779
f 241/343/1753 267/380/1779 242/344/1754
f 242/344/1754 268/381/1780 254/362/1766
f 269/382/1781 252/359/1764 253/361/1765
f 252/360/1764 269/383/1781 251/358/1763
f 270/384/1782 247/357/1759 251/358/1763
f 250/356/1762 247/353/1759 270/385/1782
f 271/386/1783 270/384/1782 251/358/1763
f 251/358/1763 269/383/1781 271/386/1783
f 272/387/1784 269/382/1781 253/361/1765
f 269/383/1781 272/388/1784 271/386/1783
f 273/389/1785 272/387/1784 253/361/1765
f 253/361/1765 254/362/1766 273/389/1785
f 254/362/1766 274/390/1786 273/389/1785
f 254/362/1766 268/381/1780 274/390/1786
f 264/377/1776 275/391/1787 267/380/1779
f 265/378/1777 275/391/1787 264/377/1776
f 276/392/1788 275/391/1787 265/378/1777
f 266/379/1778 276/392/1788 265/378/1777
f 262/394/1774 153/217/1665 266/393/1778
f 153/217/1665 277/395/1789 266/393/1778
f 266/379/1778 132/190/1644 276/392/1788
f 277/395/1789 132/188/1644 266/393/1778
f 263/396/1775 153/217/1665 262/394/1774
f 152/216/1664 153/217/1665 263/396/1775
f 278/399/1790 263/398/1775 261/397/1773
f 278/400/1790 152/216/1664 263/396/1775
f 278/399/1790 261/397/1773 260/401/1772
f 278/399/1790 260/401/1772 154/242/1666
f 154/218/1666 152/216/1664 278/400/1790
f 154/242/1666 260/401/1772 169/243/1681
f 259/402/1771 169/243/1681 260/401/1772
f 170/244/1682 169/243/1681 259/402/1771
f 194/403/1706 259/370/1771 196/371/1708
f 194/277/1706 170/244/1682 259/402/1771
f 135/192/1647 277/395/1789 153/217/1665
f 277/395/1789 133/189/1645 132/188/1644
f 135/192/1647 133/189/1645 277/395/1789
f 132/190/1644 111/153/1623 276/392/1788
f 276/392/1788 279/404/1791 275/391/1787
f 111/153/1623 279/404/1791 276/392/1788
f 279/404/1791 280/405/1792 275/391/1787
f 275/391/1787 281/406/1793 267/380/1779
f 267/380/1779 281/406/1793 242/344/1754
f 242/344/1754 282/407/1794 268/381/1780
f 275/391/1787 280/405/1792 281/406/1793
f 279/404/1791 283/408/1795 280/405/1792
f 110/152/1622 283/408/1795 279/404/1791
f 111/153/1623 110/152/1622 279/404/1791
f 283/408/1795 284/409/1796 280/405/1792
f 109/151/1621 284/409/1796 283/408/1795
f 110/152/1622 109/151/1621 283/408/1795
f 284/409/1796 285/410/1797 280/405/1792
f 280/405/1792 286/411/1798 281/406/1793
f 280/405/1792 285/410/1797 286/411/1798
f 281/406/1793 286/411/1798 287/412/1799
f 281/406/1793 287/412/1799 242/344/1754
f 242/344/1754 287/412/1799 282/407/1794
f 268/381/1780 282/407/1794 288/413/1800
f 282/407/1794 290/415/1802 289/414/1801
f 288/413/1800 282/407/1794 289/414/1801
f 282/407/1794 291/416/1803 290/415/1802
f 282/407/1794 287/412/1799 291/416/1803
f 109/151/1621 292/417/1804 284/409/1796
f 109/151/1621 108/150/1620 292/417/1804
f 292/417/1804 293/418/1805 284/409/1796
f 108/150/1620 294/419/1806 292/417/1804
f 292/417/1804 295/420/1807 293/418/1805
f 294/419/1806 295/420/1807 292/417/1804
f 284/409/1796 296/421/1808 285/410/1797
f 293/418/1805 296/421/1808 284/409/1796
f 291/416/1803 298/423/1810 297/422/1809
f 290/415/1802 291/416/1803 297/422/1809
f 290/415/1802 297/422/1809 299/424/1811
f 289/414/1801 290/415/1802 299/424/1811
f 299/424/1811 300/425/1812 289/414/1801
f 288/413/1800 289/414/1801 300/425/1812
f 302/428/1814 299/427/1811 301/426/1813
f 303/429/1815 299/424/1811 297/422/1809
f 304/431/1816 299/427/1811 303/430/1815
f 304/431/1816 301/426/1813 299/427/1811
f 302/428/1814 300/432/1812 299/427/1811
f 297/422/1809 298/423/1810 303/429/1815
f 306/434/1818 305/433/1817 296/421/1808
f 293/418/1805 306/434/1818 296/421/1808
f 306/434/1818 307/435/1819 305/433/1817
f 296/421/1808 305/433/1817 308/436/1820
f 296/421/1808 308/436/1820 285/410/1797
f 285/410/1797 308/436/1820 286/411/1798
f 309/439/1821 303/438/1815 298/437/1810
f 298/442/1810 310/441/1822 309/440/1821
f 311/443/1823 307/435/1819 306/434/1818
f 311/443/1823 312/444/1824 307/435/1819
f 312/444/1824 313/445/1825 307/435/1819
f 307/435/1819 314/446/1826 305/433/1817
f 313/445/1825 314/446/1826 307/435/1819
f 305/433/1817 314/446/1826 315/447/1827
f 305/433/1817 315/447/1827 308/436/1820
f 312/444/1824 316/448/1828 313/445/1825
f 317/449/1829 316/448/1828 312/444/1824
f 316/448/1828 318/450/1830 313/445/1825
f 319/451/1831 318/450/1830 316/448/1828
f 320/452/1832 316/448/1828 317/449/1829
f 320/452/1832 319/451/1831 316/448/1828
f 313/445/1825 318/450/1830 314/446/1826
f 318/450/1830 321/453/1833 314/446/1826
f 314/446/1826 322/454/1834 315/447/1827
f 321/453/1833 322/454/1834 314/446/1826
f 287/412/1799 323/455/1835 291/416/1803
f 325/457/1837 324/456/1836 322/454/1834
f 321/453/1833 325/457/1837 322/454/1834
f 318/450/1830 325/457/1837 321/453/1833
f 326/458/1838 325/457/1837 318/450/1830
f 319/451/1831 327/459/1839 318/450/1830
f 327/459/1839 326/458/1838 318/450/1830
f 328/462/1840 327/461/1839 319/460/1831
f 329/464/1841 319/460/1831 320/463/1832
f 329/464/1841 328/462/1840 319/460/1831
f 330/465/1842 320/452/1832 317/449/1829
f 329/464/1841 320/463/1832 330/466/1842
f 329/464/1841 331/467/1843 328/462/1840
f 329/469/1841 330/468/1842 39/55/1551
f 39/55/1551 331/470/1843 329/469/1841
f 328/462/1840 333/472/1845 332/471/1844
f 328/462/1840 332/471/1844 334/473/1846
f 328/462/1840 334/473/1846 327/461/1839
f 331/467/1843 333/472/1845 328/462/1840
f 327/461/1839 334/473/1846 326/474/1838
f 326/458/1838 335/475/1847 325/457/1837
f 334/473/1846 335/476/1847 326/474/1838
f 325/457/1837 336/477/1848 324/456/1836
f 335/475/1847 336/477/1848 325/457/1837
f 324/456/1836 337/478/1849 322/454/1834
f 324/456/1836 336/477/1848 337/478/1849
f 322/454/1834 337/478/1849 338/479/1850
f 322/454/1834 338/479/1850 315/447/1827
f 337/478/1849 339/480/1851 338/479/1850
f 336/477/1848 339/480/1851 337/478/1849
f 336/477/1848 340/481/1852 339/480/1851
f 335/475/1847 341/482/1853 336/477/1848
f 341/482/1853 340/481/1852 336/477/1848
f 342/484/1854 341/483/1853 335/476/1847
f 335/476/1847 343/485/1855 342/484/1854
f 335/476/1847 334/473/1846 343/485/1855
f 332/471/1844 343/485/1855 334/473/1846
f 345/488/1857 332/487/1844 344/486/1856
f 344/486/1856 332/487/1844 333/489/1845
f 343/485/1855 332/471/1844 346/490/1858
f 332/471/1844 345/491/1857 346/490/1858
f 333/489/1845 331/470/1843 344/486/1856
f 38/54/1550 345/488/1857 344/486/1856
f 331/470/1843 37/53/1549 344/486/1856
f 344/486/1856 37/53/1549 38/54/1550
f 346/490/1858 345/491/1857 347/492/1859
f 342/484/1854 343/485/1855 346/490/1858
f 348/493/1860 342/484/1854 346/490/1858
f 348/493/1860 346/490/1858 349/494/1861
f 347/492/1859 349/494/1861 346/490/1858
f 350/495/1862 341/483/1853 342/484/1854
f 348/493/1860 350/495/1862 342/484/1854
f 340/497/1852 341/483/1853 351/496/1863
f 341/483/1853 350/495/1862 351/496/1863
f 340/481/1852 352/498/1864 339/480/1851
f 352/499/1864 340/497/1852 351/496/1863
f 339/480/1851 353/500/1865 338/479/1850
f 339/480/1851 354/501/1866 353/500/1865
f 352/498/1864 354/501/1866 339/480/1851
f 354/501/1866 355/502/1867 353/500/1865
f 354/505/1866 356/504/1868 355/503/1867
f 352/507/1864 357/506/1869 354/505/1866
f 357/506/1869 356/504/1868 354/505/1866
f 358/509/1870 357/508/1869 352/499/1864
f 358/509/1870 352/499/1864 351/496/1863
f 358/509/1870 351/496/1863 359/510/1871
f 360/511/1872 359/510/1871 351/496/1863
f 350/495/1862 360/511/1872 351/496/1863
f 348/493/1860 360/511/1872 350/495/1862
f 348/493/1860 361/512/1873 360/511/1872
f 349/494/1861 361/512/1873 348/493/1860
f 362/513/1874 349/494/1861 347/492/1859
f 361/512/1873 349/494/1861 363/514/1875
f 349/494/1861 362/513/1874 363/514/1875
f 361/512/1873 364/515/1876 360/511/1872
f 364/515/1876 361/512/1873 365/516/1877
f 361/512/1873 363/514/1875 365/516/1877
f 359/510/1871 360/511/1872 364/515/1876
f 359/510/1871 366/517/1878 358/509/1870
f 359/510/1871 364/515/1876 366/517/1878
f 357/508/1869 358/509/1870 366/517/1878
f 357/508/1869 366/517/1878 356/518/1868
f 356/504/1868 367/519/1879 355/503/1867
f 367/521/1879 356/518/1868 368/520/1880
f 356/518/1868 366/517/1878 368/520/1880
f 355/502/1867 370/523/1882 369/522/1881
f 353/500/1865 355/502/1867 369/522/1881
f 355/503/1867 367/519/1879 370/524/1882
f 353/500/1865 369/522/1881 338/479/1850
f 338/479/1850 371/525/1883 315/447/1827
f 315/447/1827 371/525/1883 308/436/1820
f 308/436/1820 371/525/1883 372/526/1884
f 371/525/1883 373/527/1885 372/526/1884
f 371/525/1883 374/528/1886 373/527/1885
f 371/525/1883 375/529/1887 374/528/1886
f 338/479/1850 375/529/1887 371/525/1883
f 338/479/1850 376/530/1888 375/529/1887
f 369/522/1881 376/530/1888 338/479/1850
f 369/522/1881 370/523/1882 376/530/1888
f 370/524/1882 377/532/1889 376/531/1888
f 370/524/1882 378/533/1890 377/532/1889
f 367/519/1879 378/533/1890 370/524/1882
f 379/534/1891 378/533/1890 367/519/1879
f 379/534/1891 367/519/1879 380/535/1892
f 380/536/1892 367/521/1879 368/520/1880
f 380/536/1892 368/520/1880 381/537/1893
f 382/538/1894 381/537/1893 368/520/1880
f 368/520/1880 366/517/1878 382/538/1894
f 366/517/1878 364/515/1876 382/538/1894
f 383/539/1895 382/538/1894 364/515/1876
f 365/516/1877 383/539/1895 364/515/1876
f 384/540/1896 383/539/1895 365/516/1877
f 385/541/1897 384/540/1896 365/516/1877
f 365/516/1877 363/514/1875 385/541/1897
f 387/543/1899 386/542/1898 383/539/1895
f 383/539/1895 386/542/1898 382/538/1894
f 384/540/1896 387/543/1899 383/539/1895
f 381/537/1893 382/538/1894 388/544/1900
f 386/542/1898 388/544/1900 382/538/1894
f 381/537/1893 389/545/1901 380/536/1892
f 381/537/1893 388/544/1900 389/545/1901
f 389/546/1901 379/534/1891 380/535/1892
f 390/549/1902 379/548/1891 389/547/1901
f 379/534/1891 391/550/1903 378/533/1890
f 392/551/1904 391/550/1903 379/534/1891
f 393/553/1905 392/552/1904 379/548/1891
f 379/548/1891 390/549/1902 393/553/1905
f 378/533/1890 394/554/1906 377/532/1889
f 391/550/1903 394/554/1906 378/533/1890
f 377/532/1889 395/555/1907 376/531/1888
f 396/556/1908 395/555/1907 377/532/1889
f 394/554/1906 396/556/1908 377/532/1889
f 376/530/1888 395/557/1907 375/529/1887
f 375/529/1887 397/558/1909 374/528/1886
f 395/557/1907 397/558/1909 375/529/1887
f 374/528/1886 398/559/1910 373/527/1885
f 397/558/1909 398/559/1910 374/528/1886
f 399/562/1911 398/561/1910 397/560/1909
f 400/563/1912 399/562/1911 397/560/1909
f 401/564/1913 397/560/1909 395/555/1907
f 401/564/1913 400/563/1912 397/560/1909
f 402/565/1914 401/564/1913 395/555/1907
f 396/556/1908 402/565/1914 395/555/1907
f 403/566/1915 402/565/1914 396/556/1908
f 403/566/1915 396/556/1908 394/554/1906
f 404/567/1916 394/554/1906 391/550/1903
f 403/566/1915 394/554/1906 404/567/1916
f 405/568/1917 404/567/1916 391/550/1903
f 392/551/1904 405/568/1917 391/550/1903
f 406/570/1918 405/569/1917 392/552/1904
f 407/571/1919 406/570/1918 392/552/1904
f 407/571/1919 392/552/1904 393/553/1905
f 408/572/1920 390/549/1902 389/547/1901
f 389/545/1901 388/544/1900 408/573/1920
f 409/574/1921 408/573/1920 388/544/1900
f 410/575/1922 409/574/1921 388/544/1900
f 388/544/1900 386/542/1898 410/575/1922
f 386/542/1898 387/543/1899 410/575/1922
f 411/576/1923 409/574/1921 410/575/1922
f 412/577/1924 411/576/1923 410/575/1922
f 410/575/1922 387/543/1899 412/577/1924
f 407/571/1919 408/572/1920 409/578/1921
f 413/579/1925 407/571/1919 409/578/1921
f 411/580/1923 413/579/1925 409/578/1921
f 390/549/1902 408/572/1920 407/571/1919
f 407/571/1919 393/553/1905 390/549/1902
f 414/581/1926 406/570/1918 407/571/1919
f 415/582/1927 414/581/1926 407/571/1919
f 406/570/1918 416/583/1928 405/569/1917
f 414/581/1926 417/584/1929 406/570/1918
f 417/584/1929 416/583/1928 406/570/1918
f 405/568/1917 418/585/1930 404/567/1916
f 416/583/1928 418/586/1930 405/569/1917
f 403/566/1915 404/567/1916 419/587/1931
f 403/566/1915 419/587/1931 420/588/1932
f 403/566/1915 420/588/1932 402/565/1914
f 402/565/1914 420/588/1932 401/564/1913
f 420/588/1932 400/563/1912 401/564/1913
f 420/588/1932 421/589/1933 400/563/1912
f 400/563/1912 421/589/1933 399/562/1911
f 399/562/1911 422/590/1934 398/561/1910
f 421/589/1933 422/590/1934 399/562/1911
f 423/591/1935 422/590/1934 421/589/1933
f 421/589/1933 424/592/1936 423/591/1935
f 420/588/1932 424/592/1936 421/589/1933
f 420/588/1932 425/593/1937 424/592/1936
f 419/587/1931 425/593/1937 420/588/1932
f 427/596/1939 426/595/1938 419/594/1931
f 426/595/1938 425/597/1937 419/594/1931
f 404/567/1916 418/585/1930 419/587/1931
f 419/594/1931 418/586/1930 427/596/1939
f 418/586/1930 416/583/1928 427/596/1939
f 416/583/1928 417/584/1929 427/596/1939
f 427/596/1939 417/584/1929 428/598/1940
f 417/584/1929 429/599/1941 428/598/1940
f 429/599/1941 417/584/1929 414/581/1926
f 430/600/1942 429/599/1941 414/581/1926
f 430/600/1942 414/581/1926 415/582/1927
f 431/601/1943 430/600/1942 415/582/1927
f 432/602/1944 431/601/1943 415/582/1927
f 415/582/1927 407/571/1919 413/579/1925
f 433/603/1945 413/579/1925 411/580/1923
f 434/604/1946 413/579/1925 433/603/1945
f 434/604/1946 415/582/1927 413/579/1925
f 412/577/1924 433/605/1945 411/576/1923
f 435/608/1947 434/607/1946 433/606/1945
f 436/609/1948 433/605/1945 412/577/1924
f 436/611/1948 437/610/1949 433/606/1945
f 437/610/1949 435/608/1947 433/606/1945
f 432/602/1944 415/582/1927 434/604/1946
f 432/612/1944 434/607/1946 435/608/1947
f 432/615/1944 438/614/1950 431/613/1943
f 432/615/1944 435/616/1947 438/614/1950
f 431/613/1943 439/618/1951 430/617/1942
f 438/614/1950 439/618/1951 431/613/1943
f 440/619/1952 429/599/1941 430/600/1942
f 439/618/1951 440/620/1952 430/617/1942
f 428/598/1940 429/599/1941 441/621/1953
f 441/621/1953 429/599/1941 440/619/1952
f 428/598/1940 442/622/1954 427/596/1939
f 441/621/1953 443/623/1955 428/598/1940
f 443/623/1955 442/622/1954 428/598/1940
f 442/622/1954 426/595/1938 427/596/1939
f 425/597/1937 426/595/1938 424/624/1936
f 424/624/1936 426/595/1938 444/625/1956
f 424/592/1936 445/626/1957 423/591/1935
f 446/629/1958 445/628/1957 424/627/1936
f 444/630/1956 446/629/1958 424/627/1936
f 447/631/1959 446/629/1958 444/630/1956
f 444/625/1956 426/595/1938 447/632/1959
f 426/595/1938 442/622/1954 447/632/1959
f 447/632/1959 442/622/1954 448/633/1960
f 442/622/1954 443/623/1955 448/633/1960
f 448/633/1960 443/623/1955 449/634/1961
f 449/634/1961 443/623/1955 450/635/1962
f 450/635/1962 443/623/1955 441/621/1953
f 441/621/1953 440/619/1952 450/635/1962
f 450/637/1962 440/620/1952 451/636/1963
f 439/618/1951 451/636/1963 440/620/1952
f 452/638/1964 451/636/1963 439/618/1951
f 438/614/1950 452/638/1964 439/618/1951
f 453/639/1965 452/638/1964 438/614/1950
f 438/614/1950 435/616/1947 453/639/1965
f 435/616/1947 454/640/1966 453/639/1965
f 437/641/1949 454/640/1966 435/616/1947
f 455/642/1967 437/610/1949 436/611/1948
f 437/641/1949 455/643/1967 454/640/1966
f 456/645/1968 455/644/1967 436/609/1948
f 456/645/1968 436/609/1948 412/577/1924
f 384/540/1896 457/646/1969 455/644/1967
f 456/645/1968 384/540/1896 455/644/1967
f 457/649/1969 458/648/1970 455/647/1967
f 458/650/1970 454/640/1966 455/643/1967
f 454/640/1966 459/651/1971 453/639/1965
f 460/652/1972 459/651/1971 454/640/1966
f 458/650/1970 460/652/1972 454/640/1966
f 459/651/1971 452/638/1964 453/639/1965
f 461/653/1973 450/637/1962 451/636/1963
f 449/634/1961 450/635/1962 461/654/1973
f 449/634/1961 462/655/1974 448/633/1960
f 449/634/1961 461/654/1973 462/655/1974
f 448/657/1960 463/656/1975 447/631/1959
f 462/658/1974 463/656/1975 448/657/1960
f 463/656/1975 446/629/1958 447/631/1959
f 465/660/1977 464/659/1976 446/629/1958
f 463/656/1975 465/660/1977 446/629/1958
f 446/629/1958 466/661/1978 445/628/1957
f 464/659/1976 466/661/1978 446/629/1958
f 464/664/1976 467/663/1979 466/662/1978
f 465/666/1977 468/665/1980 464/664/1976
f 468/665/1980 467/663/1979 464/664/1976
f 470/669/1982 469/668/1981 465/667/1977
f 469/670/1981 468/665/1980 465/666/1977
f 470/671/1982 465/660/1977 463/656/1975
f 462/658/1974 470/671/1982 463/656/1975
f 462/673/1974 471/672/1983 470/669/1982
f 461/674/1973 471/672/1983 462/673/1974
f 461/653/1973 472/676/1984 471/675/1983
f 473/677/1985 472/676/1984 461/653/1973
f 451/636/1963 473/677/1985 461/653/1973
f 474/678/1986 473/677/1985 451/636/1963
f 452/638/1964 474/678/1986 451/636/1963
f 475/679/1987 459/651/1971 460/652/1972
f 475/679/1987 460/652/1972 458/650/1970
f 476/680/1988 474/678/1986 452/638/1964
f 474/678/1986 477/681/1989 473/677/1985
f 473/677/1985 477/681/1989 472/676/1984
f 472/676/1984 477/681/1989 478/682/1990
f 472/676/1984 478/682/1990 471/675/1983
f 471/675/1983 478/682/1990 479/683/1991
f 471/672/1983 479/684/1991 470/669/1982
f 479/684/1991 469/668/1981 470/669/1982
f 468/665/1980 469/670/1981 480/685/1992
f 480/685/1992 469/670/1981 481/686/1993
f 481/687/1993 469/668/1981 479/684/1991
f 467/663/1979 468/665/1980 480/685/1992
f 480/685/1992 482/688/1994 467/663/1979
f 483/689/1995 482/688/1994 480/685/1992
f 481/686/1993 483/689/1995 480/685/1992
f 481/687/1993 484/691/1996 483/690/1995
f 481/687/1993 479/684/1991 484/691/1996
f 484/692/1996 479/683/1991 478/682/1990
f 478/682/1990 485/693/1997 484/692/1996
f 477/681/1989 485/693/1997 478/682/1990
f 73/98/1585 474/678/1986 476/680/1988
f 476/680/1988 452/638/1964 459/651/1971
f 73/98/1585 486/694/1998 474/678/1986
f 474/678/1986 487/695/1999 477/681/1989
f 486/694/1998 487/695/1999 474/678/1986
f 477/681/1989 487/695/1999 485/693/1997
f 485/693/1997 489/697/2001 488/696/2000
f 487/695/1999 489/697/2001 485/693/1997
f 485/693/1997 488/696/2000 490/698/2002
f 485/693/1997 490/698/2002 484/692/1996
f 484/691/1996 490/700/2002 491/699/2003
f 484/691/1996 491/699/2003 483/690/1995
f 483/689/1995 492/701/2004 482/688/1994
f 491/702/2003 492/701/2004 483/689/1995
f 492/701/2004 491/702/2003 493/703/2005
f 491/706/2003 490/705/2002 493/704/2005
f 493/704/2005 490/705/2002 494/707/2006
f 490/705/2002 488/708/2000 494/707/2006
f 495/709/2007 488/696/2000 489/697/2001
f 496/711/2008 488/708/2000 495/710/2007
f 496/711/2008 494/707/2006 488/708/2000
f 489/697/2001 497/712/2009 495/709/2007
f 498/713/2010 497/712/2009 489/697/2001
f 487/695/1999 498/713/2010 489/697/2001
f 486/694/1998 499/714/2011 487/695/1999
f 499/714/2011 498/713/2010 487/695/1999
f 498/713/2010 500/715/2012 497/712/2009
f 502/718/2014 497/717/2009 501/716/2013
f 497/712/2009 500/715/2012 501/719/2013
f 495/720/2007 497/717/2009 502/718/2014
f 503/722/2015 495/710/2007 502/721/2014
f 495/710/2007 503/722/2015 496/711/2008
f 496/711/2008 503/722/2015 504/723/2016
f 504/723/2016 494/707/2006 496/711/2008
f 505/724/2017 494/707/2006 504/723/2016
f 494/707/2006 505/724/2017 493/704/2005
f 504/723/2016 507/726/2019 506/725/2018
f 503/722/2015 507/726/2019 504/723/2016
f 506/725/2018 505/724/2017 504/723/2016
f 502/721/2014 507/726/2019 503/722/2015
f 507/726/2019 502/721/2014 501/727/2013
f 509/729/2021 508/728/2020 501/727/2013
f 510/730/2022 507/726/2019 501/727/2013
f 510/730/2022 501/727/2013 508/728/2020
f 509/731/2021 501/719/2013 500/715/2012
f 512/733/2024 500/715/2012 511/732/2023
f 509/731/2021 500/715/2012 512/733/2024
f 498/713/2010 511/732/2023 500/715/2012
f 513/734/2025 511/732/2023 498/713/2010
f 499/714/2011 513/734/2025 498/713/2010
f 486/694/1998 514/735/2026 499/714/2011
f 514/735/2026 515/736/2027 499/714/2011
f 499/714/2011 515/736/2027 513/734/2025
f 515/736/2027 516/737/2028 513/734/2025
f 516/737/2028 517/738/2029 513/734/2025
f 513/734/2025 518/739/2030 511/732/2023
f 517/738/2029 518/739/2030 513/734/2025
f 518/739/2030 512/733/2024 511/732/2023
f 512/742/2024 520/741/2032 519/740/2031
f 512/742/2024 519/740/2031 509/743/2021
f 521/745/2033 512/742/2024 518/744/2030
f 521/745/2033 520/741/2032 512/742/2024
f 508/728/2020 509/729/2021 519/746/2031
f 508/728/2020 519/746/2031 522/747/2034
f 508/728/2020 522/747/2034 510/730/2022
f 510/730/2022 522/747/2034 523/748/2035
f 523/748/2035 507/726/2019 510/730/2022
f 524/749/2036 507/726/2019 523/748/2035
f 507/726/2019 524/749/2036 506/725/2018
f 526/751/2038 524/749/2036 525/750/2037
f 525/750/2037 524/749/2036 523/748/2035
f 522/747/2034 525/750/2037 523/748/2035
f 527/752/2039 525/750/2037 522/747/2034
f 528/753/2040 527/752/2039 522/747/2034
f 522/747/2034 519/746/2031 528/753/2040
f 519/756/2031 529/755/2041 528/754/2040
f 520/757/2032 529/755/2041 519/756/2031
f 520/757/2032 530/758/2042 529/755/2041
f 521/759/2033 530/758/2042 520/757/2032
f 532/761/2044 521/759/2033 531/760/2043
f 532/761/2044 530/758/2042 521/759/2033
f 518/744/2030 531/762/2043 521/745/2033
f 533/763/2045 518/739/2030 517/738/2029
f 534/765/2046 518/744/2030 533/764/2045
f 534/765/2046 531/762/2043 518/744/2030
f 516/737/2028 533/763/2045 517/738/2029
f 514/735/2026 535/766/2047 515/736/2027
f 515/736/2027 536/767/2048 516/737/2028
f 535/766/2047 536/767/2048 515/736/2027
f 516/737/2028 537/768/2049 533/763/2045
f 536/767/2048 537/768/2049 516/737/2028
f 534/765/2046 533/764/2045 538/769/2050
f 533/763/2045 537/768/2049 538/770/2050
f 538/769/2050 532/771/2044 534/765/2046
f 534/765/2046 532/771/2044 531/762/2043
f 540/773/2052 532/761/2044 539/772/2051
f 532/761/2044 541/774/2053 539/772/2051
f 532/761/2044 540/773/2052 530/758/2042
f 541/774/2053 532/761/2044 538/775/2050
f 530/758/2042 542/776/2054 529/755/2041
f 540/773/2052 542/776/2054 530/758/2042
f 529/755/2041 542/776/2054 543/777/2055
f 529/755/2041 543/777/2055 528/754/2040
f 543/778/2055 527/752/2039 528/753/2040
f 543/778/2055 544/779/2056 527/752/2039
f 527/752/2039 544/779/2056 525/750/2037
f 545/780/2057 525/750/2037 544/779/2056
f 526/751/2038 525/750/2037 545/780/2057
f 544/783/2056 546/782/2058 545/781/2057
f 547/784/2059 544/783/2056 543/777/2055
f 547/784/2059 546/782/2058 544/783/2056
f 542/776/2054 547/784/2059 543/777/2055
f 548/785/2060 542/776/2054 540/773/2052
f 549/786/2061 548/785/2060 540/773/2052
f 539/772/2051 549/786/2061 540/773/2052
f 539/772/2051 550/787/2062 549/786/2061
f 541/774/2053 550/787/2062 539/772/2051
f 541/774/2053 538/775/2050 551/788/2063
f 541/774/2053 551/788/2063 550/787/2062
f 538/775/2050 552/789/2064 551/788/2063
f 538/770/2050 537/768/2049 552/790/2064
f 537/768/2049 553/791/2065 552/790/2064
f 536/767/2048 553/791/2065 537/768/2049
f 536/767/2048 554/792/2066 553/791/2065
f 535/766/2047 554/792/2066 536/767/2048
f 552/790/2064 553/791/2065 555/793/2067
f 553/791/2065 554/792/2066 555/793/2067
f 556/794/2068 551/788/2063 552/789/2064
f 555/795/2067 556/794/2068 552/789/2064
f 558/797/2070 557/796/2069 551/788/2063
f 556/794/2068 558/797/2070 551/788/2063
f 557/796/2069 550/787/2062 551/788/2063
f 549/786/2061 559/798/2071 548/785/2060
f 548/785/2060 559/798/2071 560/799/2072
f 542/776/2054 548/785/2060 560/799/2072
f 542/776/2054 560/799/2072 547/784/2059
f 560/799/2072 546/782/2058 547/784/2059
f 546/782/2058 561/800/2073 545/781/2057
f 561/803/2073 546/802/2058 562/801/2074
f 562/804/2074 546/782/2058 560/799/2072
f 561/806/2073 563/805/2075 545/780/2057
f 526/751/2038 545/780/2057 563/805/2075
f 563/805/2075 564/807/2076 526/751/2038
f 561/803/2073 565/809/2077 563/808/2075
f 563/812/2075 565/811/2077 564/810/2076
f 561/803/2073 562/801/2074 565/809/2077
f 567/814/2079 566/813/2078 562/801/2074
f 562/801/2074 566/813/2078 565/809/2077
f 567/815/2079 562/804/2074 560/799/2072
f 559/798/2071 567/815/2079 560/799/2072
f 568/816/2080 567/815/2079 559/798/2071
f 549/786/2061 568/816/2080 559/798/2071
f 549/786/2061 569/817/2081 568/816/2080
f 550/787/2062 569/817/2081 549/786/2061
f 569/817/2081 550/787/2062 570/818/2082
f 570/818/2082 550/787/2062 557/796/2069
f 571/819/2083 570/818/2082 557/796/2069
f 558/797/2070 571/819/2083 557/796/2069
f 558/797/2070 572/820/2084 571/819/2083
f 556/794/2068 573/821/2085 558/797/2070
f 573/821/2085 572/820/2084 558/797/2070
f 555/795/2067 574/822/2086 556/794/2068
f 574/822/2086 573/821/2085 556/794/2068
f 554/825/2066 574/824/2086 555/823/2067
f 575/826/2087 554/792/2066 535/766/2047
f 576/828/2088 554/825/2066 575/827/2087
f 576/828/2088 574/824/2086 554/825/2066
f 577/829/2089 575/826/2087 535/766/2047
f 578/830/2090 577/829/2089 535/766/2047
f 576/828/2088 575/827/2087 579/831/2091
f 575/827/2087 580/832/2092 579/831/2091
f 577/829/2089 580/833/2092 575/826/2087
f 582/836/2094 581/835/2093 576/834/2088
f 579/837/2091 582/836/2094 576/834/2088
f 581/835/2093 574/822/2086 576/834/2088
f 573/821/2085 574/822/2086 581/835/2093
f 572/820/2084 573/821/2085 581/835/2093
f 572/820/2084 583/838/2095 571/819/2083
f 583/838/2095 572/820/2084 584/839/2096
f 571/819/2083 583/838/2095 585/840/2097
f 571/819/2083 585/840/2097 570/818/2082
f 585/840/2097 586/841/2098 570/818/2082
f 586/841/2098 569/817/2081 570/818/2082
f 569/817/2081 587/842/2099 568/816/2080
f 587/842/2099 569/817/2081 586/841/2098
f 587/842/2099 588/843/2100 568/816/2080
f 568/816/2080 588/843/2100 567/815/2079
f 588/845/2100 589/844/2101 567/814/2079
f 589/844/2101 566/813/2078 567/814/2079
f 591/847/2103 590/846/2102 566/813/2078
f 566/813/2078 590/846/2102 565/809/2077
f 589/844/2101 591/847/2103 566/813/2078
f 589/844/2101 588/845/2100 592/848/2104
f 592/848/2104 591/847/2103 589/844/2101
f 587/849/2099 592/848/2104 588/845/2100
f 587/849/2099 586/850/2098 592/848/2104
f 585/852/2097 593/851/2105 586/850/2098
f 586/850/2098 593/851/2105 592/848/2104
f 595/854/2107 594/853/2106 585/852/2097
f 594/853/2106 593/851/2105 585/852/2097
f 583/855/2095 595/854/2107 585/852/2097
f 595/854/2107 583/855/2095 584/856/2096
f 596/857/2108 595/854/2107 584/856/2096
f 597/859/2109 596/858/2108 584/839/2096
f 597/859/2109 584/839/2096 572/820/2084
f 598/860/2110 597/859/2109 572/820/2084
f 598/860/2110 572/820/2084 581/835/2093
f 582/836/2094 598/860/2110 581/835/2093
f 599/861/2111 598/860/2110 582/836/2094
f 600/862/2112 582/836/2094 579/837/2091
f 580/832/2092 600/863/2112 579/831/2091
f 582/836/2094 601/864/2113 599/861/2111
f 602/865/2114 601/864/2113 582/836/2094
f 600/862/2112 602/865/2114 582/836/2094
f 599/861/2111 604/867/2116 603/866/2115
f 599/861/2111 603/866/2115 598/860/2110
f 601/864/2113 604/867/2116 599/861/2111
f 603/866/2115 597/859/2109 598/860/2110
f 603/866/2115 596/858/2108 597/859/2109
f 596/857/2108 605/868/2117 595/854/2107
f 606/869/2118 605/868/2117 596/857/2108
f 606/869/2118 596/857/2108 603/870/2115
f 595/854/2107 605/868/2117 607/871/2119
f 595/854/2107 607/871/2119 594/853/2106
f 594/853/2106 608/872/2120 593/851/2105
f 607/871/2119 608/872/2120 594/853/2106
f 608/872/2120 609/873/2121 593/851/2105
f 593/851/2105 609/873/2121 592/848/2104
f 609/873/2121 610/874/2122 592/848/2104
f 591/847/2103 592/848/2104 610/874/2122
f 591/847/2103 610/874/2122 590/846/2102
f 590/877/2102 610/876/2122 611/875/2123
f 612/878/2124 611/875/2123 610/876/2122
f 613/880/2125 610/876/2122 609/879/2121
f 613/880/2125 612/878/2124 610/876/2122
f 609/879/2121 614/881/2126 613/880/2125
f 608/872/2120 614/882/2126 609/873/2121
f 608/872/2120 607/871/2119 614/882/2126
f 605/868/2117 615/883/2127 607/871/2119
f 615/883/2127 614/882/2126 607/871/2119
f 616/884/2128 615/883/2127 605/868/2117
f 606/869/2118 616/884/2128 605/868/2117
f 617/885/2129 616/884/2128 606/869/2118
f 606/869/2118 618/886/2130 617/885/2129
f 603/870/2115 618/886/2130 606/869/2118
f 603/866/2115 604/867/2116 619/887/2131
f 619/887/2131 604/867/2116 620/888/2132
f 604/867/2116 601/864/2113 620/888/2132
f 620/888/2132 601/864/2113 621/889/2133
f 602/865/2114 621/889/2133 601/864/2113
f 602/865/2114 622/890/2134 621/889/2133
f 622/890/2134 602/865/2114 600/862/2112
f 622/891/2134 600/863/2112 580/832/2092
f 622/890/2134 623/892/2135 621/889/2133
f 622/895/2134 624/894/2136 623/893/2135
f 622/895/2134 580/833/2092 624/894/2136
f 621/889/2133 625/896/2137 620/888/2132
f 623/892/2135 626/897/2138 621/889/2133
f 626/897/2138 625/896/2137 621/889/2133
f 620/888/2132 627/898/2139 619/887/2131
f 625/896/2137 627/898/2139 620/888/2132
f 619/887/2131 629/900/2141 628/899/2140
f 619/887/2131 628/899/2140 618/901/2130
f 603/866/2115 619/887/2131 618/901/2130
f 627/898/2139 629/900/2141 619/887/2131
f 628/903/2140 630/902/2142 618/886/2130
f 618/886/2130 630/902/2142 617/885/2129
f 630/902/2142 309/440/1821 617/885/2129
f 309/440/1821 310/441/1822 617/885/2129
f 616/884/2128 617/885/2129 310/441/1822
f 616/884/2128 310/441/1822 615/883/2127
f 615/883/2127 310/441/1822 298/442/1810
f 298/442/1810 614/882/2126 615/883/2127
f 323/455/1835 613/880/2125 614/881/2126
f 298/423/1810 323/455/1835 614/881/2126
f 323/455/1835 612/878/2124 613/880/2125
f 287/412/1799 612/878/2124 323/455/1835
f 291/416/1803 323/455/1835 298/423/1810
f 287/412/1799 286/411/1798 612/878/2124
f 286/411/1798 631/904/2143 612/878/2124
f 286/411/1798 372/526/1884 631/904/2143
f 631/904/2143 632/905/2144 612/878/2124
f 308/436/1820 372/526/1884 286/411/1798
f 372/526/1884 633/906/2145 631/904/2143
f 372/526/1884 634/907/2146 633/906/2145
f 631/904/2143 633/906/2145 632/905/2144
f 632/905/2144 635/908/2147 611/875/2123
f 612/878/2124 632/905/2144 611/875/2123
f 632/905/2144 633/906/2145 635/908/2147
f 633/906/2145 636/909/2148 635/908/2147
f 633/906/2145 637/910/2149 636/909/2148
f 633/906/2145 634/907/2146 637/910/2149
f 636/909/2148 639/912/2151 638/911/2150
f 635/908/2147 636/909/2148 638/911/2150
f 636/909/2148 637/910/2149 639/912/2151
f 635/908/2147 638/911/2150 590/877/2102
f 611/875/2123 635/908/2147 590/877/2102
f 590/846/2102 638/913/2150 565/809/2077
f 565/809/2077 638/913/2150 640/914/2152
f 638/913/2150 639/915/2151 640/914/2152
f 640/918/2152 639/917/2151 641/916/2153
f 639/917/2151 642/919/2154 641/916/2153
f 637/922/2149 642/921/2154 639/920/2151
f 643/923/2155 642/921/2154 637/922/2149
f 634/907/2146 643/924/2155 637/910/2149
f 634/907/2146 644/925/2156 643/924/2155
f 634/907/2146 645/926/2157 644/925/2156
f 373/527/1885 645/926/2157 634/907/2146
f 372/526/1884 373/527/1885 634/907/2146
f 398/559/1910 646/927/2158 645/926/2157
f 373/527/1885 398/559/1910 645/926/2157
f 645/926/2157 647/928/2159 644/925/2156
f 648/929/2160 647/928/2159 645/926/2157
f 646/927/2158 648/929/2160 645/926/2157
f 644/925/2156 649/930/2161 643/924/2155
f 647/928/2159 649/930/2161 644/925/2156
f 650/932/2162 642/919/2154 643/931/2155
f 650/932/2162 643/931/2155 651/933/2163
f 643/931/2155 649/934/2161 651/933/2163
f 652/935/2164 641/916/2153 642/919/2154
f 650/932/2162 652/935/2164 642/919/2154
f 640/918/2152 641/916/2153 653/936/2165
f 641/916/2153 654/937/2166 653/936/2165
f 652/940/2164 654/939/2166 641/938/2153
f 565/811/2077 640/918/2152 564/810/2076
f 564/810/2076 640/918/2152 653/936/2165
f 564/807/2076 653/941/2165 526/751/2038
f 653/941/2165 654/939/2166 655/942/2167
f 526/751/2038 653/941/2165 655/942/2167
f 655/942/2167 654/939/2166 656/943/2168
f 654/939/2166 652/940/2164 650/944/2162
f 650/944/2162 651/946/2163 657/945/2169
f 654/939/2166 650/944/2162 657/945/2169
f 658/949/2170 651/948/2163 649/947/2161
f 651/946/2163 659/950/2171 657/945/2169
f 658/949/2170 659/951/2171 651/948/2163
f 660/953/2172 649/947/2161 647/952/2159
f 660/953/2172 658/949/2170 649/947/2161
f 661/954/2173 660/953/2172 647/952/2159
f 662/956/2174 647/952/2159 648/955/2160
f 662/956/2174 661/954/2173 647/952/2159
f 663/957/2175 662/956/2174 648/955/2160
f 646/959/2158 664/958/2176 648/955/2160
f 664/958/2176 663/957/2175 648/955/2160
f 398/561/1910 422/590/1934 646/959/2158
f 422/590/1934 664/958/2176 646/959/2158
f 663/957/2175 664/958/2176 665/960/2177
f 665/960/2177 664/958/2176 423/591/1935
f 664/958/2176 422/590/1934 423/591/1935
f 665/960/2177 666/961/2178 663/957/2175
f 663/957/2175 666/961/2178 662/956/2174
f 666/961/2178 661/954/2173 662/956/2174
f 666/961/2178 667/962/2179 661/954/2173
f 661/954/2173 667/962/2179 660/953/2172
f 667/962/2179 658/949/2170 660/953/2172
f 658/949/2170 667/962/2179 659/951/2171
f 668/963/2180 659/951/2171 667/962/2179
f 657/966/2169 659/965/2171 669/964/2181
f 659/965/2171 670/967/2182 669/964/2181
f 668/963/2180 670/968/2182 659/951/2171
f 654/939/2166 657/945/2169 656/943/2168
f 657/945/2169 671/969/2183 656/943/2168
f 671/969/2183 657/945/2169 669/970/2181
f 506/725/2018 655/942/2167 656/943/2168
f 656/943/2168 671/969/2183 506/725/2018
f 526/751/2038 655/942/2167 524/749/2036
f 524/749/2036 655/942/2167 506/725/2018
f 671/969/2183 672/971/2184 506/725/2018
f 671/969/2183 669/970/2181 673/972/2185
f 672/971/2184 671/969/2183 673/972/2185
f 669/964/2181 670/967/2182 674/973/2186
f 673/974/2185 669/964/2181 674/973/2186
f 668/963/2180 675/975/2187 670/968/2182
f 676/976/2188 670/968/2182 675/975/2187
f 674/973/2186 670/967/2182 676/977/2188
f 666/961/2178 677/978/2189 668/963/2180
f 666/961/2178 668/963/2180 667/962/2179
f 675/975/2187 668/963/2180 677/978/2189
f 678/979/2190 677/978/2189 666/961/2178
f 665/960/2177 678/979/2190 666/961/2178
f 679/980/2191 678/979/2190 665/960/2177
f 423/591/1935 445/626/1957 665/960/2177
f 445/626/1957 679/980/2191 665/960/2177
f 675/975/2187 678/979/2190 676/976/2188
f 675/975/2187 677/978/2189 678/979/2190
f 678/979/2190 680/981/2192 676/976/2188
f 672/971/2184 673/972/2185 681/982/2193
f 681/983/2193 673/974/2185 674/973/2186
f 672/971/2184 505/724/2017 506/725/2018
f 505/724/2017 672/971/2184 681/982/2193
f 505/724/2017 681/982/2193 493/704/2005
f 681/983/2193 674/973/2186 492/701/2004
f 493/703/2005 681/983/2193 492/701/2004
f 482/688/1994 674/973/2186 676/977/2188
f 492/701/2004 674/973/2186 482/688/1994
f 482/688/1994 676/977/2188 467/663/1979
f 680/981/2192 467/984/1979 676/976/2188
f 466/985/1978 680/981/2192 679/980/2191
f 680/981/2192 678/979/2190 679/980/2191
f 467/984/1979 680/981/2192 466/985/1978
f 466/985/1978 679/980/2191 445/626/1957
f 682/986/2194 309/440/1821 630/902/2142
f 682/986/2194 303/430/1815 309/440/1821
f 683/987/2195 682/986/2194 630/902/2142
f 682/986/2194 684/988/2196 303/430/1815
f 684/988/2196 682/986/2194 683/987/2195
f 683/987/2195 630/902/2142 628/903/2140
f 685/989/2197 683/987/2195 628/903/2140
f 685/989/2197 684/988/2196 683/987/2195
f 304/431/1816 303/430/1815 684/988/2196
f 686/990/2198 304/431/1816 684/988/2196
f 686/990/2198 684/988/2196 685/989/2197
f 629/991/2141 685/989/2197 628/903/2140
f 685/989/2197 629/991/2141 686/990/2198
f 688/993/2200 687/992/2199 686/990/2198
f 686/990/2198 687/992/2199 304/431/1816
f 690/996/2202 689/995/2201 686/994/2198
f 689/995/2201 688/997/2200 686/994/2198
f 686/999/2198 629/900/2141 690/998/2202
f 301/426/1813 304/431/1816 687/992/2199
f 301/426/1813 687/992/2199 688/993/2200
f 302/428/1814 688/993/2200 691/1000/2203
f 301/426/1813 688/993/2200 302/428/1814
f 691/1001/2203 688/997/2200 689/995/2201
f 692/1002/2204 689/995/2201 690/996/2202
f 693/1003/2205 691/1001/2203 689/995/2201
f 693/1003/2205 689/995/2201 694/1004/2206
f 689/995/2201 692/1002/2204 694/1004/2206
f 629/900/2141 627/898/2139 690/998/2202
f 695/1005/2207 692/1002/2204 690/996/2202
f 692/1002/2204 695/1005/2207 694/1004/2206
f 696/1006/2208 693/1003/2205 694/1004/2206
f 696/1006/2208 697/1007/2209 693/1003/2205
f 697/1007/2209 691/1001/2203 693/1003/2205
f 302/428/1814 691/1000/2203 698/1008/2210
f 698/1008/2210 691/1000/2203 697/1009/2209
f 302/428/1814 698/1008/2210 300/432/1812
f 699/1010/2211 300/432/1812 698/1008/2210
f 700/1011/2212 696/1006/2208 694/1004/2206
f 701/1012/2213 700/1011/2212 694/1004/2206
f 694/1004/2206 695/1005/2207 701/1012/2213
f 702/1014/2214 695/1013/2207 690/998/2202
f 703/1015/2215 695/1013/2207 702/1014/2214
f 695/1005/2207 703/1017/2215 704/1016/2216
f 701/1012/2213 695/1005/2207 704/1016/2216
f 627/898/2139 625/896/2137 690/998/2202
f 690/998/2202 625/896/2137 702/1014/2214
f 705/1018/2217 703/1015/2215 702/1014/2214
f 625/896/2137 626/897/2138 702/1014/2214
f 702/1014/2214 626/897/2138 705/1018/2217
f 706/1021/2218 703/1020/2215 705/1019/2217
f 703/1020/2215 706/1021/2218 704/1022/2216
f 701/1012/2213 704/1016/2216 707/1023/2219
f 706/1021/2218 708/1024/2220 704/1022/2216
f 709/1025/2221 707/1023/2219 704/1016/2216
f 709/1026/2221 704/1022/2216 708/1024/2220
f 707/1023/2219 700/1011/2212 701/1012/2213
f 707/1023/2219 710/1027/2222 700/1011/2212
f 711/1028/2223 696/1006/2208 700/1011/2212
f 712/1029/2224 711/1028/2223 700/1011/2212
f 710/1027/2222 712/1029/2224 700/1011/2212
f 711/1028/2223 697/1007/2209 696/1006/2208
f 713/1030/2225 698/1008/2210 697/1009/2209
f 714/1031/2226 697/1007/2209 711/1028/2223
f 714/1032/2226 713/1030/2225 697/1009/2209
f 713/1030/2225 715/1033/2227 698/1008/2210
f 715/1033/2227 699/1010/2211 698/1008/2210
f 699/1010/2211 273/1034/1785 300/432/1812
f 699/1010/2211 715/1033/2227 273/1034/1785
f 300/1037/1812 273/1036/1785 274/1035/1786
f 274/390/1786 288/413/1800 300/425/1812
f 272/1038/1784 273/1034/1785 715/1033/2227
f 716/1039/2228 272/1038/1784 715/1033/2227
f 716/1039/2228 715/1033/2227 713/1030/2225
f 716/1039/2228 713/1030/2225 714/1032/2226
f 717/1040/2229 714/1031/2226 711/1028/2223
f 716/1039/2228 714/1032/2226 717/1041/2229
f 712/1029/2224 718/1042/2230 711/1028/2223
f 718/1042/2230 717/1040/2229 711/1028/2223
f 719/1043/2231 718/1042/2230 712/1029/2224
f 720/1044/2232 712/1029/2224 710/1027/2222
f 720/1044/2232 719/1043/2231 712/1029/2224
f 722/1046/2234 721/1045/2233 710/1027/2222
f 721/1045/2233 720/1044/2232 710/1027/2222
f 709/1025/2221 722/1046/2234 710/1027/2222
f 707/1023/2219 709/1025/2221 710/1027/2222
f 709/1049/2221 723/1048/2235 722/1047/2234
f 709/1049/2221 708/1050/2220 723/1048/2235
f 708/1050/2220 706/1052/2218 724/1051/2236
f 723/1048/2235 708/1050/2220 725/1053/2237
f 725/1053/2237 708/1050/2220 724/1051/2236
f 706/1052/2218 726/1054/2238 724/1051/2236
f 705/1019/2217 726/1055/2238 706/1021/2218
f 705/1019/2217 626/1056/2138 726/1055/2238
f 726/1055/2238 626/1056/2138 623/1057/2135
f 624/894/2136 726/1054/2238 623/893/2135
f 578/830/2090 726/1054/2238 624/894/2136
f 724/1051/2236 726/1054/2238 578/830/2090
f 725/1053/2237 724/1051/2236 578/830/2090
f 181/258/1693 723/1048/2235 725/1053/2237
f 181/258/1693 725/1053/2237 143/205/1655
f 723/1048/2235 727/1058/2239 722/1047/2234
f 728/1059/2240 727/1058/2239 723/1048/2235
f 728/1059/2240 723/1048/2235 181/258/1693
f 727/1058/2239 721/1060/2233 722/1047/2234
f 720/1063/2232 721/1062/2233 729/1061/2241
f 729/1061/2241 721/1062/2233 730/1064/2242
f 730/1065/2242 721/1060/2233 727/1058/2239
f 729/1061/2241 719/1066/2231 720/1063/2232
f 719/1066/2231 248/354/1760 718/1067/2230
f 719/1066/2231 729/1061/2241 248/354/1760
f 718/1067/2230 731/1069/2243 717/1068/2229
f 249/355/1761 731/1069/2243 718/1067/2230
f 718/1067/2230 248/354/1760 249/355/1761
f 732/1070/2244 717/1068/2229 731/1069/2243
f 716/1073/2228 717/1072/2229 732/1071/2244
f 731/1069/2243 270/385/1782 732/1070/2244
f 250/356/1762 270/385/1782 731/1069/2243
f 249/355/1761 250/356/1762 731/1069/2243
f 732/1071/2244 733/1074/2245 716/1073/2228
f 733/1074/2245 732/1071/2244 271/386/1783
f 732/1071/2244 270/384/1782 271/386/1783
f 716/1073/2228 733/1074/2245 272/388/1784
f 271/386/1783 272/388/1784 733/1074/2245
f 225/324/1737 248/354/1760 729/1061/2241
f 730/1064/2242 225/324/1737 729/1061/2241
f 182/295/1694 225/324/1737 730/1064/2242
f 730/1065/2242 727/1058/2239 182/259/1694
f 182/259/1694 727/1058/2239 180/257/1692
f 180/257/1692 727/1058/2239 728/1059/2240
f 181/258/1693 180/257/1692 728/1059/2240
f 143/205/1655 725/1053/2237 734/1075/2246
f 162/227/1674 181/258/1693 143/205/1655
f 143/205/1655 734/1075/2246 735/1076/2247
f 725/1053/2237 578/830/2090 734/1075/2246
f 96/133/1608 143/205/1655 735/1076/2247
f 95/132/1607 735/1076/2247 736/1077/2248
f 96/133/1608 735/1076/2247 95/132/1607
f 122/171/1634 143/205/1655 96/133/1608
f 95/132/1607 736/1077/2248 74/99/1586
f 578/830/2090 624/894/2136 577/829/2089
f 734/1075/2246 578/830/2090 735/1076/2247
f 736/1077/2248 735/1076/2247 486/694/1998
f 486/694/1998 735/1076/2247 514/735/2026
f 735/1076/2247 578/830/2090 535/766/2047
f 735/1076/2247 535/766/2047 514/735/2026
f 74/99/1586 736/1077/2248 73/98/1585
f 736/1077/2248 486/694/1998 73/98/1585
f 51/70/1563 73/98/1585 476/680/1988
f 738/1079/2250 476/680/1988 737/1078/2249
f 51/70/1563 476/680/1988 738/1079/2250
f 739/1080/2251 738/1079/2250 737/1078/2249
f 21/25/1533 738/1079/2250 739/1080/2251
f 20/24/1532 51/70/1563 738/1079/2250
f 20/24/1532 738/1079/2250 21/25/1533
f 34/48/1546 21/25/1533 739/1080/2251
f 740/1081/2252 34/48/1546 739/1080/2251
f 739/1080/2251 737/1078/2249 741/1082/2253
f 740/1081/2252 739/1080/2251 741/1082/2253
f 737/1078/2249 476/680/1988 459/651/1971
f 742/1083/2254 741/1082/2253 737/1078/2249
f 743/1084/2255 741/1082/2253 742/1083/2254
f 743/1087/2255 744/1086/2256 741/1085/2253
f 740/1088/2252 741/1085/2253 744/1086/2256
f 745/1089/2257 740/1088/2252 744/1086/2256
f 746/1090/2258 34/48/1546 740/1081/2252
f 746/1091/2258 740/1088/2252 745/1089/2257
f 746/1090/2258 36/52/1548 34/48/1546
f 36/1094/1548 746/1093/2258 747/1092/2259
f 747/1092/2259 746/1093/2258 745/1095/2257
f 748/1097/2260 745/1095/2257 744/1096/2256
f 749/1098/2261 745/1095/2257 748/1097/2260
f 747/1092/2259 745/1095/2257 749/1098/2261
f 744/1096/2256 743/1100/2255 750/1099/2262
f 751/1101/2263 748/1097/2260 744/1096/2256
f 751/1101/2263 744/1096/2256 750/1099/2262
f 743/1100/2255 752/1102/2264 750/1099/2262
f 742/1083/2254 737/1078/2249 475/679/1987
f 458/650/1970 742/1083/2254 475/679/1987
f 753/1103/2265 742/1083/2254 458/650/1970
f 753/1103/2265 743/1084/2255 742/1083/2254
f 737/1078/2249 459/651/1971 475/679/1987
f 743/1106/2255 753/1105/2265 754/1104/2266
f 743/1100/2255 754/1107/2266 752/1102/2264
f 363/514/1875 752/1102/2264 385/541/1897
f 752/1102/2264 754/1107/2266 385/541/1897
f 363/514/1875 362/513/1874 752/1102/2264
f 362/513/1874 751/1101/2263 752/1102/2264
f 751/1101/2263 750/1099/2262 752/1102/2264
f 751/1101/2263 362/513/1874 748/1097/2260
f 748/1097/2260 362/513/1874 347/492/1859
f 347/492/1859 749/1098/2261 748/1097/2260
f 345/491/1857 749/1098/2261 347/492/1859
f 345/488/1857 38/54/1550 749/1108/2261
f 35/50/1547 749/1108/2261 38/54/1550
f 35/50/1547 747/1109/2259 749/1108/2261
f 36/51/1548 747/1109/2259 35/50/1547
f 385/541/1897 457/646/1969 384/540/1896
f 754/1107/2266 457/646/1969 385/541/1897
f 754/1104/2266 753/1105/2265 457/649/1969
f 753/1105/2265 458/648/1970 457/649/1969
f 456/645/1968 387/543/1899 384/540/1896
f 387/543/1899 456/645/1968 412/577/1924
f 624/894/2136 580/833/2092 577/829/2089
f 268/381/1780 288/413/1800 274/390/1786
f 331/470/1843 39/55/1551 37/53/1549
f 39/55/1551 330/468/1842 40/56/1552
f 755/1110/2267 330/465/1842 317/449/1829
f 755/1111/2267 40/56/1552 330/468/1842
f 41/57/1553 40/56/1552 755/1111/2267
f 63/1113/1575 755/1110/2267 756/1112/2268
f 756/1112/2268 755/1110/2267 317/449/1829
f 63/84/1575 41/1115/1553 755/1114/2267
f 756/1112/2268 317/449/1829 312/444/1824
f 756/1112/2268 312/444/1824 311/443/1823
f 757/1116/2269 756/1112/2268 311/443/1823
f 757/1116/2269 63/1113/1575 756/1112/2268
f 64/85/1576 63/84/1575 757/1117/2269
f 62/83/1574 41/1115/1553 63/84/1575
f 41/1115/1553 62/83/1574 44/60/1556
f 43/61/1555 41/1115/1553 44/60/1556
f 42/58/1554 41/57/1553 43/59/1555
f 758/1118/2270 757/1116/2269 311/443/1823
f 84/1119/1596 757/1116/2269 758/1118/2270
f 84/114/1596 64/85/1576 757/1117/2269
f 758/1118/2270 311/443/1823 306/434/1818
f 758/1118/2270 306/434/1818 293/418/1805
f 295/420/1807 758/1118/2270 293/418/1805
f 295/420/1807 83/1120/1595 758/1118/2270
f 83/1120/1595 84/1119/1596 758/1118/2270
f 61/82/1573 64/85/1576 84/114/1596
f 86/118/1598 83/113/1595 295/1121/1807
f 294/1122/1806 86/118/1598 295/1121/1807
f 85/119/1597 86/118/1598 294/1122/1806
f 294/419/1806 108/150/1620 85/115/1597

# End of Object "CavePlatform2_4"
