# Created with Anim8or 1.00
# Object "CavePlatform2_1":

mtllib CavePlatform2_1.mtl

# Shape "CavePlatform2-1":
g CavePlatform2-1
# No. points 1096:
v -12.356 -5.79192 -16.2865
v -11.378 -6.71864 -14.3975
v -10.432 -6.32533 -16.2095
v -13.668 -6.53249 -14.7745
v -14.034 -4.7716 -16.1835
v -12.739 -3.6841 -16.9095
v -11.09 -4.5033 -17.1195
v -10.102 -6.68576 -12.1085
v -9.362 -6.74146 -14.4115
v -12.469 -6.7013 -12.7915
v -14.581 -6.86121 -12.7235
v -15.21 -6.19054 -14.3355
v -14.962 -5.2318 -15.2085
v -13.91 -2.8134 -16.2945
v -14.884 -3.3367 -15.3145
v -12.895 -1.455 -16.6085
v -11.423 -2.3955 -16.9455
v -9.859 -3.1057 -16.8495
v -9.39899 -4.919 -16.7365
v -8.838 -6.00324 -15.9225
v -8.195 -6.70202 -13.1295
v -7.66199 -6.37436 -14.7185
v -7.38 -6.68753 -11.4515
v -12.853 -6.69052 -10.2165
v -15.362 -6.71422 -10.7075
v -16.413 -6.45524 -12.2945
v -16.039 -6.26373 -13.6695
v -15.98 -4.5706 -14.3175
v -16.067 -1.6763 -14.3055
v -14.428 -0.82740 -15.6445
v -13.097 1.4501 -16.3955
v -11.42 -0.09090 -16.8135
v -10.276 -1.416 -16.8205
v -8.7 -1.3337 -16.1335
v -8.28799 -4.0035 -15.9865
v -8.586 -5.0825 -16.1815
v -7.953 -5.3668 -15.8075
v -6.658 -6.69995 -13.2225
v -6.256 -6.30158 -14.6025
v -6.897 -5.1224 -15.3085
v -16.067 -6.68261 -7.7815
v -17.326 -6.58476 -10.6035
v -17.817 -5.1907 -12.2645
v -16.922 -5.361 -13.3815
v -17.227 -3.5063 -13.3285
v -9.974 -0.17870 -16.7225
v -15.501 0.80990 -14.6575
v -17.372 -1.224 -12.9315
v -18.036 -2.9129 -11.7805
v -18.642 -4.784 -10.7475
v -18.645 -6.26911 -9.2985
v -12.523 -6.6822 -7.1245
v -19.336 -4.893 -9.8335
v -19.02 -3.775 -9.8885
v -18.616 -3.0207 -10.5245
v -18.307 -1.7114 -10.7325
v -17.916 -0.59980 -11.7055
v -14.492 1.4496 -15.5695
v -11.532 1.9121 -16.7795
v -15.115 2.9857 -14.9345
v -16.761 0.80550 -13.6565
v -19.282 -1.8745 -9.6025
v -19.766 -3.9171 -9.3095
v -19.865 -5.3553 -9.1705
v -18.629 -6.60624 -7.7045
v -19.686 -6.04742 -8.3295
v -18.616 -6.70595 -5.9355
v -19.974 -6.14252 -7.1085
v -20.455 -4.4249 -8.1255
v -20.151 -2.9814 -8.8245
v -18.468 0.12320 -10.5405
v -17.592 0.57760 -12.6245
v -16.11 2.2897 -14.1865
v -16.893 2.8528 -13.6205
v -17.369 1.9583 -12.8565
v -17.995 1.857 -11.6485
v -19.432 1.5713 -9.4135
v -20.39 -1.5567 -7.9065
v -21.009 -3.6448 -6.7165
v -21.094 -5.2517 -6.8815
v -21.041 -6.37014 -5.5196
v -16.923 -6.67965 -4.1151
v -19.47 -6.69908 -3.6991
v -21.377 -5.75515 -3.5469
v -22.007 -4.5355 -4.7595
v -21.83 -4.7442 -6.1075
v -21.307 -2.063 -6.2995
v -21.87 -3.2948 -5.711
v -18.564 1.6512 -10.5245
v -17.589 3.4741 -12.7105
v -18.536 3.0192 -10.5945
v -18.032 4.1301 -11.5915
v -20.396 0.99150 -7.7345
v -21.143 0.00970 -6.4065
v -21.824 -2.2434 -5.5664
v -21.805 -2.2086 -4.4445
v -21.707 -4.024 -3.5017
v -20.598 -6.13243 -1.8835
v -21.563 -4.6948 -2.4004
v -18.121 -6.6649 -1.3444
v -20.127 -5.82066 0.06940
v -21.174 -4.2172 -1.0172
v -21.276 -2.8647 -2.4741
v -21.769 -1.4093 -5.6636
v -21.916 -0.47000 -5.301
v -18.983 3.8851 -9.8875
v -18.485 4.8781 -10.6155
v -19.878 4.3031 -9.2105
v -19.063 5.4001 -9.9105
v -20.417 2.9817 -8.0355
v -20.755 2.0115 -6.8045
v -21.349 1.4914 -6.2505
v -21.86 1.2196 -5.4482
v -21.75 -0.02140 -4.4434
v -21.397 -0.26000 -2.9752
v -21.051 -2.8222 -1.3417
v -20.524 -2.623 -0.47840
v -20.33 -4.0277 0.28880
v -18.331 -6.35673 1.266
v -19.427 -4.6736 1.4369
v -19.517 -2.4868 0.92490
v -20.281 -0.73640 -0.13970
v -21.018 -1.3723 -1.429
v -21.657 1.5948 -4.0819
v -21.599 2.6648 -6.1325
v -20.774 3.8041 -6.7475
v -20.542 5.1561 -7.8315
v -19.184 6.3081 -8.6155
v -17.413 6.5521 -9.6995
v -17.333 6.7361 -7.2575
v -19.263 6.6361 -6.3335
v -20.946 5.4581 -6.5085
v -21.732 4.3971 -5.7475
v -22.129 2.965 -4.8795
v -19.35 -0.31530 1.0562
v -18.432 -1.1605 2.0736
v -18.15 -3.4767 2.4022
v -17.721 -4.8511 2.7688
v -18.443 -5.1579 2.2921
v -17.464 -1.7785 3.002
v -21.008 1.1748 -1.3604
v -21.306 1.8542 -2.8303
v -21.569 3.1801 -3.5341
v -21.943 4.6311 -4.1873
v -20.794 6.0661 -4.8195
v -19.905 6.4501 -3.1525
v -21.322 5.7781 -3.1059
v -18.901 6.7291 -4.1476
v -21.592 4.4651 -2.984
v -21.072 3.4361 -2.058
v -19.835 1.6476 0.45240
v -17.02 -3.0494 3.58957
v -16.996 -1.832 3.94262
v -17.014 -0.91420 3.61712
v -17.53 -0.22550 2.9573
v -18.313 1.3944 2.0978
v -20.602 3.171 -0.45310
v -20.982 4.7751 -0.77960
v -21.48 5.0761 -1.9998
v -20.287 6.2391 -1.578
v -18.077 6.5771 -2.0114
v -16.396 6.5741 -4.3047
v -17.203 6.5911 0.33000
v -18.887 6.5031 -0.40320
v -20.062 5.8061 0.12090
v -20.162 4.4681 0.24180
v -19.845 3.3961 0.49650
v -19.066 3.2538 1.3804
v -17.011 0.01170 3.89684
v -17.368 -0.91730 4.7103
v -17.1 0.98510 3.34644
v -17.411 1.0458 4.93306
v -17.955 3.7751 2.5338
v -19.485 4.2441 0.94970
v -19.611 5.1381 0.99180
v -18.7 6.0971 1.1837
v -15.166 6.6121 -0.49810
v -14.416 6.6261 -7.2405
v -11.824 6.6101 -2.3624
v -15.561 6.6161 2.0249
v -17.191 6.4621 2.0654
v -18.021 5.5591 2.3767
v -18.867 4.7511 1.8423
v -18.095 4.7661 2.3893
v -17.032 2.5372 3.56282
v -17.145 4.4451 4.03285
v -17.743 4.9481 2.9961
v -17.006 5.8981 3.34935
v -16.285 6.4901 2.8255
v -12.281 6.6071 3.64039
v -9.951 6.6111 -6.7275
v -12.693 6.5971 -9.9035
v -7.807 6.6101 -3.3538
v -15.477 6.5661 3.86536
v -16.711 6.0291 5.01719
v -14.953 6.6061 6.2988
v -8.054 6.6091 5.9459
v -6.447 6.6111 0.99050
v -8.227 6.6391 8.5834
v -10.428 6.9141 8.2197
v -5.919 6.6211 8.3123
v -4.65 6.6111 5.1909
v -4.823 6.6101 -2.9963
v -4.202 6.5541 10.1322
v -6.13499 6.7441 10.404
v -7.502 6.8161 10.0539
v -9.014 6.8611 10.0224
v -7.174 6.4341 11.421
v -8.326 6.5221 11.1318
v -5.703 6.3191 11.6966
v -4.254 5.7751 11.8078
v -2.28 6.6151 7.4496
v -0.30800 6.6111 2.9928
v -1.546 6.6101 -1.721
v -2.38 6.4451 9.7512
v -2.99 5.5981 10.8915
v -3.335 4.6571 12.3277
v -4.31499 5.3021 12.6007
v -5.263 5.6291 12.8276
v -7.27399 5.4671 12.8762
v -7.972 6.0671 11.892
v -5.664 4.6811 13.5797
v -4.49 5.0291 13.2008
v -1.95 5.1991 11.3815
v -1.543 4.6931 12.2187
v -1.658 5.8231 10.47
v -0.91100 6.5791 9.425
v 0.07000 6.6461 8.0187
v 0.87700 6.6361 6.2716
v 3.466 6.6291 5.1867
v 0.85201 6.4191 9.2789
v -0.23500 5.4591 10.9289
v -2.031 4.0081 13.8238
v -4.178 4.2431 13.8169
v -6.906 4.2351 14.0825
v -5.70499 3.5661 14.4435
v -3.98 2.8363 14.7175
v 0.01200 4.4731 14.1588
v -0.74200 3.3681 14.8095
v -2.173 2.5629 14.7965
v -0.11800 4.4161 12.5704
v 1.951 4.6261 11.4122
v 1.649 5.5291 10.0485
v 2.537 6.1821 8.8517
v 1.68401 6.7541 7.8443
v 2.58 6.6221 6.7641
v 2.957 6.3951 7.6885
v 3.707 6.5901 6.9236
v 3.177 5.1281 9.6587
v 1.464 4.4991 13.1625
v 0.44801 3.9761 15.4075
v 1.738 4.4331 14.5945
v -0.11100 2.9316 15.5435
v -0.95100 2.1827 15.1595
v -1.944 1.3075 14.6945
v -3.31 1.4937 14.5865
v -4.669 1.4606 14.8255
v -6.028 2.0627 14.8775
v -4.238 0.50480 14.8145
v -5.71799 0.54500 15.1465
v -2.939 0.35960 14.6175
v -0.94300 0.94310 15.1835
v -1.842 0.31800 14.7265
v 0.05600 1.8308 15.6645
v 0.84100 3.0091 16.1855
v 1.667 3.9741 15.8265
v 3.66 4.3661 13.3333
v 4.27 4.4561 10.7831
v 4.778 4.9491 9.2281
v 4.173 5.9771 8.1732
v 2.96301 4.2021 15.5055
v 2.262 3.0796 16.4465
v 1.341 1.6918 16.1875
v 0.04501 0.26340 15.6835
v -1.282 -0.14520 15.1735
v -2.462 -0.44350 15.1355
v -3.775 -0.36440 15.1875
v -1.515 -1.1691 15.8975
v -3.449 -1.2189 15.7595
v 1.637 0.41920 16.2815
v 0.78101 -1.1156 16.2595
v 3.164 1.6612 16.4765
v 3.621 3.3871 16.3685
v 4.593 4.1971 15.3095
v 5.761 4.2921 13.7761
v 6.085 4.4961 11.6994
v 6.022 4.5511 9.7039
v 6.275 5.3481 7.9427
v 5.29601 6.6241 6.6551
v 7.11 4.5441 8.7277
v 7.427 4.8361 7.9772
v 7.513 4.3141 9.9945
v 7.176 4.5091 13.0883
v 8.238 4.5031 11.6601
v 6.415 4.2131 15.3015
v 6.75 4.4231 14.1019
v 4.979 3.0813 16.5955
v 2.927 -0.39180 16.5555
v 5.188 0.95170 16.7135
v 6.882 2.974 16.9465
v 8.433 4.1421 15.6845
v 7.69801 4.5111 14.2575
v 9.061 4.5121 10.1246
v 8.515 4.5641 8.3854
v 7.869 5.3961 7.4159
v 7.336 6.2701 6.3958
v 8.221 5.6071 6.5598
v 8.908 4.8311 6.6925
v 10.224 4.4571 9.0638
v 9.917 3.8991 7.5526
v 10.321 4.3441 10.5227
v 9.52 4.5161 11.2089
v 8.55 4.6641 13.2295
v 8.918 4.5321 14.3205
v 8.743 2.6864 16.9185
v 9.665 3.3941 15.9045
v 10.027 4.2111 14.7445
v 7.345 1.1178 17.0435
v 6.308 -0.44060 17.0035
v 8.979 1.0217 16.9755
v 7.775 -0.53900 17.0095
v 10.037 2.2518 16.2335
v 10.602 3.1536 15.3575
v 11.264 3.3671 14.0404
v 9.547 4.5801 13.6412
v 10.435 4.3451 13.4334
v 9.666 4.5491 12.4229
v 10.231 4.3311 11.5457
v 11.054 4.0031 10.729
v 11.085 3.7841 9.9174
v 11.243 3.1849 8.4556
v 9.399 3.3501 6.1853
v 10.278 2.3731 7.2404
v 11.723 2.8986 9.8227
v 11.674 1.9057 9.2343
v 11.248 1.8017 8.061
v 11.355 3.1718 11.1882
v 10.824 4.0521 11.2756
v 10.826 3.9131 12.3509
v 10.898 2.0059 15.1525
v 11.528 1.7865 13.8635
v 11.507 2.8125 12.751
v 10.136 0.84280 16.1045
v 9.236 -0.28680 16.7735
v 11.039 0.57020 15.0085
v 10.161 -0.67400 16.0205
v 11.774 0.37030 13.5095
v 11.621 1.5949 12.2236
v 11.686 1.8905 10.5844
v 12.354 1.0544 10.0017
v 12.208 0.76250 8.4471
v 10.871 0.78820 7.1187
v 9.512 1.5942 5.8996
v 9.119 4.7431 4.99408
v 9.217 3.1023 4.64421
v 9.7 1.5836 3.95739
v 11.234 0.06590 4.85396
v 13.024 -0.10060 6.7624
v 13.2 0.20000 9.6066
v 13.494 0.03550 8.371
v 12.974 0.31760 11.0745
v 12.093 0.98900 11.2303
v 12.276 0.51650 12.1987
v 11.229 -0.99230 14.7525
v 12.203 -0.79640 13.4475
v 12.455 -0.07870 12.8149
v 10.301 -1.9604 15.8135
v 8.672 -2.2089 16.8775
v 6.627 -2.7715 17.0805
v 7.207 -1.6983 17.1195
v 11.115 -2.5432 15.0365
v 10.057 -3.3636 16.0385
v 12.089 -1.8346 14.0203
v 13.276 -1.0019 13.8308
v 13.239 -0.38260 12.8595
v 13.001 0.12110 12.1711
v 13.97 -0.02760 11.7519
v 14.249 0.06870 10.3257
v 14.252 0.01980 9.1084
v 14.917 0.02890 7.8521
v 15.336 0.08100 9.3445
v 15.714 0.05720 10.9465
v 14.665 -0.34800 13.0475
v 13.38 -2.2248 14.4245
v 14.369 -1.373 13.9308
v 11.977 -3.0492 14.0477
v 11.092 -3.8981 15.0895
v 9.988 -4.872 15.8865
v 8.633 -4.4508 16.7845
v 7.21 -3.8499 16.9135
v 6.068 -1.6909 17.0735
v 4.86501 -2.7626 16.9035
v 5.566 -4.0342 16.7425
v 6.83 -1.0756 17.0955
v 2.37901 -2.7683 16.4245
v 4.59 -1.2192 16.8565
v 3.69801 -4.1122 16.5905
v 6.397 -5.4164 16.3135
v 4.408 -5.2179 16.3935
v 8.439 -5.95005 15.9305
v 10.973 -5.2791 14.9815
v 9.838 -6.02724 15.4065
v 12.067 -4.3464 14.0123
v 12.994 -3.4098 14.4305
v 14.217 -3.3053 14.4615
v 14.64 -2.19 14.2085
v 15.65 -1.485 13.7734
v 16.51 -0.43680 12.5729
v 17.004 -1.4748 13.3249
v 16.527 -2.8636 13.6787
v 15.325 -2.7283 14.1217
v 15.349 -3.8611 14.1855
v 14.28 -4.5833 14.4435
v 13.323 -4.2156 14.5345
v 13.013 -5.4054 14.2535
v 11.455 -5.78259 13.9274
v 10.477 -6.57736 14.5305
v 8.716 -6.70588 14.4805
v 6.44801 -6.60214 14.6935
v 3.772 -6.4094 15.2045
v 2.569 -5.3417 16.2145
v 2.28 -4.3061 16.3675
v 0.46000 -4.775 16.2115
v 0.89600 -6.36333 15.1105
v 1.619 -6.63733 13.5075
v 4.05901 -6.74934 12.7856
v 7.052 -6.7587 12.476
v 9.849 -6.93413 13.0244
v 10.987 -6.78918 13.8272
v 12.181 -6.39673 13.5405
v 11.225 -6.55512 13.3243
v 14.271 -5.6093 14.2135
v 13.643 -6.5227 13.2713
v 15.172 -4.9849 14.1489
v 15.339 -6.00174 13.805
v 13.615 -6.77703 11.389
v 15.629 -6.69804 12.3179
v 11.594 -6.74335 12.0549
v 8.636 -6.66461 9.889
v 4.58 -6.68176 9.9164
v 0.49600 -6.69628 11.009
v -1.067 -6.64967 13.3912
v 1.279 -6.68385 7.7556
v 12.095 -6.68193 9.3793
v 15.146 -6.68829 9.7031
v 5.136 -6.68208 5.6296
v -1.805 -6.15143 15.2875
v -3.089 -6.72214 11.5604
v -3.268 -6.66597 8.2333
v 9.967 -6.68208 5.9371
v -0.31499 -6.68225 4.23465
v -7.833 -6.67965 7.767
v -6.011 -6.68221 3.96097
v 2.64201 -6.68223 0.06260
v -11.417 -6.67829 5.2936
v -9.703 -6.68261 1.2262
v -6.497 -6.68224 0.23730
v -2.625 -6.68222 0.06680
v -13.624 -6.6846 1.4931
v -11.885 -6.68225 -1.7192
v -8.417 -6.68224 -2.0821
v -5.243 -6.68224 -2.1335
v -0.23500 -6.68229 -1.9986
v -15.197 -6.68203 -1.5971
v -16.307 -6.68339 0.65170
v -13.884 -6.68199 -4.5041
v -10.378 -6.68225 -4.8804
v -6.116 -6.68223 -5.388
v -2.498 -6.68224 -3.4896
v -16.894 -6.4967 2.0389
v -17.588 -5.81214 2.5618
v -16.532 -6.17864 3.35979
v -15.647 -6.68024 2.3283
v -17.113 -5.3009 3.1449
v -16.421 -6.49571 5.07607
v -14.743 -6.71657 3.96829
v -17.229 -5.3989 4.16482
v -14.648 -6.7412 6.2228
v -16.6 -6.35332 6.8798
v -17.625 -5.3523 5.6327
v -17.386 -4.1128 4.61082
v -17.126 -4.3894 3.30928
v -17.391 -2.5984 4.82523
v -17.887 -3.6296 5.9266
v -17.277 -4.6739 7.0689
v -15.229 -6.45511 8.1628
v -16.407 -5.355 7.8243
v -13.188 -6.71298 7.7
v -11.113 -6.68704 9.7243
v -13.652 -6.68259 9.3237
v -15.416 -6.44194 10
v -16.409 -5.1417 8.9489
v -16.466 -3.9071 7.8944
v -17.249 -2.8979 7.0753
v -17.768 -1.8623 5.9835
v -17.076 -0.88680 7.1608
v -16.515 -2.3972 7.8543
v -16.306 -2.921 9.1283
v -16.559 -4.6066 10.5673
v -15.526 -5.92223 11.8515
v -13.64 -6.66284 11.0707
v -6.944 -6.77629 11.3388
v -9.887 -6.72091 12.1969
v -12.045 -6.66623 12.5869
v -14.071 -6.1049 12.944
v -15.02 -4.9451 12.8536
v -15.767 -3.9133 12.017
v -16.234 -2.3421 10.7755
v -16.277 -1.3457 8.2661
v -17.789 -0.34970 5.876
v -15.26 -1.7183 12.2231
v -14.586 -3.5456 12.8672
v -14.1 -4.7156 13.4149
v -12.92 -5.2625 13.8714
v -10.534 -6.33788 13.7795
v -11.821 -5.88292 14.0063
v -8.502 -6.53251 13.5825
v -6.627 -6.54601 13.7327
v -4.23 -6.59521 13.7252
v -5.721 -6.36037 14.9405
v -7.378 -6.01994 14.9975
v -9.37 -5.3791 15.0075
v -11.133 -5.1278 14.5575
v -12.008 -5.0513 14.1739
v -13.427 -3.5877 13.733
v -12.136 -3.794 14.3395
v -14.105 -2.2773 13.2389
v -16.309 -0.48940 9.4104
v -16.324 -0.06240 8.0301
v -16.929 0.93980 7.3192
v -17.672 0.58700 6.4551
v -16.302 1.2477 8.4712
v -16.142 -0.00140 11.0403
v -12.903 -2.1371 13.8927
v -12.816 -3.1818 13.9282
v -10.516 -3.7982 15.1695
v -7.61 -4.554 15.7975
v -9.06499 -3.8722 15.7565
v -5.87099 -5.1949 15.7435
v -4.091 -5.81466 15.5935
v -5.859 -3.4303 15.8565
v -7.836 -2.9034 15.8965
v -9.467 -2.3267 15.4925
v -11.195 -1.8338 14.8485
v -14.08 -0.29320 13.2888
v -15.334 0.69240 12.2194
v -16.356 1.5461 9.9554
v -16.277 2.8822 8.8467
v -16.842 2.4784 7.572
v -15.847 3.4391 10.4031
v -16.136 1.9095 11.4886
v -12.275 -0.03170 14.2755
v -8.098 -1.1847 15.8115
v -6.622 -1.8741 15.8795
v -4.985 -1.8748 15.8385
v -6.948 -0.95760 15.8905
v -5.837 -0.73220 15.7545
v -9.848 -0.22240 15.5445
v -11.123 -0.24310 14.9875
v -13.232 1.4113 13.7954
v -14.638 2.0051 13.1704
v -15.48 2.0245 12.2941
v -15.324 3.3313 11.9943
v -15.093 4.9841 10.3599
v -15.213 4.1551 11.09
v -16.035 4.6331 8.9864
v -16.687 3.9241 7.8139
v -15.767 5.8801 8.0226
v -15.29 5.7221 9.2369
v -16.583 5.0691 7.8244
v -14.306 4.3841 11.3763
v -13.713 5.3351 10.534
v -14.5 5.9201 9.7774
v -13.783 3.7771 12.8878
v -13.499 2.6866 13.7743
v -12.633 2.3951 13.9424
v -12.068 1.7017 14.4675
v -11.133 0.91800 15.1235
v -8.452 0.17460 15.8805
v -7.14899 0.01390 15.7155
v -7.892 1.2851 15.9905
v -6.836 1.1695 15.4375
v -9.032 1.0224 15.9075
v -9.973 1.7073 15.6785
v -11.115 2.5239 15.1285
v -11.977 2.8135 14.3445
v -12.541 3.273 13.5988
v -12.259 4.1191 12.8913
v -12.824 4.7081 11.6891
v -12.074 5.8461 10.1575
v -13.577 6.3351 9.5651
v -14.609 6.4831 8.5458
v -13.006 6.9341 7.8444
v -10.098 6.1241 10.6345
v -10.804 4.8931 12.3205
v -11.176 3.8491 14.0881
v -9.403 3.4141 15.2525
v -8.81499 2.1796 15.9205
v -7.95 2.3629 15.7695
v -7.20399 2.036 15.5295
v -4.855 -0.22950 15.2735
v -4.589 -0.86060 15.6895
v -3.339 -2.8759 15.8395
v -0.60100 -2.9332 16.0305
v -4.35 -4.4214 15.8595
v -2.318 -4.5644 16.0355
v -7.447 3.2425 15.2505
v -8.397 2.8692 15.6705
v -8.318 4.3681 14.1457
v -9.793 4.4211 13.8949
v -9.06 4.9661 13.0701
v -8.977 5.7081 11.8666
v -9.164 6.4471 11.0134
v -16.656 5.8031 6.7705
v -17.232 4.7301 7.1345
v -17.58 4.8221 5.8252
v -17.66 3.5491 6.8456
v -17.559 3.0913 5.2467
v -17.682 1.9831 6.4857
v -9.145 -6.68238 -8.6735
v -4.789 -6.68547 -9.8365
v -1.942 -6.6822 -6.9155
v -5.622 -6.68926 -11.9925
v -4.381 -6.64671 -12.0675
v -5.09 -6.33927 -13.5555
v -3.041 -6.6355 -11.7555
v -3.562 -6.28741 -13.2915
v -0.77200 -6.68632 -10.5205
v 1.356 -6.69464 -7.8515
v 1.345 -6.68157 -4.3985
v -1.869 -6.58775 -13.2625
v -2.785 -5.3162 -14.3415
v -4.328 -4.6041 -14.2865
v -5.547 -5.2681 -14.9305
v -4.425 -2.4365 -14.0745
v -2.75 -3.1728 -14.5355
v -6.264 -3.0622 -15.0475
v -1.128 -4.8286 -15.0155
v 0.24001 -6.42205 -13.4415
v 1.401 -6.58881 -11.9045
v 2.078 -6.80203 -10.2025
v 3.76701 -6.69788 -6.7945
v 3.155 -6.76857 -8.6855
v 5.978 -6.68242 -3.9342
v 8.011 -6.68222 1.174
v 4.505 -6.65141 -8.5265
v 3.936 -6.17919 -10.1805
v 2.991 -5.6311 -11.8275
v 2.067 -5.4666 -13.3995
v 0.96900 -4.3102 -14.5805
v 2.677 -4.2651 -12.8495
v 1.871 -3.7298 -13.5695
v 3.927 -4.6702 -11.2405
v 3.123 -3.5793 -11.9195
v 5.413 -6.54407 -9.6705
v 4.973 -4.7052 -10.5805
v 6.03101 -6.6613 -7.5185
v 8.836 -6.70505 -7.0205
v 7.217 -6.80637 -9.5215
v 6.1 -5.88813 -10.9965
v 5.245 -2.579 -10.4575
v 6.28201 -3.7596 -11.4395
v 3.954 -2.9412 -10.9435
v 4.32301 -0.90980 -10.6745
v 3.068 -0.92510 -11.9855
v 6.04 -1.7767 -11.1835
v 7.146 -1.8227 -11.7155
v 7.779 -5.5669 -11.7855
v 7.554 -3.4444 -12.0725
v 9.311 -6.6941 -9.9255
v 10.533 -6.64702 -8.5955
v 10.698 -6.70373 -3.2548
v 12.532 -6.68154 2.1554
v 11.625 -6.75313 -7.0825
v 11.691 -6.06099 -8.7935
v 11.092 -6.07459 -10.0815
v 10.179 -4.8971 -11.6915
v 8.737 -3.5577 -12.1355
v 8.202 -2.2466 -11.9475
v 8.003 -1.2998 -11.9755
v 6.317 0.22150 -11.3505
v 7.737 -0.09660 -11.8955
v 8.912 -0.90870 -11.8935
v 8.868 -2.343 -11.9065
v 9.625 -2.5847 -11.5705
v 11.3 -4.5635 -10.3955
v 10.814 -2.8645 -10.7165
v 11.834 -5.1138 -9.5745
v 12.466 -5.89925 -8.2365
v 12.118 -5.0806 -8.7875
v 13.247 -6.72944 -5.3635
v 13.157 -6.05934 -7.3365
v 14.597 -6.68302 -2.1145
v 15.139 -6.76189 -5.2088
v 14.248 -6.15243 -6.7785
v 13.606 -5.1382 -7.1805
v 12.797 -4.6911 -8.0385
v 11.91 -3.4785 -9.2435
v 11.476 -0.68770 -9.8725
v 10.29 -0.87410 -11.1235
v 12.49 -1.3395 -8.3905
v 12.761 -3.1365 -8.0135
v 13.707 -3.8324 -7.2865
v 14.61 -4.9905 -7.3735
v 15.818 -5.90276 -6.8975
v 16.365 -6.70478 -3.7908
v 16.684 -6.55503 -5.4892
v 16.675 -6.67447 -2.2063
v 16.767 -6.67878 -0.38200
v 15.473 -6.68206 1.2815
v 17.702 -6.68041 2.0775
v 18.255 -6.65947 0.23200
v 18.053 -6.57113 -1.456
v 17.629 -6.56583 -3.0919
v 17.517 -6.34919 -4.421
v 17.54 -5.90195 -5.4359
v 17.034 -5.6558 -6.2845
v 16.66 -4.4031 -6.7485
v 15.54 -4.5412 -7.2315
v 14.84 -3.8892 -7.4655
v 13.298 -2.1598 -7.3055
v 14.625 -2.609 -7.4685
v 13.196 -0.83770 -7.5275
v 12.872 0.03600 -7.9275
v 14.286 -0.98870 -7.2045
v 15.905 -1.4658 -6.9415
v 15.755 -3.2869 -7.2025
v 17.481 -3.5414 -5.8415
v 16.775 -2.7757 -6.6385
v 17.519 -4.8538 -5.6701
v 18.046 -5.3933 -4.6356
v 18.282 -5.96848 -3.7042
v 18.459 -6.00133 -2.661
v 19.294 -6.3768 -0.41370
v 19.026 -5.6027 -1.7426
v 19.468 -6.63342 1.3158
v 20.248 -5.94742 0.30880
v 19.808 -5.1553 -0.64860
v 19.139 -4.2033 -1.7428
v 18.563 -4.7434 -3.2595
v 18.111 -4.1459 -4.8018
v 18.089 -2.9039 -4.9421
v 17.58 -2.2314 -5.8355
v 17.033 -1.746 -6.4165
v 17.205 -0.83160 -5.4241
v 15.712 -0.21710 -5.7769
v 14.95 -0.50380 -6.4485
v 13.538 0.28840 -7.2585
v 14.238 0.14330 -6.4445
v 13.795 1.2047 -6.4005
v 13.398 1.4361 -7.1905
v 13.019 0.99800 -7.7515
v 14.203 0.78720 -5.5071
v 14.827 0.14350 -5.8505
v 14.979 0.35900 -4.9235
v 16.081 0.01730 -4.3787
v 17.251 -0.34860 -3.5077
v 18.232 -1.235 -3.9068
v 18.11 -1.8607 -4.9215
v 18.607 -2.4057 -4.0018
v 18.575 -3.4806 -4.0456
v 18.846 -3.2137 -2.9444
v 19.817 -3.6879 -0.58320
v 20.511 -4.6504 0.58150
v 19.234 -2.8028 -1.7533
v 18.943 -1.9527 -2.8519
v 18.496 -0.78590 -2.3041
v 17.259 -0.18120 -1.9375
v 16.128 0.12090 -2.8409
v 15.082 0.49480 -3.6455
v 14.24 1.0437 -4.2827
v 13.931 2.1569 -5.1998
v 13.581 2.3985 -6.6795
v 12.963 2.1955 -7.7235
v 14.006 2.071 -3.401
v 14.018 3.7511 -3.9173
v 13.802 3.6481 -5.9355
v 14.346 1.0351 -3.0968
v 15.014 0.51500 -2.2289
v 16.263 0.10890 -1.117
v 18.232 -0.27950 -0.79350
v 17.264 -0.08410 -0.97950
v 19.195 -1.2003 -0.87180
v 19.291 -1.7153 -1.7768
v 19.733 -2.2505 -0.76220
v 20.561 -2.8656 0.50860
v 20.193 -1.5298 -0.00290
v 19.47 -0.55720 0.32630
v 18.407 -0.12260 0.55370
v 17.341 0.01740 -0.00690
v 14.851 0.61930 -0.59220
v 14.195 1.4634 -1.9272
v 13.875 5.0341 -5.3659
v 13.535 4.6981 -6.6755
v 13.249 3.6471 -7.3315
v 12.259 3.4711 -8.6505
v 13.049 5.1611 -7.8955
v 12.362 4.9151 -8.7155
v 13.528 5.8031 -6.5665
v 13.223 6.3681 -5.2209
v 13.911 5.7041 -3.4732
v 14.168 2.9058 -1.9374
v 13.833 1.8906 -0.29740
v 15.972 0.08630 0.94290
v 14.149 0.67400 1.1815
v 17.622 0.02480 1.5697
v 14.764 0.07230 2.7995
v 16.489 0.07190 2.7833
v 13.691 0.49770 2.355
v 13.197 1.26 2.1668
v 13.406 1.7455 1.0776
v 13.568 2.8686 0.75630
v 13.971 3.5231 -0.51000
v 14.228 4.4581 -1.9309
v 12.818 6.6281 -3.8073
v 11.825 6.6321 -4.848
v 12.05 6.6341 -6.8635
v 12.013 5.9761 -8.7365
v 12.006 4.8821 -9.4205
v 11.427 3.8351 -10.0945
v 11.5 1.8257 -9.8075
v 12.351 0.94630 -8.5915
v 10.585 2.4901 -10.7675
v 10.766 0.79370 -10.6875
v 11.119 5.8751 -10.2775
v 10.697 4.1951 -11.1955
v 10.268 6.6461 -8.2885
v 9.606 6.6101 -5.4514
v 11.399 6.6251 -2.7548
v 13.101 6.5001 -2.51
v 13.919 5.8611 -1.5718
v 13.981 4.8741 -0.46560
v 13.722 4.1671 0.65130
v 13.133 3.5301 1.5335
v 12.976 2.4363 1.7337
v 12.088 3.3571 2.3781
v 12.26 1.857 2.2378
v 13.046 4.9291 1.5995
v 13.575 5.2381 0.47450
v 13.662 5.8731 -0.34930
v 12.863 6.5691 -1.0685
v 8.095 6.6161 -1.0475
v 7.767 6.6081 -8.3245
v 9.304 6.5991 -9.9535
v 9.449 5.4711 -11.6965
v 9.673 3.1238 -11.7105
v 7.765 6.3951 -10.9135
v 7.833 5.1091 -12.1175
v 8.448 3.6781 -12.1575
v 5.618 6.6111 -5.4652
v 11.352 6.7261 -0.07500
v 13.036 6.1931 0.53060
v 11.794 5.2331 2.3715
v 12.326 6.2721 1.5263
v 10.885 4.1391 2.9777
v 10.95 2.9163 2.9204
v 11.057 6.4821 1.6472
v 10.717 5.7001 3.0108
v 10.02 6.6231 0.56870
v 5.52 6.6141 -8.4175
v 6.1 6.4331 -10.2405
v 6.381 4.9381 -11.7395
v 7.38 3.8391 -11.9285
v 8.544 1.5781 -12.0075
v 7.676 2.6584 -11.8965
v 6.606 2.6641 -11.4885
v 5.109 5.0231 -10.9245
v 5.535 3.4911 -10.9595
v 4.387 6.2771 -10.1095
v 3.33 6.6791 -7.9535
v 1.423 6.6111 -5.0409
v 3.228 6.6111 -1.3548
v 9.447 6.7601 1.8509
v 9.642 5.9531 3.79045
v 9.928 4.4441 3.78792
v 7.72601 6.6281 1.5739
v 7.994 6.7151 3.387
v 0.17600 6.6121 -8.6225
v 2.579 6.6421 -10.0655
v 4.153 4.9031 -10.7875
v 3.376 5.6771 -11.6395
v 4.5 3.6241 -10.4705
v 3.688 3.7251 -11.4315
v 1.244 6.6291 -11.5325
v 3.127 4.0211 -12.5745
v 2.344 5.4371 -13.3515
v 5.222 6.6021 2.2126
v -1.521 6.6281 -11.7295
v 0.38100 6.3181 -13.6375
v 2.177 3.1355 -13.4845
v 1.04 4.2361 -14.4605
v 2.842 2.129 -12.1625
v 4.023 1.5909 -10.8545
v 1.916 0.53510 -13.3065
v 0.89000 1.9966 -14.1195
v -0.40300 5.1431 -14.9865
v -0.46300 2.8386 -14.8035
v -1.39 6.2361 -14.0925
v -3.545 6.6111 -8.7765
v -2.346 6.6101 -5.3768
v -4.824 6.6391 -11.8205
v -3.07899 6.2421 -13.7705
v -2.259 4.1351 -14.9795
v -1.759 1.7356 -14.7635
v -0.86900 1.3793 -14.6325
v -0.10500 0.98720 -14.5805
v 0.79700 0.18950 -14.1275
v -1.109 -0.08250 -14.7615
v -2.477 2.6021 -14.4095
v -3.82 4.7241 -14.3195
v -3.391 2.9271 -14.0175
v -4.71 6.0941 -14.0365
v -7.043 6.6121 -9.1325
v -5.907 6.6111 -5.9815
v -7.922 6.6091 -11.7715
v -6.471 6.5981 -13.5895
v -4.924 4.8681 -14.4415
v -5.80199 5.6461 -14.8775
v -4.71899 3.6331 -14.1345
v -2.884 1.4263 -14.2375
v -3.772 1.5049 -14.0045
v -4.562 2.1085 -14.1035
v -4.432 0.93140 -14.0805
v -5.43 2.7039 -14.7765
v -5.424 0.95510 -14.7025
v -5.575 4.1441 -14.9635
v -7.495 6.1781 -15.1605
v -6.707 4.6771 -15.4545
v -8.46 6.6171 -13.6045
v -9.737 6.6111 -9.9865
v -11.053 6.6161 -12.7755
v -9.491 6.5821 -14.8765
v -7.80099 4.8541 -15.6785
v -8.743 5.5731 -16.1215
v -6.394 3.2187 -15.3825
v -7.624 3.6011 -15.3705
v -6.14899 2.0298 -15.2185
v -6.41 1.1952 -15.2895
v -3.655 0.14630 -14.0095
v -2.45399 -0.27660 -14.4765
v -4.656 -0.00970 -14.1435
v -7.255 1.9353 -15.3045
v -6.82999 -0.10360 -15.2585
v -8.572 4.0561 -16.1565
v -8.4 2.5376 -15.9645
v -10.296 6.0951 -16.3915
v -9.713 4.5401 -16.8475
v -11.149 6.5481 -15.0985
v -11.906 5.9741 -16.3485
v -11.2 4.7831 -17.0225
v -9.421 2.9074 -16.5985
v -10.695 3.2043 -16.9455
v -8.338 0.87180 -15.8855
v -9.129 1.6626 -16.3625
v -5.285 -0.98090 -14.5795
v -4.294 -0.98520 -13.9905
v -3.305 -1.4534 -14.0795
v -9.271 0.49790 -16.4295
v -10.231 1.4437 -16.7885
v -12.025 3.3651 -16.6915
v -12.351 4.7171 -16.7235
v -13.244 3.8631 -16.3585
v -14.117 2.9465 -15.8985
v -14.491 4.8541 -15.8075
v -13.187 5.4151 -16.4895
v -13.001 6.5851 -15.0325
v -14.963 6.2121 -14.4175
v -15.513 4.6741 -14.8535
v -16.041 3.8251 -14.1565
v -16.196 5.2441 -14.2985
v -13.481 6.6111 -13.3915
v -14.715 6.7151 -13.0175
v -16.187 6.2561 -13.1775
v -13.65 6.6251 -11.9765
v -15.145 6.6091 -12.1115
v -16.427 6.7041 -11.4585
v -17.537 5.4041 -12.5185
v -16.891 4.5911 -13.5425
v -17.848 5.7641 -11.3065
v -14.649 6.5751 -11.0415
v -15.139 6.7311 -9.8635
v -2.599 -1.6781 -14.4605
v -1.916 -1.6299 -14.8145
v -1.394 -2.8195 -14.9115
v -0.22400 -2.7668 -14.6355
v -0.95100 -1.6984 -14.7005
v -0.03100 -0.87840 -14.5435
v 1.167 -1.8231 -13.8505
v 2.301 -2.6333 -12.8515
v 2.15601 -1.1858 -13.0775
v 5.113 0.58250 -10.4905
v 5.492 -0.91700 -10.5965
v 4.91 1.6437 -10.4865
v 5.503 1.873 -10.9485
v 4.945 2.4708 -10.4875
v 7.35101 1.4096 -11.8205
v 9.813 1.0869 -11.4525
v 6.252 6.7861 4.80414
v 7.856 6.4251 5.01849
v 8.583 5.8471 5.8043
v 8.879 6.1901 4.71436
v 10.141 3.0511 3.56453
v 10.525 2.1066 3.22659
v 10.86 1.1376 3.42252
v 11.337 1.9317 2.693
v 12.17 0.65920 2.9764
v 13.339 -0.09660 4.98541
v 12.818 0.08580 4.03008
v 13.42 0.25800 3.1384
v 13.112 0.64860 2.6473
v 14.015 0.02250 4.07245
v 15.654 -0.00990 5.17301
v 17.427 0.14170 8.2379
v 18.103 0.15900 5.6137
v 18.17 0.15100 3.47309
v 19.487 -0.07080 6.5638
v 19.679 -0.14880 4.64757
v 19.543 -0.21530 8.0946
v 19.331 -0.20400 9.5934
v 20.48 -0.82450 8.7615
v 20.579 -0.86250 7.3062
v 20.669 -0.96710 5.6825
v 19.852 -0.39940 3.03
v 20.802 -1.2804 3.81869
v 19.165 -0.08540 1.7424
v 20.663 -1.3519 1.7271
v 21.581 -2.1073 5.2193
v 21.494 -2.5536 3.72624
v 21.13 -1.8525 2.944
v 21.431 -1.897 6.7745
v 21.272 -1.6733 8.1981
v 21.076 -1.5692 9.3109
v 20.376 -1.1074 10.0402
v 19.269 -1.0085 11.2172
v 17.777 -0.04010 10.9619
v 17.948 -1.0022 12.3671
v 19.622 -2.2919 11.756
v 20.251 -1.8032 10.9262
v 18.811 -1.8052 12.351
v 20.885 -2.189 10.1306
v 21.524 -2.57 9.1259
v 21.735 -2.8 7.798
v 22.09 -3.0029 6.4567
v 22.128 -3.372 5.03721
v 21.692 -3.7328 4.03877
v 21.378 -3.5388 2.835
v 21.226 -2.3875 2.5688
v 21.085 -2.7953 1.8046
v 21.451 -4.7088 3.74368
v 21.209 -4.7536 2.5681
v 21.004 -3.9279 1.6089
v 22.035 -4.6473 4.96097
v 22.024 -4.3118 6.337
v 21.935 -3.853 7.4569
v 21.707 -3.9548 8.8166
v 21.105 -3.4607 10.0882
v 20.368 -2.9483 10.9939
v 19.629 -3.6544 11.8469
v 18.761 -2.9858 12.533
v 17.843 -2.2649 13.0111
v 17.702 -3.6751 13.2255
v 18.684 -4.3308 12.5848
v 20.463 -4.4534 10.9477
v 19.483 -5.0569 11.8292
v 21.185 -4.6041 9.8909
v 21.42 -5.1725 9.1349
v 21.864 -5.2079 7.8302
v 21.791 -5.78766 6.2073
v 21.611 -5.99721 4.57557
v 21.157 -5.75226 3.24504
v 21.02 -5.6084 2.2785
v 20.943 -4.9871 1.6828
v 20.688 -5.86998 1.3935
v 20.395 -6.29847 2.5272
v 20.384 -6.65726 3.87072
v 20.427 -6.76769 5.7031
v 20.837 -6.51062 7.5116
v 21.185 -6.01702 8.73
v 20.815 -5.83934 10.0003
v 20.007 -5.78341 11.0477
v 19.199 -6.73145 9.9757
v 20.197 -6.58952 8.7897
v 18.609 -6.68182 7.2815
v 18.757 -6.68639 4.40241
v 19.336 -6.66728 2.875
v 19.136 -6.27921 11.5487
v 17.335 -6.84322 9.1735
v 17.52 -6.75665 11.2285
v 18.438 -5.76768 12.3758
v 17.317 -6.31627 12.6924
v 16.161 -6.66828 7.5045
v 16.111 -6.68205 4.50593
v 16.519 -5.95024 13.2975
v 17.612 -5.1398 13.0947
v 16.362 -4.6941 13.7358
v 13.656 -6.6813 6.5998

# No. normals 3284:
vn -0.24066 -0.91486 -0.32422
vn -0.00051 -0.89789 -0.44023
vn -0.41727 -0.61908 -0.66530
vn -0.24823 -0.31578 -0.91579
vn -0.09586 -0.47225 -0.87624
vn -0.27359 -0.31801 -0.90775
vn -0.01117 -0.999726 0.02059
vn -0.01256 -0.97579 -0.21836
vn 0.00288 -0.999914 0.01276
vn -0.07444 -0.99643 -0.03981
vn 0.07082 -0.98937 -0.12704
vn -0.28167 -0.91991 -0.27282
vn -0.33943 -0.58379 -0.73755
vn -0.39927 -0.62197 -0.67360
vn -0.47630 -0.01967 -0.87906
vn -0.71063 0.00512 -0.70355
vn -0.72221 -0.00896 -0.69162
vn -0.40711 0.09419 -0.90851
vn -0.14660 0.12229 -0.98161
vn -0.09307 0.06730 -0.99338
vn 0.10539 0.09834 -0.98956
vn 0.21971 -0.00506 -0.97555
vn 0.10292 -0.41445 -0.90424
vn 0.24617 -0.90179 -0.35521
vn 0.24989 -0.49533 -0.83199
vn 0.00534 -0.99965 0.02589
vn 0.18507 -0.97291 -0.13854
vn 0.12369 -0.90785 -0.40065
vn -0.00310 -0.999944 0.01014
vn 0.00514 -0.999975 0.00495
vn 0.07599 -0.99699 0.01551
vn -0.00447 -0.99747 0.07099
vn -0.21943 -0.97553 -0.01388
vn -0.25665 -0.94527 -0.20147
vn -0.17441 -0.93141 -0.31946
vn -0.73486 -0.34279 -0.58522
vn -0.58818 -0.27111 -0.76193
vn -0.66386 -0.01450 -0.74772
vn -0.63707 0.01442 -0.77067
vn -0.71918 0.03946 -0.69370
vn -0.66239 -0.01681 -0.74897
vn -0.47852 0.15789 -0.86376
vn -0.52452 0.02592 -0.85100
vn -0.19040 0.05861 -0.97996
vn -0.18843 0.05640 -0.98047
vn 0.05993 0.05700 -0.99657
vn 0.07762 0.03626 -0.99632
vn 0.39212 0.11244 -0.91302
vn 0.49366 0.02832 -0.86919
vn 0.51348 0.07700 -0.85464
vn 0.56296 -0.00612 -0.82646
vn 0.47680 -0.35651 -0.80347
vn 0.49419 -0.56832 -0.65787
vn 0.35912 -0.34250 -0.86817
vn -0.01112 -0.97859 -0.20552
vn 0.07112 -0.96367 -0.25747
vn 0.09673 -0.47205 -0.87625
vn 0.45237 -0.59112 -0.66779
vn 0.00182 -0.999968 0.00775
vn 0.00700 -0.999898 0.01249
vn -0.06604 -0.99780 -0.00513
vn -0.07137 -0.99086 -0.11443
vn -0.61995 -0.67900 -0.39322
vn -0.62146 -0.68080 -0.38768
vn -0.72910 -0.62225 -0.28498
vn -0.54623 -0.28273 -0.78848
vn -0.78375 -0.11143 -0.61100
vn -0.66400 -0.08797 -0.74254
vn -0.62951 -0.01570 -0.77683
vn 0.06647 0.06265 -0.99582
vn 0.40058 -0.02523 -0.91592
vn -0.64408 0.03846 -0.76399
vn -0.71024 0.07660 -0.69978
vn -0.88187 0.02586 -0.47079
vn -0.88391 0.01434 -0.46744
vn -0.87631 0.01804 -0.48141
vn -0.76909 -0.58300 -0.26196
vn -0.18627 -0.98127 0.04908
vn -0.65890 -0.52464 -0.53907
vn -0.00039 -0.999996 0.00273
vn -0.64058 -0.53559 -0.55027
vn -0.79216 0.19546 -0.57817
vn -0.90805 0.06571 -0.41368
vn -0.87862 0.07264 -0.47196
vn -0.90256 0.14882 -0.40402
vn -0.94786 0.05932 -0.31312
vn -0.90056 0.06068 -0.43049
vn -0.67245 0.00548 -0.74013
vn -0.50945 0.01402 -0.86038
vn -0.23916 0.00311 -0.97097
vn -0.67976 0.02729 -0.73292
vn -0.62181 0.03076 -0.78256
vn -0.72894 -0.02494 -0.68412
vn -0.76035 0.07699 -0.64494
vn -0.82742 -0.02968 -0.56079
vn -0.62355 0.13839 -0.76944
vn -0.61675 0.03333 -0.78646
vn -0.77930 -0.00692 -0.62662
vn -0.46016 -0.51283 -0.72475
vn -0.03535 -0.97782 -0.20645
vn -0.36945 -0.90988 -0.18873
vn -0.56536 -0.69189 -0.44907
vn -0.03143 -0.99793 -0.05602
vn -0.34537 -0.93712 -0.05028
vn -0.38489 -0.90871 -0.16156
vn -0.88856 -0.39095 -0.24004
vn -0.90105 -0.40886 -0.14470
vn -0.86637 0.01138 -0.49928
vn -0.71259 0.06870 -0.69821
vn -0.84726 -0.07613 -0.52569
vn -0.91181 -0.03722 -0.40893
vn -0.75726 0.00190 -0.65311
vn -0.92169 -0.04693 -0.38508
vn -0.78005 0.01135 -0.62561
vn -0.62201 -0.00677 -0.78298
vn -0.60335 0.00551 -0.79746
vn -0.59712 -0.02440 -0.80178
vn -0.82445 -0.04323 -0.56428
vn -0.78099 0.02126 -0.62418
vn -0.88815 0.06706 -0.45463
vn -0.93382 -0.02174 -0.35708
vn -0.90815 -0.01950 -0.41819
vn -0.75816 0.00276 -0.65206
vn -0.83772 -0.00652 -0.54606
vn -0.79477 0.22887 -0.56211
vn -0.94715 0.04571 -0.31752
vn -0.90893 0.08989 -0.40715
vn -0.91960 0.05059 -0.38958
vn -0.55392 -0.53355 -0.63914
vn -0.17528 -0.95120 -0.25397
vn -0.60050 -0.62925 -0.49340
vn 0.01172 -0.999925 0.00354
vn 0.00867 -0.999942 0.00638
vn -0.14583 -0.98791 -0.05265
vn -0.42119 -0.88378 0.20378
vn -0.89181 -0.44991 -0.04745
vn -0.88589 -0.46385 -0.00628
vn -0.76455 -0.51239 -0.39105
vn -0.68315 0.11026 -0.72191
vn -0.86401 -0.03029 -0.50257
vn -0.75386 0.03100 -0.65631
vn -0.72021 0.16450 -0.67397
vn -0.88725 -0.05094 -0.45848
vn -0.78579 -0.04291 -0.61701
vn -0.88191 -0.08331 -0.46400
vn -0.81281 -0.06218 -0.57921
vn -0.89182 -0.00489 -0.45236
vn -0.89104 -0.00312 -0.45391
vn -0.93097 -0.00600 -0.36504
vn -0.78738 -0.01542 -0.61627
vn -0.87139 0.03100 -0.48961
vn -0.87362 0.04411 -0.48461
vn -0.88046 0.02987 -0.47318
vn -0.82486 0.11229 -0.55408
vn -0.999014 0.04156 0.01563
vn -0.99560 0.08995 -0.02606
vn -0.99128 0.00861 -0.13150
vn -0.97610 0.05632 0.20990
vn -0.93592 -0.18622 0.29895
vn -0.44333 -0.89635 0.00432
vn -0.83972 -0.45975 0.28898
vn -0.98214 -0.18759 0.01416
vn -0.23903 -0.95922 0.15087
vn 0.00914 -0.999915 0.00928
vn -0.24911 -0.94522 0.21098
vn -0.82606 -0.41895 0.37697
vn -0.87967 -0.38858 0.27419
vn -0.96329 0.15975 0.21575
vn -0.96162 0.15978 0.22306
vn -0.95242 0.09839 0.28846
vn -0.99761 0.06751 0.01480
vn -0.81556 -0.01364 -0.57851
vn -0.79303 0.03134 -0.60838
vn -0.83299 0.08092 -0.54734
vn -0.82025 0.04232 -0.57043
vn -0.90099 0.01982 -0.43338
vn -0.83574 0.01673 -0.54888
vn -0.61512 -0.04192 -0.78732
vn -0.61580 -0.04446 -0.78665
vn -0.79050 -0.05101 -0.61033
vn -0.85573 -0.10201 -0.50727
vn -0.85058 -0.08740 -0.51854
vn -0.95059 -0.05621 -0.30530
vn -0.89416 0.08594 -0.43943
vn -0.67442 -0.01605 -0.73818
vn -0.83303 -0.05789 -0.55019
vn -0.81448 -0.02351 -0.57971
vn -0.98500 0.04711 0.16602
vn -0.98381 0.02465 0.17754
vn -0.98796 -0.11440 -0.10418
vn -0.96534 0.00536 0.26095
vn -0.97346 0.12969 0.18856
vn -0.85706 0.18722 0.47999
vn -0.83895 0.16702 0.51794
vn -0.81827 -0.16020 0.55205
vn -0.33583 -0.93819 0.08374
vn -0.58436 -0.44914 0.67587
vn -0.81766 -0.16024 0.55296
vn -0.74535 0.12275 0.65528
vn -0.80582 0.19423 0.55940
vn -0.81246 -0.00002 0.58302
vn -0.87317 0.02508 0.48676
vn -0.85757 0.05034 0.51189
vn -0.98050 0.03397 0.19355
vn -0.97112 0.00079 0.23861
vn -0.97110 0.02430 0.23743
vn -0.98982 0.02564 0.14003
vn -0.65086 -0.06258 -0.75661
vn -0.81896 -0.11801 -0.56159
vn -0.61393 0.01859 -0.78914
vn -0.96396 -0.00176 -0.26606
vn -0.96830 -0.03243 -0.24768
vn -0.90377 -0.01181 -0.42786
vn -0.84424 0.39856 -0.35834
vn -0.69259 0.41485 -0.59010
vn -0.43227 0.71885 -0.54442
vn -0.33179 0.60742 -0.72177
vn -0.12046 0.98202 -0.14532
vn -0.68328 0.71903 -0.12700
vn -0.17701 0.98185 -0.06818
vn -0.51603 0.78736 -0.33731
vn -0.95842 -0.05934 -0.27912
vn -0.68532 0.10746 -0.72027
vn -0.71384 0.02689 -0.69980
vn -0.91942 0.01674 -0.39291
vn -0.92227 -0.01630 -0.38620
vn -0.95632 -0.21272 0.20050
vn -0.97215 0.00353 0.23431
vn -0.79296 0.02417 0.60880
vn -0.73585 0.01566 0.67696
vn -0.73138 0.00770 0.68193
vn -0.67773 0.14107 0.72165
vn -0.56345 0.04417 0.82497
vn -0.63755 0.06082 0.76801
vn -0.68544 0.01981 0.72786
vn -0.86598 -0.01007 0.49998
vn -0.97167 -0.00255 0.23634
vn -0.97713 0.02760 0.21086
vn -0.96384 0.02329 0.26547
vn -0.95963 -0.04279 0.27799
vn -0.91491 -0.08553 0.39449
vn -0.91809 -0.06027 0.39177
vn -0.97206 0.17398 -0.15756
vn -0.83641 0.53538 -0.11745
vn -0.80566 0.56008 -0.19296
vn -0.53941 0.80658 -0.24180
vn -0.42787 0.90362 0.02003
vn -0.31396 0.94807 -0.05096
vn -0.80300 0.57666 -0.15051
vn -0.33540 0.94195 0.01547
vn -0.92820 0.21881 0.30094
vn -0.95662 -0.12896 0.26126
vn -0.92634 -0.16214 0.34002
vn -0.94669 -0.01702 0.32170
vn -0.97566 0.03896 0.21581
vn -0.84215 0.02375 0.53873
vn -0.78814 -0.00541 0.61547
vn -0.89240 -0.10937 0.43779
vn -0.73337 0.05699 0.67743
vn -0.79586 -0.01640 0.60526
vn -0.88308 0.14135 0.44742
vn -0.69510 -0.00885 0.71886
vn -0.71351 0.02660 0.70014
vn -0.73066 0.02757 0.68218
vn -0.73158 0.02876 0.68114
vn -0.82627 -0.08503 0.55682
vn -0.95499 0.06243 0.28999
vn -0.95234 -0.17471 0.25004
vn -0.91814 -0.23961 0.31561
vn -0.93574 -0.24190 0.25666
vn -0.97966 0.20026 -0.01284
vn -0.42797 0.90363 0.01726
vn -0.71833 0.62924 0.29675
vn -0.13116 0.98627 0.10035
vn -0.14716 0.98098 0.12657
vn 0.06457 0.99685 0.04602
vn 0.05842 0.99693 -0.05209
vn -0.02213 0.99785 0.06177
vn -0.05918 0.99812 0.01612
vn -0.15760 0.98692 -0.03397
vn -0.39647 0.87567 0.27569
vn -0.81918 0.52038 0.24112
vn -0.70404 0.56724 0.42727
vn -0.75754 0.11468 0.64264
vn -0.78727 -0.06162 0.61352
vn -0.77055 -0.07754 0.63264
vn -0.77944 -0.02025 0.62615
vn -0.75172 -0.02092 0.65915
vn -0.73646 -0.03764 0.67543
vn -0.84882 -0.15037 0.50685
vn -0.94708 0.09564 -0.30642
vn -0.94355 -0.12700 -0.30590
vn -0.96462 -0.19097 -0.18177
vn -0.92480 0.02284 -0.37977
vn -0.88012 0.17015 0.44322
vn -0.71245 0.02767 0.70118
vn -0.71547 -0.02030 0.69835
vn -0.75240 -0.03220 0.65792
vn -0.73014 -0.05407 0.68116
vn -0.84546 0.11040 0.52250
vn -0.73708 -0.13507 0.66217
vn -0.39874 0.87607 0.27113
vn -0.60790 0.44602 0.65691
vn -0.16402 0.95086 0.26260
vn -0.01106 0.999937 -0.00185
vn -0.00821 0.999939 -0.00733
vn 0.03740 0.99838 0.04291
vn -0.01197 0.999882 0.00964
vn -0.00421 0.999954 -0.00862
vn -0.01170 0.999926 -0.00342
vn -0.09197 0.99298 0.07445
vn -0.27466 0.95875 0.07317
vn -0.49381 0.65218 0.57516
vn -0.72354 0.37374 0.58035
vn -0.58326 0.41425 0.69872
vn -0.77576 -0.13833 0.61568
vn -0.79835 -0.07810 0.59711
vn -0.68393 -0.13053 0.71778
vn -0.57822 0.03715 0.81504
vn -0.74947 -0.00853 0.66198
vn -0.72616 -0.06362 0.68458
vn -0.87281 -0.03414 0.48687
vn -0.82976 -0.17935 0.52851
vn -0.85792 -0.04660 0.51166
vn -0.87292 0.08908 0.47966
vn -0.57771 0.06684 0.81350
vn -0.60630 0.69223 0.39143
vn -0.70933 0.31600 0.63008
vn -0.37588 0.82727 0.41755
vn -0.09201 0.99307 0.07309
vn 0.00327 0.999994 -0.00107
vn 0.00092 0.999999 0.00057
vn 0.00318 0.999994 0.00159
vn 0.00429 0.999958 -0.00811
vn 0.00006 1 0.00026
vn -0.13573 0.99019 0.03310
vn -0.46520 0.83259 0.30062
vn -0.40000 0.91652 -0.00124
vn -0.97293 0.16782 0.15890
vn -0.72968 0.34698 0.58922
vn -0.01377 0.999814 -0.01347
vn -0.01088 0.999558 0.02765
vn -0.35058 0.93460 0.06013
vn -0.00059 1 0.00021
vn -0.00048 1 0.00046
vn -0.00005 1 -0.00021
vn 0.12449 0.99222 -0.00312
vn 0.04610 0.99528 -0.08538
vn 0.00651 0.999919 -0.01095
vn -0.00143 0.999992 -0.00378
vn -0.00054 1 0.00023
vn 0.00003 1 -0.00024
vn 0.09086 0.99465 -0.04911
vn 0.06575 0.99649 -0.05181
vn -0.00595 0.99316 -0.11661
vn 0.03229 0.99030 -0.13512
vn 0.13626 0.98761 -0.07784
vn -0.01936 0.96171 0.27337
vn 0.00640 0.96349 0.26769
vn 0.02275 0.95996 0.27922
vn 0.13168 0.95392 0.26964
vn 0.01683 0.95149 0.30722
vn 0.29271 0.86357 0.41057
vn 0.00848 0.999549 0.02880
vn 0.00098 0.999996 -0.00280
vn -0.00059 0.999999 -0.00116
vn 0 1 0
vn 0.00008 1 -0.00023
vn 0.00008 1 -0.00022
vn 0.07552 0.99419 0.07671
vn 0.17958 0.74131 0.64670
vn 0.40271 0.82517 0.39613
vn 0.49643 0.66663 0.55603
vn 0.57491 0.68247 0.45135
vn 0.38683 0.77855 0.49420
vn 0.29223 0.86274 0.41265
vn -0.05495 0.84274 0.53551
vn -0.03812 0.83348 0.55124
vn -0.05879 0.83329 0.54970
vn -0.07036 0.84115 0.53621
vn -0.03194 0.62946 0.77638
vn 0.38634 0.79189 0.47292
vn 0.07981 0.59860 0.79707
vn 0.57266 0.67032 0.47195
vn 0.05581 0.82895 0.55654
vn 0.01391 0.85872 0.51225
vn 0.04342 0.81785 0.57380
vn 0.06248 0.78491 0.61645
vn 0.06486 0.78591 0.61493
vn -0.07515 0.99470 0.07021
vn -0.02114 0.999236 0.03286
vn -0.01062 0.999887 -0.01063
vn -0.00837 0.999954 -0.00460
vn -0.00043 0.999972 -0.00747
vn 0.09933 0.98823 0.11637
vn 0.12074 0.82139 0.55744
vn 0.01472 0.80509 0.59296
vn 0.02606 0.82097 0.57037
vn 0.00600 0.85710 0.51511
vn 0.00550 0.91913 0.39392
vn 0.10208 0.94202 0.31967
vn 0.58687 0.63082 0.50759
vn 0.06254 0.63096 0.77329
vn 0.03408 0.70439 0.70900
vn 0.05373 0.61031 0.79034
vn 0.10116 0.60696 0.78827
vn 0.09905 0.54636 0.83167
vn 0.05685 0.54395 0.83719
vn -0.26204 0.61618 0.74274
vn -0.31695 0.55081 0.77211
vn 0.04758 0.55451 0.83082
vn -0.21924 0.97552 -0.01706
vn 0.07527 0.90867 0.41067
vn 0.03230 0.84463 0.53437
vn 0.20358 0.83286 0.51468
vn 0.20634 0.83625 0.50804
vn 0.25538 0.75305 0.60638
vn 0.25909 0.75399 0.60363
vn -0.04350 0.97817 0.20319
vn 0.21467 0.91618 0.33844
vn -0.07085 0.99675 -0.03843
vn 0.03496 0.99509 -0.09260
vn 0.00597 0.999952 0.00779
vn 0.28291 0.95182 0.11835
vn -0.00655 0.97050 0.24099
vn 0.02571 0.999491 0.01888
vn 0.29193 0.91658 0.27325
vn 0.33408 0.81824 0.46783
vn -0.07183 0.99605 0.05229
vn -0.04021 0.99866 -0.03255
vn -0.57711 0.66933 0.46791
vn -0.07771 0.91668 0.39199
vn 0.01211 0.99897 0.04372
vn -0.56594 0.39697 0.72259
vn -0.61534 0.32105 0.71992
vn -0.18167 0.30779 0.93395
vn -0.32042 -0.13463 0.93766
vn -0.06261 -0.12782 0.98982
vn -0.09161 -0.09723 0.99104
vn 0.17342 -0.00954 0.98480
vn -0.03225 0.28360 0.95840
vn 0.05960 0.04842 0.99705
vn 0.17127 0.06592 0.98302
vn 0.12485 0.19783 0.97225
vn 0.22031 0.08817 0.97144
vn -0.07861 0.00153 0.99690
vn 0.15806 0.07861 0.98430
vn -0.43458 0.01463 0.90051
vn -0.44380 -0.01678 0.89597
vn -0.09802 0.02207 0.99494
vn -0.44419 0.01448 0.89582
vn -0.43907 0.03209 0.89788
vn -0.53731 0.38525 0.75025
vn -0.55945 0.00623 0.82884
vn -0.27433 0.53266 0.80063
vn -0.11565 0.93295 0.34092
vn 0.05771 0.99772 0.03494
vn 0.05348 0.99477 0.08706
vn 0.16950 0.90976 0.37896
vn 0.08815 0.99452 0.05618
vn 0.34355 0.69349 0.63329
vn 0.19749 0.91404 0.35430
vn 0.24650 0.76094 0.60017
vn 0.34830 0.69397 0.63015
vn -0.07939 0.93561 0.34400
vn 0.10568 0.98846 0.10854
vn 0.08893 0.60669 0.78995
vn -0.18168 0.47569 0.86065
vn -0.17711 -0.06573 0.98199
vn -0.38642 -0.14529 0.91081
vn -0.37565 0.01387 0.92666
vn -0.44383 0.01397 0.89600
vn -0.38633 0.11193 0.91554
vn -0.53269 0.15829 0.83138
vn -0.17001 0.57013 0.80377
vn -0.06558 0.51307 0.85584
vn 0.06672 0.56851 0.81997
vn 0.18343 0.46856 0.86418
vn -0.17560 0.59470 0.78453
vn -0.06968 0.67775 0.73198
vn 0.06685 0.57251 0.81717
vn -0.44161 0.58282 0.68212
vn -0.35055 -0.01236 0.93646
vn -0.36145 0.18850 0.91314
vn -0.15514 0.30912 0.93829
vn -0.15738 -0.07926 0.98435
vn -0.15587 0.03666 0.98710
vn -0.11185 0.67850 0.72604
vn 0.04589 0.05028 0.99768
vn 0.08062 0.75462 0.65119
vn 0.01259 0.99677 0.07930
vn 0.01904 0.99691 0.07626
vn 0.01398 0.99490 0.09991
vn -0.03553 0.99901 0.02676
vn 0.16316 0.92386 0.34621
vn -0.03650 0.99892 0.02868
vn 0.29162 0.76325 0.57654
vn 0.12488 0.89706 0.42389
vn 0.22284 0.94149 0.25286
vn 0.15817 0.90854 0.38671
vn 0.29415 0.78125 0.55056
vn 0.05230 0.90414 0.42403
vn 0.34814 0.81457 0.46398
vn 0.38723 0.81781 0.42571
vn 0.12937 0.98207 0.13715
vn 0.15268 0.98802 0.02241
vn -0.11317 0.99038 0.07963
vn -0.00337 0.999972 -0.00671
vn -0.00525 0.99386 -0.11049
vn -0.00852 0.99843 0.05536
vn -0.17021 0.97762 0.12361
vn -0.13948 0.98990 0.02537
vn -0.00375 0.75476 0.65599
vn 0.06440 0.76324 0.64290
vn -0.14226 0.09930 0.98484
vn -0.17255 0.05776 0.98331
vn -0.16131 0.07586 0.98398
vn -0.09896 0.04967 0.99385
vn -0.10053 0.04521 0.99391
vn -0.06859 0.78742 0.61260
vn -0.17925 0.03688 0.98311
vn -0.08922 0.78323 0.61530
vn -0.01488 0.96616 0.25750
vn -0.11431 0.98350 0.14025
vn -0.09928 0.99415 0.04262
vn -0.12173 0.99078 -0.05944
vn -0.13243 0.98864 0.07113
vn 0.02742 0.98504 0.17012
vn 0.08230 0.91655 0.39137
vn 0.23793 0.58747 0.77347
vn -0.07037 0.73333 0.67622
vn 0.21019 0.76964 0.60289
vn 0.17058 0.79053 0.58818
vn 0.64189 0.64039 0.42176
vn 0.50242 0.76860 0.39601
vn 0.59402 0.76194 0.25807
vn 0.05786 0.99826 0.01168
vn 0.53255 0.80829 0.25111
vn 0.20563 0.90374 -0.37547
vn 0.11025 0.99147 0.06946
vn 0.15307 0.98584 -0.06843
vn -0.00995 0.99995 0.00053
vn -0.11709 0.99183 0.05058
vn -0.10349 0.99132 -0.08112
vn -0.02367 0.99150 0.12795
vn -0.03027 0.96382 0.26482
vn 0.27202 0.65530 0.70469
vn 0.11266 0.65636 0.74599
vn 0.32867 0.72082 0.61025
vn 0.14837 0.93563 0.32028
vn 0.02400 0.05814 0.99802
vn -0.15225 0.01367 0.98825
vn -0.15670 0.07900 0.98448
vn 0.04392 0.04041 0.99822
vn 0.04100 -0.00986 0.999111
vn -0.00556 -0.02196 0.999743
vn 0.52968 0.38951 0.75347
vn 0.49139 0.09929 0.86526
vn 0.53683 0.39026 0.74800
vn 0.50772 0.62175 0.59635
vn 0.66304 0.61112 0.43232
vn 0.18479 0.95341 0.23847
vn 0.64344 0.71504 0.27331
vn 0.29193 0.93804 0.18672
vn 0.03958 0.99349 0.10685
vn 0.02512 0.99395 -0.10696
vn 0.09070 0.99574 -0.01648
vn -0.01890 0.999511 -0.02490
vn 0.27765 0.95884 -0.05946
vn 0.23692 0.97096 0.03318
vn 0.46100 0.86103 -0.21473
vn 0.60220 0.79804 0.02177
vn 0.71731 0.66848 -0.19648
vn 0.62543 0.68210 -0.37892
vn 0.78125 0.41783 -0.46375
vn 0.64151 0.29650 -0.70750
vn 0.85015 0.29091 -0.43888
vn 0.79353 0.58836 -0.15540
vn 0.94351 0.13322 -0.30338
vn 0.93206 0.10250 -0.34750
vn 0.69856 0.19863 -0.68743
vn 0.81218 0.57405 0.10403
vn 0.94750 0.31597 -0.04907
vn 0.82823 0.46917 0.30645
vn 0.40009 0.91238 0.08656
vn 0.44389 0.89466 0.05042
vn 0.48311 0.87041 0.09486
vn 0.46457 0.87834 0.11267
vn 0.46451 0.86742 -0.17838
vn 0.25592 0.96670 0.00040
vn 0.75847 0.65156 0.01394
vn 0.87482 0.14295 0.46288
vn 0.90046 0.10311 0.42255
vn 0.85821 0.51006 -0.05765
vn 0.98128 0.15044 0.12022
vn 0.78909 0.09512 0.60686
vn 0.78197 -0.00212 0.62331
vn 0.59805 -0.03130 0.80085
vn 0.60090 -0.00537 0.79931
vn 0.17786 -0.11592 0.97720
vn 0.76881 -0.02272 0.63908
vn 0.77323 0.01235 0.63400
vn 0.62262 -0.03303 0.78183
vn 0.90052 0.04506 0.43246
vn 0.89935 0.04758 0.43463
vn 0.99621 0.07247 0.04803
vn 0.98609 0.16204 0.03699
vn 0.84285 0.53656 0.04138
vn 0.99015 0.12224 -0.06820
vn 0.85732 0.51074 0.06442
vn 0.97354 0.21503 0.07738
vn 0.96276 0.13960 0.23153
vn 0.99900 -0.04375 -0.00937
vn 0.78130 0.62416 0.00008
vn 0.75189 0.57425 -0.32390
vn 0.84021 0.51316 -0.17526
vn 0.65963 0.36532 -0.65683
vn 0.71429 0.31524 -0.62483
vn 0.82142 0.14271 -0.55218
vn 0.73071 0.31972 -0.60319
vn 0.95414 0.28072 0.10399
vn 0.98763 0.08684 -0.13060
vn 0.98784 0.08477 -0.13029
vn 0.96018 0.26399 0.09150
vn 0.68336 0.72743 0.06218
vn 0.60222 0.78346 -0.15335
vn 0.31993 0.89712 -0.30465
vn 0.33703 0.91127 -0.23661
vn 0.64888 0.73445 -0.19884
vn 0.49218 0.87049 0.00122
vn 0.47166 0.85634 -0.21026
vn 0.61616 0.76865 0.17181
vn 0.72230 0.68931 0.05598
vn 0.82921 0.52043 0.20386
vn 0.86939 0.47911 0.12087
vn 0.80102 0.47821 0.36011
vn 0.85212 0.51547 0.09048
vn 0.89922 0.03794 0.43585
vn 0.75847 0.24684 0.60315
vn 0.73660 0.58062 0.34685
vn 0.76732 0.25079 0.59019
vn 0.76317 -0.01305 0.64607
vn 0.76205 -0.02121 0.64717
vn 0.59239 -0.13081 0.79496
vn 0.55319 -0.07333 0.82982
vn 0.15829 0.00698 0.98737
vn 0.12661 -0.10427 0.98646
vn 0.16695 0.01175 0.98589
vn 0.68911 -0.00363 0.72465
vn 0.71595 0.07449 0.69417
vn 0.54208 0.04033 0.83936
vn 0.75773 0.24948 0.60299
vn 0.69084 0.08079 0.71848
vn -0.20855 0.48991 0.84646
vn -0.03095 0.84225 0.53820
vn 0.19268 0.60990 0.76870
vn 0.41029 0.71258 0.56911
vn 0.28854 0.81751 0.49842
vn 0.61451 0.74855 0.24911
vn 0.47805 0.86653 0.14350
vn 0.25479 0.96017 0.11468
vn 0.21968 0.96120 0.16683
vn 0.16054 0.98554 -0.05424
vn 0.15059 0.98781 -0.03931
vn 0.12045 0.98738 -0.10279
vn 0.00902 0.999887 0.01202
vn -0.02361 0.99672 -0.07743
vn -0.04759 0.99806 -0.04021
vn -0.05196 0.99844 -0.02027
vn 0.00173 0.999894 0.01445
vn -0.01913 0.99779 0.06363
vn -0.05882 0.96127 0.26927
vn 0.05128 0.97554 0.21374
vn 0.33209 0.81227 0.47952
vn -0.09124 0.83809 0.53784
vn 0.06761 0.44039 0.89526
vn -0.15266 0.42108 0.89408
vn 0.14097 0.62261 0.76973
vn -0.28523 0.04790 0.95726
vn 0.73913 -0.05301 0.67147
vn 0.68051 0.01710 0.73254
vn 0.75694 0.01271 0.65337
vn 0.64176 -0.10590 0.75956
vn 0.49012 -0.04464 0.87051
vn 0.52535 -0.10907 0.84387
vn 0.12210 -0.08710 0.98869
vn 0.07235 -0.04259 0.99647
vn -0.04044 -0.01445 0.999077
vn -0.10008 -0.04533 0.99395
vn -0.09924 -0.17865 0.97890
vn -0.07988 -0.19458 0.97763
vn 0.05125 0.06942 0.99627
vn -0.04026 0.01413 0.999089
vn -0.18919 -0.00381 0.98193
vn -0.14385 0.00450 0.98959
vn -0.18867 -0.06413 0.97994
vn -0.07315 -0.16486 0.98360
vn -0.06111 -0.32920 0.94228
vn -0.07008 -0.21842 0.97334
vn 0.00941 -0.29125 0.95660
vn -0.05490 -0.33217 0.94162
vn 0.36740 -0.49578 0.78691
vn 0.03244 -0.49786 0.86665
vn 0.64599 -0.11468 0.75468
vn 0.30225 -0.39895 0.86573
vn 0.53439 -0.38255 0.75371
vn 0.74794 0.03380 0.66291
vn 0.71205 -0.11552 0.69256
vn -0.31649 0.10786 0.94244
vn -0.36756 -0.05084 0.92861
vn -0.02651 0.01370 0.999555
vn 0.16253 0.15925 0.97377
vn 0.14779 0.36188 0.92043
vn 0.14886 0.62051 0.76994
vn 0.14477 0.36114 0.92121
vn 0.21811 0.65236 0.72585
vn 0.10819 0.96471 0.24007
vn 0.23688 0.64140 0.72972
vn 0.31074 0.13303 0.94114
vn 0.35734 0.16416 0.91943
vn 0.27132 0.19322 0.94289
vn 0.22670 0.13289 0.96486
vn 0.23592 -0.00206 0.97177
vn 0.26408 0.05981 0.96265
vn -0.03490 0.11390 0.99288
vn 0.09103 -0.00954 0.99580
vn -0.38045 -0.03607 0.92410
vn -0.37031 -0.12103 0.92099
vn -0.21235 0.03275 0.97664
vn 0.77155 -0.35979 0.52465
vn 0.70554 -0.45755 0.54116
vn 0.55921 -0.45450 0.69334
vn 0.13104 -0.86863 0.47782
vn 0.04490 -0.83093 0.55457
vn -0.10038 -0.80437 0.58559
vn 0.00290 -0.88653 0.46267
vn -0.04047 -0.69488 0.71799
vn 0.05486 -0.80490 0.59087
vn -0.07946 -0.22408 0.97133
vn -0.02232 -0.70019 0.71361
vn -0.15171 -0.02686 0.98806
vn -0.12875 -0.18001 0.97520
vn -0.04385 -0.15798 0.98647
vn -0.16010 -0.59166 0.79013
vn -0.03441 -0.70699 0.70639
vn -0.02102 -0.98702 0.15923
vn -0.04577 -0.98997 0.13369
vn -0.00444 -0.99033 0.13865
vn -0.04003 -0.99742 0.05952
vn 0.00429 -0.99743 0.07159
vn -0.08047 -0.99241 0.09295
vn 0.06549 -0.97676 0.20407
vn 0.68971 -0.38191 0.61517
vn -0.05440 -0.96631 0.25158
vn -0.03645 -0.56317 0.82554
vn -0.08118 -0.59821 0.79722
vn 0.87714 -0.42925 0.21533
vn 0.00384 -0.23080 0.97299
vn -0.00442 -0.21870 0.97578
vn -0.08807 -0.68523 0.72299
vn 0.08797 -0.62924 0.77222
vn 0.28188 -0.07555 0.95647
vn 0.21748 -0.21532 0.95202
vn 0.25499 -0.27195 0.92791
vn 0.00192 -0.71863 0.69539
vn -0.02304 -0.99069 0.13420
vn 0.13361 -0.88726 0.44149
vn 0.02746 -0.99068 0.13345
vn -0.03905 -0.96958 0.24165
vn 0.12104 -0.97620 0.17994
vn 0.21816 -0.95416 0.20490
vn 0.31072 -0.90948 -0.27624
vn 0.05033 -0.99321 -0.10485
vn -0.04946 -0.99656 -0.06653
vn -0.00567 -0.999682 -0.02458
vn 0.00400 -0.999417 -0.03390
vn -0.03431 -0.99865 0.03898
vn -0.00289 -0.999706 -0.02407
vn -0.00271 -0.98590 0.16730
vn 0.00364 -0.999752 0.02195
vn 0.00271 -0.999991 -0.00317
vn -0.02580 -0.999281 -0.02777
vn -0.00862 -0.999661 -0.02456
vn 0.04471 -0.99893 -0.01198
vn 0.00319 -0.99876 -0.04967
vn 0.00423 -0.999991 0.00062
vn -0.06101 -0.97095 0.23137
vn 0.01137 -0.99957 0.02701
vn 0.00458 -0.999843 -0.01713
vn -0.00445 -0.999978 -0.00489
vn 0.00054 -1 0.00014
vn -0.00028 -0.999991 0.00433
vn -0.00458 -0.999985 0.00288
vn -0.00380 -0.999992 0.00127
vn 0.00279 -0.999994 0.00201
vn -0.00020 -0.999992 0.00393
vn 0.00017 -1 -0.00053
vn 0.00003 -1 0.00001
vn -0.00063 -1 0.00037
vn -0.00052 -1 0.00084
vn 0.00011 -1 -0.00001
vn 0.00001 -1 0.00001
vn -0.00001 -1 0
vn 0 -1 -0.00001
vn 0.00048 -1 -0.00047
vn -0.00001 -1 -0.00012
vn 0.00009 -1 -0.00008
vn 0 -1 0
vn 0.00001 -1 0
vn 0 -1 0.00003
vn -0.00010 -1 -0.00078
vn -0.00023 -1 -0.00072
vn -0.00007 -1 -0.00004
vn -0.00082 -1 -0.00038
vn 0 -1 0
vn -0.00008 -1 -0.00004
vn 0 -1 0
vn 0 -1 0
vn 0 -1 0.00001
vn 0 -1 0
vn -0.00003 -1 0
vn -0.00069 -1 0.00065
vn -0.00561 -0.99998 0.00290
vn -0.00617 -0.999974 -0.00365
vn -0.12693 -0.98621 0.10622
vn -0.13662 -0.98777 0.07512
vn -0.35947 -0.76862 0.52915
vn -0.69437 -0.50428 0.51337
vn -0.60323 -0.55040 0.57721
vn -0.20336 -0.93775 0.28154
vn -0.16002 -0.98498 0.06484
vn -0.52345 -0.78455 0.33237
vn -0.63707 -0.24257 0.73164
vn -0.63486 -0.24564 0.73254
vn -0.45849 -0.24731 0.85359
vn -0.23319 -0.95883 -0.16206
vn -0.33479 -0.92791 0.16399
vn -0.80793 -0.57072 -0.14673
vn -0.77662 -0.62656 -0.06552
vn -0.00920 -0.999812 -0.01707
vn -0.00119 -0.999997 0.00235
vn 0.01613 -0.999803 -0.01160
vn 0.01411 -0.999879 -0.00653
vn -0.13386 -0.99099 -0.00519
vn -0.17501 -0.98272 0.06021
vn -0.71908 -0.67315 -0.17262
vn -0.69139 -0.72239 -0.01159
vn -0.96533 -0.02784 -0.25954
vn -0.98131 -0.05594 -0.18414
vn -0.99364 0.00610 -0.11242
vn -0.59820 -0.15048 0.78709
vn -0.66806 -0.01006 0.74404
vn -0.96792 0.12246 -0.21938
vn -0.70472 -0.09142 0.70357
vn -0.92722 0.04950 -0.37123
vn -0.94122 -0.08749 -0.32625
vn -0.95297 0.03940 -0.30051
vn -0.92807 -0.19525 0.31710
vn -0.84051 -0.38208 0.38414
vn -0.16280 -0.98197 0.09606
vn -0.62077 -0.47214 0.62589
vn -0.75679 -0.36605 0.54155
vn -0.09851 -0.98832 0.11624
vn 0.01944 -0.999811 -0.00011
vn 0.00060 -0.999999 0.00131
vn 0.01546 -0.999876 -0.00304
vn -0.00450 -0.999838 0.01743
vn -0.12944 -0.99142 -0.01843
vn -0.13777 -0.99044 -0.00692
vn -0.69658 -0.70513 0.13250
vn -0.76324 -0.64197 -0.07309
vn -0.999141 -0.04100 0.00600
vn -0.68201 -0.06307 0.72862
vn -0.71739 0.00880 0.69662
vn -0.87740 0.01210 0.47961
vn -0.88515 0.04469 0.46315
vn -0.93345 0.07415 -0.35095
vn -0.95232 -0.00782 -0.30500
vn -0.90728 -0.01631 -0.42021
vn -0.93969 0.11223 -0.32310
vn -0.88024 0.05569 0.47125
vn -0.73847 0.03490 0.67338
vn -0.72610 -0.00530 0.68757
vn -0.98820 -0.02807 0.15057
vn -0.99441 0.03817 0.09844
vn -0.99240 0.05493 -0.11014
vn -0.82936 -0.54883 0.10459
vn -0.26432 -0.93252 0.24605
vn -0.13060 -0.99136 0.01210
vn -0.82932 -0.54887 0.10479
vn -0.00354 -0.99993 0.01133
vn 0.00103 -0.999997 -0.00205
vn 0.00591 -0.999576 -0.02852
vn -0.01209 -0.999638 -0.02404
vn -0.01993 -0.999794 -0.00382
vn -0.02552 -0.999674 -0.00104
vn -0.00690 -0.999964 0.00502
vn -0.22173 -0.94732 0.23113
vn -0.27871 -0.93607 0.21467
vn -0.57832 -0.41863 0.70021
vn -0.81974 -0.14401 0.55434
vn -0.83787 -0.14389 0.52656
vn -0.89116 0.08696 0.44527
vn -0.98975 0.14268 -0.00688
vn -0.96740 0.13506 0.21423
vn -0.81758 -0.03991 0.57444
vn -0.87006 0.02291 0.49242
vn -0.94542 -0.03614 -0.32385
vn -0.84893 0.14846 0.50722
vn -0.59584 0.06245 0.80067
vn -0.61119 0.18205 0.77026
vn -0.54293 0.16036 0.82432
vn -0.44255 -0.29614 0.84644
vn -0.46021 -0.29360 0.83786
vn -0.06678 -0.69591 0.71501
vn 0.01927 -0.96993 0.24263
vn -0.20984 -0.84165 0.49759
vn -0.47495 -0.73662 0.48147
vn -0.07348 -0.97576 0.20612
vn 0.01601 -0.99277 0.11898
vn -0.01499 -0.99510 0.09771
vn -0.02011 -0.99495 0.09837
vn 0.01034 -0.99790 0.06396
vn 0.01506 -0.99973 -0.01769
vn -0.18371 -0.94151 0.28252
vn -0.01972 -0.98587 0.16632
vn -0.03598 -0.93011 0.36550
vn -0.26189 -0.82195 0.50577
vn -0.01438 -0.78147 0.62377
vn -0.27632 -0.61279 0.74036
vn -0.05126 -0.55792 0.82831
vn -0.40640 -0.26746 0.87367
vn -0.25348 -0.24556 0.93565
vn -0.37548 -0.03714 0.92609
vn -0.43190 -0.05636 0.90016
vn -0.27895 -0.15326 0.94800
vn -0.59059 0.12768 0.79681
vn -0.59863 -0.00771 0.80099
vn -0.65310 0.02588 0.75683
vn -0.99892 -0.00656 0.04597
vn -0.999559 0.00220 -0.02960
vn -0.999327 -0.03669 -0.00049
vn -0.79109 0.08249 0.60611
vn -0.75839 0.00451 0.65178
vn -0.88987 -0.15428 0.42934
vn -0.75917 0.00465 0.65087
vn -0.999823 0.01190 0.01454
vn -0.84962 -0.15541 0.50397
vn -0.99522 0.02855 0.09342
vn -0.82285 -0.03184 0.56737
vn -0.48340 0.07863 0.87186
vn -0.30832 0.00665 0.95126
vn -0.39773 0.16463 0.90261
vn -0.40804 -0.15993 0.89885
vn -0.27549 -0.29351 0.91540
vn -0.44772 -0.19401 0.87287
vn -0.15397 -0.49199 0.85688
vn -0.36623 -0.35368 0.86069
vn -0.21259 -0.40008 0.89148
vn -0.08967 -0.57288 0.81472
vn -0.15473 -0.49202 0.85672
vn -0.13169 -0.57386 0.80830
vn 0.15794 -0.91525 0.37063
vn 0.00742 -0.06395 0.99793
vn 0.00440 -0.05927 0.99823
vn -0.05990 -0.06793 0.99589
vn -0.20070 0.11400 0.97300
vn -0.37161 0.06158 0.92634
vn -0.33995 0.03606 0.93975
vn -0.45597 -0.01219 0.88991
vn -0.48948 0.00855 0.87197
vn -0.52738 -0.01506 0.84950
vn -0.47631 -0.01611 0.87913
vn -0.66322 -0.01046 0.74835
vn -0.65738 -0.01902 0.75332
vn -0.81795 -0.02423 0.57477
vn -0.99153 -0.05446 0.11790
vn -0.999338 -0.01410 -0.03353
vn -0.99884 0.02477 -0.04132
vn -0.90085 -0.08407 0.42592
vn -0.87454 -0.03007 0.48403
vn -0.96715 0.24072 0.08172
vn -0.98826 -0.03194 0.14937
vn -0.95864 0.21316 0.18858
vn -0.77566 -0.14185 0.61500
vn -0.47767 -0.01723 0.87837
vn -0.48643 -0.01374 0.87361
vn -0.23641 0.01201 0.97158
vn -0.02470 0.04562 0.99865
vn 0.01874 -0.00559 0.999809
vn 0.02504 -0.00250 0.999683
vn 0.11561 0.02921 0.99286
vn 0.02497 0.09180 0.99546
vn -0.06182 -0.03396 0.99751
vn -0.18117 -0.05706 0.98179
vn -0.37022 -0.08988 0.92459
vn -0.39872 -0.06191 0.91498
vn -0.53169 -0.04981 0.84547
vn -0.47685 -0.02391 0.87866
vn -0.42546 -0.05677 0.90319
vn -0.70204 -0.13442 0.69934
vn -0.71741 -0.11714 0.68673
vn -0.76146 -0.11919 0.63716
vn -0.77060 0.22848 0.59496
vn -0.86861 0.38525 0.31160
vn -0.84175 0.42027 0.33885
vn -0.83924 0.44929 0.30628
vn -0.96727 0.11567 0.22585
vn -0.79961 0.40269 0.44550
vn -0.89222 0.08798 0.44294
vn -0.91747 0.03202 0.39651
vn -0.80291 0.46287 0.37562
vn -0.78872 0.44107 0.42822
vn -0.66358 0.54153 0.51614
vn -0.89038 0.07676 0.44871
vn -0.37342 0.64297 0.66869
vn -0.26479 0.72662 0.63397
vn -0.25164 0.62126 0.74210
vn -0.52839 0.66400 0.52906
vn -0.36873 0.70924 0.60084
vn -0.69767 0.23828 0.67563
vn -0.54378 0.38158 0.74746
vn -0.48410 0.74114 0.46514
vn -0.60486 0.40152 0.68769
vn -0.43148 -0.07546 0.89896
vn -0.19872 -0.02540 0.97973
vn -0.52664 0.19709 0.82692
vn -0.49266 -0.03747 0.86941
vn -0.58534 -0.01988 0.81054
vn -0.53654 -0.10273 0.83760
vn -0.39639 -0.11017 0.91145
vn -0.20503 -0.10280 0.97334
vn 0.12339 -0.01823 0.99219
vn -0.09845 0.15666 0.98273
vn 0.08059 0.19283 0.97792
vn 0.46949 0.08428 0.87891
vn 0.10587 -0.15075 0.98289
vn 0.20395 0.40523 0.89117
vn 0.32116 0.13839 0.93686
vn -0.05632 -0.07025 0.99594
vn -0.18793 -0.15943 0.96916
vn -0.29367 -0.08514 0.95211
vn -0.38022 -0.08856 0.92065
vn -0.43272 0.00204 0.90152
vn -0.57217 0.00386 0.82013
vn -0.64119 0.13603 0.75523
vn -0.57947 0.13632 0.80351
vn -0.63896 0.33750 0.69124
vn -0.05589 0.36897 0.92776
vn -0.21276 0.58239 0.78457
vn -0.15051 0.66321 0.73314
vn -0.19039 0.84328 0.50263
vn -0.27940 0.85368 0.43950
vn -0.29021 0.72951 0.61934
vn -0.13122 0.82543 0.54904
vn -0.05392 0.69861 0.71347
vn -0.15314 0.69831 0.69922
vn -0.29044 0.86030 0.41897
vn -0.47118 0.78569 0.40086
vn -0.54652 0.77569 0.31561
vn -0.14317 0.94847 0.28267
vn -0.23358 0.96828 0.08876
vn -0.50170 0.85616 0.12367
vn 0.15250 0.91656 0.36967
vn -0.23867 0.82918 0.50547
vn -0.23359 0.83175 0.50361
vn -0.23639 0.82405 0.51483
vn -0.48428 0.65058 0.58500
vn -0.27866 0.85146 0.44425
vn -0.47662 0.54034 0.69344
vn -0.46378 0.53379 0.70709
vn -0.34957 0.56855 0.74468
vn -0.22626 0.30634 0.92464
vn -0.31974 0.32859 0.88870
vn -0.21600 0.02954 0.97595
vn -0.07319 0.00252 0.99731
vn 0.38013 0.20538 0.90184
vn 0.12581 0.20576 0.97048
vn 0.47041 0.10677 0.87597
vn 0.47993 0.11143 0.87020
vn 0.36537 0.23431 0.90089
vn 0.22924 0.40088 0.88698
vn 0.21204 0.38366 0.89880
vn 0.13671 0.58472 0.79964
vn 0.10157 0.57700 0.81040
vn 0.12637 0.44728 0.88542
vn 0.06400 0.12055 0.99064
vn 0.13522 0.58627 0.79875
vn -0.01341 0.15046 0.98852
vn 0.02992 0.05018 0.99829
vn 0.00479 0.00888 0.999949
vn -0.07222 0.04331 0.99645
vn -0.06871 0.03955 0.99685
vn 0.00455 0.00996 0.99994
vn -0.04372 -0.06355 0.99702
vn -0.08148 0.06617 0.99448
vn 0.01870 -0.18414 0.98272
vn -0.09873 -0.20429 0.97392
vn -0.06785 0.07446 0.99491
vn -0.15560 -0.00614 0.98780
vn -0.12960 -0.02635 0.99122
vn 0.06158 -0.40917 0.91038
vn -0.08301 -0.91731 0.38942
vn 0.01061 -0.96610 0.25796
vn -0.05824 0.06435 0.99623
vn -0.09033 -0.44834 0.88929
vn -0.13220 0.02123 0.99100
vn -0.12829 -0.02507 0.99142
vn -0.07718 -0.03197 0.99650
vn 0.00938 -0.56793 0.82302
vn -0.18378 -0.01180 0.98290
vn -0.12861 0.10042 0.98660
vn -0.13008 0.10081 0.98637
vn -0.12025 0.07849 0.98964
vn 0.00589 0.14812 0.98895
vn -0.08710 0.07235 0.99357
vn -0.01166 -0.99856 0.05240
vn 0.38615 0.17830 0.90504
vn 0.45951 0.28693 0.84055
vn 0.18646 0.70434 0.68494
vn 0.05996 0.67489 0.73548
vn 0.06421 0.72390 0.68691
vn 0.09926 0.73508 0.67067
vn 0.40375 0.28254 0.87015
vn 0.24133 0.38707 0.88991
vn 0.09814 0.71105 0.69626
vn -0.07496 0.79049 0.60788
vn -0.16569 0.80895 0.56405
vn -0.05679 0.85544 0.51478
vn -0.14808 0.41517 0.89761
vn -0.22379 0.75094 0.62130
vn 0.10696 0.28093 0.95375
vn -0.28979 0.84955 0.44078
vn -0.21013 0.89116 0.40210
vn -0.18133 0.84265 0.50702
vn -0.24801 0.83218 0.49596
vn -0.27410 0.72242 0.63481
vn -0.28555 0.75788 0.58658
vn -0.24491 0.82902 0.50274
vn -0.46969 0.61377 0.63457
vn -0.15932 0.72868 0.66607
vn -0.13399 0.92145 0.36466
vn -0.41719 0.85932 0.29584
vn -0.39369 0.85643 0.33398
vn -0.20912 0.92061 0.32976
vn -0.05768 0.89424 0.44386
vn 0.01856 0.99706 -0.07435
vn -0.09305 0.99129 -0.09315
vn -0.36980 0.90579 0.20686
vn -0.39328 0.91023 0.12966
vn -0.68237 0.57685 0.44902
vn -0.73032 0.53579 0.42374
vn -0.77242 0.62638 0.10497
vn -0.81400 0.52282 0.25309
vn -0.85807 0.41932 -0.29645
vn -0.92550 0.27058 0.26500
vn -0.99778 0.00991 -0.06586
vn -0.96573 0.07166 -0.24945
vn -0.72008 0.09274 0.68766
vn -0.74185 0.06126 0.66776
vn -0.75223 -0.13752 0.64438
vn -0.69584 -0.04533 0.71677
vn -0.99696 0.03049 -0.07170
vn -0.98854 -0.04967 -0.14256
vn -0.95243 0.01853 -0.30418
vn -0.95634 -0.02454 -0.29123
vn -0.75408 -0.01979 0.65648
vn -0.77645 -0.05918 0.62739
vn -0.98544 -0.00333 -0.16999
vn -0.97841 0.06998 -0.19446
vn -0.97561 0.18991 -0.11006
vn -0.93739 0.01893 -0.34777
vn 0.00009 -1 0.00013
vn -0.00007 -1 0.00004
vn -0.00004 -1 0.00002
vn 0.00113 -0.999996 0.00257
vn 0.00202 -0.999998 0.00042
vn 0.00001 -1 0.00004
vn -0.00095 -0.999999 0.00125
vn -0.00056 -1 0.00056
vn -0.00026 -0.999999 0.00169
vn 0 -1 -0.00001
vn 0.00031 -1 0.00082
vn -0.00040 -0.999998 0.00191
vn 0.03359 -0.999373 -0.01122
vn 0.02070 -0.97710 -0.21175
vn 0.00134 -0.999971 0.00756
vn 0.19074 -0.96977 -0.15223
vn 0.01190 -0.999814 -0.01519
vn 0.06427 -0.96833 -0.24125
vn 0.07354 -0.96914 -0.23528
vn -0.00002 -0.999999 0.00114
vn -0.00550 -0.999503 -0.03103
vn -0.00380 -0.999993 -0.00009
vn 0.00018 -1 0.00002
vn -0.00270 -0.999989 0.00378
vn 0.00012 -1 -0.00022
vn -0.00362 -0.999399 -0.03448
vn -0.16964 -0.97198 -0.16273
vn -0.10974 -0.68788 -0.71748
vn 0.16715 -0.44422 -0.88019
vn -0.29569 -0.58222 -0.75735
vn 0.17240 -0.95863 -0.22651
vn 0.53982 -0.56762 -0.62161
vn 0.60289 -0.51976 -0.60529
vn -0.22969 0.08455 -0.96959
vn -0.07631 -0.08864 -0.99314
vn 0.42610 0.09076 -0.90011
vn 0.43632 0.10691 -0.89342
vn -0.35572 -0.07848 -0.93129
vn -0.09391 -0.68262 -0.72471
vn 0.07269 -0.99524 -0.06486
vn -0.00483 -0.70484 -0.70935
vn -0.01628 -0.99528 -0.09569
vn -0.04412 -0.99851 0.03206
vn -0.02767 -0.99316 -0.11341
vn -0.00300 -0.999988 0.00378
vn -0.02064 -0.99882 0.04402
vn -0.02320 -0.99899 0.03851
vn -0.00079 -0.999982 0.00601
vn -0.00017 -1 -0.00010
vn 0.00016 -1 -0.00019
vn -0.00001 -1 0.00004
vn 0.08533 -0.99631 0.00963
vn 0.11838 -0.94332 -0.31005
vn 0.31343 -0.92787 -0.20206
vn 0.28900 -0.84632 -0.44746
vn 0.50263 -0.81024 -0.30144
vn 0.49215 -0.78719 -0.37165
vn 0.42972 -0.80360 -0.41178
vn 0.29571 -0.53053 -0.79441
vn 0.29593 -0.53056 -0.79431
vn 0.83743 -0.19070 -0.51219
vn 0.66707 0.00236 -0.74499
vn 0.74094 0.01790 -0.67133
vn 0.74015 -0.38356 -0.55232
vn 0.58312 -0.07379 -0.80903
vn 0.91984 -0.07643 -0.38477
vn -0.16210 -0.96218 -0.21894
vn 0.21218 -0.39218 -0.89508
vn 0.44580 -0.51275 -0.73372
vn 0.00877 -0.999695 -0.02309
vn 0.03631 -0.99724 -0.06475
vn 0.01434 -0.999881 -0.00568
vn 0 -1 0.00003
vn -0.01451 -0.999876 -0.00611
vn -0.02570 -0.99804 0.05707
vn -0.14283 -0.98966 -0.01289
vn -0.08763 -0.87409 -0.47779
vn -0.68342 -0.44856 -0.57597
vn -0.60502 0.12291 -0.78667
vn -0.46984 -0.14118 -0.87139
vn 0.53196 0.13528 -0.83590
vn 0.34998 0.00942 -0.93671
vn 0.72174 0.10622 -0.68396
vn 0.33597 0.06341 -0.93973
vn 0.72203 -0.03969 -0.69073
vn 0.76151 -0.00034 -0.64816
vn -0.68060 0.01151 -0.73256
vn -0.43044 0.06371 -0.90037
vn -0.39582 -0.15456 -0.90523
vn -0.40645 -0.16461 -0.89872
vn -0.45976 0.07905 -0.88452
vn -0.06483 -0.86844 -0.49154
vn 0.05453 -0.99850 0.00515
vn -0.04759 -0.87114 -0.48873
vn 0.03617 -0.999344 0.00215
vn -0.00480 -0.999987 0.00195
vn -0.00492 -0.999984 0.00278
vn -0.00080 -0.99999 0.00437
vn -0.01704 -0.999816 0.00878
vn -0.01847 -0.99822 -0.05668
vn 0.37942 -0.86270 -0.33435
vn 0.41834 -0.88921 -0.18517
vn 0.29968 -0.92266 -0.24269
vn 0.19846 -0.73408 -0.64942
vn 0.23043 -0.73641 -0.63608
vn 0.09836 -0.21612 -0.97140
vn -0.06607 -0.14058 -0.98786
vn -0.04077 0.12550 -0.99126
vn -0.14223 0.17855 -0.97360
vn -0.24440 -0.07995 -0.96637
vn -0.43393 -0.01513 -0.90082
vn -0.35361 0.02356 -0.93509
vn -0.29004 -0.00049 -0.95701
vn 0.09398 -0.00969 -0.99553
vn 0.06247 0.00713 -0.99802
vn 0.08580 0.17563 -0.98071
vn 0.41236 0.14585 -0.89927
vn 0.43480 0.12133 -0.89232
vn 0.74230 0.08681 -0.66442
vn 0.60164 0.18480 -0.77710
vn 0.76454 -0.23034 -0.60202
vn 0.81873 -0.43378 -0.37618
vn 0.73621 -0.23334 -0.63525
vn 0.41293 -0.84972 -0.32781
vn 0.59882 -0.25617 -0.75881
vn 0.87530 -0.37939 -0.29986
vn 0.00074 -0.999914 0.01308
vn 0.34750 -0.88293 -0.31572
vn 0.32223 -0.85799 -0.40002
vn 0.00456 -0.999986 0.00255
vn 0.00129 -0.999905 0.01375
vn -0.01896 -0.999575 0.02216
vn 0.01422 -0.92936 -0.36891
vn 0.08527 -0.94224 -0.32391
vn 0.44966 -0.06836 -0.89058
vn 0.77846 -0.11206 -0.61761
vn 0.65933 -0.19858 -0.72516
vn 0.76328 -0.10463 -0.63753
vn 0.75977 -0.08484 -0.64464
vn 0.93999 0.02519 -0.34027
vn 0.85567 0.06418 -0.51353
vn 0.82063 0.12958 -0.55658
vn 0.72123 0.04858 -0.69099
vn 0.80008 -0.01076 -0.59979
vn 0.58124 -0.01335 -0.81362
vn 0.40459 -0.00412 -0.91449
vn 0.48668 0.03885 -0.87272
vn 0.82555 0.00119 -0.56433
vn 0.82178 0.00439 -0.56979
vn 0.81835 0.02818 -0.57403
vn 0.62153 0.02698 -0.78293
vn 0.69341 -0.11142 -0.71187
vn -0.11004 -0.42565 -0.89817
vn -0.17902 -0.06584 -0.98164
vn 0.00528 -0.45709 -0.88941
vn 0.11222 -0.90317 -0.41437
vn 0.01421 -0.999508 0.02797
vn 0.12090 -0.99056 -0.06463
vn 0.04021 -0.89701 -0.44019
vn 0.00492 -0.999823 0.01816
vn 0.00400 -0.999989 -0.00256
vn 0.00218 -0.999998 -0.00028
vn -0.00009 -1 0.00030
vn 0.00113 -0.999999 -0.00109
vn 0.01571 -0.999855 -0.00664
vn 0.03629 -0.99774 -0.05656
vn 0.07819 -0.99692 -0.00630
vn 0.08898 -0.99569 -0.02629
vn 0.11072 -0.99385 -0.00265
vn 0.20222 -0.96374 -0.17413
vn 0.27861 -0.95986 -0.03230
vn 0.58801 -0.74500 -0.31498
vn 0.53996 -0.66570 -0.51506
vn 0.43387 -0.68573 -0.58440
vn 0.47163 -0.17901 -0.86344
vn 0.40653 -0.13853 -0.90307
vn 0.23548 -0.18593 -0.95393
vn 0.20829 -0.12454 -0.97011
vn -0.15827 -0.04933 -0.98616
vn -0.13668 -0.04466 -0.98961
vn -0.15739 -0.02875 -0.98712
vn 0.67146 0.15596 -0.72444
vn 0.80015 -0.00516 -0.59977
vn 0.77464 -0.00226 -0.63240
vn 0.78541 -0.04309 -0.61747
vn 0.26345 -0.13994 -0.95447
vn -0.07187 0.14573 -0.98671
vn 0.21440 0.20061 -0.95592
vn 0.29097 0.11221 -0.95013
vn 0.25162 0.03999 -0.96700
vn 0.29322 -0.02817 -0.95563
vn 0.40048 -0.04749 -0.91507
vn 0.74492 -0.00755 -0.66711
vn 0.76815 -0.06100 -0.63736
vn 0.47371 0.02603 -0.88030
vn 0.78284 0.00325 -0.62221
vn 0.84117 -0.10182 -0.53110
vn 0.86703 -0.09205 -0.48969
vn 0.83607 -0.50877 -0.20526
vn 0.56753 -0.80370 -0.17883
vn 0.71078 -0.50360 -0.49110
vn 0.61078 -0.77530 -0.16082
vn 0.60205 -0.78829 -0.12697
vn 0.21697 -0.97315 -0.07689
vn 0.53013 -0.68181 -0.50408
vn 0.68470 -0.72048 -0.10999
vn 0.02493 -0.999682 -0.00387
vn 0.16471 -0.97312 -0.16096
vn 0.51190 -0.84077 -0.17625
vn 0.66092 -0.40019 -0.63485
vn 0.81083 -0.41965 -0.40797
vn 0.82442 -0.06665 -0.56204
vn 0.94083 -0.07602 -0.33023
vn 0.86723 -0.27056 -0.41797
vn 0.97215 -0.16127 -0.17003
vn 0.94629 -0.10621 -0.30536
vn 0.94561 -0.09089 -0.31234
vn 0.86093 -0.11101 -0.49647
vn 0.84234 -0.04574 -0.53701
vn 0.84659 -0.06156 -0.52867
vn 0.84234 -0.04574 -0.53700
vn 0.72251 -0.05144 -0.68944
vn 0.71564 -0.02885 -0.69787
vn 0.44667 0.09077 -0.89008
vn 0.43745 0.08343 -0.89536
vn 0.45311 0.61508 -0.64527
vn 0.41805 0.65331 -0.63121
vn 0.33261 0.67020 -0.66348
vn 0.30552 0.65666 -0.68953
vn 0.29866 0.13498 -0.94477
vn 0.72818 0.40306 -0.55435
vn 0.45827 0.50874 -0.72881
vn 0.71747 -0.05196 -0.69465
vn 0.90065 0.13435 -0.41325
vn 0.74323 0.33423 -0.57957
vn 0.70432 0.02219 -0.70953
vn 0.77103 0.13098 -0.62318
vn 0.89476 0.38297 -0.22965
vn 0.48620 0.72865 -0.48236
vn 0.55831 0.61772 -0.55382
vn 0.32952 0.67370 -0.66147
vn 0.39842 0.88163 -0.25295
vn 0.41910 0.87092 -0.25661
vn 0.38256 0.88413 -0.26826
vn 0.60792 0.76634 -0.20774
vn 0.77683 0.48998 -0.39554
vn 0.73349 0.36501 -0.57337
vn 0.44186 0.86731 -0.22920
vn 0.81026 0.35428 -0.46686
vn 0.86639 -0.00758 -0.49932
vn 0.87769 -0.00821 -0.47916
vn 0.87733 -0.00657 -0.47983
vn 0.86720 -0.04070 -0.49630
vn 0.90651 -0.22929 -0.35450
vn 0.94155 -0.10849 -0.31894
vn 0.96907 -0.13699 -0.20528
vn 0.85974 0.01748 -0.51044
vn 0.86506 0.01704 -0.50138
vn 0.87918 -0.07949 -0.46982
vn 0.87349 -0.06287 -0.48277
vn 0.95526 -0.06696 -0.28808
vn 0.95468 -0.05194 -0.29307
vn 0.96404 -0.05509 -0.25999
vn 0.97193 -0.01938 -0.23449
vn 0.87267 0.31014 -0.37717
vn 0.90071 0.31297 -0.30128
vn 0.85149 0.45145 -0.26676
vn 0.56600 0.76488 -0.30756
vn 0.41330 0.90524 -0.09861
vn 0.34717 0.93491 -0.07359
vn 0.33173 0.93788 -0.10168
vn 0.38550 0.91976 -0.07375
vn 0.35044 0.92795 -0.12685
vn 0.57738 0.79545 -0.18409
vn 0.60958 0.78163 -0.13218
vn 0.61393 0.74070 -0.27286
vn 0.97492 0.21009 -0.07347
vn 0.91952 0.25055 -0.30284
vn 0.96989 0.12502 -0.20900
vn 0.89883 0.05964 -0.43422
vn 0.80840 0.05151 -0.58637
vn 0.84450 0.11692 -0.52264
vn 0.99889 -0.02023 -0.04261
vn 0.96901 0.24534 -0.02868
vn 0.99361 0.03267 -0.10801
vn 0.97147 -0.03190 -0.23500
vn 0.95382 0.28864 -0.08316
vn 0.56919 0.82098 -0.04492
vn 0.33480 0.94229 0.00263
vn 0.60007 0.79976 0.01740
vn 0.32426 0.94578 -0.01881
vn 0.26871 0.96311 -0.01434
vn 0.36916 0.89870 -0.23676
vn 0.21524 0.97147 -0.09959
vn 0.20158 0.97437 -0.09981
vn 0.68058 0.72225 -0.12318
vn 0.80017 0.55381 -0.23027
vn 0.79966 0.47736 -0.36425
vn 0.95347 -0.05637 -0.29618
vn 0.90405 -0.05654 -0.42367
vn 0.89397 -0.00356 -0.44811
vn 0.83319 -0.02013 -0.55262
vn 0.84115 -0.04557 -0.53887
vn 0.68132 0.27838 -0.67698
vn 0.84345 0.02692 -0.53653
vn 0.88572 0.43756 -0.15505
vn 0.62057 0.62265 -0.47666
vn 0.58392 0.65183 -0.48390
vn 0.34583 0.92578 -0.15274
vn 0.21828 0.96868 -0.11837
vn 0.20046 0.96979 -0.13899
vn 0.20355 0.97198 -0.11755
vn 0.33088 0.94328 -0.02716
vn 0.72329 0.67334 -0.15319
vn 0.76182 0.64686 0.03465
vn 0.94944 0.31386 0.00764
vn 0.99433 -0.00882 -0.10597
vn 0.96255 0.05813 -0.26481
vn 0.92830 0.05479 -0.36777
vn 0.92947 -0.02313 -0.36818
vn 0.86291 -0.03385 -0.50422
vn 0.79947 0.00470 -0.60068
vn 0.77604 -0.08349 -0.62513
vn 0.80185 -0.11268 -0.58681
vn 0.92654 -0.01759 -0.37577
vn 0.96542 0.03164 -0.25876
vn 0.93348 0.04106 -0.35628
vn 0.87690 0.44763 -0.17514
vn 0.99707 0.06410 -0.04165
vn 0.89911 0.43725 0.02020
vn 0.99531 -0.03486 -0.09029
vn 0.99262 0.01773 -0.11998
vn 0.97710 0.01979 0.21184
vn 0.78169 0.62358 0.01017
vn 0.31680 0.94359 0.09628
vn 0.35928 0.93124 0.06097
vn 0.77859 0.55598 0.29101
vn 0.06409 0.99774 0.02000
vn 0.04185 0.99905 -0.01215
vn 0.14599 0.98881 -0.03066
vn 0.00030 0.99997 0.00774
vn 0.03837 0.999259 -0.00296
vn 0.32521 0.92005 0.21853
vn 0.26809 0.93182 0.24462
vn 0.73440 0.56774 0.37192
vn 0.73963 0.55043 0.38727
vn 0.77044 0.56320 0.29869
vn 0.95520 -0.05457 0.29088
vn 0.95836 -0.04427 0.28212
vn 0.98472 -0.06205 0.16274
vn 0.98745 -0.03881 0.15307
vn 0.99506 -0.03808 -0.09164
vn 0.98729 0.08468 -0.13451
vn 0.63767 0.76921 0.04122
vn 0.14822 0.97933 -0.13766
vn 0.19126 0.98129 0.02233
vn 0.51171 0.82740 -0.23143
vn 0.49623 0.69814 -0.51610
vn 0.71431 0.65574 -0.24448
vn 0.71372 0.22162 -0.66445
vn 0.85379 0.27206 -0.44387
vn 0.89109 -0.08364 -0.44606
vn 0.86122 -0.04106 -0.50657
vn 0.84407 -0.13224 -0.51967
vn 0.80649 0.01558 -0.59104
vn 0.82486 0.01685 -0.56508
vn 0.69459 -0.07693 -0.71528
vn 0.73917 0.04718 -0.67187
vn 0.72066 0.04675 -0.69171
vn 0.84258 0.07943 -0.53269
vn 0.78566 -0.19868 -0.58588
vn 0.81556 0.30302 -0.49300
vn 0.26539 0.90799 -0.32423
vn 0.29604 0.92646 -0.23246
vn -0.00988 0.999951 -0.00011
vn -0.00288 0.999924 0.01202
vn 0.00043 0.999994 0.00343
vn -0.01026 0.999947 0.00126
vn 0.65628 0.75135 -0.06903
vn 0.06084 0.99453 0.08486
vn 0.65930 0.74910 -0.06463
vn 0.97514 0.22047 -0.02231
vn 0.97611 0.18641 0.11162
vn 0.98540 -0.01287 0.16976
vn 0.96167 -0.09320 0.25788
vn 0.97601 -0.01437 0.21724
vn 0.84918 -0.05827 0.52488
vn 0.86088 -0.03061 0.50789
vn 0.84942 0.02824 0.52697
vn 0.91121 0.28182 0.30047
vn 0.58080 -0.00954 0.81399
vn 0.62230 0.05361 0.78094
vn 0.30768 0.37912 0.87270
vn 0.62835 0.00238 0.77793
vn 0.82319 0.02443 0.56724
vn 0.92643 0.18160 0.32978
vn 0.86589 0.19490 0.46070
vn 0.94067 0.27767 0.19503
vn 0.91919 0.25897 0.29670
vn 0.59076 0.79842 0.11635
vn 0.57419 0.81682 0.05570
vn 0.07818 0.99633 -0.03478
vn -0.00417 0.999987 -0.00279
vn -0.01532 0.999841 0.00911
vn -0.01491 0.999697 -0.01959
vn 0.32825 0.91956 -0.21601
vn 0.23715 0.82446 -0.51383
vn 0.58431 0.27118 -0.76488
vn 0.41117 0.04467 -0.91046
vn 0.61810 -0.22935 -0.75190
vn 0.21347 0.82818 -0.51821
vn 0.03657 0.68402 -0.72854
vn 0.35835 0.03976 -0.93274
vn 0.22421 0.12338 -0.96670
vn -0.08074 0.99338 -0.08166
vn 0.00025 1 -0.00086
vn 0.00026 0.999999 -0.00127
vn 0.07974 0.99616 -0.03615
vn 0.22991 0.95262 0.19912
vn 0.58529 0.80112 0.12505
vn 0.80252 0.42855 0.41509
vn 0.77670 0.41029 0.47791
vn 0.53812 0.08728 0.83834
vn 0.55208 0.33753 0.76242
vn 0.75090 0.42989 0.50133
vn 0.48541 0.07914 0.87070
vn 0.43609 -0.01898 0.89970
vn 0.17068 0.56773 0.80533
vn 0.57860 0.63688 0.50951
vn 0.52225 0.03814 0.85194
vn 0.17648 0.96992 0.16765
vn 0.26316 0.95827 0.11162
vn -0.00957 0.99029 0.13867
vn -0.05026 0.99719 0.05555
vn -0.02238 0.999025 -0.03805
vn 0.00263 0.999996 0.00093
vn 0.00666 0.99529 -0.09670
vn -0.01039 0.99658 -0.08198
vn -0.26200 0.65216 -0.71137
vn -0.26993 0.65600 -0.70485
vn -0.24529 -0.05653 -0.96780
vn -0.21881 -0.06683 -0.97348
vn 0.32112 -0.05286 -0.94556
vn -0.22330 -0.07960 -0.97149
vn -0.22071 -0.08167 -0.97191
vn -0.32610 -0.13553 -0.93557
vn -0.35449 -0.11402 -0.92808
vn -0.39756 0.61135 -0.68425
vn -0.54102 -0.13146 -0.83067
vn -0.52568 -0.14454 -0.83831
vn -0.09976 0.98652 -0.12969
vn -0.11102 0.49584 -0.86129
vn 0.02967 0.99956 0.00003
vn -0.01077 0.98204 -0.18839
vn 0.00253 0.999684 0.02499
vn -0.00099 0.999999 -0.00058
vn 0 1 0
vn 0.16626 0.98559 -0.03101
vn 0.06227 0.99497 -0.07848
vn 0.20889 0.82495 0.52518
vn 0.42547 0.84991 0.31085
vn 0.60059 0.11250 0.79160
vn 0.65526 0.05454 0.75343
vn -0.07043 0.99681 -0.03742
vn 0.32667 0.88382 0.33489
vn -0.07407 0.99714 -0.01499
vn -0.02299 0.999701 0.00828
vn -0.01895 0.999762 -0.01078
vn 0.19512 0.97696 -0.08650
vn -0.18227 0.45988 -0.86907
vn 0.16581 0.87592 -0.45306
vn 0.79562 0.15366 -0.58599
vn -0.10399 -0.26576 -0.95842
vn -0.43556 -0.10068 -0.89451
vn 0.76127 0.05281 -0.64628
vn 0.76545 0.04864 -0.64165
vn 0.36857 0.86398 -0.34307
vn 0.90320 0.09988 -0.41744
vn 0.36854 0.86392 -0.34326
vn 0.83286 0.17183 -0.52614
vn -0.01151 0.999932 0.00162
vn -0.02177 0.99876 -0.04471
vn -0.01198 0.999909 -0.00626
vn -0.00123 0.999994 0.00321
vn -0.00076 0.999984 0.00556
vn 0.01035 0.98859 -0.15030
vn 0.42663 0.85290 -0.30092
vn 0.69609 -0.00902 -0.71790
vn 0.64955 -0.00319 -0.76031
vn 0.31755 0.43382 -0.84319
vn 0.84827 -0.23148 -0.47629
vn 0.77956 -0.24311 -0.57723
vn 0.75974 -0.05589 -0.64782
vn 0.72561 -0.07114 -0.68442
vn 0.84700 -0.12046 -0.51777
vn 0.54800 -0.16167 -0.82071
vn 0.51634 -0.10996 -0.84929
vn 0.54218 0.45169 -0.70853
vn 0.29467 -0.08327 -0.95196
vn 0.36189 -0.16397 -0.91769
vn -0.00358 0.98648 -0.16385
vn 0.14650 0.70219 -0.69676
vn -0.00049 0.999985 0.00542
vn -0.00030 1 0.00038
vn -0.00029 1 0.00039
vn 0.00311 0.999964 0.00789
vn 0.00856 0.98133 -0.19213
vn -0.02797 0.98588 -0.16510
vn -0.25504 0.46370 -0.84849
vn -0.16655 0.44118 -0.88183
vn 0.03976 -0.08013 -0.99599
vn 0.03870 -0.08159 -0.99591
vn 0.08898 -0.14031 -0.98610
vn 0.43953 -0.02317 -0.89793
vn 0.00688 -0.11827 -0.99296
vn 0.59677 -0.02716 -0.80195
vn 0.43565 -0.01844 -0.89993
vn 0.10372 0.07052 -0.99210
vn 0.16851 0.05916 -0.98392
vn -0.61425 -0.19679 -0.76418
vn -0.21301 0.42258 -0.88094
vn -0.45604 -0.25230 -0.85345
vn -0.45584 -0.25252 -0.85349
vn -0.04867 0.96933 -0.24090
vn 0.12963 0.28066 -0.95101
vn -0.00068 0.999955 0.00948
vn 0.00025 1 0.00021
vn -0.00027 1 0.00006
vn -0.00022 1 0.00011
vn 0 1 0
vn 0.00024 1 0.00025
vn -0.00004 1 0.00035
vn 0.00026 1 0.00022
vn -0.00965 0.999951 0.00208
vn -0.00990 0.999854 -0.01395
vn 0.21557 0.95075 -0.22274
vn 0.14222 0.28801 -0.94701
vn 0.09349 0.82325 -0.55993
vn 0.55595 0.17163 -0.81330
vn 0.07746 -0.22839 -0.97048
vn -0.00140 -0.16606 -0.98611
vn -0.24859 0.05776 -0.96689
vn -0.39363 0.00178 -0.91927
vn 0.08149 -0.01187 -0.99660
vn 0.09770 -0.03526 -0.99459
vn -0.42700 0.01555 -0.90412
vn 0.11969 -0.00618 -0.99279
vn 0.59871 -0.03181 -0.80033
vn 0.63296 0.04947 -0.77260
vn 0.53148 0.04216 -0.84602
vn 0.68774 -0.02496 -0.72553
vn 0.67140 -0.07190 -0.73760
vn 0.52982 0.12808 -0.83839
vn 0.33532 0.83245 -0.44112
vn 0.44126 0.11763 -0.88964
vn 0.25103 0.31131 -0.91655
vn 0.00954 0.999953 0.00156
vn 0.01121 0.96416 -0.26507
vn -0.00006 1 0.00034
vn -0.00006 1 0.00034
vn -0.00036 1 -0.00002
vn -0.00001 0.999999 -0.00113
vn 0.00092 0.999991 0.00409
vn -0.00729 0.99974 -0.02160
vn 0.17276 0.97075 -0.16674
vn 0.23821 0.30562 -0.92188
vn 0.07585 0.79646 -0.59991
vn 0.53637 0.19710 -0.82064
vn 0.41498 0.04420 -0.90876
vn 0.16264 -0.21380 -0.96324
vn -0.02685 -0.05504 -0.99812
vn 0.50790 -0.06044 -0.85929
vn 0.52912 -0.00801 -0.84851
vn 0.54605 -0.03355 -0.83708
vn 0.49517 -0.08127 -0.86499
vn -0.25528 -0.01843 -0.96669
vn 0.10359 0.01258 -0.99454
vn -0.34878 0.04332 -0.93620
vn -0.42772 0.01883 -0.90372
vn 0.12706 0.03611 -0.99124
vn 0.52877 -0.06923 -0.84594
vn 0.07210 0.06214 -0.99546
vn -0.00245 -0.02307 -0.999731
vn 0.08704 -0.11851 -0.98913
vn -0.02368 -0.04481 -0.99871
vn 0.63042 -0.02669 -0.77580
vn 0.60290 -0.10911 -0.79032
vn 0.53046 0.08408 -0.84353
vn 0.46965 0.07324 -0.87981
vn 0.35382 0.81921 -0.45134
vn 0.54105 0.08030 -0.83715
vn 0.27710 0.36458 -0.88898
vn -0.01667 0.999453 -0.02857
vn 0.02300 0.94814 -0.31701
vn -0.07943 0.92327 -0.37586
vn 0.16378 0.33364 -0.92836
vn -0.05855 0.46516 -0.88329
vn 0.50472 -0.04124 -0.86230
vn 0.11499 -0.01166 -0.99330
vn 0.23860 -0.10457 -0.96547
vn 0.51370 -0.05011 -0.85650
vn 0.49012 -0.02308 -0.87135
vn 0.51631 -0.04106 -0.85542
vn 0.49971 -0.02247 -0.86590
vn 0.41973 0.06707 -0.90517
vn 0.47229 -0.17335 -0.86423
vn 0.58014 -0.01009 -0.81446
vn 0.38748 -0.03072 -0.92137
vn 0.14727 -0.09969 -0.98406
vn 0.51033 0.05477 -0.85823
vn -0.37474 -0.04146 -0.92620
vn -0.07702 0.02676 -0.99667
vn -0.05980 0.06306 -0.99622
vn 0.51093 0.00364 -0.85962
vn 0.40852 0.01306 -0.91266
vn 0.40372 0.03653 -0.91415
vn 0.41582 0.01470 -0.90933
vn 0.49899 0.01553 -0.86647
vn 0.50733 -0.01229 -0.86166
vn 0.37422 -0.08725 -0.92323
vn 0.35883 0.00994 -0.93335
vn 0.25887 -0.01789 -0.96575
vn -0.19938 -0.11126 -0.97358
vn -0.18809 -0.00434 -0.98214
vn -0.04286 -0.09994 -0.99407
vn -0.25394 0.35796 -0.89854
vn -0.24616 -0.08221 -0.96574
vn -0.29803 -0.09434 -0.94988
vn -0.26401 -0.00129 -0.96452
vn -0.23266 -0.02005 -0.97235
vn 0.36780 0.02044 -0.92968
vn -0.00082 0.01693 -0.999856
vn 0.06091 -0.03094 -0.99766
vn 0.40282 -0.02229 -0.91501
vn -0.50852 -0.06137 -0.85886
vn -0.45454 -0.01403 -0.89061
vn -0.43126 -0.04156 -0.90127
vn -0.44249 -0.05928 -0.89481
vn -0.32112 -0.06794 -0.94460
vn -0.02274 0.29319 -0.95578
vn -0.27077 0.76717 -0.58149
vn -0.54647 0.68568 -0.48085
vn -0.34013 0.61231 -0.71371
vn -0.65910 0.41374 -0.62802
vn -0.66577 -0.12162 -0.73618
vn -0.69320 -0.10187 -0.71351
vn -0.69434 0.01581 -0.71947
vn -0.70541 -0.13288 -0.69623
vn -0.61945 0.04315 -0.78385
vn -0.37596 0.37470 -0.84750
vn -0.69454 -0.14636 -0.70441
vn -0.02201 0.94211 -0.33459
vn -0.20936 0.97483 -0.07668
vn -0.25675 0.92313 -0.28619
vn -0.54450 0.62476 -0.55964
vn 0.00182 0.999881 -0.01531
vn 0.01890 0.99937 -0.03003
vn 0.00321 0.90802 -0.41891
vn 0.00044 0.999951 -0.00984
vn 0.08403 0.99646 0.00018
vn -0.02027 0.99409 0.10668
vn -0.29478 0.95515 -0.02815
vn -0.06085 0.96378 -0.25967
vn -0.60618 0.74488 -0.27876
vn -0.81851 0.42968 -0.38133
vn -0.59434 0.40377 -0.69551
vn -0.66232 -0.14589 -0.73488
vn -0.56259 0.03771 -0.82587
vn -0.56555 0.04151 -0.82367
vn -0.81352 0.07923 -0.57612
vn -0.78443 0.02870 -0.61955
vn -0.54064 0.75843 -0.36401
vn -0.94444 0.15674 -0.28890
vn -0.91436 0.06440 -0.39974
vn 0.09358 0.99132 -0.09235
vn 0.07285 0.99734 -0.00208
vn -0.07525 0.99620 0.04390
vn -0.55324 0.79733 -0.24122
vn -0.01415 0.999166 0.03831
vn -0.00462 0.999981 0.00397
vn 0.00196 0.999998 0.00087
vn 0.00667 0.999923 0.01043
vn -0.02610 0.999333 0.02555
vn 0.05259 0.99259 -0.10957
vn 0.05509 0.99817 0.02477
vn -0.07401 0.99544 0.06025
vn 0.03802 0.99636 -0.07632
vn -0.82870 0.55754 -0.04907
vn -0.82942 0.18531 -0.52699
vn -0.00474 0.999989 -0.00031
vn 0.41543 0.01403 -0.90952
vn 0.42718 -0.01672 -0.90401
vn 0.42966 -0.01297 -0.90290
vn 0.51309 0.01339 -0.85823
vn 0.27322 0.03783 -0.96121
vn 0.20245 -0.41970 -0.88480
vn 0.47419 -0.02516 -0.88006
vn -0.17819 0.19810 -0.96385
vn -0.45063 0.09009 -0.88815
vn -0.46517 0.03803 -0.88440
vn -0.46193 0.03768 -0.88611
vn -0.46331 0.09104 -0.88151
vn -0.27057 0.01401 -0.96260
vn -0.25862 -0.03477 -0.96535
vn 0.17770 0.10248 -0.97874
vn 0.22544 0.08011 -0.97096
vn 0.22458 0.09381 -0.96993
vn 0.12571 0.13530 -0.98280
vn -0.22569 0.15067 -0.96248
vn 0.11544 -0.02620 -0.99297
vn 0.18465 -0.01904 -0.98262
vn 0.13855 0.03406 -0.98977
vn 0.49576 -0.00836 -0.86842
vn 0.34980 0.23810 -0.90606
vn 0.69264 0.15182 -0.70512
vn 0.63707 -0.05621 -0.76875
vn 0.71548 0.16409 -0.67909
vn 0.44885 0.00008 -0.89360
vn 0.48141 -0.03205 -0.87591
vn 0.18972 -0.01195 -0.98177
vn -0.19688 -0.07146 -0.97782
vn 0.59197 -0.00210 -0.80596
vn 0.62261 -0.01727 -0.78234
vn 0.76489 0.02100 -0.64382
vn 0.76997 -0.02244 -0.63769
vn 0.82372 0.18915 -0.53451
vn 0.74951 -0.00093 -0.66199
vn 0.71554 0.16404 -0.67904
vn 0.76392 0.01915 -0.64503
vn 0.74550 0.01655 -0.66630
vn 0.72166 0.03682 -0.69127
vn 0.28782 -0.03436 -0.95707
vn 0.06686 0.08716 -0.99395
vn 0.06572 -0.09286 -0.99351
vn -0.59727 -0.09466 -0.79644
vn -0.70215 0.03791 -0.71102
vn -0.69745 0.04383 -0.71530
vn -0.58443 -0.10876 -0.80412
vn -0.59819 -0.10134 -0.79492
vn 0.37825 0.07583 -0.92259
vn 0.38403 -0.01737 -0.92316
vn -0.62046 0.02530 -0.78383
vn -0.44051 0.00140 -0.89774
vn -0.41107 -0.00287 -0.91160
vn -0.36723 -0.04786 -0.92890
vn -0.35589 0.03579 -0.93384
vn -0.44122 0.00263 -0.89739
vn -0.63228 0.00724 -0.77471
vn -0.43827 -0.15606 -0.88519
vn 0.26833 0.11763 -0.95612
vn -0.15199 -0.02058 -0.98817
vn -0.15611 0.00917 -0.98770
vn -0.03334 -0.05069 -0.99816
vn 0.40657 0.01829 -0.91344
vn 0.36898 -0.09179 -0.92490
vn 0.70417 -0.04138 -0.70883
vn 0.63145 0.03083 -0.77481
vn 0.48814 -0.02762 -0.87233
vn 0.63013 0.02306 -0.77615
vn 0.05599 0.07856 -0.99534
vn 0.72753 -0.02844 -0.68549
vn 0.76242 0.00945 -0.64701
vn 0.82161 0.00690 -0.57001
vn 0.82542 0.00055 -0.56452
vn 0.78284 -0.00579 -0.62219
vn 0.78184 -0.00728 -0.62344
vn 0.78013 0.05106 -0.62353
vn -0.00020 1 -0.00016
vn 0.00038 0.999961 -0.00885
vn 0.00184 0.999997 0.00150
vn -0.01719 0.999544 0.02483
vn -0.04757 0.99690 0.06268
vn -0.06249 0.99699 -0.04595
vn 0.19061 0.96448 0.18286
vn 0.19281 0.96434 0.18132
vn -0.01282 0.99775 -0.06575
vn 0.19177 0.96337 0.18746
vn 0.41711 0.87217 0.25563
vn 0.47411 0.74782 0.46474
vn 0.27328 0.94284 0.19071
vn 0.30939 0.87979 0.36089
vn 0.39851 0.91222 0.09510
vn 0.77776 0.24121 0.58043
vn 0.92336 0.21468 0.31832
vn 0.60941 0.62331 0.49001
vn 0.92111 0.37758 0.09487
vn 0.83774 0.15790 0.52275
vn 0.81997 -0.07211 0.56785
vn 0.75998 0.01200 0.64983
vn 0.64131 -0.02492 0.76687
vn 0.75742 -0.05341 0.65074
vn 0.66258 0.00140 0.74899
vn 0.62251 -0.00358 0.78260
vn 0.61970 -0.02868 0.78432
vn 0.49753 0.33389 0.80061
vn 0.49106 0.75403 0.43623
vn 0.55274 0.02487 0.83298
vn 0.56611 0.34691 0.74778
vn 0.44064 -0.03398 0.89704
vn 0.43988 -0.03350 0.89743
vn 0.43157 0.45587 0.77841
vn 0.42368 0.45215 0.78489
vn 0.43882 0.77056 0.46225
vn 0.07598 0.99699 0.01571
vn 0.06664 0.98614 0.15194
vn 0.18578 0.90653 0.37907
vn 0.19531 0.82357 0.53253
vn 0.24677 0.90682 0.34172
vn 0.27677 0.56969 0.77385
vn 0.36040 0.46982 0.80584
vn 0.04635 0.98555 0.16289
vn 0.04385 0.97499 0.21789
vn -0.03708 0.999303 -0.00432
vn -0.04505 0.99433 0.09636
vn -0.05177 0.99825 -0.02870
vn 0.49092 0.49511 0.71684
vn 0.41294 0.82109 0.39408
vn -0.00466 0.999328 0.03636
vn 0.16962 0.97580 0.13798
vn 0.21482 0.91065 0.35295
vn -0.04093 0.99883 -0.02573
vn -0.06689 0.99770 -0.01065
vn -0.06775 0.99768 -0.00585
vn -0.05336 0.99845 0.01553
vn 0.00055 0.999408 0.03440
vn 0.13585 0.98986 0.04152
vn 0.17854 0.98368 -0.02215
vn 0.19309 0.98118 0.00238
vn 0.17143 0.98140 0.08637
vn -0.04131 0.99888 -0.02327
vn 0.16741 0.98575 0.01625
vn 0.51059 0.85731 0.06576
vn 0.56007 0.82645 0.05752
vn 0.53772 0.84300 0.01457
vn 0.61803 0.78558 0.02995
vn 0.59519 0.80336 -0.01876
vn 0.28074 0.95256 -0.11755
vn 0.69574 0.71735 -0.03673
vn 0.68020 0.72927 -0.07405
vn -0.02246 0.99796 -0.05970
vn 0.32410 0.94428 0.05735
vn 0.08087 0.99273 -0.08910
vn 0.70936 0.70125 -0.07111
vn 0.63684 0.75512 -0.15564
vn 0.76943 0.63660 -0.05210
vn 0.85611 0.47933 -0.19316
vn 0.87902 0.47645 0.01799
vn 0.81234 0.57851 -0.07376
vn 0.77238 0.63515 0.00190
vn 0.77897 0.62699 -0.00965
vn 0.74157 0.67007 0.03295
vn 0.76807 0.64019 -0.01481
vn 0.68161 0.70079 0.21048
vn 0.75245 0.65478 0.07128
vn 0.58224 0.78255 0.22049
vn 0.49505 0.77088 0.40083
vn 0.44581 0.79520 0.41100
vn 0.14581 0.98819 0.04722
vn -0.01881 0.999637 0.01929
vn 0.04657 0.99708 0.06056
vn 0.04333 0.96164 0.27088
vn 0.41939 0.77204 0.47756
vn 0.37873 0.78450 0.49104
vn 0.56660 0.44657 0.69249
vn 0.54131 0.56935 0.61873
vn 0.68755 0.43363 0.58244
vn 0.62127 0.57131 0.53631
vn 0.77411 0.40496 0.48658
vn 0.79930 0.41266 0.43684
vn 0.85206 0.30244 0.42723
vn 0.91399 0.38605 0.12487
vn 0.93193 0.35203 0.08711
vn 0.92964 0.36554 0.04639
vn 0.86755 0.47148 0.15829
vn 0.86075 0.50883 0.01421
vn 0.91050 0.40548 -0.08106
vn 0.89418 0.41198 -0.17525
vn 0.90974 0.04331 -0.41292
vn 0.96661 0.09974 -0.23606
vn 0.97361 0.07904 -0.21409
vn 0.94013 0.29198 -0.17578
vn 0.92094 0.32061 -0.22153
vn 0.97228 0.07734 -0.22066
vn 0.91864 0.25225 -0.30410
vn 0.95007 -0.15225 -0.27236
vn 0.97596 -0.09241 -0.19739
vn 0.95799 -0.01907 -0.28617
vn 0.96018 -0.07442 -0.26927
vn 0.92129 -0.04408 -0.38638
vn 0.89952 -0.09306 -0.42685
vn 0.99771 -0.05404 0.04076
vn 0.99690 -0.07426 0.02608
vn 0.96513 0.10575 0.23945
vn 0.99287 -0.05951 0.10329
vn 0.98527 0.09907 0.13940
vn 0.97633 0.12927 0.17339
vn 0.85832 0.13195 0.49586
vn 0.90742 0.02624 0.41939
vn 0.80351 0.11661 0.58376
vn 0.80207 0.11924 0.58521
vn 0.75771 0.11539 0.64231
vn 0.73450 0.04893 0.67684
vn 0.62467 0.09307 0.77532
vn 0.64456 0.05419 0.76263
vn 0.38252 0.39435 0.83557
vn 0.52460 0.10797 0.84448
vn 0.58647 0.32877 0.74024
vn 0.35273 0.65324 0.66997
vn 0.50882 0.07945 0.85720
vn 0.41924 0.08624 0.90377
vn 0.41523 0.09602 0.90463
vn 0.54687 0.00094 0.83722
vn 0.61769 -0.00508 0.78640
vn 0.69374 -0.08125 0.71563
vn 0.74457 0.02652 0.66702
vn 0.64726 -0.07695 0.75838
vn 0.78364 0.03042 0.62047
vn 0.90206 -0.01134 0.43146
vn 0.82233 -0.04040 0.56757
vn 0.91939 -0.11867 0.37501
vn 0.98629 -0.00625 0.16492
vn 0.93669 -0.13648 0.32247
vn 0.99554 -0.02729 0.09030
vn 0.98754 -0.15693 0.01164
vn 0.98604 -0.15979 0.04684
vn 0.95724 -0.28081 -0.06953
vn 0.89306 -0.16050 -0.42034
vn 0.93558 -0.10207 -0.33803
vn 0.96476 -0.18020 -0.19173
vn 0.97368 -0.16044 -0.16189
vn 0.95876 -0.12562 -0.25494
vn 0.96029 -0.07407 -0.26900
vn 0.91203 -0.04221 -0.40795
vn 0.92712 -0.00155 -0.37477
vn 0.91943 -0.07982 -0.38506
vn 0.89501 0.24154 -0.37498
vn 0.94893 0.15654 -0.27390
vn 0.64067 0.75916 -0.11494
vn 0.72950 0.63135 -0.26311
vn 0.32423 0.91622 -0.23542
vn 0.08015 0.99339 -0.08220
vn 0.92374 -0.11018 -0.36684
vn 0.90833 -0.13234 -0.39676
vn 0.93795 -0.17229 -0.30094
vn 0.68883 -0.69642 -0.20129
vn 0.72656 -0.68347 -0.07055
vn 0.58861 -0.73519 -0.33619
vn 0.68111 -0.70877 -0.18370
vn 0.57271 -0.81868 0.04196
vn 0.50094 -0.86313 -0.06377
vn 0.74686 -0.63615 0.19366
vn 0.58786 -0.80876 -0.01831
vn 0.86899 -0.38865 0.30627
vn 0.78148 -0.62324 0.02928
vn 0.87117 -0.22217 0.43784
vn 0.86844 -0.38902 0.30736
vn 0.79819 -0.18841 0.57219
vn 0.71989 -0.19677 0.66561
vn 0.76714 -0.21765 0.60342
vn 0.44174 -0.81078 0.38407
vn 0.45973 -0.84066 0.28625
vn 0.49581 -0.82850 0.26030
vn 0.50034 -0.84276 0.19852
vn 0.07886 -0.99664 -0.02204
vn 0.06301 -0.98997 0.12643
vn -0.04794 -0.99885 -0.00088
vn -0.00177 -0.99819 -0.06012
vn 0.01577 -0.999854 -0.00653
vn 0.24486 -0.93723 -0.24828
vn 0.33109 -0.94357 0.00754
vn 0.53020 -0.82932 -0.17642
vn 0.53110 -0.83283 -0.15598
vn 0.01789 -0.999636 -0.02019
vn 0.01193 -0.999897 -0.00799
vn 0.09497 -0.99471 -0.03912
vn 0.58251 -0.77469 0.24605
vn 0.04345 -0.99833 0.03814
vn 0.22119 -0.93488 0.27764
vn 0.07470 -0.99660 -0.03472
vn 0.60627 -0.33738 0.72015
vn 0.60619 -0.33737 0.72022
vn 0.11805 -0.79690 0.59247
vn 0.48732 -0.81526 0.31283
vn 0.14564 -0.94165 0.30347
vn -0.02994 -0.99955 0.00180
vn -0.05912 -0.99713 0.04733
vn -0.08179 -0.99555 -0.04682
vn -0.01411 -0.99543 -0.09442
vn -0.00510 -0.999976 0.00468
vn -0.00158 -0.999998 0.00151
vn -0.00171 -0.999997 -0.00180
vn 0.05822 -0.81833 0.57179
vn 0.42082 -0.38621 0.82082
vn 0.43769 -0.38724 0.81146
vn 0.54532 -0.21134 0.81115
vn 0.56249 -0.21252 0.79902
vn 0.49198 -0.10738 0.86396
vn 0.42348 -0.10636 0.89964
vn 0.36305 -0.26619 0.89293
vn 0.39111 -0.25925 0.88308
vn 0.23084 -0.86312 0.44915
vn 0.00727 -0.999957 -0.00574
vn 0.00356 -0.999983 0.00453
vn -0.00021 -1 0.00011
vn -0.00017 -1 0.00004
vn 0.00080 -1 -0.00015
vn -0.00194 -0.999997 -0.00132
vn 0.00023 -1 -0.00010
vn 0.00021 -1 0
vn 0.00016 -1 -0.00004
vn 0 -1 0.00003
vn 0.37050 -0.24240 0.89664
vn 0.34520 -0.08481 0.93469
vn 0.35114 0.06007 0.93440
vn 0.40056 -0.00752 0.91624
vn 0.35797 -0.00314 0.93373
vn -0.22847 -0.63340 -0.73933
vn -0.05724 -0.98407 -0.16830
vn 0.04577 -0.76457 -0.64292
vn -0.22116 -0.86338 -0.45349
vn -0.52693 -0.28001 -0.80246
vn -0.28190 -0.06336 -0.95735
vn -0.00601 -0.18182 -0.98331
vn 0.00002 -0.999941 0.01086
vn 0.09125 -0.97918 -0.18134
vn 0.01612 -0.999511 -0.02681
vn -0.11522 -0.98560 -0.12374
vn -0.46285 -0.66613 -0.58485
vn -0.60350 -0.33176 -0.72507
vn -0.56678 0.05623 -0.82195
vn -0.68672 0.00313 -0.72692
vn -0.32724 0.08712 -0.94091
vn -0.03108 0.07346 -0.99681
vn 0.30587 0.05895 -0.95025
vn 0.37026 -0.20909 -0.90509
vn 0.34518 -0.63240 -0.69349
vn 0.03587 -0.99752 -0.06050
vn 0.21785 -0.84153 -0.49433
vn -0.00026 -0.999987 0.00505
vn 0.01235 -0.999801 0.01568
vn -0.07123 -0.99741 -0.01004
vn -0.44348 -0.86192 -0.24581
vn -0.51134 -0.68030 -0.52510
vn -0.64959 -0.14928 -0.74548
vn -0.66332 0.01471 -0.74819
vn -0.60199 0.04253 -0.79737
vn -0.36963 0.00062 -0.92918
vn -0.06219 0.03225 -0.99754
vn 0.20235 0.04936 -0.97807
vn 0.42866 0.02179 -0.90320
vn 0.48041 0.01388 -0.87693
vn 0.48723 -0.17628 -0.85530
vn 0.46932 -0.31342 -0.82554
vn 0.07172 -0.98769 -0.13904
vn 0.23722 -0.74103 -0.62817
vn 0.32892 -0.25780 -0.90849
vn -0.03363 -0.999188 -0.02220
vn -0.43429 -0.87080 -0.23044
vn -0.81014 -0.35964 -0.46296
vn -0.70777 -0.37757 -0.59708
vn -0.77027 -0.01663 -0.63750
vn 0.26350 0.00094 -0.96466
vn -0.64109 0.01680 -0.76729
vn -0.83086 0.01732 -0.55621
vn -0.90252 0.05626 -0.42696
vn -0.84191 -0.19683 -0.50245
vn -0.45174 -0.79532 -0.40421
vn 0.00014 -0.999999 0.00110
vn -0.70361 -0.15403 -0.69369
vn -0.76038 0.08342 -0.64410
vn -0.86177 0.06740 -0.50280
vn -0.86900 0.05072 -0.49221
vn -0.92241 -0.00090 -0.38622
vn -0.61670 0.00025 -0.78720
vn -0.14155 -0.02098 -0.98971
vn -0.66845 -0.03795 -0.74279
vn -0.71354 -0.00518 -0.70060
vn -0.76428 0.04742 -0.64314
vn -0.75096 0.02850 -0.65973
vn -0.77356 -0.34845 -0.52933
vn -0.23719 -0.96206 -0.13482
vn -0.66248 -0.70531 -0.25229
vn -0.11432 -0.99111 -0.06800
vn -0.52955 -0.78139 -0.33017
vn -0.89595 -0.15891 -0.41476
vn -0.84143 0.06808 -0.53607
vn -0.84184 -0.02452 -0.53918
vn -0.86938 0.00626 -0.49411
vn -0.60190 0.01181 -0.79848
vn -0.70138 -0.00370 -0.71278
vn -0.84157 -0.02018 -0.53977
vn -0.90329 -0.01533 -0.42875
vn -0.80414 -0.02464 -0.59392
vn -0.87928 0.04949 -0.47372
vn -0.82063 0.07038 -0.56711
vn -0.75651 -0.31782 -0.57156
vn -0.61447 -0.77157 -0.16465
vn 0.00374 -0.999986 0.00373
vn -0.20992 -0.97618 0.05488
vn -0.81709 -0.55779 0.14570
vn -0.98511 -0.16401 0.05164
vn -0.88961 -0.14909 -0.43171
vn -0.82380 0.02924 -0.56612
vn -0.93081 0.07889 -0.35689
vn -0.84207 -0.02868 -0.53860
vn -0.86330 0.00350 -0.50468
vn -0.85754 0.00927 -0.51434
vn -0.90761 0.06997 -0.41395
vn -0.89423 0.00064 -0.44761
vn -0.83048 0.02200 -0.55662
vn -0.95560 0.05458 -0.28958
vn -0.99214 0.03300 0.12074
vn -0.97756 -0.01206 0.21033
vn -0.63118 -0.73849 0.23714
vn -0.95935 -0.15666 0.23474
vn -0.13784 -0.98714 0.08100
vn -0.69205 -0.57123 0.44131
vn -0.91985 -0.04841 0.38927
vn -0.96943 0.08419 0.23047
vn -0.92458 0.01080 -0.38085
vn -0.98191 0.00315 -0.18931
vn -0.74381 -0.01585 -0.66820
vn -0.81734 0.24171 -0.52300
vn -0.79017 0.10703 -0.60347
vn -0.65985 0.35664 -0.66136
vn -0.92292 -0.04900 -0.38186
vn -0.82156 -0.00555 -0.57010
vn -0.75084 -0.06419 -0.65735
vn -0.96902 -0.05454 -0.24090
vn -0.98123 0.02507 0.19123
vn -0.97055 0.01176 0.24062
vn -0.93160 0.10189 0.34891
vn -0.84443 0.10442 0.52540
vn -0.81693 0.03319 0.57578
vn -0.44094 -0.80474 0.39746
vn -0.72350 -0.13732 0.67653
vn -0.76129 0.07260 0.64433
vn -0.83076 0.00960 0.55654
vn -0.93071 0.01645 0.36539
vn -0.96603 -0.04843 0.25386
vn -0.78761 -0.00924 -0.61610
vn -0.85282 0.01033 -0.52210
vn -0.86739 0.33386 -0.36902
vn -0.54009 0.77176 -0.33568
vn -0.33529 0.91608 -0.21994
vn -0.04917 0.99809 -0.03728
vn -0.32473 0.93760 -0.12432
vn -0.79882 0.46997 -0.37552
vn -0.87815 0.25289 -0.40607
vn -0.999421 -0.03284 0.00894
vn -0.75663 0.01817 0.65359
vn -0.71565 0.01476 0.69831
vn -0.67815 0.02876 0.73436
vn -0.59107 -0.12321 0.79715
vn -0.62081 -0.25130 0.74259
vn -0.79168 0.01411 0.61077
vn -0.92929 0.00798 0.36925
vn -0.96593 0.00602 0.25873
vn -0.93958 -0.08301 0.33210
vn -0.96716 0.24078 0.08137
vn -0.60676 0.78761 -0.10729
vn -0.29289 0.95517 0.04313
vn -0.77763 0.62286 0.08559
vn -0.13712 0.99040 0.01731
vn -0.97157 -0.02342 0.23558
vn -0.95218 -0.10573 0.28664
vn -0.78158 -0.01673 0.62358
vn -0.98249 0.02466 0.18469
vn -0.999355 0.00020 -0.03590
vn -0.97771 -0.01257 0.20960
vn -0.78422 0.00824 0.62043
vn -0.72749 -0.00244 0.68611
vn -0.86137 -0.06060 0.50436
vn -0.88531 0.13021 0.44641
vn -0.93774 0.20166 0.28279
vn -0.51206 0.83482 0.20216
vn -0.06455 0.99729 0.03529
vn 0.01629 0.99978 0.01320
vn -0.10300 0.99216 0.07080
vn -0.24014 0.95719 0.16163
vn -0.69715 0.53640 0.47566
vn -0.77646 -0.01732 0.62993
vn -0.75729 -0.04102 0.65179
vn -0.74130 -0.05340 0.66905
vn -0.999772 -0.01155 0.01798
vn -0.93957 -0.00715 -0.34227
vn -0.94651 0.00293 0.32265
vn -0.97332 0.00418 -0.22942
vn -0.76605 -0.05539 0.64039
vn -0.76005 -0.08770 0.64391
vn -0.73939 0.14525 0.65742
vn -0.50035 0.72016 0.48064
vn -0.00517 0.99998 -0.00362
vn 0.00744 0.999942 0.00783
vn -0.00179 0.999998 0.00053
vn -0.05661 0.99782 0.03403
vn -0.33937 0.89754 0.28152
vn -0.69655 0.38294 0.60677
vn -0.69611 0.08037 0.71342
vn -0.73999 0.03755 0.67157
vn -0.97824 -0.03533 0.20445
vn -0.98103 0.12868 0.14497
vn -0.82400 0.13683 0.54982
vn -0.66414 0.63921 0.38772
vn -0.27510 0.93771 0.21218
vn -0.00556 0.999632 -0.02654
vn 0.00033 1 -0.00085
vn 0.01190 0.9999 -0.00762
vn -0.00001 1 0.00010
vn -0.23516 0.96947 0.06951
vn -0.68569 0.72734 0.02854
vn -0.28470 0.95582 0.07314
vn 0.02913 0.999428 -0.01716
vn -0.00018 1 0
vn 0.05891 0.99588 -0.06895
vn -0.04995 0.99036 0.12923
vn 0.02364 0.999285 -0.02951
vn -0.00031 0.999999 -0.00150
vn 0.00006 1 0.00003
vn 0.17580 0.94815 0.26476
vn 0.05803 0.98665 0.15218
vn 0.01730 0.99599 0.08775
vn -0.13163 0.97383 0.18529
vn -0.02754 0.90760 0.41893
vn -0.10567 0.88150 0.46020
vn 0.10860 0.90019 0.42175
vn 0.41178 0.78778 0.45809
vn -0.00386 0.999712 0.02370
vn -0.00091 0.999996 -0.00262
vn -0.00009 1 -0.00007
vn 0.06451 0.90285 0.42508
vn 0.21121 0.79428 0.56966
vn 0.31503 0.81094 0.49309
vn 0.48309 0.73523 0.47546
vn 0.18264 0.77727 0.60207
vn -0.07570 0.77966 0.62161
vn -0.17356 0.79491 0.58138
vn 0.04999 0.63134 0.77389
vn 0.35181 0.69240 0.62993
vn 0.02906 0.83729 0.54599
vn 0.02666 0.87987 0.47446
vn 0.04233 0.80335 0.59400
vn 0.03536 0.93791 0.34508
vn -0.00941 0.99809 0.06102
vn -0.00823 0.99967 -0.02435
vn -0.01367 0.999879 0.00742
vn 0.15565 0.89556 0.41684
vn 0.10875 0.82604 0.55302
vn -0.06902 0.81201 0.57955
vn 0.16820 0.68331 0.71049
vn 0.10413 0.69445 0.71197
vn 0.13662 0.50393 0.85287
vn 0.05102 0.27469 0.96018
vn -0.21015 0.93422 0.28823
vn -0.43496 0.49421 0.75271
vn -0.16434 0.18702 0.96851
vn -0.00350 0.96706 0.25452
vn 0.14503 0.94138 0.30458
vn 0.28102 0.77466 0.56651
vn 0.28630 0.83752 0.46540
vn 0.12132 0.98311 0.13705
vn 0.06947 0.99581 0.05942
vn 0.19177 0.94720 0.25699
vn 0.04326 0.97384 0.22307
vn 0.27700 0.80940 0.51782
vn 0.00226 0.999306 0.03717
vn -0.38344 0.68436 0.62018
vn -0.01646 0.97670 0.21396
vn -0.55407 0.23279 0.79926
vn -0.41656 0.09500 0.90413
vn -0.24840 -0.03563 0.96800
vn 0.04547 -0.01491 0.99885
vn 0.15047 0.07846 0.98550
vn 0.26964 0.19615 0.94277
vn 0.18187 0.26006 0.94831
vn 0.24220 0.26697 0.93277
vn 0.02882 0.28683 0.95755
vn -0.44904 0.04958 0.89213
vn -0.27637 0.26301 0.92436
vn -0.44325 -0.01082 0.89633
vn -0.37271 0.20937 0.90402
vn -0.11907 0.73791 0.66431
vn 0.03944 0.99668 0.07121
vn 0.09278 0.97492 0.20230
vn 0.20688 0.86077 0.46505
vn 0.23439 0.83559 0.49684
vn 0.01710 0.87827 0.47785
vn -0.08782 0.29667 0.95093
vn -0.26928 -0.04235 0.96213
vn -0.36945 0.17746 0.91215
vn -0.35484 0.41964 0.83546
vn -0.05828 0.58675 0.80767
vn 0.11958 0.53961 0.83338
vn -0.17214 0.33883 0.92497
vn 0.01340 0.36352 0.93149
vn -0.24208 0.06978 0.96774
vn -0.18404 0.08700 0.97906
vn -0.11209 0.03723 0.99300
vn -0.01362 0.50560 0.86266
vn 0.02887 0.92471 0.37956
vn -0.06663 0.99481 0.07696
vn -0.00390 0.99979 0.02012
vn 0.15743 0.95876 0.23663
vn 0.26143 0.78775 0.55777
vn 0.11843 0.93977 0.32064
vn 0.19947 0.92440 0.32512
vn 0.15448 0.78840 0.59546
vn 0.00844 0.999207 0.03891
vn -0.09620 0.99519 0.01844
vn -0.03402 0.99787 -0.05571
vn -0.06972 0.92824 0.36538
vn -0.13103 0.98789 0.08310
vn -0.07835 0.45313 0.88799
vn -0.14580 0.04120 0.98846
vn -0.13532 0.06086 0.98893
vn -0.06437 0.42633 0.90228
vn 0.10820 0.84515 0.52346
vn -0.06691 0.98672 0.14802
vn 0.00958 0.999945 0.00419
vn 0.17626 0.96430 0.19763
vn 0.36511 0.75296 0.54749
vn 0.31698 0.86342 0.39246
vn 0.55987 0.69866 0.44544
vn 0.77710 0.60355 0.17845
vn 0.41301 0.89811 -0.15104
vn 0.67243 0.62858 -0.39079
vn 0.35138 0.93623 -0.00318
vn 0.12884 0.99137 -0.02402
vn -0.01491 0.999797 0.01356
vn 0.06424 0.97488 0.21327
vn 0.26283 0.33868 0.90345
vn 0.44310 0.56589 0.69529
vn 0.41295 0.81991 0.39650
vn -0.03442 0.02668 0.999051
vn -0.08257 0.07638 0.99365
vn 0.33791 -0.00394 0.94117
vn 0.08558 0.01272 0.99625
vn 0.63809 0.16106 0.75293
vn 0.70403 0.38865 0.59438
vn 0.86255 0.43802 0.25325
vn 0.17431 0.97916 0.10422
vn 0.50291 0.86214 0.06166
vn 0.23060 0.97212 -0.04251
vn 0.38431 0.92202 0.04671
vn 0.71723 0.69595 0.03515
vn 0.74868 0.65750 -0.08463
vn 0.81164 0.40489 -0.42108
vn 0.93318 0.22604 -0.27943
vn 0.74938 0.26294 -0.60769
vn 0.95519 0.29464 -0.02807
vn 0.92043 0.33386 -0.20333
vn 0.77483 0.32094 -0.54465
vn 0.92475 0.36959 0.09074
vn 0.62727 0.76788 0.13000
vn 0.69990 0.71412 0.01350
vn 0.84274 0.06656 0.53419
vn 0.96217 0.09865 0.25395
vn 0.95818 0.28564 0.01720
vn 0.69581 -0.01380 0.71810
vn 0.44346 -0.05732 0.89446
vn 0.84066 0.01800 0.54127
vn 0.68261 -0.04943 0.72911
vn 0.86852 0.26792 0.41699
vn 0.94895 0.29994 0.09765
vn 0.93621 0.33446 0.10794
vn 0.75533 0.65527 0.00981
vn 0.62977 0.72409 -0.28122
vn 0.60541 0.64650 -0.46424
vn 0.87452 0.42432 -0.23487
vn 0.93163 0.19269 0.30811
vn 0.95021 0.05804 0.30617
vn 0.76150 0.38099 0.52436
vn 0.38400 0.91124 0.14894
vn 0.16066 0.97913 -0.12449
vn 0.39952 0.91483 -0.05884
vn 0.22076 0.97221 -0.07786
vn 0.45266 0.88286 0.12515
vn 0.76880 0.61648 0.17000
vn 0.67282 0.67444 0.30406
vn 0.77241 0.09465 0.62803
vn 0.42395 0.50971 0.74864
vn 0.50774 0.62982 0.58782
vn 0.65783 0.00336 0.75316
vn 0.32245 -0.04838 0.94535
vn -0.01190 -0.10480 0.99442
vn 0.05310 -0.00471 0.99858
vn 0.71341 0.02145 0.70042
vn 0.59868 -0.03452 0.80024
vn 0.30281 0.24286 0.92159
vn -0.04747 0.63124 0.77413
vn 0.10878 0.83977 0.53193
vn 0.35413 0.85429 0.38050
vn 0.13288 0.96576 0.22280
vn 0.08418 0.99640 0.00991
vn 0.03626 0.99861 -0.03828
vn -0.03345 0.999069 -0.02725
vn -0.03160 0.99945 -0.01001
vn 0.03064 0.99144 0.12689
vn 0.07759 0.84514 0.52889
vn -0.05947 0.22908 0.97159
vn 0.13131 0.48616 0.86395
vn 0.25582 0.01975 0.96652
vn 0.70045 -0.04560 0.71224
vn 0.51453 -0.27404 0.81251
vn 0.25123 -0.26690 0.93040
vn -0.00029 -0.19928 0.97994
vn -0.08882 0.01831 0.99588
vn -0.13285 -0.07565 0.98825
vn -0.06250 -0.23007 0.97117
vn -0.01760 0.07620 0.99694
vn -0.14772 -0.02111 0.98880
vn -0.14953 0.04484 0.98774
vn -0.11575 -0.14696 0.98235
vn -0.02374 -0.55662 0.83043
vn -0.04200 -0.44058 0.89673
vn 0.12899 -0.69298 0.70933
vn 0.66724 -0.32007 0.67257
vn 0.33301 -0.62195 0.70872
vn 0.15707 -0.10753 0.98172
vn -0.22882 0.03019 0.97300
vn 0.13243 0.06744 0.98889
vn 0.19187 0.24325 0.95080
vn 0.24915 0.40823 0.87822
vn 0.23197 0.80757 0.54224
vn 0.39824 0.38500 0.83257
vn 0.37413 0.07575 0.92428
vn 0.29498 0.12239 0.94763
vn 0.31421 -0.00837 0.94932
vn 0.13922 -0.12679 0.98211
vn -0.14201 -0.05829 0.98815
vn -0.09317 -0.36310 0.92708
vn 0.45758 -0.46485 0.75798
vn 0.37483 -0.75842 0.53320
vn 0.02115 -0.94844 0.31626
vn -0.02139 -0.94441 0.32808
vn -0.01702 -0.88051 0.47372
vn -0.08134 -0.44425 0.89220
vn -0.10072 -0.09954 0.98992
vn -0.08224 -0.25488 0.96347
vn -0.04809 -0.85719 0.51274
vn -0.01179 -0.99436 0.10544
vn -0.01483 -0.99833 0.05584
vn -0.02796 -0.999472 0.01655
vn 0.06759 -0.99670 0.04491
vn 0.54495 -0.80313 0.24087
vn 0.01119 -0.79848 0.60191
vn 0.33796 -0.90394 0.26206
vn 0.07986 -0.44123 0.89383
vn 0.01514 -0.88163 0.47171
vn 0.29554 -0.17894 0.93842
vn 0.24894 -0.58368 0.77288
vn 0.00532 -0.999346 0.03578
vn 0.08246 -0.95696 0.27826
vn 0.04966 -0.99496 0.08713
vn -0.00063 -0.999496 -0.03175
vn 0.00049 -0.9999 -0.01416
vn -0.00276 -0.999981 0.00553
vn -0.00834 -0.99187 0.12698
vn -0.00097 -0.999999 -0.00144
vn -0.00626 -0.99984 -0.01676
vn -0.01683 -0.999813 -0.00950
vn 0.00067 -1 0.00066
vn -0.02762 -0.77368 0.63297
vn 0.00594 -0.999746 0.02173
vn 0.00284 -0.999958 -0.00872
vn -0.00071 -0.999999 0.00118
vn -0.00063 -0.999999 0.00078
vn -0.00060 -0.999945 -0.01045
vn 0.00022 -0.999999 0.00102
vn 0 -1 -0.00003
vn 0.00820 -0.999963 -0.00260
vn 0.00013 -1 0.00025
vn 0.00004 -1 -0.00001
vn 0 -1 0.00001
vn 0.00064 -0.999995 -0.00313
vn 0.00004 -1 -0.00024
vn 0.00002 -1 -0.00003
vn 0 -1 0
vn 0.00006 -1 -0.00009
vn -0.00217 -0.999998 -0.00045
vn -0.07211 -0.99656 0.04083
vn -0.00027 -1 0.00006
vn -0.00003 -1 0.00001
vn -0.00003 -1 0.00020
vn 0.00005 -1 -0.00003
vn -0.28538 -0.92112 0.26476
vn -0.56407 -0.49787 0.65875
vn -0.56203 -0.80697 0.18144
vn -0.14381 -0.98448 0.10060
vn -0.84462 -0.27680 0.45826
vn -0.48152 -0.87417 -0.06295
vn -0.11506 -0.99334 -0.00650
vn -0.92442 -0.34342 -0.16588
vn -0.08950 -0.99507 0.04279
vn -0.60626 -0.72949 0.31669
vn -0.92498 -0.37980 -0.01251
vn -0.96051 0.00671 -0.27815
vn -0.94336 -0.03443 0.32997
vn -0.93735 0.04194 -0.34585
vn -0.999087 -0.01861 0.03846
vn -0.82430 -0.16917 0.54029
vn -0.40809 -0.90269 0.13643
vn -0.82034 -0.35987 0.44445
vn -0.03963 -0.99896 0.02249
vn -0.00700 -0.999976 -0.00002
vn -0.08134 -0.99668 0.00311
vn -0.53465 -0.84216 0.07013
vn -0.94362 -0.32983 0.02832
vn -0.90712 -0.01607 0.42056
vn -0.81145 0.02538 0.58387
vn -0.99628 0.02797 0.08147
vn -0.81946 0.00138 0.57314
vn -0.87870 0.02004 0.47695
vn -0.99745 0.04870 0.05218
vn -0.96627 -0.17221 0.19150
vn -0.67845 -0.58739 0.44123
vn -0.15297 -0.98071 0.12165
vn -0.00248 -0.999267 0.03819
vn -0.01683 -0.99343 0.11324
vn -0.14868 -0.93314 0.32734
vn -0.37625 -0.65902 0.65125
vn -0.62591 -0.10792 0.77239
vn -0.78703 0.03282 0.61604
vn -0.95645 0.06350 0.28492
vn -0.95784 0.02997 0.28572
vn -0.9995 0.00894 0.03032
vn -0.73185 0.02188 0.68111
vn -0.60064 0.09208 0.79420
vn -0.49398 -0.06940 0.86670
vn -0.35546 -0.33674 0.87193
vn -0.10600 -0.82905 0.54904
vn -0.29729 -0.56421 0.77025
vn -0.06593 -0.94213 0.32869
vn -0.05535 -0.97746 0.20374
vn 0.00642 -0.97932 0.20221
vn -0.05696 -0.85147 0.52131
vn -0.15460 -0.74674 0.64689
vn -0.23105 -0.55590 0.79849
vn -0.31923 -0.35694 0.87789
vn -0.33815 -0.20743 0.91795
vn -0.45964 0.03987 0.88721
vn -0.43345 -0.05267 0.89964
vn -0.57807 0.01412 0.81586
vn -0.999507 -0.00990 0.02980
vn -0.92709 -0.01965 0.37434
vn -0.79964 -0.04278 0.59895
vn -0.94855 0.00373 0.31660
vn -0.97134 -0.04267 0.23383
vn -0.92986 -0.04411 0.36526
vn -0.46559 0.00454 0.88499
vn -0.41452 0.05250 0.90852
vn -0.38216 -0.12797 0.91519
vn -0.09746 -0.26962 0.95802
vn -0.24991 -0.13333 0.95904
vn -0.06778 -0.33577 0.93950
vn -0.01374 -0.58552 0.81054
vn 0.00303 -0.02516 0.999679
vn -0.08368 0.00652 0.99647
vn -0.28501 0.01286 0.95844
vn -0.44043 -0.02622 0.89740
vn -0.55944 -0.04008 0.82790
vn -0.74193 -0.09305 0.66399
vn -0.99492 0.06373 0.07798
vn -0.95813 0.06623 0.27858
vn -0.82950 -0.05468 0.55583
vn -0.90544 0.32304 0.27536
vn -0.90210 0.09870 0.42010
vn -0.51318 -0.03788 0.85745
vn -0.09871 0.00032 0.99512
vn 0.01635 0.02081 0.99965
vn 0.02259 0.07003 0.99729
vn 0.00906 0.08692 0.99617
vn 0.11983 0.26562 0.95660
vn -0.30317 -0.09484 0.94821
vn -0.46738 -0.08142 0.88030
vn -0.43006 -0.00369 0.90279
vn -0.61131 0.09454 0.78573
vn -0.74930 0.05859 0.65964
vn -0.68601 0.47006 0.55537
vn -0.57686 0.58744 0.56758
vn -0.63692 0.58399 0.50327
vn -0.85090 0.31203 0.42261
vn -0.82131 0.05164 0.56813
vn -0.61502 0.71020 0.34259
vn -0.64266 0.64094 0.41975
vn -0.76924 0.37175 0.51968
vn -0.34643 0.74024 0.57622
vn -0.19228 0.72208 0.66455
vn -0.34717 0.74350 0.57156
vn -0.36740 0.66555 0.64966
vn -0.31961 0.26611 0.90942
vn -0.41775 0.21193 0.88350
vn -0.56953 0.06973 0.81901
vn -0.48668 -0.05288 0.87198
vn -0.04450 -0.10143 0.99385
vn 0.17737 0.11889 0.97694
vn 0.21021 0.05672 0.97601
vn 0.42289 0.13555 0.89599
vn -0.16649 -0.05692 0.98440
vn -0.31727 0.08368 0.94464
vn -0.46631 0.26923 0.84266
vn -0.57153 0.34373 0.74512
vn -0.34910 0.54344 0.76341
vn -0.27237 0.77888 0.56494
vn -0.22773 0.82105 0.52347
vn -0.11225 0.86061 0.49674
vn -0.10091 0.85214 0.51349
vn -0.37268 0.88537 0.27791
vn -0.06128 0.98267 0.17492
vn -0.33470 0.83255 0.44141
vn -0.24783 0.84334 0.47681
vn -0.37415 0.69177 0.61762
vn -0.15785 0.59069 0.79131
vn -0.08968 0.21597 0.97227
vn 0.25431 0.27527 0.92712
vn 0.44054 0.19942 0.87530
vn 0.16214 0.48153 0.86130
vn 0.08746 0.41640 0.90497
vn -0.03590 0.04184 0.99848
vn -0.10217 0.02789 0.99438
vn -0.04041 -0.07568 0.99631
vn -0.05745 -0.14691 0.98748
vn 0.24769 0.51777 0.81888
vn 0.06663 0.45025 0.89041
vn -0.00602 0.77751 0.62884
vn -0.17268 0.83518 0.52216
vn -0.17305 0.84933 0.49869
vn -0.26870 0.76830 0.58096
vn -0.30479 0.80659 0.50647
vn -0.65255 0.70730 0.27185
vn -0.82097 0.30970 0.47968
vn -0.94085 0.33882 0.00199
vn -0.91871 0.03988 0.39292
vn -0.98201 0.00945 -0.18860
vn -0.95851 -0.04361 0.28169
vn 0.00019 -1 0.00094
vn 0.00488 -0.999967 -0.00642
vn -0.00100 -0.999999 0.00094
vn 0.04953 -0.99605 -0.07365
vn 0.04105 -0.98875 -0.14381
vn 0.27616 -0.84480 -0.45830
vn -0.02067 -0.99501 -0.09764
vn -0.04898 -0.83836 -0.54291
vn -0.00354 -0.999258 -0.03836
vn -0.01625 -0.999661 0.02035
vn -0.00089 -0.999998 0.00187
vn -0.05520 -0.90060 -0.43112
vn -0.19693 -0.44822 -0.87196
vn 0.16531 -0.21693 -0.96209
vn 0.43723 -0.29480 -0.84966
vn 0.16850 0.07616 -0.98275
vn -0.28908 0.03493 -0.95667
vn 0.41072 0.02950 -0.91128
vn -0.00410 -0.28420 -0.95876
vn 0.19529 -0.83000 -0.52246
vn 0.28882 -0.91831 -0.27071
vn 0.17559 -0.96918 -0.17276
vn 0.01401 -0.999885 0.00578
vn 0.09647 -0.99165 -0.08559
vn -0.00155 -0.999999 -0.00016
vn -0.00091 -0.999999 0.00106
vn 0.01756 -0.99225 -0.12299
vn 0.31019 -0.78752 -0.53254
vn 0.68577 -0.49783 -0.53092
vn 0.63717 -0.42167 -0.64514
vn 0.46343 -0.09999 -0.88048
vn 0.81124 0.01810 -0.58444
vn 0.70874 0.10039 -0.69829
vn 0.63395 -0.15281 -0.75813
vn 0.77440 0.02444 -0.63223
vn -0.15786 -0.88972 -0.42835
vn -0.03783 -0.21260 -0.97641
vn -0.02065 -0.999744 -0.00926
vn 0.00144 -0.999997 0.00188
vn -0.05431 -0.96835 -0.24360
vn -0.37939 -0.55448 -0.74068
vn -0.23440 0.03012 -0.97167
vn -0.49936 -0.02653 -0.86599
vn 0.58522 0.04689 -0.80952
vn 0.38548 0.00359 -0.92271
vn 0.75034 0.00377 -0.66104
vn -0.59644 0.02873 -0.80214
vn -0.33952 0.03595 -0.93991
vn -0.10400 -0.50278 -0.85814
vn -0.22919 0.01601 -0.97325
vn 0.13573 -0.92555 -0.35347
vn 0.22887 -0.95892 -0.16763
vn -0.00299 -0.999973 0.00675
vn 0.00052 -0.999999 0.00105
vn 0.21125 -0.95481 -0.20909
vn 0.62967 -0.65976 -0.41016
vn 0.59510 -0.63325 -0.49483
vn 0.49076 -0.24143 -0.83718
vn 0.15937 0.03648 -0.98654
vn -0.03127 0.06707 -0.99726
vn -0.09776 -0.00294 -0.99521
vn -0.49355 -0.02516 -0.86935
vn -0.19350 0.00207 -0.98110
vn 0.25157 0.00649 -0.96782
vn 0.25171 0.07645 -0.96478
vn 0.49043 0.07947 -0.86785
vn 0.79629 -0.03720 -0.60377
vn 0.71902 0.07172 -0.69128
vn 0.87244 -0.19761 -0.44699
vn 0.63449 -0.48111 -0.60494
vn 0.81514 -0.16560 -0.55509
vn 0.07353 -0.98371 -0.16405
vn 0.50787 -0.58853 -0.62905
vn 0.00152 -0.999946 0.01026
vn 0.04827 -0.97623 -0.21131
vn 0.10422 -0.69766 -0.70880
vn 0.33223 -0.19096 -0.92367
vn 0.73305 -0.08006 -0.67544
vn 0.83564 0.01977 -0.54892
vn 0.78538 0.00393 -0.61900
vn 0.61084 0.00690 -0.79172
vn 0.80267 -0.00738 -0.59637
vn 0.75346 0.04246 -0.65612
vn 0.21468 -0.01854 -0.97651
vn 0.00029 -0.22449 -0.97448
vn 0.26869 -0.54306 -0.79554
vn 0.12281 -0.99169 -0.03821
vn 0.35242 -0.87048 -0.34362
vn 0.05742 -0.99834 -0.00393
vn 0.02293 -0.999662 -0.01225
vn 0.00077 -1 -0.00024
vn 0.01010 -0.999931 -0.00596
vn 0.09220 -0.99385 -0.06130
vn 0.33999 -0.92958 -0.14243
vn 0.37693 -0.91899 -0.11567
vn 0.56101 -0.79037 -0.24613
vn 0.77976 -0.44874 -0.43659
vn 0.65762 -0.34901 -0.66763
vn 0.59254 -0.05918 -0.80336
vn 0.31049 -0.10550 -0.94470
vn 0.08947 -0.03902 -0.99522
vn 0.42864 0.01276 -0.90338
vn 0.06668 0.07249 -0.99514
vn 0.59406 -0.02140 -0.80413
vn 0.75342 -0.00904 -0.65748
vn 0.33781 0.29371 -0.89421
vn 0.38110 0.40522 -0.83100
vn 0.36155 0.03241 -0.93179
vn 0.79744 -0.04567 -0.60167
vn 0.59998 0.01904 -0.79979
vn 0.82968 -0.06828 -0.55405
vn 0.88633 -0.24231 -0.39459
vn 0.81673 -0.50806 -0.27354
vn 0.79112 -0.57496 -0.20869
vn 0.52324 -0.77501 -0.35437
vn 0.82173 -0.39430 -0.41143
vn 0.31092 -0.94505 -0.10102
vn 0.77125 -0.49780 -0.39669
vn 0.83540 -0.15880 -0.52620
vn 0.90611 -0.06105 -0.41860
vn 0.94124 -0.14827 -0.30347
vn 0.88353 -0.09454 -0.45874
vn 0.86343 -0.02841 -0.50367
vn 0.80155 0.09729 -0.58996
vn 0.64111 0.27166 -0.71776
vn 0.61122 0.65339 -0.44665
vn 0.39022 0.79299 -0.46786
vn 0.40017 0.63065 -0.66494
vn 0.72257 0.16459 -0.67142
vn 0.66736 0.51323 -0.53965
vn 0.90385 0.21833 -0.36795
vn 0.84919 0.09921 -0.51869
vn 0.77126 0.05011 -0.63454
vn 0.78959 0.54948 -0.27316
vn 0.48472 0.74531 -0.45778
vn 0.49393 0.84416 -0.20840
vn 0.39205 0.90419 -0.16953
vn 0.45664 0.87292 -0.17173
vn 0.78512 0.53119 -0.31847
vn 0.85443 0.23692 -0.46240
vn 0.92777 0.09064 -0.36197
vn 0.92947 -0.08763 -0.35834
vn 0.96089 -0.07325 -0.26705
vn 0.86218 -0.01629 -0.50633
vn 0.89566 -0.06773 -0.43955
vn 0.92628 -0.04991 -0.37351
vn 0.92919 0.18521 -0.31985
vn 0.66414 0.70762 -0.24123
vn 0.30166 0.94716 -0.10908
vn 0.33250 0.94195 -0.04665
vn 0.48024 0.87506 -0.06028
vn 0.82489 0.55693 -0.09687
vn 0.98253 0.11730 -0.14449
vn 0.92249 0.04896 -0.38289
vn 0.81897 0.03440 -0.57280
vn 0.98877 0.13678 -0.06026
vn 0.99606 0.01137 -0.08795
vn 0.96986 0.01372 -0.24327
vn 0.79383 0.60577 -0.05359
vn 0.52744 0.84923 -0.02478
vn 0.25196 0.96732 -0.02828
vn 0.38543 0.90088 -0.19962
vn 0.20968 0.97169 -0.10884
vn 0.73625 0.56557 -0.37157
vn 0.90837 0.28357 -0.30733
vn 0.86902 0.11421 -0.48141
vn 0.89584 0.04559 -0.44202
vn 0.80566 0.36152 -0.46926
vn 0.55792 0.77496 -0.29691
vn 0.22113 0.96667 -0.12905
vn 0.14634 0.98699 -0.06658
vn 0.58065 0.81009 0.08127
vn 0.91444 0.40471 -0.00157
vn 0.97417 0.17616 -0.14131
vn 0.94540 0.01806 -0.32542
vn 0.88186 -0.02147 -0.47103
vn 0.82873 -0.05219 -0.55721
vn 0.82670 0.21627 -0.51941
vn 0.82642 0.08343 -0.55684
vn 0.84202 0.45033 -0.29698
vn 0.59017 0.80297 -0.08324
vn 0.88022 0.46925 -0.07086
vn 0.999014 -0.02295 0.03801
vn 0.94123 0.24291 0.23469
vn 0.16612 0.98450 0.05631
vn 0.59000 0.75495 0.28626
vn 0.06091 0.99707 -0.04622
vn 0.14146 0.97852 0.14998
vn -0.00732 0.999973 -0.00100
vn 0.44508 0.78189 0.43652
vn 0.57958 0.50263 0.64144
vn 0.88139 0.28556 0.37631
vn 0.91453 -0.04252 0.40228
vn 0.97723 -0.04433 0.20748
vn 0.99720 0.06784 0.03140
vn 0.31719 0.94822 -0.01628
vn 0.06431 0.99768 -0.02228
vn 0.32962 0.92374 -0.19508
vn 0.66842 0.60048 -0.43891
vn 0.84359 0.08302 -0.53053
vn 0.79961 -0.05434 -0.59806
vn 0.78794 -0.00630 -0.61573
vn 0.80388 0.01113 -0.59468
vn 0.70192 -0.07877 -0.70788
vn 0.70050 0.01647 -0.71347
vn 0.62161 0.54787 -0.55985
vn 0.67475 -0.00682 -0.73802
vn 0.14598 0.98052 -0.13142
vn -0.00600 0.999979 0.00248
vn 0.02610 0.999654 -0.00318
vn 0.42603 0.90469 -0.00586
vn 0.83776 0.54159 0.06959
vn 0.96373 0.14773 0.22227
vn 0.91579 0.03985 0.39967
vn 0.76766 -0.00172 0.64086
vn 0.73013 0.12415 0.67194
vn 0.52419 0.01588 0.85145
vn 0.43600 0.25966 0.86167
vn 0.72923 0.21967 0.64805
vn 0.86677 0.29783 0.40002
vn 0.80689 0.53914 0.24137
vn 0.36941 0.92636 0.07348
vn -0.01141 0.999892 -0.00931
vn -0.01599 0.999122 -0.03873
vn 0.14206 0.94926 -0.28056
vn 0.32388 0.44157 -0.83673
vn 0.47278 -0.05625 -0.87939
vn -0.06671 0.86025 -0.50549
vn -0.10177 0.29224 -0.95092
vn 0.04176 -0.02043 -0.99892
vn 0.00491 0.999982 0.00332
vn 0.09637 0.99158 0.08645
vn 0.61403 0.71713 0.32969
vn 0.49812 0.30559 0.81148
vn 0.42971 0.73292 0.52742
vn 0.56375 0.02084 0.82568
vn 0.53699 -0.01213 0.84350
vn 0.23232 0.89510 0.38056
vn 0.55269 0.46508 0.69154
vn 0.04247 0.99887 0.02133
vn -0.01437 0.99644 -0.08308
vn -0.16155 0.86848 -0.46867
vn -0.40158 0.22701 -0.88725
vn -0.27369 -0.09112 -0.95749
vn 0.07874 -0.03968 -0.99611
vn -0.26258 -0.05228 -0.96349
vn -0.40992 -0.05128 -0.91068
vn -0.32195 0.19432 -0.92660
vn -0.50529 -0.08766 -0.85848
vn 0.12732 0.83401 -0.53685
vn 0.02927 0.99868 -0.04230
vn -0.00354 0.999978 0.00564
vn -0.00013 1 0.00068
vn 0.15615 0.97616 0.15076
vn 0.63341 0.59406 0.49586
vn 0.72834 0.04050 0.68402
vn -0.04459 0.99867 -0.02586
vn 0.15924 0.98247 0.09689
vn -0.00790 0.999968 0.00156
vn 0.14411 0.97233 -0.18384
vn 0.47927 0.10575 -0.87127
vn 0.67981 0.49935 -0.53713
vn 0.16099 -0.08134 -0.98360
vn 0.80446 -0.02654 -0.59342
vn 0.20030 0.96016 -0.19488
vn 0.83048 -0.04334 -0.55536
vn 0.61800 0.43381 -0.65565
vn -0.01545 0.999596 -0.02384
vn -0.00155 0.99561 -0.09358
vn 0.26385 0.80929 -0.52482
vn 0.68507 -0.10988 -0.72014
vn 0.47521 0.08290 -0.87596
vn 0.79267 -0.10611 -0.60034
vn 0.55215 0.00880 -0.83370
vn 0.68143 -0.03431 -0.73108
vn 0.48598 -0.08457 -0.86987
vn 0.17022 0.32229 -0.93121
vn 0.18433 -0.10022 -0.97774
vn -0.06772 0.79052 -0.60867
vn 0.00036 0.999992 0.00394
vn -0.00006 1 0.00022
vn 0.02284 0.99533 -0.09379
vn -0.06040 0.77506 -0.62900
vn -0.28181 0.06282 -0.95741
vn -0.20535 -0.05946 -0.97688
vn 0.09262 -0.03243 -0.99517
vn 0.27589 -0.01719 -0.96104
vn 0.51270 -0.01599 -0.85842
vn 0.04932 0.02204 -0.99854
vn -0.47867 -0.10936 -0.87116
vn -0.05726 0.06142 -0.99647
vn -0.20404 -0.09762 -0.97408
vn 0.20839 0.66711 -0.71522
vn -0.00175 0.999997 0.00183
vn 0.00010 1 0.00028
vn -0.00119 0.999999 -0.00108
vn 0.11285 0.95938 -0.25856
vn 0.41640 0.06054 -0.90716
vn 0.40001 0.43218 -0.80821
vn 0.38149 -0.08052 -0.92086
vn -0.35137 0.01987 -0.93603
vn -0.03718 0.00213 -0.999306
vn 0.35656 0.00113 -0.93427
vn 0.28912 0.00317 -0.95729
vn 0.58589 -0.01828 -0.81019
vn 0.51973 -0.04869 -0.85294
vn 0.54836 0.02235 -0.83595
vn 0.25998 0.70223 -0.66278
vn 0.25481 0.08772 -0.96300
vn 0.03774 0.99520 -0.09030
vn -0.00156 0.999999 0.00068
vn 0.00024 0.999954 -0.00956
vn 0.10392 0.95613 -0.27389
vn 0.41679 0.05248 -0.90749
vn 0.40768 0.42162 -0.80996
vn 0.25655 -0.04181 -0.96562
vn 0.32912 -0.06410 -0.94211
vn 0.35607 -0.03689 -0.93373
vn 0.26784 -0.05567 -0.96185
vn -0.09926 -0.00597 -0.99504
vn -0.36009 0.02528 -0.93257
vn 0.38823 -0.01807 -0.92138
vn 0.23178 0.00056 -0.97277
vn 0.36315 -0.01388 -0.93163
vn 0.54627 -0.01232 -0.83752
vn 0.53150 -0.01325 -0.84695
vn 0.12390 0.70249 -0.70082
vn 0.31675 0.10690 -0.94247
vn -0.01036 0.97124 -0.23789
vn -0.12216 0.66517 -0.73663
vn -0.08346 0.16572 -0.98264
vn 0.40458 -0.05752 -0.91269
vn 0.03093 -0.05939 -0.99776
vn 0.47070 0.01023 -0.88223
vn 0.45287 -0.03073 -0.89105
vn 0.48013 0.00092 -0.87720
vn 0.21462 0.01010 -0.97664
vn -0.27255 0.06359 -0.96004
vn 0.42829 0.00227 -0.90364
vn 0.19998 -0.02741 -0.97942
vn -0.23847 -0.05234 -0.96974
vn -0.23460 0.08354 -0.96850
vn -0.37000 -0.04659 -0.92786
vn -0.56252 -0.04105 -0.82576
vn -0.58379 0.21436 -0.78309
vn -0.35792 0.36132 -0.86101
vn -0.20588 0.91182 -0.35524
vn -0.37445 0.75667 -0.53595
vn -0.64919 0.08114 -0.75629
vn -0.63960 -0.05083 -0.76703
vn -0.67087 0.24637 -0.69946
vn -0.02940 0.99565 -0.08840
vn -0.10471 0.98825 -0.11135
vn -0.49160 0.78094 -0.38531
vn 0.00511 0.999578 0.02859
vn -0.06445 0.99749 -0.02944
vn -0.25384 0.95006 -0.18155
vn -0.79106 0.39566 -0.46656
vn -0.73369 0.14432 -0.66398
vn -0.79071 0.52523 -0.31449
vn 0.03586 0.99896 -0.02811
vn 0.01045 0.999838 -0.01467
vn -0.46043 0.06423 -0.88537
vn -0.20141 0.06097 -0.97761
vn 0.00958 0.05935 -0.99819
vn 0.27169 0.09105 -0.95807
vn 0.15824 0.04371 -0.98643
vn 0.32759 -0.00629 -0.94480
vn 0.58213 0.05559 -0.81120
vn 0.74204 0.07363 -0.66630
vn 0.70218 -0.01882 -0.71175
vn -0.19478 -0.03277 -0.98030
vn -0.40488 -0.00404 -0.91436
vn -0.12784 -0.00722 -0.99177
vn -0.55624 -0.02910 -0.83051
vn -0.23361 -0.00523 -0.97232
vn -0.29053 -0.00531 -0.95685
vn 0.54477 -0.01495 -0.83846
vn 0.07637 0.99346 0.08487
vn 0.27873 0.93072 0.23678
vn 0.65534 0.66625 0.35586
vn 0.60335 0.71772 0.34763
vn 0.67976 -0.01626 0.73326
vn 0.58939 0.13794 0.79598
vn 0.50169 0.55055 0.66723
vn 0.48951 0.20789 0.84686
vn 0.33364 0.69816 0.63344
vn 0.02145 0.99616 0.08483
vn 0.11889 0.96017 0.25285
vn 0.21737 0.91684 0.33489
vn 0.35435 0.69777 0.62253
vn 0.04221 0.99050 0.13089
vn -0.04081 0.999096 0.01194
vn 0.05574 0.99817 0.02363
vn 0.07510 0.99718 0.00106
vn 0.10645 0.99391 -0.02851
vn 0.38758 0.92135 0.02993
vn 0.45674 0.88880 -0.03765
vn 0.39710 0.91646 0.04904
vn 0.40435 0.89244 0.20012
vn 0.64160 0.75999 0.10376
vn 0.66878 0.74335 0.01234
vn 0.70673 0.70719 -0.02058
vn 0.54391 0.83650 -0.06651
vn 0.77918 0.62292 -0.06965
vn 0.36067 0.92652 -0.10715
vn 0.83403 0.50840 -0.21429
vn 0.85247 0.51606 -0.08357
vn 0.93957 0.27543 -0.20334
vn 0.89926 0.42212 -0.11469
vn 0.83699 0.54621 0.03301
vn 0.85255 0.51933 0.05886
vn 0.81920 0.50481 0.27218
vn 0.67650 0.62338 0.39211
vn 0.55034 0.63515 0.54195
vn 0.25619 0.91743 0.30443
vn 0.45611 0.60028 0.65698
vn 0.68248 0.20255 0.70228
vn 0.72862 0.34138 0.59378
vn 0.56892 0.32939 0.75355
vn 0.82395 0.25074 0.50817
vn 0.93115 0.22177 0.28945
vn 0.95573 0.25738 0.14262
vn 0.96770 0.23835 0.08215
vn 0.97786 0.11956 -0.17173
vn 0.93646 -0.02949 -0.34953
vn 0.96984 -0.01177 -0.24344
vn 0.95152 0.20563 -0.22877
vn 0.94259 0.11109 -0.31494
vn 0.94184 -0.13082 -0.30954
vn 0.96731 -0.11807 -0.22443
vn 0.94173 -0.04864 -0.33282
vn 0.96765 -0.13905 -0.21054
vn 0.99462 -0.08880 0.05325
vn 0.98751 0.02852 0.15494
vn 0.95614 -0.00262 0.29291
vn 0.85114 0.04295 0.52317
vn 0.77246 0.07633 0.63046
vn 0.68289 -0.00563 0.73050
vn 0.57963 0.05526 0.81301
vn 0.47878 0.18443 0.85834
vn 0.46005 -0.00679 0.88786
vn 0.57182 -0.10263 0.81393
vn 0.76674 -0.09604 0.63473
vn 0.64440 -0.20869 0.73566
vn 0.86918 -0.11708 0.48043
vn 0.90077 -0.25320 0.35286
vn 0.94086 -0.29479 0.16696
vn 0.86018 -0.50867 0.03667
vn 0.81271 -0.54088 -0.21667
vn 0.85399 -0.45647 -0.24967
vn 0.89901 -0.38560 -0.20759
vn 0.93940 -0.11713 -0.32218
vn 0.82466 -0.49945 -0.26551
vn 0.54887 -0.82242 -0.14956
vn 0.35650 -0.92086 -0.15785
vn 0.29239 -0.95629 0.00442
vn 0.48875 -0.86778 0.08993
vn 0.73282 -0.64049 0.22969
vn 0.72153 -0.53662 0.43753
vn 0.66402 -0.49782 0.55790
vn 0.28485 -0.94302 0.17200
vn 0.33688 -0.93088 0.14137
vn 0.03044 -0.99951 -0.00734
vn -0.00422 -0.999911 -0.01264
vn 0.12614 -0.99044 -0.05590
vn 0.46340 -0.69074 0.55510
vn -0.00740 -0.999808 -0.01815
vn 0.13756 -0.96255 0.23362
vn 0.48762 -0.49107 0.72186
vn 0.33367 -0.72103 0.60727
vn -0.01806 -0.999456 -0.02759
vn -0.00063 -0.999999 0.00127
vn 0.31614 -0.55378 0.77031
vn 0.45115 -0.24635 0.85777
vn 0.38124 -0.13940 0.91390
vn 0.00152 -0.999999 -0.00042

# No. texture coordinates 1664:
vt 0.41550 0.54771
vt 0.41331 0.56165
vt 0.42546 0.55570
vt 0.40258 0.55063
vt 0.84011 0.34973
vt 0.83642 0.33620
vt 0.82863 0.34437
vt 0.82246 0.33409
vt 0.84111 0.32728
vt 0.82893 0.32548
vt 0.41112 0.57886
vt 0.42412 0.56949
vt 0.40119 0.56592
vt 0.38967 0.55799
vt 0.39263 0.54690
vt 0.83085 0.35349
vt 0.83679 0.35910
vt 0.81584 0.34203
vt 0.81844 0.35144
vt 0.80760 0.33476
vt 0.81479 0.32656
vt 0.84373 0.57034
vt 0.83680 0.55810
vt 0.83280 0.56982
vt 0.82528 0.55996
vt 0.82636 0.54943
vt 0.43283 0.56348
vt 0.81749 0.55546
vt 0.42530 0.58091
vt 0.43437 0.57453
vt 0.42305 0.59305
vt 0.38902 0.57814
vt 0.37758 0.56566
vt 0.37821 0.55306
vt 0.38560 0.54720
vt 0.82564 0.36199
vt 0.83659 0.36614
vt 0.80651 0.36064
vt 0.80227 0.34615
vt 0.78828 0.33484
vt 0.79958 0.32565
vt 0.84934 0.58454
vt 0.83945 0.57917
vt 0.82918 0.58409
vt 0.81964 0.56892
vt 0.81900 0.56144
vt 0.94122 0.20335
vt 0.93762 0.21418
vt 0.94604 0.20877
vt 0.81384 0.56157
vt 0.43385 0.58645
vt 0.44141 0.58066
vt 0.79912 0.56106
vt 0.80736 0.56605
vt 0.80718 0.55716
vt 0.94784 0.21646
vt 0.36232 0.57849
vt 0.36670 0.55849
vt 0.83101 0.06350
vt 0.82676 0.07522
vt 0.83669 0.07112
vt 0.81680 0.06732
vt 0.83522 0.07956
vt 0.83002 0.37122
vt 0.81760 0.37179
vt 0.82807 0.38039
vt 0.84069 0.58754
vt 0.79057 0.35472
vt 0.80238 0.37278
vt 0.81280 0.38213
vt 0.82449 0.39079
vt 0.83714 0.38599
vt 0.35453 0.56026
vt 0.83391 0.39799
vt 0.37863 0.59592
vt 0.82455 0.39825
vt 0.81739 0.39573
vt 0.81284 0.39050
vt 0.80445 0.38723
vt 0.79762 0.38038
vt 0.78721 0.34535
vt 0.78630 0.32509
vt 0.77655 0.35023
vt 0.78957 0.36533
vt 0.80464 0.39707
vt 0.81772 0.40204
vt 0.82710 0.40405
vt 0.34836 0.56883
vt 0.34517 0.56133
vt 0.93639 0.60522
vt 0.93534 0.59561
vt 0.92922 0.59960
vt 0.34148 0.57831
vt 0.33885 0.56671
vt 0.92941 0.58779
vt 0.92100 0.59839
vt 0.82034 0.41090
vt 0.81120 0.40546
vt 0.79222 0.38770
vt 0.79030 0.37406
vt 0.78033 0.35885
vt 0.77599 0.36483
vt 0.78140 0.37107
vt 0.78137 0.37947
vt 0.78180 0.39645
vt 0.80143 0.40971
vt 0.81451 0.41924
vt 0.82508 0.41998
vt 0.83170 0.41397
vt 0.32692 0.57099
vt 0.93617 0.17118
vt 0.92485 0.16741
vt 0.92593 0.17652
vt 0.34336 0.59467
vt 0.32815 0.58688
vt 0.31736 0.58017
vt 0.93931 0.18533
vt 0.93077 0.18254
vt 0.94830 0.17724
vt 0.82109 0.42666
vt 0.80380 0.42152
vt 0.81141 0.42765
vt 0.78209 0.38728
vt 0.77123 0.37184
vt 0.77311 0.38597
vt 0.76636 0.37846
vt 0.78460 0.40886
vt 0.79027 0.41893
vt 0.80448 0.42738
vt 0.72832 0.80377
vt 0.72741 0.81033
vt 0.73535 0.80346
vt 0.74298 0.80935
vt 0.74513 0.80220
vt 0.73878 0.81727
vt 0.75015 0.81914
vt 0.31499 0.59211
vt 0.75146 0.83147
vt 0.74251 0.82455
vt 0.32609 0.60473
vt 0.30981 0.60436
vt 0.73844 0.83350
vt 0.74812 0.84409
vt 0.73043 0.82385
vt 0.72287 0.80285
vt 0.79904 0.42615
vt 0.79267 0.42786
vt 0.76695 0.39070
vt 0.76091 0.38445
vt 0.76348 0.39782
vt 0.75693 0.39004
vt 0.77155 0.40641
vt 0.77742 0.41401
vt 0.78034 0.41969
vt 0.78161 0.42587
vt 0.70543 0.80215
vt 0.71298 0.80912
vt 0.71649 0.80390
vt 0.71359 0.81890
vt 0.72941 0.83111
vt 0.72746 0.83764
vt 0.73622 0.84359
vt 0.31470 0.61781
vt 0.75054 0.85695
vt 0.73958 0.85348
vt 0.72550 0.84883
vt 0.71477 0.83916
vt 0.71990 0.82978
vt 0.70209 0.81048
vt 0.77243 0.42070
vt 0.76559 0.41322
vt 0.90219 0.56934
vt 0.89537 0.55999
vt 0.88787 0.56718
vt 0.75710 0.40653
vt 0.75054 0.39565
vt 0.16102 0.11902
vt 0.17454 0.11610
vt 0.16823 0.10773
vt 0.16212 0.10461
vt 0.35424 0.79018
vt 0.36840 0.78997
vt 0.36121 0.77667
vt 0.08433 0.60475
vt 0.07458 0.61777
vt 0.08732 0.61970
vt 0.34752 0.77546
vt 0.07168 0.60901
vt 0.90645 0.56098
vt 0.76083 0.42193
vt 0.75452 0.41406
vt 0.76981 0.42856
vt 0.69365 0.80351
vt 0.71107 0.84874
vt 0.71583 0.85804
vt 0.73083 0.86229
vt 0.73958 0.86663
vt 0.74204 0.86181
vt 0.71913 0.86683
vt 0.70307 0.82859
vt 0.69955 0.81868
vt 0.69129 0.81293
vt 0.68221 0.80705
vt 0.68464 0.79878
vt 0.07205 0.59708
vt 0.06203 0.60681
vt 0.05931 0.59663
vt 0.38158 0.80695
vt 0.39013 0.80304
vt 0.38194 0.79444
vt 0.37270 0.80400
vt 0.06528 0.58718
vt 0.67386 0.81454
vt 0.68250 0.81524
vt 0.68860 0.82290
vt 0.69861 0.84247
vt 0.72705 0.87243
vt 0.71881 0.87379
vt 0.71296 0.87125
vt 0.70894 0.86538
vt 0.69895 0.85692
vt 0.68928 0.83386
vt 0.67899 0.82976
vt 0.67785 0.82093
vt 0.38849 0.81515
vt 0.62810 0.92382
vt 0.61699 0.92974
vt 0.62799 0.93255
vt 0.37411 0.81910
vt 0.35738 0.81045
vt 0.37582 0.83556
vt 0.38365 0.82625
vt 0.39216 0.82589
vt 0.61230 0.94045
vt 0.62315 0.93998
vt 0.67145 0.83719
vt 0.68021 0.83844
vt 0.68706 0.84158
vt 0.68729 0.84923
vt 0.70669 0.87230
vt 0.58792 0.15863
vt 0.59322 0.16525
vt 0.59425 0.15772
vt 0.59996 0.16058
vt 0.58204 0.15442
vt 0.58014 0.16493
vt 0.70063 0.86820
vt 0.68292 0.85905
vt 0.68111 0.84480
vt 0.67523 0.84408
vt 0.38721 0.83621
vt 0.84278 0.92743
vt 0.84984 0.91822
vt 0.84112 0.91975
vt 0.36130 0.83665
vt 0.33699 0.79887
vt 0.33599 0.83544
vt 0.37107 0.85045
vt 0.38086 0.84588
vt 0.31010 0.08020
vt 0.31430 0.07299
vt 0.30531 0.06940
vt 0.67127 0.85680
vt 0.67710 0.85158
vt 0.66859 0.84741
vt 0.84211 0.91190
vt 0.67650 0.85715
vt 0.69025 0.86869
vt 0.67742 0.86986
vt 0.67486 0.86165
vt 0.31942 0.08099
vt 0.66823 0.86539
vt 0.31491 0.08636
vt 0.37773 0.85306
vt 0.35638 0.86969
vt 0.31202 0.81507
vt 0.31892 0.78816
vt 0.30924 0.84139
vt 0.37600 0.86161
vt 0.38355 0.85404
vt 0.38671 0.86480
vt 0.66629 0.87592
vt 0.38006 0.87758
vt 0.33811 0.89581
vt 0.31398 0.87116
vt 0.34690 0.91095
vt 0.35888 0.90231
vt 0.33242 0.91614
vt 0.31570 0.90136
vt 0.29260 0.85230
vt 0.32760 0.93199
vt 0.33986 0.92791
vt 0.34694 0.92180
vt 0.35581 0.91716
vt 0.34902 0.93088
vt 0.35500 0.92577
vt 0.34111 0.93684
vt 0.33284 0.94177
vt 0.30830 0.92174
vt 0.28348 0.90112
vt 0.27693 0.86952
vt 0.31567 0.93510
vt 0.54334 0.35860
vt 0.53634 0.36737
vt 0.54853 0.36742
vt 0.53445 0.35555
vt 0.53963 0.34763
vt 0.53327 0.34958
vt 0.52702 0.35047
vt 0.52524 0.35950
vt 0.51371 0.35125
vt 0.51583 0.36263
vt 0.51009 0.35937
vt 0.50851 0.36545
vt 0.52344 0.34311
vt 0.53157 0.34549
vt 0.54964 0.35358
vt 0.55149 0.34685
vt 0.55249 0.36059
vt 0.55847 0.36843
vt 0.30600 0.93749
vt 0.29604 0.93204
vt 0.28611 0.92406
vt 0.26755 0.92525
vt 0.29511 0.94182
vt 0.56135 0.35555
vt 0.57009 0.36709
vt 0.54683 0.33613
vt 0.53284 0.33889
vt 0.51473 0.33974
vt 0.52207 0.33421
vt 0.53288 0.32844
vt 0.56021 0.33450
vt 0.55431 0.32735
vt 0.54458 0.32543
vt 0.56048 0.34272
vt 0.57500 0.34789
vt 0.57438 0.35887
vt 0.58136 0.36698
vt 0.28595 0.93576
vt 0.28387 0.94425
vt 0.27746 0.93199
vt 0.27795 0.93859
vt 0.27124 0.93626
vt 0.58453 0.35805
vt 0.21866 0.19489
vt 0.21037 0.20365
vt 0.21910 0.21060
vt 0.20969 0.21529
vt 0.57183 0.32442
vt 0.56355 0.32035
vt 0.56740 0.32835
vt 0.20093 0.21712
vt 0.20130 0.20700
vt 0.56863 0.31724
vt 0.56292 0.31224
vt 0.55444 0.31449
vt 0.55616 0.30640
vt 0.54708 0.30715
vt 0.54249 0.31562
vt 0.53851 0.30623
vt 0.52956 0.30961
vt 0.53074 0.31992
vt 0.54157 0.30013
vt 0.53230 0.29958
vt 0.54985 0.29982
vt 0.56334 0.30407
vt 0.55713 0.29991
vt 0.57016 0.30999
vt 0.57555 0.31769
vt 0.58025 0.32461
vt 0.19440 0.21164
vt 0.20185 0.19179
vt 0.59061 0.34858
vt 0.21422 0.17960
vt 0.59528 0.35826
vt 0.59251 0.36836
vt 0.19187 0.20318
vt 0.93016 0.30371
vt 0.93806 0.30552
vt 0.93804 0.29656
vt 0.58509 0.31855
vt 0.57917 0.30923
vt 0.57054 0.29966
vt 0.56142 0.29679
vt 0.55377 0.29438
vt 0.54526 0.29434
vt 0.56102 0.28948
vt 0.54828 0.28847
vt 0.58156 0.30092
vt 0.57639 0.29050
vt 0.59139 0.30956
vt 0.92926 0.29468
vt 0.59376 0.32117
vt 0.93579 0.28592
vt 0.18741 0.19327
vt 0.19213 0.18140
vt 0.20286 0.17244
vt 0.60294 0.35315
vt 0.21438 0.16598
vt 0.60622 0.36533
vt 0.27216 0.94504
vt 0.60127 0.37794
vt 0.26103 0.93935
vt 0.61079 0.35733
vt 0.61354 0.36216
vt 0.61242 0.34944
vt 0.20755 0.15853
vt 0.19127 0.17101
vt 0.19572 0.16011
vt 0.18124 0.18291
vt 0.18696 0.17690
vt 0.92427 0.28678
vt 0.93239 0.27438
vt 0.60296 0.31954
vt 0.59051 0.29592
vt 0.60504 0.30555
vt 0.91854 0.27545
vt 0.61579 0.31936
vt 0.92646 0.26234
vt 0.18288 0.17205
vt 0.17214 0.17278
vt 0.20160 0.15019
vt 0.21333 0.14733
vt 0.62027 0.35803
vt 0.61708 0.36695
vt 0.61470 0.37620
vt 0.94375 0.73268
vt 0.94281 0.73886
vt 0.94949 0.73942
vt 0.62011 0.37198
vt 0.95132 0.72795
vt 0.20360 0.13996
vt 0.95861 0.73619
vt 0.21299 0.13657
vt 0.19498 0.14441
vt 0.19390 0.15129
vt 0.18584 0.16369
vt 0.17836 0.16535
vt 0.91383 0.26393
vt 0.91980 0.25567
vt 0.92799 0.25059
vt 0.17204 0.16053
vt 0.61943 0.30728
vt 0.62796 0.31823
vt 0.61307 0.29664
vt 0.63003 0.30734
vt 0.62266 0.29658
vt 0.58141 0.10917
vt 0.57427 0.11648
vt 0.58142 0.11880
vt 0.59169 0.11317
vt 0.57374 0.12354
vt 0.91945 0.24905
vt 0.82446 0.88732
vt 0.81877 0.89583
vt 0.82767 0.89566
vt 0.18007 0.15945
vt 0.81569 0.88706
vt 0.17812 0.15372
vt 0.18654 0.15462
vt 0.18949 0.14842
vt 0.19117 0.14098
vt 0.19557 0.13804
vt 0.78192 0.89286
vt 0.79193 0.88998
vt 0.78710 0.88264
vt 0.77702 0.88364
vt 0.95923 0.74329
vt 0.06678 0.24486
vt 0.06457 0.25591
vt 0.07488 0.25165
vt 0.07747 0.24166
vt 0.79053 0.89709
vt 0.78618 0.90207
vt 0.77862 0.90035
vt 0.05854 0.24859
vt 0.79985 0.89524
vt 0.79740 0.88922
vt 0.80114 0.88853
vt 0.18888 0.14415
vt 0.18274 0.14783
vt 0.80815 0.89007
vt 0.56970 0.13206
vt 0.58032 0.12799
vt 0.57910 0.13709
vt 0.80987 0.89888
vt 0.81666 0.90548
vt 0.59003 0.12255
vt 0.59934 0.11775
vt 0.63183 0.29898
vt 0.58902 0.13205
vt 0.59948 0.12599
vt 0.58725 0.14253
vt 0.80573 0.90572
vt 0.81349 0.91401
vt 0.79505 0.90314
vt 0.79045 0.90973
vt 0.78014 0.90977
vt 0.05713 0.23922
vt 0.04914 0.24831
vt 0.06889 0.23366
vt 0.94923 0.75040
vt 0.08881 0.24048
vt 0.08105 0.23257
vt 0.32565 0.21538
vt 0.33132 0.22221
vt 0.33753 0.22047
vt 0.33784 0.20764
vt 0.32321 0.20308
vt 0.33246 0.19114
vt 0.31971 0.19113
vt 0.78698 0.91716
vt 0.31636 0.18131
vt 0.32454 0.18341
vt 0.79682 0.91675
vt 0.79864 0.91005
vt 0.80468 0.91401
vt 0.59830 0.13708
vt 0.59395 0.14695
vt 0.80834 0.91840
vt 0.58820 0.14956
vt 0.60715 0.13004
vt 0.61244 0.11855
vt 0.62881 0.28604
vt 0.61588 0.28139
vt 0.61940 0.28865
vt 0.60866 0.13829
vt 0.61668 0.13067
vt 0.60144 0.14582
vt 0.38245 0.11340
vt 0.38590 0.12044
vt 0.39091 0.11661
vt 0.39412 0.12191
vt 0.38997 0.12532
vt 0.80392 0.91872
vt 0.39522 0.12646
vt 0.30642 0.16989
vt 0.30707 0.17803
vt 0.31554 0.17288
vt 0.30087 0.17424
vt 0.32264 0.17670
vt 0.33203 0.17686
vt 0.32465 0.16975
vt 0.31655 0.16246
vt 0.30123 0.16152
vt 0.29785 0.17030
vt 0.40193 0.12434
vt 0.40202 0.11920
vt 0.38848 0.10800
vt 0.39665 0.11214
vt 0.91858 0.32705
vt 0.92608 0.32855
vt 0.92702 0.31995
vt 0.60933 0.14757
vt 0.61734 0.14057
vt 0.62612 0.13399
vt 0.62657 0.12315
vt 0.61978 0.27464
vt 0.62907 0.27135
vt 0.61192 0.28828
vt 0.60419 0.28087
vt 0.60892 0.27289
vt 0.61675 0.29261
vt 0.58745 0.28016
vt 0.60192 0.29094
vt 0.59660 0.27174
vt 0.61423 0.26442
vt 0.60131 0.26488
vt 0.80460 0.44943
vt 0.80652 0.43880
vt 0.79553 0.44263
vt 0.78936 0.45542
vt 0.62611 0.14322
vt 0.80005 0.43409
vt 0.63301 0.13778
vt 0.61736 0.15064
vt 0.91912 0.32021
vt 0.91086 0.32407
vt 0.38487 0.10137
vt 0.39210 0.09969
vt 0.39655 0.10617
vt 0.40451 0.10928
vt 0.41412 0.11590
vt 0.30983 0.15234
vt 0.41375 0.10747
vt 0.40840 0.09925
vt 0.40023 0.10169
vt 0.39892 0.09455
vt 0.39109 0.09170
vt 0.38561 0.09562
vt 0.91509 0.31673
vt 0.90677 0.31631
vt 0.90083 0.32525
vt 0.62721 0.15115
vt 0.63442 0.14566
vt 0.39976 0.80114
vt 0.40928 0.80384
vt 0.40695 0.79452
vt 0.41614 0.80170
vt 0.78031 0.44625
vt 0.39403 0.78674
vt 0.77034 0.46128
vt 0.78128 0.46589
vt 0.58915 0.26346
vt 0.77189 0.47375
vt 0.58716 0.27005
vt 0.57526 0.26634
vt 0.75712 0.47496
vt 0.76440 0.48583
vt 0.36279 0.76714
vt 0.37775 0.77894
vt 0.37295 0.76145
vt 0.38879 0.76719
vt 0.40597 0.77730
vt 0.41872 0.79122
vt 0.63411 0.15153
vt 0.42163 0.79996
vt 0.89781 0.31926
vt 0.89457 0.32487
vt 0.63162 0.15442
vt 0.91457 0.30994
vt 0.90793 0.30795
vt 0.89941 0.30959
vt 0.39673 0.08797
vt 0.91334 0.30335
vt 0.90688 0.30019
vt 0.44521 0.79729
vt 0.43796 0.80743
vt 0.45230 0.81015
vt 0.44489 0.81692
vt 0.43183 0.79290
vt 0.42911 0.80311
vt 0.42487 0.79821
vt 0.42457 0.76973
vt 0.40284 0.75394
vt 0.37678 0.74372
vt 0.35909 0.75027
vt 0.39373 0.72945
vt 0.44501 0.78060
vt 0.46000 0.79431
vt 0.42265 0.73328
vt 0.34769 0.75747
vt 0.35551 0.73257
vt 0.36762 0.71413
vt 0.44719 0.75389
vt 0.39907 0.70442
vt 0.34512 0.69371
vt 0.36979 0.68059
vt 0.43122 0.69380
vt 0.33574 0.66645
vt 0.36085 0.65150
vt 0.38183 0.65883
vt 0.40314 0.67313
vt 0.33891 0.63752
vt 0.36080 0.62723
vt 0.38071 0.63892
vt 0.39783 0.65112
vt 0.42399 0.67151
vt 0.34266 0.61487
vt 0.32791 0.62249
vt 0.36108 0.60453
vt 0.38125 0.61630
vt 0.40596 0.63034
vt 0.41779 0.65468
vt 0.31933 0.62758
vt 0.77600 0.95165
vt 0.78248 0.94833
vt 0.77436 0.94127
vt 0.76893 0.95003
vt 0.31606 0.63603
vt 0.32484 0.63402
vt 0.78293 0.95746
vt 0.74771 0.87460
vt 0.74600 0.86645
vt 0.74218 0.87099
vt 0.77153 0.95507
vt 0.30992 0.64562
vt 0.32322 0.64632
vt 0.46499 0.11544
vt 0.46159 0.12347
vt 0.46833 0.12138
vt 0.45418 0.11458
vt 0.31486 0.65871
vt 0.30187 0.65453
vt 0.46186 0.10591
vt 0.44959 0.10347
vt 0.61426 0.16759
vt 0.62141 0.17560
vt 0.62312 0.16567
vt 0.61731 0.15917
vt 0.62344 0.15894
vt 0.73607 0.87133
vt 0.60827 0.15951
vt 0.60413 0.16756
vt 0.60983 0.17634
vt 0.74276 0.14778
vt 0.74556 0.13715
vt 0.73520 0.13929
vt 0.73964 0.12789
vt 0.30414 0.66676
vt 0.74859 0.12063
vt 0.74854 0.12948
vt 0.31684 0.67232
vt 0.31995 0.69126
vt 0.30799 0.67915
vt 0.29592 0.67581
vt 0.75476 0.12652
vt 0.90014 0.89873
vt 0.91073 0.89143
vt 0.89992 0.88599
vt 0.75442 0.13703
vt 0.75263 0.14655
vt 0.75025 0.15681
vt 0.59820 0.17487
vt 0.76135 0.15669
vt 0.76005 0.14529
vt 0.76458 0.13755
vt 0.76426 0.12371
vt 0.90876 0.90605
vt 0.28805 0.68524
vt 0.30119 0.68850
vt 0.92088 0.89913
vt 0.33583 0.71625
vt 0.31677 0.70925
vt 0.30374 0.70286
vt 0.29152 0.69678
vt 0.77558 0.10337
vt 0.76766 0.11049
vt 0.77749 0.11129
vt 0.77579 0.12094
vt 0.77492 0.13453
vt 0.76671 0.14904
vt 0.75563 0.16530
vt 0.58838 0.17284
vt 0.78658 0.13113
vt 0.47304 0.27068
vt 0.46447 0.26836
vt 0.46739 0.28286
vt 0.47058 0.26131
vt 0.47716 0.26281
vt 0.47719 0.25400
vt 0.48552 0.25938
vt 0.88191 0.54302
vt 0.89175 0.55276
vt 0.89230 0.53871
vt 0.30710 0.71514
vt 0.88155 0.56025
vt 0.88148 0.55110
vt 0.31870 0.72208
vt 0.32811 0.73025
vt 0.34092 0.73963
vt 0.32819 0.74024
vt 0.31912 0.73402
vt 0.86758 0.57785
vt 0.87870 0.57335
vt 0.86927 0.56412
vt 0.87420 0.55310
vt 0.49792 0.26051
vt 0.49301 0.25564
vt 0.49176 0.26092
vt 0.48159 0.27028
vt 0.49077 0.26903
vt 0.47625 0.27896
vt 0.77548 0.14948
vt 0.77051 0.15680
vt 0.76962 0.16563
vt 0.76236 0.16800
vt 0.77782 0.16214
vt 0.78559 0.14590
vt 0.48479 0.27992
vt 0.48569 0.27306
vt 0.50999 0.25926
vt 0.50227 0.26909
vt 0.85821 0.57233
vt 0.51243 0.26879
vt 0.52214 0.26485
vt 0.85728 0.58455
vt 0.86557 0.58887
vt 0.85660 0.59705
vt 0.33430 0.75011
vt 0.53330 0.27290
vt 0.53359 0.26137
vt 0.52033 0.27555
vt 0.50907 0.27896
vt 0.49694 0.28195
vt 0.47592 0.29198
vt 0.80004 0.13309
vt 0.79586 0.14410
vt 0.78597 0.15841
vt 0.78609 0.16944
vt 0.77708 0.17278
vt 0.79674 0.16611
vt 0.79526 0.15444
vt 0.48874 0.29376
vt 0.51805 0.28681
vt 0.52793 0.28282
vt 0.53855 0.28349
vt 0.52556 0.28870
vt 0.53258 0.29072
vt 0.50607 0.29261
vt 0.49713 0.29234
vt 0.48155 0.30318
vt 0.47151 0.30695
vt 0.80720 0.14659
vt 0.80111 0.15114
vt 0.80517 0.15896
vt 0.80437 0.17337
vt 0.80433 0.16647
vt 0.79420 0.17790
vt 0.78428 0.17937
vt 0.79511 0.18766
vt 0.80142 0.18168
vt 0.78907 0.18527
vt 0.46814 0.36071
vt 0.46229 0.36207
vt 0.46396 0.36907
vt 0.47305 0.36839
vt 0.46868 0.37534
vt 0.27081 0.95489
vt 0.27549 0.95935
vt 0.27926 0.95201
vt 0.46055 0.35416
vt 0.28726 0.95188
vt 0.29482 0.96264
vt 0.29938 0.95091
vt 0.47022 0.34995
vt 0.28529 0.96116
vt 0.47944 0.31148
vt 0.48535 0.30979
vt 0.48983 0.30511
vt 0.49689 0.29988
vt 0.51544 0.29556
vt 0.52378 0.29513
vt 0.51891 0.30301
vt 0.52518 0.30304
vt 0.51146 0.30088
vt 0.50487 0.30516
vt 0.49657 0.31045
vt 0.48998 0.31254
vt 0.84244 0.89595
vt 0.84920 0.89732
vt 0.84720 0.89199
vt 0.47765 0.34319
vt 0.47642 0.33799
vt 0.47098 0.34075
vt 0.48037 0.35001
vt 0.47778 0.35911
vt 0.48431 0.37102
vt 0.47508 0.37732
vt 0.38464 0.89192
vt 0.38153 0.90101
vt 0.38762 0.89955
vt 0.26692 0.96204
vt 0.26221 0.95402
vt 0.37307 0.89248
vt 0.38997 0.88541
vt 0.37435 0.90895
vt 0.49706 0.36797
vt 0.49068 0.35485
vt 0.48651 0.34176
vt 0.84613 0.90559
vt 0.85628 0.90094
vt 0.49713 0.33245
vt 0.48559 0.33101
vt 0.50762 0.31690
vt 0.51257 0.30857
vt 0.54359 0.86947
vt 0.54037 0.87601
vt 0.54596 0.87648
vt 0.51798 0.31022
vt 0.55086 0.87262
vt 0.55365 0.88096
vt 0.53828 0.29474
vt 0.54067 0.29042
vt 0.54955 0.27756
vt 0.56762 0.27815
vt 0.54342 0.26699
vt 0.55690 0.26674
vt 0.54518 0.25811
vt 0.75199 0.49937
vt 0.74613 0.48919
vt 0.73788 0.50223
vt 0.54143 0.88346
vt 0.55162 0.89134
vt 0.50990 0.33015
vt 0.50320 0.32726
vt 0.50546 0.34112
vt 0.50584 0.32437
vt 0.49598 0.34388
vt 0.50162 0.34975
vt 0.49997 0.32357
vt 0.50336 0.35893
vt 0.50306 0.36648
vt 0.35962 0.92260
vt 0.36405 0.91760
vt 0.39155 0.87536
vt 0.78673 0.19313
vt 0.78291 0.18694
vt 0.77619 0.19272
vt 0.77909 0.20079
vt 0.54744 0.15964
vt 0.55454 0.16739
vt 0.55872 0.15565
vt 0.77589 0.18234
vt 0.56192 0.17514
vt 0.56643 0.16530
vt 0.76796 0.17534
vt 0.57253 0.17435
vt 0.57167 0.15424
vt 0.58171 0.17542
vt 0.40273 0.60093
vt 0.43051 0.61185
vt 0.43421 0.63860
vt 0.43454 0.59708
vt 0.44145 0.60156
vt 0.44351 0.59083
vt 0.44737 0.60848
vt 0.45062 0.59824
vt 0.45461 0.62398
vt 0.45547 0.64657
vt 0.44184 0.66493
vt 0.45954 0.60505
vt 0.59217 0.90864
vt 0.59544 0.89647
vt 0.58536 0.89972
vt 0.59073 0.88705
vt 0.57856 0.89206
vt 0.22110 0.95276
vt 0.22783 0.96066
vt 0.22868 0.94876
vt 0.23822 0.95214
vt 0.63795 0.87956
vt 0.62362 0.88117
vt 0.63363 0.89124
vt 0.61950 0.89154
vt 0.79182 0.57632
vt 0.80847 0.58039
vt 0.79847 0.56875
vt 0.79746 0.58952
vt 0.62321 0.90291
vt 0.60689 0.90017
vt 0.47148 0.61238
vt 0.60328 0.91714
vt 0.47163 0.62514
vt 0.46855 0.63688
vt 0.46417 0.66167
vt 0.46833 0.64919
vt 0.46471 0.68560
vt 0.45548 0.72082
vt 0.47490 0.65534
vt 0.47835 0.64428
vt 0.47977 0.63177
vt 0.28970 0.05153
vt 0.30026 0.04522
vt 0.29024 0.03840
vt 0.27852 0.04538
vt 0.61555 0.92225
vt 0.61777 0.90933
vt 0.24980 0.11785
vt 0.23833 0.11716
vt 0.24467 0.12601
vt 0.25196 0.12927
vt 0.26070 0.12509
vt 0.22634 0.11396
vt 0.23136 0.12382
vt 0.23860 0.13076
vt 0.48423 0.65281
vt 0.21664 0.11197
vt 0.22325 0.12393
vt 0.47908 0.66671
vt 0.49207 0.68038
vt 0.49327 0.66070
vt 0.49309 0.64842
vt 0.82644 0.47862
vt 0.81798 0.47660
vt 0.81770 0.48775
vt 0.80654 0.49622
vt 0.80614 0.48476
vt 0.23039 0.13530
vt 0.22192 0.13807
vt 0.22792 0.14886
vt 0.23986 0.14830
vt 0.79803 0.49516
vt 0.79270 0.48908
vt 0.80804 0.46917
vt 0.79818 0.47940
vt 0.50513 0.65080
vt 0.50601 0.66677
vt 0.50731 0.67866
vt 0.48720 0.70777
vt 0.47572 0.74381
vt 0.50718 0.69101
vt 0.51424 0.68213
vt 0.51610 0.67291
vt 0.17297 0.89857
vt 0.15945 0.90386
vt 0.17567 0.91080
vt 0.16084 0.92031
vt 0.79372 0.47329
vt 0.79504 0.46112
vt 0.78995 0.48194
vt 0.78615 0.48710
vt 0.78693 0.50265
vt 0.78159 0.49387
vt 0.78065 0.48473
vt 0.78773 0.47846
vt 0.84282 0.66673
vt 0.84396 0.67904
vt 0.85207 0.66588
vt 0.84917 0.66150
vt 0.85421 0.68437
vt 0.85830 0.67323
vt 0.84850 0.69257
vt 0.85562 0.69809
vt 0.85697 0.69120
vt 0.51618 0.68815
vt 0.86111 0.70110
vt 0.86114 0.69421
vt 0.50907 0.70655
vt 0.51633 0.69566
vt 0.50350 0.72917
vt 0.51855 0.71481
vt 0.51995 0.70293
vt 0.87183 0.71181
vt 0.87225 0.70354
vt 0.86631 0.70659
vt 0.86799 0.69636
vt 0.86526 0.68395
vt 0.87283 0.66637
vt 0.86313 0.66022
vt 0.85528 0.65423
vt 0.87938 0.67707
vt 0.87437 0.68828
vt 0.87756 0.69673
vt 0.25358 0.06537
vt 0.25416 0.05714
vt 0.24802 0.06232
vt 0.24776 0.07182
vt 0.24523 0.05226
vt 0.52878 0.70845
vt 0.51951 0.72718
vt 0.52788 0.71938
vt 0.51494 0.73684
vt 0.50826 0.74693
vt 0.49483 0.75071
vt 0.50358 0.76371
vt 0.51378 0.75605
vt 0.51933 0.74625
vt 0.52350 0.73587
vt 0.52812 0.72834
vt 0.71664 0.13490
vt 0.70778 0.13298
vt 0.71119 0.13948
vt 0.71666 0.14311
vt 0.72531 0.14189
vt 0.23748 0.04800
vt 0.23460 0.05646
vt 0.24130 0.06076
vt 0.24237 0.06718
vt 0.24294 0.08211
vt 0.23818 0.07465
vt 0.88299 0.68687
vt 0.88722 0.67906
vt 0.88816 0.67241
vt 0.89158 0.68386
vt 0.23297 0.08409
vt 0.22646 0.07485
vt 0.23499 0.06634
vt 0.63525 0.19607
vt 0.62758 0.20137
vt 0.63386 0.20678
vt 0.62679 0.19264
vt 0.22719 0.06428
vt 0.63190 0.18759
vt 0.62557 0.18566
vt 0.61934 0.18873
vt 0.70432 0.13926
vt 0.70040 0.13322
vt 0.70188 0.12637
vt 0.69508 0.12882
vt 0.69280 0.12002
vt 0.52185 0.75668
vt 0.68226 0.11916
vt 0.68765 0.12775
vt 0.51599 0.76659
vt 0.67391 0.12003
vt 0.67441 0.11073
vt 0.67839 0.12662
vt 0.59055 0.18903
vt 0.59856 0.19572
vt 0.59919 0.18650
vt 0.60944 0.19261
vt 0.60626 0.18419
vt 0.61316 0.18467
vt 0.61990 0.19699
vt 0.62048 0.20524
vt 0.62697 0.21001
vt 0.63164 0.21348
vt 0.22142 0.06832
vt 0.04198 0.77004
vt 0.05092 0.77113
vt 0.04074 0.76169
vt 0.05203 0.76024
vt 0.04750 0.75496
vt 0.04165 0.75050
vt 0.89408 0.67499
vt 0.89905 0.68017
vt 0.05047 0.74938
vt 0.90208 0.67357
vt 0.89860 0.66886
vt 0.89331 0.66837
vt 0.90523 0.67959
vt 0.05790 0.74967
vt 0.05332 0.75406
vt 0.40628 0.21736
vt 0.41381 0.21541
vt 0.40674 0.20902
vt 0.41674 0.20523
vt 0.05872 0.75632
vt 0.22274 0.05782
vt 0.22366 0.04477
vt 0.21474 0.05340
vt 0.61322 0.21603
vt 0.62480 0.21927
vt 0.62001 0.21213
vt 0.40553 0.19924
vt 0.61335 0.20821
vt 0.61399 0.20112
vt 0.60644 0.20259
vt 0.58971 0.19872
vt 0.58121 0.19194
vt 0.58384 0.18348
vt 0.59804 0.20496
vt 0.60530 0.21089
vt 0.60250 0.21860
vt 0.21294 0.06438
vt 0.40266 0.18791
vt 0.39636 0.19433
vt 0.39791 0.20394
vt 0.39912 0.21280
vt 0.39992 0.22010
vt 0.40704 0.22400
vt 0.89872 0.38906
vt 0.90677 0.38384
vt 0.89779 0.38091
vt 0.91115 0.67267
vt 0.90518 0.66594
vt 0.89817 0.66210
vt 0.90509 0.39555
vt 0.91642 0.39305
vt 0.91708 0.37989
vt 0.91399 0.66235
vt 0.89790 0.39677
vt 0.39337 0.21571
vt 0.39067 0.20871
vt 0.38833 0.19768
vt 0.39282 0.18501
vt 0.39077 0.19133
vt 0.86115 0.38026
vt 0.86897 0.38755
vt 0.86918 0.37668
vt 0.59215 0.21539
vt 0.59776 0.21215
vt 0.59061 0.20828
vt 0.58106 0.20374
vt 0.58468 0.21278
vt 0.87180 0.36859
vt 0.86366 0.37023
vt 0.39033 0.17411
vt 0.38547 0.17984
vt 0.38531 0.18787
vt 0.38060 0.20453
vt 0.95474 0.28057
vt 0.94623 0.28114
vt 0.95121 0.28744
vt 0.95033 0.27066
vt 0.90010 0.40478
vt 0.92579 0.38432
vt 0.92217 0.65710
vt 0.91452 0.65391
vt 0.90666 0.65656
vt 0.89741 0.65071
vt 0.91001 0.64645
vt 0.90346 0.64332
vt 0.91948 0.64849
vt 0.93487 0.38642
vt 0.92904 0.39708
vt 0.93178 0.37708
vt 0.90960 0.40550
vt 0.90216 0.41595
vt 0.93947 0.27207
vt 0.37545 0.19279
vt 0.36806 0.20298
vt 0.94366 0.26006
vt 0.37703 0.18125
vt 0.36088 0.19384
vt 0.36640 0.18395
vt 0.35989 0.20175
vt 0.94028 0.25258
vt 0.93497 0.25564
vt 0.93567 0.26338
vt 0.90812 0.42357
vt 0.90065 0.42519
vt 0.91292 0.41533
vt 0.91975 0.40633
vt 0.05466 0.38045
vt 0.06362 0.37077
vt 0.05390 0.37059
vt 0.18560 0.89947
vt 0.18842 0.89037
vt 0.17903 0.89228
vt 0.18115 0.87908
vt 0.94825 0.70161
vt 0.96029 0.69554
vt 0.94956 0.69190
vt 0.95456 0.68323
vt 0.96480 0.68320
vt 0.90656 0.63678
vt 0.89936 0.64035
vt 0.89044 0.64212
vt 0.88352 0.65360
vt 0.88754 0.66423
vt 0.87940 0.64470
vt 0.87333 0.65423
vt 0.89708 0.63013
vt 0.88514 0.63487
vt 0.18752 0.86538
vt 0.17585 0.86786
vt 0.17661 0.85609
vt 0.19980 0.88025
vt 0.19712 0.90153
vt 0.05793 0.36276
vt 0.18774 0.90799
vt 0.06612 0.35843
vt 0.92894 0.40964
vt 0.92176 0.41633
vt 0.91661 0.42347
vt 0.91226 0.42932
vt 0.90506 0.43015
vt 0.89694 0.43222
vt 0.69671 0.94320
vt 0.70510 0.94752
vt 0.70631 0.94070
vt 0.69907 0.95185
vt 0.71243 0.94390
vt 0.69037 0.95478
vt 0.92146 0.43055
vt 0.92384 0.42298
vt 0.92845 0.41785
vt 0.06678 0.35023
vt 0.05881 0.35313
vt 0.19340 0.91584
vt 0.22174 0.90192
vt 0.20224 0.85780
vt 0.18833 0.85267
vt 0.31828 0.05046
vt 0.33120 0.04641
vt 0.32037 0.03774
vt 0.88418 0.62326
vt 0.87522 0.63600
vt 0.32589 0.05901
vt 0.33716 0.05601
vt 0.87157 0.62836
vt 0.74798 0.51123
vt 0.75564 0.51658
vt 0.75993 0.50721
vt 0.19463 0.84244
vt 0.22341 0.86842
vt 0.20529 0.91728
vt 0.19708 0.92584
vt 0.06380 0.34345
vt 0.93041 0.42421
vt 0.68464 0.94666
vt 0.68043 0.95509
vt 0.68356 0.96207
vt 0.68836 0.93720
vt 0.69595 0.93458
vt 0.67574 0.94913
vt 0.67849 0.94029
vt 0.20423 0.92965
vt 0.21211 0.92663
vt 0.21508 0.91717
vt 0.21529 0.85062
vt 0.20648 0.84152
vt 0.33833 0.06570
vt 0.32508 0.07062
vt 0.76317 0.52309
vt 0.76399 0.51322
vt 0.86383 0.63997
vt 0.76995 0.49750
vt 0.76853 0.50657
vt 0.77368 0.51213
vt 0.33606 0.07499
vt 0.76952 0.53049
vt 0.77509 0.52156
vt 0.21703 0.83725
vt 0.32770 0.08171
vt 0.22965 0.84693
vt 0.24954 0.85858
vt 0.24970 0.88576
vt 0.22226 0.92309
vt 0.14500 0.11156
vt 0.15461 0.10243
vt 0.14408 0.10097
vt 0.15271 0.11604
vt 0.68338 0.93033
vt 0.67353 0.93284
vt 0.23165 0.91638
vt 0.23540 0.92792
vt 0.22682 0.93517
vt 0.24638 0.83367
vt 0.22788 0.83219
vt 0.33738 0.08123
vt 0.21852 0.82521
vt 0.22704 0.19649
vt 0.23856 0.19210
vt 0.23078 0.18726
vt 0.77432 0.53459
vt 0.77964 0.52764
vt 0.23558 0.17928
vt 0.22734 0.17893
vt 0.23148 0.81956
vt 0.24341 0.18098
vt 0.21959 0.81201
vt 0.25106 0.19006
vt 0.24838 0.91279
vt 0.24729 0.81024
vt 0.23039 0.80453
vt 0.25187 0.17478
vt 0.26207 0.18166
vt 0.49390 0.85627
vt 0.49585 0.84104
vt 0.48325 0.84662
vt 0.24256 0.16843
vt 0.23085 0.16531
vt 0.25172 0.15753
vt 0.26076 0.16685
vt 0.50437 0.84875
vt 0.68937 0.90417
vt 0.67417 0.90438
vt 0.68407 0.91332
vt 0.27072 0.17200
vt 0.23955 0.79661
vt 0.50537 0.85974
vt 0.26800 0.82179
vt 0.27090 0.84548
vt 0.26661 0.79997
vt 0.25052 0.79355
vt 0.69642 0.89638
vt 0.68198 0.89241
vt 0.69588 0.88500
vt 0.66638 0.89626
vt 0.66441 0.90205
vt 0.26748 0.15987
vt 0.66213 0.90710
vt 0.26079 0.15487
vt 0.65463 0.90113
vt 0.67191 0.89089
vt 0.68542 0.88131
vt 0.67380 0.88439
vt 0.25941 0.78717
vt 0.82092 0.64095
vt 0.81296 0.63443
vt 0.81143 0.64599
vt 0.28769 0.80937
vt 0.29024 0.83141
vt 0.28513 0.79113
vt 0.27117 0.78463
vt 0.81988 0.63256
vt 0.94172 0.62778
vt 0.93057 0.62498
vt 0.93126 0.63445
vt 0.82784 0.63480
vt 0.81487 0.62581
vt 0.80524 0.62478
vt 0.66403 0.88845
vt 0.66426 0.88238
vt 0.80998 0.61691
vt 0.80372 0.61520
vt 0.80617 0.61006
vt 0.81795 0.61782
vt 0.81325 0.60724
vt 0.82288 0.62609
vt 0.93792 0.61571
vt 0.83178 0.62617
vt 0.83946 0.63374
vt 0.28292 0.77868
vt 0.27261 0.77229
vt 0.30115 0.79637
vt 0.30074 0.77596
vt 0.28529 0.76810
vt 0.83895 0.62443
vt 0.03174 0.22839
vt 0.02004 0.22881
vt 0.02369 0.23926
vt 0.84714 0.62615
vt 0.82609 0.61809
vt 0.83404 0.61750
vt 0.82128 0.61157
vt 0.82078 0.60579
vt 0.65533 0.88362
vt 0.79958 0.60718
vt 0.65289 0.89211
vt 0.80516 0.60372
vt 0.82751 0.60828
vt 0.81976 0.59689
vt 0.84234 0.61726
vt 0.83704 0.60859
vt 0.02475 0.21902
vt 0.85161 0.61684
vt 0.85791 0.62538
vt 0.29446 0.76190
vt 0.28560 0.75674
vt 0.29527 0.75226
vt 0.86107 0.61461
vt 0.86664 0.62084
vt 0.84520 0.60781
vt 0.85398 0.60625
vt 0.83223 0.59865
vt 0.83982 0.60113
vt 0.80722 0.59587
vt 0.80026 0.59877
vt 0.64488 0.88653
vt 0.79363 0.59819
vt 0.83778 0.59362
vt 0.84647 0.59676
vt 0.76766 0.32056
vt 0.77641 0.32700
vt 0.77835 0.31938
vt 0.79020 0.31886
vt 0.75921 0.32623
vt 0.76731 0.32763
vt 0.77229 0.33420
vt 0.77767 0.34112
vt 0.76484 0.34217
vt 0.76213 0.33237
vt 0.94154 0.69195
vt 0.92964 0.69375
vt 0.93967 0.70099
vt 0.93362 0.70918
vt 0.92124 0.70474
vt 0.75526 0.34965
vt 0.76515 0.35149
vt 0.77025 0.35766
vt 0.76084 0.35693
vt 0.31332 0.76515
vt 0.32174 0.76373
vt 0.31909 0.75470
vt 0.30564 0.75683
vt 0.33000 0.75845
vt 0.98005 0.23175
vt 0.97434 0.22180
vt 0.96978 0.23070
vt 0.31849 0.77305
vt 0.32696 0.76784
vt 0.33649 0.76793
vt 0.51806 0.87312
vt 0.52312 0.86080
vt 0.51190 0.86298
vt 0.75390 0.36107
vt 0.76452 0.36406
vt 0.75850 0.37119
vt 0.52802 0.86782
vt 0.75563 0.37773
vt 0.32717 0.77565
vt 0.33355 0.78118
vt 0.52960 0.87989
vt 0.53605 0.86712
vt 0.64358 0.89162
vt 0.64408 0.89646
vt 0.63640 0.90037
vt 0.62756 0.91593
vt 0.63727 0.90768
vt 0.64403 0.90265
vt 0.64985 0.90819
vt 0.26645 0.14755
vt 0.26733 0.13500
vt 0.25721 0.14168
vt 0.24700 0.13671
vt 0.24908 0.14623
vt 0.22355 0.15895
vt 0.79175 0.51104
vt 0.80189 0.50776
vt 0.79723 0.50238
vt 0.78748 0.51678
vt 0.78307 0.51443
vt 0.22483 0.16592
vt 0.22488 0.17141
vt 0.78334 0.52034
vt 0.77605 0.50256
vt 0.86830 0.64773
vt 0.24991 0.93119
vt 0.24817 0.94382
vt 0.24103 0.93719
vt 0.23903 0.94399
vt 0.62314 0.37658
vt 0.23406 0.93840
vt 0.94261 0.75941
vt 0.93976 0.75198
vt 0.94182 0.74445
vt 0.95234 0.75967
vt 0.67851 0.92265
vt 0.68893 0.92023
vt 0.69251 0.92862
vt 0.69988 0.92125
vt 0.69947 0.92931
vt 0.70604 0.92766
vt 0.34449 0.21515
vt 0.70308 0.93476
vt 0.71272 0.93437
vt 0.35142 0.20866
vt 0.34378 0.19497
vt 0.34760 0.20114
vt 0.35460 0.20064
vt 0.35630 0.20427
vt 0.71551 0.94008
vt 0.35115 0.19407
vt 0.34993 0.18111
vt 0.71817 0.94357
vt 0.33763 0.16127
vt 0.35499 0.16572
vt 0.36764 0.17214
vt 0.35393 0.15456
vt 0.36570 0.15949
vt 0.34528 0.14926
vt 0.33590 0.14573
vt 0.34463 0.14129
vt 0.35342 0.14531
vt 0.36318 0.14988
vt 0.37576 0.16344
vt 0.86147 0.34516
vt 0.84963 0.34510
vt 0.85626 0.35373
vt 0.85397 0.33511
vt 0.38093 0.17173
vt 0.86754 0.35765
vt 0.85612 0.36352
vt 0.86398 0.33349
vt 0.55937 0.21348
vt 0.55883 0.20490
vt 0.54917 0.20753
vt 0.86794 0.34843
vt 0.87018 0.34162
vt 0.85781 0.32510
vt 0.84830 0.32597
vt 0.85193 0.31753
vt 0.84341 0.31772
vt 0.84740 0.31165
vt 0.84051 0.30990
vt 0.33701 0.13761
vt 0.04344 0.24121
vt 0.03813 0.23320
vt 0.03145 0.24156
vt 0.03579 0.25264
vt 0.32299 0.15045
vt 0.42656 0.11831
vt 0.43355 0.10917
vt 0.42254 0.11001
vt 0.43267 0.09979
vt 0.43926 0.10284
vt 0.42677 0.10346
vt 0.44326 0.10819
vt 0.66404 0.92129
vt 0.67081 0.91924
vt 0.66503 0.91486
vt 0.66947 0.92598
vt 0.65803 0.91559
vt 0.85423 0.30975
vt 0.52495 0.20368
vt 0.53105 0.20986
vt 0.53288 0.20238
vt 0.53969 0.20864
vt 0.54058 0.20122
vt 0.54950 0.19906
vt 0.55678 0.19699
vt 0.56494 0.19860
vt 0.56661 0.20631
vt 0.56432 0.20979
vt 0.57279 0.21348
vt 0.57181 0.20381
vt 0.55941 0.19066
vt 0.56731 0.19067
vt 0.57352 0.19638
vt 0.55053 0.19066
vt 0.54184 0.19260
vt 0.53489 0.19543
vt 0.52688 0.19454
vt 0.65622 0.92434
vt 0.64886 0.91790
vt 0.66285 0.92950
vt 0.43848 0.09544
vt 0.43094 0.09121
vt 0.42464 0.09598
vt 0.41869 0.10147
vt 0.41569 0.09269
vt 0.42254 0.08773
vt 0.43748 0.08601
vt 0.42856 0.08283
vt 0.65385 0.93372
vt 0.64891 0.92676
vt 0.64313 0.92423
vt 0.53307 0.18641
vt 0.63857 0.91675
vt 0.54356 0.18293
vt 0.55422 0.18192
vt 0.56345 0.18394
vt 0.56976 0.18512
vt 0.57348 0.18937
vt 0.57608 0.18366
vt 0.65649 0.10987
vt 0.66106 0.11448
vt 0.66422 0.10894
vt 0.66700 0.11655
vt 0.65912 0.10137
vt 0.64913 0.10395
vt 0.92687 0.68492
vt 0.91510 0.68283
vt 0.91999 0.69333
vt 0.51459 0.79237
vt 0.51083 0.78381
vt 0.50387 0.79375
vt 0.90836 0.69298
vt 0.91346 0.70265
vt 0.63743 0.92586
vt 0.90473 0.70122
vt 0.64261 0.93248
vt 0.65431 0.94316
vt 0.64710 0.94000
vt 0.89738 0.70602
vt 0.88931 0.69701
vt 0.88914 0.70788
vt 0.89938 0.69594
vt 0.48797 0.79501
vt 0.49050 0.80929
vt 0.49894 0.80499
vt 0.50007 0.78025
vt 0.50916 0.77438
vt 0.51616 0.77668
vt 0.48053 0.81169
vt 0.88223 0.70518
vt 0.47375 0.80010
vt 0.46666 0.81177
vt 0.47400 0.81982
vt 0.64695 0.94696
vt 0.65329 0.95162
vt 0.96305 0.25776
vt 0.95787 0.26828
vt 0.96550 0.26864
vt 0.95348 0.26108
vt 0.45981 0.81877
vt 0.47405 0.78659
vt 0.48556 0.77040
vt 0.45318 0.81885
vt 0.91520 0.28692
vt 0.91167 0.28004
vt 0.90676 0.28634
vt 0.90855 0.29247
vt 0.66020 0.95587
vt 0.66185 0.94718
vt 0.41388 0.08399
vt 0.40522 0.08815
vt 0.91665 0.29608
vt 0.46425 0.77192

# No. faces 2188:

usemtl CavePlatform2_

f 3/3/2191 2/2/2190 1/1/2189
f 4/4/2192 1/1/2189 2/2/2190
f 5/7/2193 1/6/2189 4/5/2192
f 5/7/2193 6/8/2194 1/6/2189
f 1/6/2189 7/10/2195 3/9/2191
f 7/10/2195 1/6/2189 6/8/2194
f 9/12/2197 8/11/2196 2/2/2190
f 3/3/2191 9/12/2197 2/2/2190
f 2/2/2190 8/11/2196 10/13/2198
f 2/2/2190 10/13/2198 4/4/2192
f 11/14/2199 4/4/2192 10/13/2198
f 12/15/2200 4/4/2192 11/14/2199
f 12/17/2200 13/16/2201 4/5/2192
f 5/7/2193 4/5/2192 13/16/2201
f 5/7/2193 14/18/2202 6/8/2194
f 5/7/2193 15/19/2203 14/18/2202
f 13/16/2201 15/19/2203 5/7/2193
f 6/8/2194 14/18/2202 16/20/2204
f 16/20/2204 17/21/2205 6/8/2194
f 17/21/2205 7/10/2195 6/8/2194
f 18/24/2206 7/23/2195 17/22/2205
f 19/25/2207 7/23/2195 18/24/2206
f 7/23/2195 19/25/2207 3/26/2191
f 20/27/2208 9/12/2197 3/3/2191
f 3/26/2191 19/25/2207 20/28/2208
f 9/12/2197 21/29/2209 8/11/2196
f 22/30/2210 21/29/2209 9/12/2197
f 20/27/2208 22/30/2210 9/12/2197
f 21/29/2209 23/31/2211 8/11/2196
f 10/13/2198 8/11/2196 24/32/2212
f 10/13/2198 24/32/2212 11/14/2199
f 11/14/2199 24/32/2212 25/33/2213
f 11/14/2199 25/33/2213 26/34/2214
f 26/34/2214 27/35/2215 11/14/2199
f 27/35/2215 12/15/2200 11/14/2199
f 13/16/2201 12/17/2200 28/36/2216
f 12/17/2200 27/37/2215 28/36/2216
f 13/16/2201 28/36/2216 15/19/2203
f 30/39/2218 15/19/2203 29/38/2217
f 14/18/2202 15/19/2203 30/39/2218
f 15/19/2203 28/36/2216 29/38/2217
f 14/18/2202 30/39/2218 16/20/2204
f 16/20/2204 30/39/2218 31/40/2219
f 31/40/2219 32/41/2220 16/20/2204
f 32/41/2220 17/21/2205 16/20/2204
f 33/43/2221 17/22/2205 32/42/2220
f 18/24/2206 17/22/2205 33/43/2221
f 34/44/2222 18/24/2206 33/43/2221
f 35/45/2223 18/24/2206 34/44/2222
f 35/45/2223 19/25/2207 18/24/2206
f 36/46/2224 19/25/2207 35/45/2223
f 19/25/2207 36/46/2224 20/28/2208
f 37/49/2225 22/48/2210 20/47/2208
f 20/28/2208 36/46/2224 37/50/2225
f 22/30/2210 38/51/2226 21/29/2209
f 39/52/2227 38/51/2226 22/30/2210
f 22/55/2210 40/54/2228 39/53/2227
f 37/49/2225 40/56/2228 22/48/2210
f 38/51/2226 23/31/2211 21/29/2209
f 25/33/2213 24/32/2212 41/57/2229
f 25/33/2213 41/57/2229 42/58/2230
f 26/34/2214 25/33/2213 42/58/2230
f 44/61/2232 26/60/2214 43/59/2231
f 26/60/2214 42/62/2230 43/59/2231
f 27/63/2215 26/60/2214 44/61/2232
f 28/36/2216 27/37/2215 44/64/2232
f 44/64/2232 43/66/2231 45/65/2233
f 45/65/2233 28/36/2216 44/64/2232
f 29/38/2217 28/36/2216 45/65/2233
f 33/43/2221 32/42/2220 46/67/2234
f 34/44/2222 33/43/2221 46/67/2234
f 30/39/2218 29/38/2217 47/68/2235
f 48/69/2236 29/38/2217 45/65/2233
f 45/65/2233 49/70/2237 48/69/2236
f 43/66/2231 49/70/2237 45/65/2233
f 49/70/2237 43/66/2231 50/71/2238
f 43/66/2231 42/72/2230 50/71/2238
f 42/58/2230 41/57/2229 51/73/2239
f 42/72/2230 51/74/2239 50/71/2238
f 24/32/2212 52/75/2240 41/57/2229
f 53/76/2241 50/71/2238 51/74/2239
f 50/71/2238 53/76/2241 54/77/2242
f 55/78/2243 49/70/2237 50/71/2238
f 55/78/2243 50/71/2238 54/77/2242
f 55/78/2243 56/79/2244 49/70/2237
f 49/70/2237 56/79/2244 57/80/2245
f 49/70/2237 57/80/2245 48/69/2236
f 30/39/2218 47/68/2235 58/81/2246
f 30/39/2218 58/81/2246 31/40/2219
f 59/82/2247 32/41/2220 31/40/2219
f 58/81/2246 47/68/2235 60/83/2248
f 29/38/2217 61/84/2249 47/68/2235
f 61/84/2249 29/38/2217 48/69/2236
f 56/79/2244 55/78/2243 62/85/2250
f 55/78/2243 54/77/2242 62/85/2250
f 54/77/2242 53/76/2241 63/86/2251
f 54/77/2242 63/86/2251 62/85/2250
f 53/76/2241 64/87/2252 63/86/2251
f 64/87/2252 53/76/2241 51/74/2239
f 51/73/2239 41/57/2229 65/88/2253
f 51/73/2239 65/88/2253 66/89/2254
f 66/92/2254 64/91/2252 51/90/2239
f 65/88/2253 41/57/2229 67/93/2255
f 65/88/2253 67/93/2255 68/94/2256
f 66/89/2254 65/88/2253 68/94/2256
f 66/92/2254 68/96/2256 69/95/2257
f 64/91/2252 66/92/2254 69/95/2257
f 63/86/2251 64/87/2252 69/97/2257
f 62/85/2250 63/86/2251 70/98/2258
f 70/98/2258 63/86/2251 69/97/2257
f 56/79/2244 71/99/2259 57/80/2245
f 71/99/2259 56/79/2244 62/85/2250
f 48/69/2236 57/80/2245 72/100/2260
f 72/100/2260 61/84/2249 48/69/2236
f 47/68/2235 61/84/2249 73/101/2261
f 73/101/2261 60/83/2248 47/68/2235
f 61/84/2249 74/102/2262 73/101/2261
f 74/102/2262 61/84/2249 75/103/2263
f 75/103/2263 61/84/2249 72/100/2260
f 72/100/2260 76/104/2264 75/103/2263
f 57/80/2245 76/104/2264 72/100/2260
f 57/80/2245 71/99/2259 76/104/2264
f 77/105/2265 71/99/2259 62/85/2250
f 62/85/2250 78/106/2266 77/105/2265
f 78/106/2266 62/85/2250 70/98/2258
f 69/97/2257 78/106/2266 70/98/2258
f 80/108/2268 79/107/2267 69/97/2257
f 69/97/2257 79/107/2267 78/106/2266
f 80/108/2268 69/97/2257 68/109/2256
f 81/110/2269 68/94/2256 67/93/2255
f 80/113/2268 68/112/2256 81/111/2269
f 41/57/2229 82/114/2270 67/93/2255
f 67/93/2255 82/114/2270 83/115/2271
f 67/93/2255 83/115/2271 81/110/2269
f 81/110/2269 83/115/2271 84/116/2272
f 86/118/2274 81/111/2269 85/117/2273
f 81/111/2269 84/119/2272 85/117/2273
f 80/113/2268 81/111/2269 86/118/2274
f 79/107/2267 80/108/2268 86/120/2274
f 79/107/2267 87/121/2275 78/106/2266
f 87/121/2275 79/107/2267 88/122/2276
f 88/122/2276 79/107/2267 86/120/2274
f 71/99/2259 89/123/2277 76/104/2264
f 89/123/2277 71/99/2259 77/105/2265
f 75/103/2263 76/104/2264 90/124/2278
f 90/124/2278 74/102/2262 75/103/2263
f 89/123/2277 91/125/2279 76/104/2264
f 76/104/2264 91/125/2279 92/126/2280
f 76/104/2264 92/126/2280 90/124/2278
f 91/125/2279 89/123/2277 77/105/2265
f 77/105/2265 78/106/2266 93/127/2281
f 87/121/2275 94/128/2282 78/106/2266
f 78/106/2266 94/128/2282 93/127/2281
f 95/129/2283 87/121/2275 88/122/2276
f 88/132/2276 96/131/2284 95/130/2283
f 85/133/2273 96/131/2284 88/132/2276
f 86/134/2274 85/133/2273 88/132/2276
f 85/133/2273 97/135/2285 96/131/2284
f 84/136/2272 97/135/2285 85/133/2273
f 98/137/2286 84/116/2272 83/115/2271
f 99/139/2287 84/136/2272 98/138/2286
f 99/139/2287 97/135/2285 84/136/2272
f 83/115/2271 100/140/2288 98/137/2286
f 82/114/2270 100/140/2288 83/115/2271
f 98/137/2286 100/140/2288 101/141/2289
f 99/139/2287 98/138/2286 102/142/2290
f 98/138/2286 101/143/2289 102/142/2290
f 99/139/2287 102/142/2290 103/144/2291
f 103/144/2291 97/135/2285 99/139/2287
f 97/135/2285 103/144/2291 96/131/2284
f 95/130/2283 96/131/2284 104/145/2292
f 104/146/2292 87/121/2275 95/129/2283
f 94/128/2282 87/121/2275 104/146/2292
f 105/147/2293 94/128/2282 104/146/2292
f 106/148/2294 91/125/2279 77/105/2265
f 91/125/2279 107/149/2295 92/126/2280
f 107/149/2295 91/125/2279 106/148/2294
f 77/105/2265 108/150/2296 106/148/2294
f 106/148/2294 108/150/2296 109/151/2297
f 109/151/2297 107/149/2295 106/148/2294
f 108/150/2296 77/105/2265 110/152/2298
f 110/152/2298 77/105/2265 93/127/2281
f 93/127/2281 111/153/2299 110/152/2298
f 94/128/2282 111/153/2299 93/127/2281
f 94/128/2282 112/154/2300 111/153/2299
f 112/154/2300 94/128/2282 113/155/2301
f 113/155/2301 94/128/2282 105/147/2293
f 105/158/2293 114/157/2302 113/156/2301
f 96/131/2284 114/157/2302 105/158/2293
f 104/145/2292 96/131/2284 105/158/2293
f 103/144/2291 115/159/2303 96/131/2284
f 102/142/2290 116/160/2304 103/144/2291
f 102/142/2290 117/161/2305 116/160/2304
f 118/162/2306 117/161/2305 102/142/2290
f 101/143/2289 118/162/2306 102/142/2290
f 119/163/2307 101/141/2289 100/140/2288
f 120/165/2308 101/143/2289 119/164/2307
f 120/165/2308 118/162/2306 101/143/2289
f 120/165/2308 121/166/2309 118/162/2306
f 118/162/2306 121/166/2309 117/161/2305
f 117/161/2305 121/166/2309 122/167/2310
f 117/161/2305 122/167/2310 123/168/2311
f 116/160/2304 117/161/2305 123/168/2311
f 116/160/2304 123/168/2311 103/144/2291
f 103/144/2291 123/168/2311 115/159/2303
f 96/131/2284 115/159/2303 114/157/2302
f 114/157/2302 124/169/2312 113/156/2301
f 112/154/2300 125/170/2313 111/153/2299
f 125/170/2313 112/154/2300 113/155/2301
f 111/153/2299 125/170/2313 126/171/2314
f 111/153/2299 126/171/2314 110/152/2298
f 110/174/2298 126/173/2314 127/172/2315
f 127/175/2315 108/150/2296 110/152/2298
f 109/151/2297 108/150/2296 128/176/2316
f 108/150/2296 127/175/2315 128/176/2316
f 109/179/2297 128/178/2316 129/177/2317
f 107/180/2295 109/179/2297 129/177/2317
f 128/183/2316 131/182/2319 130/181/2318
f 128/186/2316 127/185/2315 131/184/2319
f 129/187/2317 128/183/2316 130/181/2318
f 127/185/2315 132/188/2320 131/184/2319
f 126/173/2314 132/189/2320 127/172/2315
f 125/170/2313 133/190/2321 126/171/2314
f 126/171/2314 133/190/2321 132/191/2320
f 133/190/2321 125/170/2313 134/192/2322
f 134/192/2322 125/170/2313 113/155/2301
f 113/156/2301 124/169/2312 134/193/2322
f 124/169/2312 114/157/2302 115/159/2303
f 121/166/2309 135/194/2323 122/167/2310
f 135/194/2323 121/166/2309 136/195/2324
f 136/195/2324 121/166/2309 137/196/2325
f 121/166/2309 120/165/2308 137/196/2325
f 139/198/2327 138/197/2326 137/196/2325
f 120/165/2308 139/198/2327 137/196/2325
f 137/196/2325 140/199/2328 136/195/2324
f 123/168/2311 122/167/2310 141/200/2329
f 123/168/2311 141/200/2329 115/159/2303
f 115/159/2303 141/200/2329 142/201/2330
f 142/201/2330 124/169/2312 115/159/2303
f 124/169/2312 142/201/2330 143/202/2331
f 124/169/2312 143/202/2331 134/193/2322
f 134/193/2322 143/202/2331 144/203/2332
f 144/203/2332 133/204/2321 134/193/2322
f 132/188/2320 133/206/2321 145/205/2333
f 133/206/2321 144/207/2332 145/205/2333
f 132/188/2320 145/205/2333 131/184/2319
f 145/210/2333 147/209/2335 146/208/2334
f 148/211/2336 145/210/2333 146/208/2334
f 145/205/2333 144/207/2332 147/212/2335
f 131/182/2319 145/210/2333 148/211/2336
f 144/203/2332 149/214/2337 147/213/2335
f 143/202/2331 149/214/2337 144/203/2332
f 143/202/2331 150/215/2338 149/214/2337
f 142/201/2330 150/215/2338 143/202/2331
f 142/201/2330 141/200/2329 150/215/2338
f 122/167/2310 151/216/2339 141/200/2329
f 122/167/2310 135/194/2323 151/216/2339
f 153/218/2341 140/199/2328 152/217/2340
f 140/199/2328 137/196/2325 152/217/2340
f 155/220/2343 140/199/2328 154/219/2342
f 154/219/2342 140/199/2328 153/218/2341
f 140/199/2328 155/220/2343 136/195/2324
f 136/195/2324 155/220/2343 156/221/2344
f 156/221/2344 135/194/2323 136/195/2324
f 135/194/2323 156/221/2344 151/216/2339
f 141/200/2329 151/216/2339 157/222/2345
f 141/200/2329 157/222/2345 150/215/2338
f 150/215/2338 157/222/2345 158/223/2346
f 159/224/2347 150/215/2338 158/223/2346
f 150/215/2338 159/224/2347 149/214/2337
f 149/214/2337 159/224/2347 147/213/2335
f 147/209/2335 160/225/2348 146/208/2334
f 159/228/2347 160/227/2348 147/226/2335
f 146/208/2334 160/225/2348 161/229/2349
f 148/211/2336 146/208/2334 161/229/2349
f 162/230/2350 148/211/2336 161/229/2349
f 131/182/2319 148/211/2336 162/230/2350
f 130/181/2318 131/182/2319 162/230/2350
f 161/229/2349 164/232/2352 163/231/2351
f 161/229/2349 160/225/2348 164/232/2352
f 160/225/2348 165/233/2353 164/232/2352
f 160/227/2348 158/235/2346 165/234/2353
f 159/228/2347 158/235/2346 160/227/2348
f 158/223/2346 166/237/2354 165/236/2353
f 157/222/2345 166/237/2354 158/223/2346
f 167/238/2355 166/237/2354 157/222/2345
f 151/216/2339 167/238/2355 157/222/2345
f 151/216/2339 168/239/2356 167/238/2355
f 156/221/2344 168/239/2356 151/216/2339
f 169/240/2357 155/220/2343 154/219/2342
f 154/243/2342 170/242/2358 169/241/2357
f 153/244/2341 170/242/2358 154/243/2342
f 169/241/2357 172/246/2360 171/245/2359
f 170/242/2358 172/246/2360 169/241/2357
f 171/247/2359 155/220/2343 169/240/2357
f 156/221/2344 155/220/2343 171/247/2359
f 173/248/2361 168/239/2356 156/221/2344
f 167/238/2355 168/239/2356 174/249/2362
f 174/249/2362 166/237/2354 167/238/2355
f 166/237/2354 175/250/2363 165/236/2353
f 174/249/2362 175/250/2363 166/237/2354
f 165/233/2353 176/251/2364 164/232/2352
f 175/254/2363 176/253/2364 165/252/2353
f 164/232/2352 176/251/2364 163/231/2351
f 161/229/2349 163/231/2351 177/255/2365
f 162/230/2350 161/229/2349 177/255/2365
f 178/256/2366 130/181/2318 162/230/2350
f 178/256/2366 162/230/2350 179/257/2367
f 162/230/2350 177/255/2365 179/257/2367
f 177/255/2365 163/231/2351 180/258/2368
f 163/231/2351 181/259/2369 180/258/2368
f 163/231/2351 176/251/2364 181/259/2369
f 176/262/2364 182/261/2370 181/260/2369
f 176/265/2364 183/264/2371 182/263/2370
f 175/254/2363 183/266/2371 176/253/2364
f 174/249/2362 183/264/2371 175/250/2363
f 168/239/2356 183/264/2371 174/249/2362
f 168/239/2356 173/248/2361 183/264/2371
f 173/248/2361 184/267/2372 183/264/2371
f 173/248/2361 156/221/2344 185/268/2373
f 185/268/2373 156/221/2344 171/247/2359
f 187/270/2375 173/248/2361 186/269/2374
f 186/269/2374 173/248/2361 185/268/2373
f 173/248/2361 187/270/2375 184/267/2372
f 184/267/2372 187/270/2375 182/263/2370
f 183/264/2371 184/267/2372 182/263/2370
f 182/261/2370 188/271/2376 181/260/2369
f 187/270/2375 188/272/2376 182/263/2370
f 181/260/2369 188/271/2376 189/273/2377
f 180/258/2368 181/259/2369 189/274/2377
f 177/255/2365 180/258/2368 190/275/2378
f 179/257/2367 177/255/2365 190/275/2378
f 191/276/2379 178/256/2366 179/257/2367
f 192/277/2380 178/256/2366 191/276/2379
f 191/276/2379 179/257/2367 193/278/2381
f 189/274/2377 194/279/2382 180/258/2368
f 189/274/2377 188/280/2376 194/279/2382
f 188/280/2376 195/281/2383 194/279/2382
f 188/272/2376 186/269/2374 195/282/2383
f 187/270/2375 186/269/2374 188/272/2376
f 194/279/2382 196/283/2384 190/275/2378
f 180/258/2368 194/279/2382 190/275/2378
f 194/279/2382 195/281/2383 196/283/2384
f 198/285/2386 190/275/2378 197/284/2385
f 179/257/2367 190/275/2378 198/285/2386
f 193/278/2381 179/257/2367 198/285/2386
f 197/284/2385 200/287/2388 199/286/2387
f 197/284/2385 190/275/2378 200/287/2388
f 197/284/2385 199/286/2387 201/288/2389
f 202/289/2390 197/284/2385 201/288/2389
f 198/285/2386 197/284/2385 202/289/2390
f 193/278/2381 198/285/2386 203/290/2391
f 201/288/2389 205/292/2393 204/291/2392
f 201/288/2389 206/293/2394 205/292/2393
f 201/288/2389 199/286/2387 206/293/2394
f 199/286/2387 207/294/2395 206/293/2394
f 200/287/2388 207/294/2395 199/286/2387
f 205/292/2393 206/293/2394 208/295/2396
f 208/295/2396 206/293/2394 209/296/2397
f 206/293/2394 207/294/2395 209/296/2397
f 204/291/2392 205/292/2393 210/297/2398
f 210/297/2398 205/292/2393 208/295/2396
f 211/298/2399 204/291/2392 210/297/2398
f 212/299/2400 201/288/2389 204/291/2392
f 202/289/2390 201/288/2389 212/299/2400
f 213/300/2401 202/289/2390 212/299/2400
f 198/285/2386 202/289/2390 213/300/2401
f 214/301/2402 198/285/2386 213/300/2401
f 203/290/2391 198/285/2386 214/301/2402
f 212/299/2400 204/291/2392 215/302/2403
f 215/305/2403 204/304/2392 216/303/2404
f 211/306/2399 216/303/2404 204/304/2392
f 217/307/2405 216/303/2404 211/306/2399
f 217/307/2405 211/306/2399 218/308/2406
f 218/308/2406 211/306/2399 219/309/2407
f 210/310/2398 219/309/2407 211/306/2399
f 220/311/2408 219/309/2407 210/310/2398
f 208/312/2396 220/311/2408 210/310/2398
f 221/313/2409 220/311/2408 208/312/2396
f 209/314/2397 221/313/2409 208/312/2396
f 219/309/2407 220/311/2408 222/315/2410
f 218/308/2406 219/309/2407 223/316/2411
f 223/316/2411 219/309/2407 222/315/2410
f 223/316/2411 217/307/2405 218/308/2406
f 217/307/2405 224/317/2412 216/303/2404
f 217/307/2405 225/318/2413 224/317/2412
f 216/303/2404 224/317/2412 226/319/2414
f 226/319/2414 215/305/2403 216/303/2404
f 227/320/2415 215/305/2403 226/319/2414
f 212/299/2400 215/302/2403 227/321/2415
f 228/322/2416 212/299/2400 227/321/2415
f 229/323/2417 212/299/2400 228/322/2416
f 213/300/2401 212/299/2400 229/323/2417
f 213/300/2401 229/323/2417 230/324/2418
f 228/322/2416 227/321/2415 231/325/2419
f 231/327/2419 227/320/2415 232/326/2420
f 232/326/2420 227/320/2415 226/319/2414
f 224/317/2412 232/326/2420 226/319/2414
f 232/326/2420 224/317/2412 225/318/2413
f 225/318/2413 217/307/2405 233/328/2421
f 217/307/2405 234/329/2422 233/328/2421
f 223/316/2411 234/329/2422 217/307/2405
f 222/315/2410 234/329/2422 223/316/2411
f 222/315/2410 220/311/2408 235/330/2423
f 234/329/2422 222/315/2410 236/331/2424
f 222/315/2410 235/330/2423 236/331/2424
f 237/332/2425 234/329/2422 236/331/2424
f 233/328/2421 234/329/2422 237/332/2425
f 233/328/2421 239/334/2427 238/333/2426
f 240/335/2428 239/334/2427 233/328/2421
f 240/335/2428 233/328/2421 237/332/2425
f 233/328/2421 238/333/2426 241/336/2429
f 225/318/2413 233/328/2421 241/336/2429
f 225/318/2413 241/336/2429 232/326/2420
f 242/337/2430 232/326/2420 241/336/2429
f 243/338/2431 232/326/2420 242/337/2430
f 243/338/2431 231/327/2419 232/326/2420
f 244/339/2432 231/327/2419 243/338/2431
f 231/325/2419 245/340/2433 228/322/2416
f 244/341/2432 245/340/2433 231/325/2419
f 229/323/2417 228/322/2416 245/340/2433
f 246/342/2434 229/323/2417 245/340/2433
f 230/324/2418 229/323/2417 246/342/2434
f 246/342/2434 245/340/2433 247/343/2435
f 248/344/2436 246/342/2434 247/343/2435
f 230/324/2418 246/342/2434 248/344/2436
f 247/343/2435 245/340/2433 244/341/2432
f 249/345/2437 243/338/2431 242/337/2430
f 241/348/2429 250/347/2438 242/346/2430
f 250/347/2438 241/348/2429 238/349/2426
f 238/352/2426 239/351/2427 251/350/2439
f 252/354/2440 238/349/2426 251/353/2439
f 250/347/2438 238/349/2426 252/354/2440
f 251/350/2439 239/351/2427 253/355/2441
f 254/356/2442 253/355/2441 239/351/2427
f 240/357/2428 254/356/2442 239/351/2427
f 240/357/2428 255/358/2443 254/356/2442
f 240/357/2428 237/360/2425 256/359/2444
f 255/358/2443 240/357/2428 256/359/2444
f 256/359/2444 237/360/2425 257/361/2445
f 237/360/2425 236/363/2424 258/362/2446
f 257/361/2445 237/360/2425 258/362/2446
f 256/359/2444 257/361/2445 259/364/2447
f 257/361/2445 258/362/2446 260/365/2448
f 259/364/2447 257/361/2445 260/365/2448
f 255/358/2443 256/359/2444 261/366/2449
f 261/366/2449 256/359/2444 259/364/2447
f 254/356/2442 255/358/2443 262/367/2450
f 255/358/2443 263/368/2451 262/367/2450
f 263/368/2451 255/358/2443 261/366/2449
f 262/367/2450 264/369/2452 254/356/2442
f 264/369/2452 253/355/2441 254/356/2442
f 265/370/2453 251/350/2439 253/355/2441
f 265/370/2453 253/355/2441 264/369/2452
f 266/371/2454 251/350/2439 265/370/2453
f 251/353/2439 266/372/2454 252/354/2440
f 252/354/2440 267/373/2455 250/347/2438
f 250/347/2438 267/373/2455 242/346/2430
f 268/374/2456 249/345/2437 242/337/2430
f 242/346/2430 267/373/2455 268/375/2456
f 243/338/2431 249/345/2437 244/339/2432
f 269/376/2457 249/345/2437 268/374/2456
f 249/345/2437 269/376/2457 270/377/2458
f 244/339/2432 249/345/2437 270/377/2458
f 252/354/2440 266/372/2454 271/378/2459
f 267/373/2455 252/354/2440 271/378/2459
f 271/381/2459 266/380/2454 272/379/2460
f 272/382/2460 266/371/2454 265/370/2453
f 272/382/2460 265/370/2453 273/383/2461
f 273/383/2461 265/370/2453 264/369/2452
f 273/383/2461 264/369/2452 274/384/2462
f 274/384/2462 264/369/2452 262/367/2450
f 275/385/2463 274/384/2462 262/367/2450
f 262/367/2450 263/368/2451 275/385/2463
f 276/386/2464 275/385/2463 263/368/2451
f 261/366/2449 276/386/2464 263/368/2451
f 277/387/2465 276/386/2464 261/366/2449
f 259/364/2447 277/387/2465 261/366/2449
f 275/385/2463 276/386/2464 278/388/2466
f 278/388/2466 276/386/2464 279/389/2467
f 276/386/2464 277/387/2465 279/389/2467
f 275/385/2463 278/388/2466 274/384/2462
f 280/390/2468 273/383/2461 274/384/2462
f 280/390/2468 274/384/2462 281/391/2469
f 274/384/2462 278/388/2466 281/391/2469
f 282/392/2470 272/382/2460 273/383/2461
f 282/392/2470 273/383/2461 280/390/2468
f 283/393/2471 271/381/2459 272/379/2460
f 283/394/2471 272/382/2460 282/392/2470
f 284/395/2472 271/381/2459 283/393/2471
f 267/373/2455 271/378/2459 284/396/2472
f 285/397/2473 267/373/2455 284/396/2472
f 286/398/2474 267/373/2455 285/397/2473
f 267/373/2455 286/398/2474 268/375/2456
f 287/399/2475 269/376/2457 268/374/2456
f 268/375/2456 286/398/2474 287/400/2475
f 269/376/2457 288/401/2476 270/377/2458
f 287/399/2475 288/401/2476 269/376/2457
f 270/402/2458 247/343/2435 244/341/2432
f 270/402/2458 248/344/2436 247/343/2435
f 288/401/2476 289/403/2477 270/377/2458
f 289/404/2477 248/344/2436 270/402/2458
f 291/406/2479 288/401/2476 290/405/2478
f 287/399/2475 290/405/2478 288/401/2476
f 290/405/2478 287/399/2475 292/407/2480
f 287/400/2475 286/398/2474 292/408/2480
f 286/398/2474 285/397/2473 293/409/2481
f 294/410/2482 286/398/2474 293/409/2481
f 286/398/2474 294/410/2482 292/408/2480
f 285/397/2473 284/396/2472 295/411/2483
f 296/412/2484 285/397/2473 295/411/2483
f 296/412/2484 293/409/2481 285/397/2473
f 295/414/2483 284/395/2472 297/413/2485
f 297/413/2485 284/395/2472 283/393/2471
f 297/415/2485 283/394/2471 282/392/2470
f 282/392/2470 280/390/2468 298/416/2486
f 298/416/2486 280/390/2468 281/391/2469
f 299/417/2487 282/392/2470 298/416/2486
f 299/417/2487 297/415/2485 282/392/2470
f 300/418/2488 295/414/2483 297/413/2485
f 300/419/2488 297/415/2485 299/417/2487
f 301/420/2489 295/414/2483 300/418/2488
f 295/411/2483 301/422/2489 302/421/2490
f 296/412/2484 295/411/2483 302/421/2490
f 296/412/2484 302/421/2490 293/409/2481
f 303/423/2491 292/408/2480 294/410/2482
f 292/408/2480 303/423/2491 304/424/2492
f 290/405/2478 292/407/2480 304/425/2492
f 290/405/2478 304/425/2492 291/406/2479
f 305/426/2493 288/401/2476 291/406/2479
f 305/426/2493 291/406/2479 304/425/2492
f 306/427/2494 289/403/2477 288/401/2476
f 305/426/2493 306/427/2494 288/401/2476
f 308/430/2496 307/429/2495 305/428/2493
f 305/426/2493 307/431/2495 306/427/2494
f 308/430/2496 305/428/2493 304/432/2492
f 309/433/2497 304/424/2492 303/423/2491
f 310/434/2498 308/430/2496 304/432/2492
f 310/435/2498 304/424/2492 309/433/2497
f 311/436/2499 309/433/2497 303/423/2491
f 303/423/2491 312/437/2500 311/436/2499
f 303/423/2491 294/410/2482 312/437/2500
f 313/438/2501 293/409/2481 302/421/2490
f 294/410/2482 293/409/2481 313/438/2501
f 314/439/2502 313/438/2501 302/421/2490
f 302/421/2490 301/422/2489 314/439/2502
f 316/441/2504 301/420/2489 315/440/2503
f 315/440/2503 301/420/2489 300/418/2488
f 301/420/2489 316/441/2504 317/442/2505
f 314/439/2502 301/422/2489 317/443/2505
f 315/445/2503 300/419/2488 318/444/2506
f 318/444/2506 300/419/2488 299/417/2487
f 318/444/2506 299/417/2487 319/446/2507
f 320/447/2508 315/445/2503 318/444/2506
f 320/447/2508 318/444/2506 321/448/2509
f 321/448/2509 318/444/2506 319/446/2507
f 322/451/2510 316/450/2504 315/449/2503
f 322/451/2510 315/449/2503 320/452/2508
f 323/453/2511 316/450/2504 322/451/2510
f 316/441/2504 323/454/2511 317/442/2505
f 323/457/2511 324/456/2512 317/455/2505
f 314/439/2502 317/443/2505 325/458/2513
f 326/459/2514 317/455/2505 324/456/2512
f 326/460/2514 325/458/2513 317/443/2505
f 325/458/2513 313/438/2501 314/439/2502
f 313/438/2501 327/461/2515 294/410/2482
f 325/458/2513 327/461/2515 313/438/2501
f 327/461/2515 312/437/2500 294/410/2482
f 328/462/2516 312/437/2500 327/461/2515
f 328/462/2516 311/436/2499 312/437/2500
f 330/464/2518 311/436/2499 329/463/2517
f 309/433/2497 311/436/2499 330/464/2518
f 309/467/2497 330/466/2518 331/465/2519
f 331/465/2519 310/468/2498 309/467/2497
f 310/434/2498 332/469/2520 308/430/2496
f 310/472/2498 331/471/2519 333/470/2521
f 333/470/2521 332/473/2520 310/472/2498
f 331/465/2519 330/466/2518 334/474/2522
f 335/475/2523 331/465/2519 334/474/2522
f 336/476/2524 331/465/2519 335/475/2523
f 331/471/2519 336/477/2524 333/470/2521
f 330/466/2518 337/478/2525 334/474/2522
f 329/479/2517 337/478/2525 330/466/2518
f 329/479/2517 338/480/2526 337/478/2525
f 329/463/2517 311/436/2499 338/481/2526
f 338/481/2526 311/436/2499 328/462/2516
f 339/482/2527 328/462/2516 327/461/2515
f 338/481/2526 328/462/2516 339/482/2527
f 339/482/2527 327/461/2515 326/460/2514
f 325/458/2513 326/460/2514 327/461/2515
f 326/459/2514 324/456/2512 339/483/2527
f 340/485/2528 324/484/2512 323/453/2511
f 341/486/2529 324/484/2512 340/485/2528
f 339/483/2527 324/456/2512 342/487/2530
f 341/488/2529 342/487/2530 324/456/2512
f 340/485/2528 323/453/2511 322/451/2510
f 343/489/2531 340/485/2528 322/451/2510
f 343/489/2531 322/451/2510 320/452/2508
f 343/489/2531 320/452/2508 344/490/2532
f 344/491/2532 320/447/2508 321/448/2509
f 346/493/2534 345/492/2533 343/489/2531
f 345/492/2533 340/485/2528 343/489/2531
f 346/493/2534 343/489/2531 344/490/2532
f 345/492/2533 341/486/2529 340/485/2528
f 347/494/2535 341/486/2529 345/492/2533
f 348/495/2536 342/487/2530 341/488/2529
f 348/495/2536 341/488/2529 347/496/2535
f 337/478/2525 339/483/2527 342/487/2530
f 348/495/2536 337/478/2525 342/487/2530
f 338/480/2526 339/483/2527 337/478/2525
f 349/497/2537 337/478/2525 348/495/2536
f 349/497/2537 334/474/2522 337/478/2525
f 335/475/2523 334/474/2522 349/497/2537
f 335/475/2523 349/497/2537 350/498/2538
f 336/476/2524 335/475/2523 351/499/2539
f 351/499/2539 335/475/2523 350/498/2538
f 336/477/2524 351/501/2539 352/500/2540
f 336/477/2524 352/500/2540 333/470/2521
f 353/502/2541 332/473/2520 333/470/2521
f 352/500/2540 353/502/2541 333/470/2521
f 332/469/2520 354/503/2542 308/430/2496
f 355/505/2543 354/504/2542 332/473/2520
f 353/502/2541 355/505/2543 332/473/2520
f 356/508/2544 355/507/2543 353/506/2541
f 356/508/2544 353/506/2541 357/509/2545
f 357/509/2545 353/506/2541 352/510/2540
f 351/512/2539 358/511/2546 352/510/2540
f 358/511/2546 357/509/2545 352/510/2540
f 351/499/2539 350/498/2538 359/513/2547
f 360/515/2548 351/512/2539 359/514/2547
f 358/511/2546 351/512/2539 360/515/2548
f 350/498/2538 362/517/2550 361/516/2549
f 359/513/2547 350/498/2538 361/516/2549
f 350/498/2538 349/497/2537 362/517/2550
f 349/497/2537 348/495/2536 362/517/2550
f 363/518/2551 348/495/2536 347/496/2535
f 362/517/2550 348/495/2536 363/518/2551
f 347/494/2535 345/492/2533 364/519/2552
f 365/520/2553 347/494/2535 364/519/2552
f 363/518/2551 347/496/2535 366/521/2554
f 366/522/2554 347/494/2535 365/520/2553
f 364/519/2552 345/492/2533 346/493/2534
f 367/523/2555 364/519/2552 346/493/2534
f 346/493/2534 344/490/2532 368/524/2556
f 367/523/2555 346/493/2534 368/524/2556
f 368/525/2556 344/491/2532 321/448/2509
f 370/527/2558 369/526/2557 368/525/2556
f 370/527/2558 368/525/2556 321/448/2509
f 372/529/2560 371/528/2559 367/523/2555
f 371/528/2559 364/519/2552 367/523/2555
f 372/529/2560 367/523/2555 368/524/2556
f 365/520/2553 364/519/2552 373/530/2561
f 364/519/2552 371/528/2559 373/530/2561
f 374/533/2562 365/532/2553 373/531/2561
f 365/532/2553 374/533/2562 375/534/2563
f 366/535/2554 365/532/2553 375/534/2563
f 376/536/2564 363/518/2551 366/521/2554
f 366/535/2554 375/534/2563 376/537/2564
f 363/518/2551 361/516/2549 362/517/2550
f 376/536/2564 361/516/2549 363/518/2551
f 378/540/2566 361/539/2549 377/538/2565
f 376/541/2564 377/538/2565 361/539/2549
f 359/514/2547 361/539/2549 378/540/2566
f 379/542/2567 359/514/2547 378/540/2566
f 360/515/2548 359/514/2547 379/542/2567
f 380/543/2568 360/515/2548 379/542/2567
f 380/543/2568 358/511/2546 360/515/2548
f 379/542/2567 378/540/2566 381/544/2569
f 380/543/2568 379/542/2567 381/544/2569
f 381/544/2569 378/540/2566 382/545/2570
f 382/545/2570 378/540/2566 377/538/2565
f 375/547/2563 383/546/2571 377/538/2565
f 377/538/2565 383/546/2571 382/545/2570
f 377/548/2565 376/537/2564 375/534/2563
f 374/533/2562 383/549/2571 375/534/2563
f 385/551/2573 374/533/2562 384/550/2572
f 384/550/2572 374/533/2562 373/531/2561
f 385/551/2573 383/549/2571 374/533/2562
f 384/554/2572 373/553/2561 386/552/2574
f 373/530/2561 371/528/2559 386/555/2574
f 387/556/2575 371/528/2559 372/529/2560
f 371/528/2559 387/556/2575 386/555/2574
f 388/557/2576 387/556/2575 372/529/2560
f 372/529/2560 368/524/2556 389/558/2577
f 388/557/2576 372/529/2560 389/558/2577
f 368/525/2556 369/526/2557 390/559/2578
f 389/560/2577 368/525/2556 390/559/2578
f 370/527/2558 391/561/2579 369/526/2557
f 369/526/2557 391/561/2579 392/562/2580
f 369/526/2557 392/562/2580 393/563/2581
f 390/559/2578 369/526/2557 393/563/2581
f 370/527/2558 321/448/2509 394/564/2582
f 391/561/2579 370/527/2558 394/564/2582
f 396/566/2584 395/565/2583 392/562/2580
f 391/561/2579 396/566/2584 392/562/2580
f 392/562/2580 395/565/2583 397/567/2585
f 393/563/2581 392/562/2580 397/567/2585
f 390/559/2578 393/563/2581 398/568/2586
f 393/563/2581 397/567/2585 399/569/2587
f 398/568/2586 393/563/2581 399/569/2587
f 389/560/2577 390/559/2578 398/568/2586
f 400/572/2588 388/571/2576 389/570/2577
f 400/572/2588 389/570/2577 398/573/2586
f 401/574/2589 387/556/2575 388/557/2576
f 402/575/2590 388/571/2576 400/572/2588
f 402/576/2590 401/574/2589 388/557/2576
f 386/555/2574 387/556/2575 403/577/2591
f 403/577/2591 387/556/2575 401/574/2589
f 404/578/2592 384/554/2572 386/552/2574
f 404/578/2592 386/552/2574 403/579/2591
f 405/581/2593 384/550/2572 404/580/2592
f 406/582/2594 384/550/2572 405/581/2593
f 406/582/2594 385/551/2573 384/550/2572
f 385/551/2573 407/583/2595 383/549/2571
f 407/583/2595 385/551/2573 406/582/2594
f 408/584/2596 383/549/2571 407/583/2595
f 383/546/2571 408/585/2596 382/545/2570
f 409/586/2597 408/584/2596 407/583/2595
f 410/587/2598 409/586/2597 407/583/2595
f 411/588/2599 410/587/2598 407/583/2595
f 411/588/2599 407/583/2595 406/582/2594
f 411/588/2599 406/582/2594 405/581/2593
f 413/590/2601 412/589/2600 405/581/2593
f 412/589/2600 411/588/2599 405/581/2593
f 405/581/2593 404/580/2592 414/591/2602
f 413/590/2601 405/581/2593 414/591/2602
f 414/592/2602 404/578/2592 403/579/2591
f 403/579/2591 415/593/2603 414/592/2602
f 416/594/2604 415/593/2603 403/579/2591
f 416/595/2604 403/577/2591 401/574/2589
f 416/595/2604 401/574/2589 417/596/2605
f 417/596/2605 401/574/2589 402/576/2590
f 418/599/2606 402/598/2590 400/597/2588
f 417/600/2605 402/598/2590 418/599/2606
f 398/573/2586 419/601/2607 400/572/2588
f 419/602/2607 418/599/2606 400/597/2588
f 399/604/2587 420/603/2608 398/573/2586
f 420/603/2608 419/601/2607 398/573/2586
f 399/569/2587 397/567/2585 421/605/2609
f 421/606/2609 420/603/2608 399/604/2587
f 397/567/2585 395/565/2583 422/607/2610
f 397/567/2585 422/607/2610 421/605/2609
f 421/605/2609 422/607/2610 423/608/2611
f 423/610/2611 424/609/2612 421/606/2609
f 424/609/2612 420/603/2608 421/606/2609
f 425/613/2613 420/612/2608 424/611/2612
f 426/614/2614 419/602/2607 420/612/2608
f 426/614/2614 420/612/2608 425/613/2613
f 427/615/2615 418/599/2606 419/602/2607
f 427/615/2615 419/602/2607 426/614/2614
f 428/616/2616 418/599/2606 427/615/2615
f 417/600/2605 418/599/2606 428/616/2616
f 416/595/2604 417/596/2605 429/617/2617
f 428/616/2616 429/618/2617 417/600/2605
f 416/594/2604 430/619/2618 415/593/2603
f 430/619/2618 416/594/2604 431/620/2619
f 431/621/2619 416/595/2604 429/617/2617
f 415/593/2603 413/622/2601 414/592/2602
f 432/623/2620 413/622/2601 415/593/2603
f 433/624/2621 432/623/2620 415/593/2603
f 433/624/2621 415/593/2603 430/619/2618
f 434/625/2622 412/589/2600 413/590/2601
f 432/623/2620 434/626/2622 413/622/2601
f 435/627/2623 434/626/2622 432/623/2620
f 435/627/2623 432/623/2620 433/624/2621
f 437/630/2625 433/629/2621 436/628/2624
f 435/631/2623 433/629/2621 437/630/2625
f 433/629/2621 438/632/2626 436/628/2624
f 430/633/2618 438/632/2626 433/629/2621
f 430/633/2618 431/634/2619 438/632/2626
f 431/634/2619 428/616/2616 438/632/2626
f 431/634/2619 429/618/2617 428/616/2616
f 438/632/2626 428/616/2616 439/635/2627
f 439/635/2627 428/616/2616 427/615/2615
f 440/636/2628 427/615/2615 426/614/2614
f 439/635/2627 427/615/2615 440/636/2628
f 441/637/2629 426/614/2614 425/613/2613
f 440/636/2628 426/614/2614 441/637/2629
f 425/613/2613 424/611/2612 442/638/2630
f 441/637/2629 425/613/2613 442/638/2630
f 443/639/2631 440/636/2628 441/637/2629
f 444/640/2632 436/628/2624 438/632/2626
f 444/640/2632 438/632/2626 439/635/2627
f 445/641/2633 437/630/2625 436/628/2624
f 445/641/2633 436/628/2624 444/640/2632
f 446/642/2634 439/635/2627 440/636/2628
f 442/638/2630 424/611/2612 447/643/2635
f 441/637/2629 442/638/2630 448/644/2636
f 449/645/2637 441/637/2629 448/644/2636
f 449/645/2637 443/639/2631 441/637/2629
f 446/642/2634 440/636/2628 443/639/2631
f 450/646/2638 439/635/2627 446/642/2634
f 450/646/2638 444/640/2632 439/635/2627
f 451/647/2639 443/639/2631 449/645/2637
f 453/649/2641 449/645/2637 452/648/2640
f 453/649/2641 451/647/2639 449/645/2637
f 451/647/2639 446/642/2634 443/639/2631
f 454/650/2642 446/642/2634 451/647/2639
f 455/651/2643 453/649/2641 452/648/2640
f 456/652/2644 453/649/2641 455/651/2643
f 457/653/2645 453/649/2641 456/652/2644
f 458/654/2646 453/649/2641 457/653/2645
f 458/654/2646 451/647/2639 453/649/2641
f 454/650/2642 451/647/2639 458/654/2646
f 460/656/2648 456/652/2644 459/655/2647
f 461/657/2649 456/652/2644 460/656/2648
f 461/657/2649 457/653/2645 456/652/2644
f 462/658/2650 457/653/2645 461/657/2649
f 462/658/2650 458/654/2646 457/653/2645
f 463/659/2651 454/650/2642 458/654/2646
f 464/660/2652 460/656/2648 459/655/2647
f 464/660/2652 459/655/2647 465/661/2653
f 466/662/2654 460/656/2648 464/660/2652
f 466/662/2654 464/660/2652 82/114/2270
f 467/663/2655 461/657/2649 460/656/2648
f 467/663/2655 460/656/2648 466/662/2654
f 468/664/2656 462/658/2650 461/657/2649
f 468/664/2656 461/657/2649 467/663/2655
f 469/665/2657 458/654/2646 462/658/2650
f 469/665/2657 462/658/2650 468/664/2656
f 469/665/2657 463/659/2651 458/654/2646
f 41/57/2229 466/662/2654 82/114/2270
f 82/114/2270 464/660/2652 100/140/2288
f 464/660/2652 465/661/2653 100/140/2288
f 100/140/2288 465/661/2653 119/163/2307
f 465/661/2653 470/666/2658 119/163/2307
f 119/669/2307 470/668/2658 471/667/2659
f 120/165/2308 119/164/2307 139/198/2327
f 119/669/2307 471/667/2659 139/670/2327
f 470/666/2658 473/672/2661 472/671/2660
f 465/661/2653 473/672/2661 470/666/2658
f 472/673/2660 471/667/2659 470/668/2658
f 474/676/2662 471/675/2659 472/674/2660
f 474/676/2662 138/197/2326 471/675/2659
f 471/667/2659 138/677/2326 139/670/2327
f 472/671/2660 476/679/2664 475/678/2663
f 473/672/2661 476/679/2664 472/671/2660
f 474/682/2662 472/681/2660 477/680/2665
f 472/681/2660 475/683/2663 477/680/2665
f 473/672/2661 459/655/2647 476/679/2664
f 465/661/2653 459/655/2647 473/672/2661
f 476/679/2664 455/651/2643 478/684/2666
f 459/655/2647 455/651/2643 476/679/2664
f 476/679/2664 478/684/2666 475/678/2663
f 475/678/2663 478/684/2666 479/685/2667
f 477/680/2665 475/683/2663 480/686/2668
f 475/683/2663 479/687/2667 480/686/2668
f 477/690/2665 480/689/2668 481/688/2669
f 477/690/2665 481/688/2669 482/691/2670
f 474/692/2662 477/690/2665 482/691/2670
f 482/693/2670 138/197/2326 474/676/2662
f 137/196/2325 138/197/2326 482/693/2670
f 482/691/2670 481/688/2669 152/694/2340
f 152/217/2340 137/196/2325 482/693/2670
f 481/688/2669 484/696/2672 483/695/2671
f 480/689/2668 484/696/2672 481/688/2669
f 481/688/2669 483/695/2671 152/694/2340
f 480/699/2668 485/698/2673 484/697/2672
f 479/700/2667 485/698/2673 480/699/2668
f 486/701/2674 479/685/2667 478/684/2666
f 487/703/2675 479/700/2667 486/702/2674
f 487/703/2675 485/698/2673 479/700/2667
f 478/684/2666 488/704/2676 486/701/2674
f 455/651/2643 488/704/2676 478/684/2666
f 456/652/2644 455/651/2643 459/655/2647
f 455/651/2643 489/705/2677 488/704/2676
f 488/704/2676 489/705/2677 490/706/2678
f 488/704/2676 490/706/2678 486/701/2674
f 486/701/2674 490/706/2678 491/707/2679
f 487/703/2675 486/702/2674 492/708/2680
f 486/711/2674 491/710/2679 492/709/2680
f 487/703/2675 492/708/2680 493/712/2681
f 493/712/2681 485/698/2673 487/703/2675
f 494/713/2682 485/698/2673 493/712/2681
f 485/698/2673 494/713/2682 484/697/2672
f 484/697/2672 494/713/2682 495/714/2683
f 484/696/2672 495/715/2683 483/695/2671
f 483/695/2671 495/715/2683 170/242/2358
f 483/695/2671 170/242/2358 153/244/2341
f 152/694/2340 483/695/2671 153/244/2341
f 494/713/2682 496/716/2684 495/714/2683
f 496/716/2684 494/713/2682 497/717/2685
f 497/717/2685 494/713/2682 493/712/2681
f 493/712/2681 498/718/2686 497/717/2685
f 492/708/2680 498/718/2686 493/712/2681
f 492/708/2680 499/719/2687 498/718/2686
f 492/709/2680 491/710/2679 499/720/2687
f 491/707/2679 501/722/2689 500/721/2688
f 490/706/2678 501/722/2689 491/707/2679
f 491/710/2679 500/723/2688 499/720/2687
f 490/706/2678 489/705/2677 501/722/2689
f 455/651/2643 452/648/2640 489/705/2677
f 449/645/2637 502/724/2690 452/648/2640
f 452/648/2640 502/724/2690 489/705/2677
f 489/705/2677 502/724/2690 503/725/2691
f 489/705/2677 503/725/2691 504/726/2692
f 489/705/2677 504/726/2692 501/722/2689
f 501/722/2689 504/726/2692 505/727/2693
f 505/727/2693 500/721/2688 501/722/2689
f 506/730/2694 500/729/2688 505/728/2693
f 506/730/2694 507/731/2695 500/729/2688
f 500/729/2688 507/731/2695 499/719/2687
f 499/719/2687 507/731/2695 508/732/2696
f 499/719/2687 508/732/2696 498/718/2686
f 497/717/2685 498/718/2686 509/733/2697
f 509/733/2697 496/716/2684 497/717/2685
f 495/714/2683 496/716/2684 510/734/2698
f 495/715/2683 510/735/2698 170/242/2358
f 507/731/2695 511/736/2699 508/732/2696
f 511/739/2699 507/738/2695 512/737/2700
f 512/737/2700 507/738/2695 506/740/2694
f 506/740/2694 513/741/2701 512/737/2700
f 505/742/2693 513/741/2701 506/740/2694
f 513/741/2701 505/742/2693 514/743/2702
f 505/746/2693 504/745/2692 514/744/2702
f 515/747/2703 504/726/2692 503/725/2691
f 516/749/2704 504/745/2692 515/748/2703
f 516/749/2704 514/744/2702 504/745/2692
f 503/725/2691 517/750/2705 515/747/2703
f 502/724/2690 517/750/2705 503/725/2691
f 502/724/2690 518/751/2706 517/750/2705
f 502/724/2690 519/752/2707 518/751/2706
f 448/644/2636 519/752/2707 502/724/2690
f 449/645/2637 448/644/2636 502/724/2690
f 521/754/2709 518/751/2706 520/753/2708
f 518/751/2706 519/752/2707 520/753/2708
f 517/750/2705 518/751/2706 521/754/2709
f 522/757/2710 517/756/2705 521/755/2709
f 515/748/2703 517/756/2705 522/757/2710
f 523/758/2711 515/748/2703 522/757/2710
f 515/748/2703 523/758/2711 516/749/2704
f 524/761/2712 516/760/2704 523/759/2711
f 516/760/2704 524/761/2712 514/743/2702
f 525/762/2713 513/741/2701 514/743/2702
f 526/763/2714 525/762/2713 514/743/2702
f 526/763/2714 514/743/2702 524/761/2712
f 513/741/2701 525/762/2713 512/737/2700
f 512/737/2700 525/762/2713 527/764/2715
f 527/764/2715 511/739/2699 512/737/2700
f 498/718/2686 508/732/2696 528/765/2716
f 498/718/2686 528/765/2716 509/733/2697
f 509/733/2697 528/765/2716 529/766/2717
f 529/766/2717 496/716/2684 509/733/2697
f 530/767/2718 496/716/2684 529/766/2717
f 510/734/2698 496/716/2684 531/768/2719
f 496/716/2684 530/767/2718 531/768/2719
f 529/766/2717 528/765/2716 532/769/2720
f 532/769/2720 530/767/2718 529/766/2717
f 508/732/2696 533/770/2721 528/765/2716
f 508/732/2696 511/736/2699 533/770/2721
f 525/762/2713 534/771/2722 527/764/2715
f 534/771/2722 525/762/2713 535/772/2723
f 535/772/2723 525/762/2713 526/763/2714
f 524/761/2712 523/759/2711 526/763/2714
f 536/774/2724 523/759/2711 522/773/2710
f 526/763/2714 523/759/2711 536/774/2724
f 521/755/2709 537/775/2725 522/757/2710
f 538/776/2726 536/774/2724 522/773/2710
f 538/776/2726 522/773/2710 537/777/2725
f 520/779/2708 539/778/2727 521/755/2709
f 539/778/2727 537/775/2725 521/755/2709
f 540/780/2728 539/778/2727 520/779/2708
f 540/781/2728 520/753/2708 519/752/2707
f 537/777/2725 539/783/2727 541/782/2729
f 542/784/2730 537/777/2725 541/782/2729
f 537/777/2725 542/784/2730 538/776/2726
f 538/776/2726 542/784/2730 543/785/2731
f 543/785/2731 536/774/2724 538/776/2726
f 544/786/2732 536/774/2724 543/785/2731
f 536/774/2724 544/786/2732 526/763/2714
f 544/786/2732 534/771/2722 526/763/2714
f 526/763/2714 534/771/2722 535/772/2723
f 527/764/2715 534/771/2722 545/787/2733
f 545/787/2733 511/739/2699 527/764/2715
f 546/789/2734 511/736/2699 545/788/2733
f 511/736/2699 546/789/2734 533/770/2721
f 528/765/2716 533/770/2721 547/790/2735
f 528/765/2716 547/790/2735 532/769/2720
f 532/769/2720 547/790/2735 548/791/2736
f 548/791/2736 549/792/2737 532/769/2720
f 549/792/2737 530/767/2718 532/769/2720
f 551/794/2739 550/793/2738 547/790/2735
f 533/770/2721 551/794/2739 547/790/2735
f 547/790/2735 550/793/2738 548/791/2736
f 533/770/2721 546/789/2734 551/794/2739
f 534/771/2722 552/795/2740 545/787/2733
f 544/786/2732 552/795/2740 534/771/2722
f 542/784/2730 553/796/2741 543/785/2731
f 554/797/2742 553/796/2741 542/784/2730
f 541/782/2729 554/797/2742 542/784/2730
f 555/798/2743 554/797/2742 541/782/2729
f 557/800/2745 556/799/2744 554/797/2742
f 555/798/2743 557/800/2745 554/797/2742
f 554/797/2742 556/799/2744 553/796/2741
f 543/785/2731 553/796/2741 558/801/2746
f 558/801/2746 544/786/2732 543/785/2731
f 559/802/2747 544/786/2732 558/801/2746
f 544/786/2732 559/802/2747 552/795/2740
f 552/795/2740 560/803/2748 545/787/2733
f 545/787/2733 560/803/2748 561/804/2749
f 561/805/2749 546/789/2734 545/788/2733
f 562/806/2750 546/789/2734 561/805/2749
f 546/789/2734 562/806/2750 551/794/2739
f 551/794/2739 562/806/2750 563/807/2751
f 563/807/2751 550/793/2738 551/794/2739
f 550/793/2738 565/809/2753 564/808/2752
f 563/807/2751 565/809/2753 550/793/2738
f 550/793/2738 566/810/2754 548/791/2736
f 564/808/2752 566/810/2754 550/793/2738
f 566/810/2754 567/811/2755 548/791/2736
f 567/811/2755 549/792/2737 548/791/2736
f 566/810/2754 569/813/2757 568/812/2756
f 564/808/2752 569/813/2757 566/810/2754
f 570/814/2758 566/810/2754 568/812/2756
f 570/814/2758 567/811/2755 566/810/2754
f 564/817/2752 565/816/2753 571/815/2759
f 564/817/2752 571/815/2759 572/818/2760
f 564/817/2752 572/818/2760 573/819/2761
f 564/822/2752 573/821/2761 569/820/2757
f 563/823/2751 571/815/2759 565/816/2753
f 563/807/2751 562/806/2750 561/805/2749
f 563/826/2751 561/825/2749 574/824/2762
f 563/823/2751 574/827/2762 571/815/2759
f 561/825/2749 575/828/2763 574/824/2762
f 560/803/2748 575/829/2763 561/804/2749
f 575/829/2763 560/803/2748 576/830/2764
f 560/803/2748 577/831/2765 576/830/2764
f 552/795/2740 577/831/2765 560/803/2748
f 578/832/2766 577/831/2765 552/795/2740
f 559/802/2747 578/832/2766 552/795/2740
f 578/832/2766 559/802/2747 558/801/2746
f 553/796/2741 579/833/2767 558/801/2746
f 580/834/2768 579/833/2767 553/796/2741
f 556/799/2744 580/834/2768 553/796/2741
f 557/800/2745 580/834/2768 556/799/2744
f 580/834/2768 582/836/2770 581/835/2769
f 580/834/2768 581/835/2769 579/833/2767
f 260/365/2448 580/834/2768 557/800/2745
f 260/365/2448 582/836/2770 580/834/2768
f 581/835/2769 583/837/2771 579/833/2767
f 579/833/2767 583/837/2771 558/801/2746
f 558/801/2746 583/837/2771 584/838/2772
f 584/838/2772 578/832/2766 558/801/2746
f 585/839/2773 578/832/2766 584/838/2772
f 578/832/2766 585/839/2773 577/831/2765
f 585/839/2773 586/840/2774 577/831/2765
f 577/831/2765 586/840/2774 576/830/2764
f 576/843/2764 586/842/2774 587/841/2775
f 575/846/2763 576/845/2764 587/844/2775
f 575/846/2763 587/844/2775 574/827/2762
f 574/827/2762 587/844/2775 588/847/2776
f 574/827/2762 588/847/2776 589/848/2777
f 571/815/2759 574/827/2762 589/848/2777
f 571/815/2759 589/848/2777 572/818/2760
f 590/849/2778 572/818/2760 589/848/2777
f 572/818/2760 590/849/2778 591/850/2779
f 573/819/2761 572/818/2760 591/850/2779
f 573/853/2761 591/852/2779 592/851/2780
f 569/820/2757 573/821/2761 592/854/2780
f 569/820/2757 592/854/2780 568/855/2756
f 593/856/2781 592/851/2780 591/852/2779
f 196/283/2384 592/851/2780 593/856/2781
f 568/857/2756 592/851/2780 196/283/2384
f 590/858/2778 593/856/2781 591/852/2779
f 590/849/2778 595/860/2783 594/859/2782
f 595/860/2783 590/849/2778 589/848/2777
f 589/848/2777 588/847/2776 595/860/2783
f 588/847/2776 587/844/2775 596/861/2784
f 595/860/2783 588/847/2776 596/861/2784
f 596/862/2784 587/841/2775 586/842/2774
f 585/863/2773 596/862/2784 586/842/2774
f 585/865/2773 597/864/2785 596/861/2784
f 585/839/2773 584/838/2772 597/866/2785
f 584/838/2772 598/867/2786 597/866/2785
f 583/837/2771 598/867/2786 584/838/2772
f 581/835/2769 598/867/2786 583/837/2771
f 600/870/2788 599/869/2787 581/868/2769
f 599/871/2787 598/867/2786 581/835/2769
f 582/872/2770 600/870/2788 581/868/2769
f 600/870/2788 582/872/2770 258/873/2446
f 258/362/2446 582/836/2770 260/365/2448
f 601/874/2789 260/365/2448 557/800/2745
f 260/365/2448 601/874/2789 259/364/2447
f 277/387/2465 601/874/2789 602/875/2790
f 602/875/2790 601/874/2789 557/800/2745
f 601/874/2789 277/387/2465 259/364/2447
f 602/875/2790 557/800/2745 555/798/2743
f 279/389/2467 277/387/2465 602/875/2790
f 279/389/2467 602/875/2790 555/798/2743
f 603/876/2791 279/389/2467 555/798/2743
f 603/876/2791 555/798/2743 541/782/2729
f 278/388/2466 279/389/2467 603/876/2791
f 604/877/2792 278/388/2466 603/876/2791
f 541/782/2729 605/878/2793 603/876/2791
f 539/783/2727 605/878/2793 541/782/2729
f 606/879/2794 603/876/2791 605/878/2793
f 539/783/2727 540/880/2728 605/878/2793
f 605/878/2793 540/880/2728 606/879/2794
f 604/877/2792 603/876/2791 606/879/2794
f 281/391/2469 278/388/2466 604/877/2792
f 395/565/2583 281/391/2469 604/877/2792
f 540/883/2728 447/882/2635 606/881/2794
f 519/752/2707 447/643/2635 540/781/2728
f 442/638/2630 447/643/2635 519/752/2707
f 423/608/2611 604/877/2792 606/879/2794
f 606/881/2794 447/882/2635 423/610/2611
f 395/565/2583 604/877/2792 423/608/2611
f 298/416/2486 281/391/2469 395/565/2583
f 422/607/2610 395/565/2583 423/608/2611
f 447/882/2635 424/609/2612 423/610/2611
f 396/566/2584 298/416/2486 395/565/2583
f 396/566/2584 299/417/2487 298/416/2486
f 319/446/2507 299/417/2487 396/566/2584
f 319/446/2507 396/566/2584 391/561/2579
f 319/446/2507 394/564/2582 321/448/2509
f 391/561/2579 394/564/2582 319/446/2507
f 448/644/2636 442/638/2630 519/752/2707
f 258/873/2446 236/885/2424 607/884/2795
f 600/870/2788 258/873/2446 607/884/2795
f 236/331/2424 235/330/2423 607/886/2795
f 597/864/2785 608/887/2796 607/886/2795
f 609/888/2797 597/864/2785 607/886/2795
f 609/888/2797 607/886/2795 235/330/2423
f 600/870/2788 607/884/2795 599/869/2787
f 607/886/2795 608/887/2796 599/889/2787
f 609/888/2797 235/330/2423 220/311/2408
f 609/888/2797 610/890/2798 597/864/2785
f 611/891/2799 609/888/2797 220/311/2408
f 610/890/2798 609/888/2797 611/891/2799
f 608/887/2796 597/864/2785 598/892/2786
f 596/861/2784 597/864/2785 610/890/2798
f 599/889/2787 608/887/2796 598/892/2786
f 596/861/2784 610/890/2798 595/860/2783
f 595/860/2783 610/890/2798 611/891/2799
f 611/891/2799 220/311/2408 612/893/2800
f 611/891/2799 612/893/2800 595/860/2783
f 612/893/2800 220/311/2408 221/313/2409
f 612/893/2800 221/313/2409 209/314/2397
f 594/859/2782 595/860/2783 612/893/2800
f 613/894/2801 594/859/2782 612/893/2800
f 613/894/2801 612/893/2800 209/314/2397
f 613/895/2801 209/296/2397 207/294/2395
f 594/896/2782 613/895/2801 207/294/2395
f 594/896/2782 207/294/2395 200/287/2388
f 594/896/2782 200/287/2388 590/858/2778
f 200/287/2388 593/856/2781 590/858/2778
f 190/275/2378 593/856/2781 200/287/2388
f 190/275/2378 196/283/2384 593/856/2781
f 614/897/2802 568/857/2756 196/283/2384
f 195/281/2383 614/897/2802 196/283/2384
f 570/814/2758 568/812/2756 614/898/2802
f 615/899/2803 570/814/2758 614/898/2802
f 195/901/2383 616/900/2804 614/898/2802
f 616/900/2804 615/899/2803 614/898/2802
f 186/904/2374 616/903/2804 195/902/2383
f 617/905/2805 615/899/2803 616/900/2804
f 618/907/2806 617/906/2805 616/903/2804
f 618/907/2806 616/903/2804 186/904/2374
f 617/905/2805 567/811/2755 615/899/2803
f 567/811/2755 570/814/2758 615/899/2803
f 619/908/2807 549/792/2737 617/905/2805
f 549/792/2737 567/811/2755 617/905/2805
f 619/909/2807 617/906/2805 618/907/2806
f 172/246/2360 619/909/2807 618/907/2806
f 185/910/2373 618/907/2806 186/904/2374
f 172/246/2360 618/907/2806 185/910/2373
f 531/768/2719 530/767/2718 619/908/2807
f 530/767/2718 549/792/2737 619/908/2807
f 531/911/2719 619/909/2807 172/246/2360
f 171/245/2359 172/246/2360 185/910/2373
f 510/735/2698 531/911/2719 172/246/2360
f 170/242/2358 510/735/2698 172/246/2360
f 52/75/2240 466/662/2654 41/57/2229
f 52/75/2240 467/663/2655 466/662/2654
f 620/912/2808 467/663/2655 52/75/2240
f 620/912/2808 52/75/2240 24/32/2212
f 8/11/2196 620/912/2808 24/32/2212
f 620/912/2808 468/664/2656 467/663/2655
f 23/31/2211 620/912/2808 8/11/2196
f 621/913/2809 468/664/2656 620/912/2808
f 23/31/2211 621/913/2809 620/912/2808
f 622/914/2810 469/665/2657 468/664/2656
f 621/913/2809 622/914/2810 468/664/2656
f 623/915/2811 621/913/2809 23/31/2211
f 624/916/2812 621/913/2809 623/915/2811
f 625/917/2813 624/916/2812 623/915/2811
f 38/51/2226 623/915/2811 23/31/2211
f 625/917/2813 623/915/2811 38/51/2226
f 626/918/2814 621/913/2809 624/916/2812
f 627/919/2815 626/918/2814 624/916/2812
f 627/919/2815 624/916/2812 625/917/2813
f 628/920/2816 622/914/2810 621/913/2809
f 626/918/2814 628/920/2816 621/913/2809
f 628/920/2816 629/921/2817 622/914/2810
f 622/914/2810 630/922/2818 469/665/2657
f 629/921/2817 630/922/2818 622/914/2810
f 630/922/2818 463/659/2651 469/665/2657
f 631/923/2819 628/920/2816 626/918/2814
f 631/923/2819 626/918/2814 627/919/2815
f 627/926/2815 632/925/2820 631/924/2819
f 625/928/2813 633/927/2821 627/926/2815
f 633/927/2821 632/925/2820 627/926/2815
f 39/52/2227 625/917/2813 38/51/2226
f 634/931/2822 625/930/2813 39/929/2227
f 634/931/2822 633/932/2821 625/930/2813
f 636/935/2824 633/934/2821 635/933/2823
f 632/936/2820 633/934/2821 636/935/2824
f 634/939/2822 637/938/2825 633/937/2821
f 633/937/2821 637/938/2825 635/940/2823
f 638/941/2826 632/936/2820 636/935/2824
f 632/925/2820 638/942/2826 631/924/2819
f 639/943/2827 628/920/2816 631/923/2819
f 631/924/2819 638/942/2826 639/944/2827
f 639/943/2827 640/945/2828 628/920/2816
f 641/946/2829 629/921/2817 628/920/2816
f 640/945/2828 641/946/2829 628/920/2816
f 629/921/2817 642/947/2830 630/922/2818
f 643/948/2831 642/947/2830 629/921/2817
f 641/946/2829 643/948/2831 629/921/2817
f 642/947/2830 644/949/2832 630/922/2818
f 644/949/2832 454/650/2642 630/922/2818
f 630/922/2818 454/650/2642 463/659/2651
f 644/949/2832 645/950/2833 454/650/2642
f 646/951/2834 642/947/2830 643/948/2831
f 647/952/2835 646/951/2834 643/948/2831
f 647/952/2835 643/948/2831 641/946/2829
f 648/953/2836 647/952/2835 641/946/2829
f 648/953/2836 641/946/2829 640/945/2828
f 649/956/2837 648/955/2836 640/954/2828
f 649/956/2837 640/954/2828 639/957/2827
f 639/944/2827 650/959/2838 649/958/2837
f 638/942/2826 650/959/2838 639/944/2827
f 651/962/2839 648/961/2836 649/960/2837
f 649/960/2837 652/963/2840 651/962/2839
f 650/964/2838 652/963/2840 649/960/2837
f 653/966/2841 647/965/2835 648/961/2836
f 648/961/2836 654/967/2842 653/966/2841
f 651/962/2839 654/967/2842 648/961/2836
f 655/968/2843 646/951/2834 647/952/2835
f 647/965/2835 656/970/2844 655/969/2843
f 653/966/2841 656/970/2844 647/965/2835
f 646/951/2834 657/971/2845 642/947/2830
f 655/968/2843 657/971/2845 646/951/2834
f 657/971/2845 644/949/2832 642/947/2830
f 645/950/2833 446/642/2634 454/650/2642
f 658/972/2846 644/949/2832 657/971/2845
f 659/973/2847 658/972/2846 657/971/2845
f 659/973/2847 657/971/2845 655/968/2843
f 655/968/2843 660/974/2848 659/973/2847
f 656/977/2844 660/976/2848 655/975/2843
f 662/979/2850 656/977/2844 661/978/2849
f 660/976/2848 656/977/2844 662/979/2850
f 653/966/2841 663/980/2851 656/970/2844
f 656/970/2844 663/980/2851 661/981/2849
f 663/980/2851 653/966/2841 654/967/2842
f 663/980/2851 664/982/2852 661/981/2849
f 664/982/2852 663/980/2851 665/983/2853
f 665/983/2853 663/980/2851 654/967/2842
f 662/979/2850 661/978/2849 666/984/2854
f 662/979/2850 666/984/2854 667/985/2855
f 668/986/2856 660/976/2848 662/979/2850
f 669/987/2857 668/986/2856 662/979/2850
f 669/987/2857 662/979/2850 667/985/2855
f 660/974/2848 668/988/2856 659/973/2847
f 670/989/2858 658/972/2846 659/973/2847
f 659/973/2847 668/988/2856 670/989/2858
f 670/989/2858 671/990/2859 658/972/2846
f 644/949/2832 672/991/2860 645/950/2833
f 658/972/2846 672/991/2860 644/949/2832
f 672/991/2860 673/992/2861 645/950/2833
f 674/993/2862 672/991/2860 658/972/2846
f 671/990/2859 674/993/2862 658/972/2846
f 675/994/2863 674/993/2862 671/990/2859
f 676/995/2864 675/994/2863 671/990/2859
f 676/995/2864 671/990/2859 670/989/2858
f 670/998/2858 677/997/2865 676/996/2864
f 668/999/2856 677/997/2865 670/998/2858
f 677/1001/2865 668/986/2856 678/1000/2866
f 678/1000/2866 668/986/2856 669/987/2857
f 669/987/2857 679/1002/2867 678/1000/2866
f 679/1002/2867 669/987/2857 667/985/2855
f 680/1003/2868 679/1002/2867 667/985/2855
f 667/985/2855 666/984/2854 681/1004/2869
f 681/1004/2869 682/1005/2870 667/985/2855
f 682/1005/2870 680/1003/2868 667/985/2855
f 683/1006/2871 679/1002/2867 680/1003/2868
f 684/1007/2872 679/1002/2867 683/1006/2871
f 679/1002/2867 684/1007/2872 678/1000/2866
f 685/1010/2873 677/1009/2865 678/1008/2866
f 678/1008/2866 684/1011/2872 685/1010/2873
f 687/1013/2875 686/1012/2874 677/1009/2865
f 685/1010/2873 687/1013/2875 677/1009/2865
f 677/1009/2865 686/1012/2874 676/1014/2864
f 688/1016/2876 675/1015/2863 676/1014/2864
f 676/1014/2864 686/1012/2874 688/1016/2876
f 674/993/2862 675/994/2863 689/1017/2877
f 675/1015/2863 690/1019/2878 689/1018/2877
f 688/1016/2876 690/1019/2878 675/1015/2863
f 674/993/2862 691/1020/2879 672/991/2860
f 692/1021/2880 691/1020/2879 674/993/2862
f 692/1021/2880 674/993/2862 689/1017/2877
f 672/991/2860 693/1022/2881 673/992/2861
f 691/1020/2879 693/1022/2881 672/991/2860
f 694/1023/2882 693/1022/2881 691/1020/2879
f 691/1020/2879 695/1024/2883 694/1023/2882
f 692/1021/2880 695/1024/2883 691/1020/2879
f 692/1027/2880 696/1026/2884 695/1025/2883
f 692/1027/2880 689/1018/2877 697/1028/2885
f 696/1026/2884 692/1027/2880 697/1028/2885
f 697/1028/2885 689/1018/2877 690/1019/2878
f 698/1029/2886 697/1028/2885 690/1019/2878
f 688/1016/2876 698/1029/2886 690/1019/2878
f 698/1029/2886 688/1016/2876 686/1012/2874
f 687/1013/2875 698/1029/2886 686/1012/2874
f 700/1031/2888 699/1030/2887 687/1013/2875
f 699/1030/2887 698/1029/2886 687/1013/2875
f 687/1013/2875 685/1010/2873 700/1031/2888
f 683/1032/2871 685/1010/2873 684/1011/2872
f 685/1010/2873 683/1032/2871 700/1031/2888
f 698/1029/2886 699/1030/2887 701/1033/2889
f 701/1033/2889 702/1034/2890 698/1029/2886
f 702/1034/2890 697/1028/2885 698/1029/2886
f 697/1028/2885 702/1034/2890 703/1035/2891
f 696/1026/2884 697/1028/2885 703/1035/2891
f 704/1038/2892 695/1037/2883 696/1036/2884
f 696/1036/2884 703/1039/2891 704/1038/2892
f 705/1040/2893 695/1037/2883 704/1038/2892
f 695/1024/2883 705/1041/2893 694/1023/2882
f 694/1023/2882 706/1042/2894 693/1022/2881
f 707/1043/2895 706/1042/2894 694/1023/2882
f 694/1023/2882 705/1041/2893 707/1043/2895
f 706/1042/2894 708/1044/2896 693/1022/2881
f 708/1044/2896 709/1045/2897 693/1022/2881
f 693/1022/2881 709/1045/2897 710/1046/2898
f 693/1022/2881 710/1046/2898 673/992/2861
f 709/1045/2897 711/1047/2899 710/1046/2898
f 712/1048/2900 711/1047/2899 709/1045/2897
f 713/1049/2901 712/1048/2900 709/1045/2897
f 708/1044/2896 713/1049/2901 709/1045/2897
f 714/1050/2902 713/1049/2901 708/1044/2896
f 706/1042/2894 714/1050/2902 708/1044/2896
f 715/1051/2903 714/1050/2902 706/1042/2894
f 707/1043/2895 715/1051/2903 706/1042/2894
f 716/1054/2904 715/1053/2903 707/1052/2895
f 707/1052/2895 717/1055/2905 716/1054/2904
f 705/1056/2893 717/1055/2905 707/1052/2895
f 718/1058/2906 717/1057/2905 705/1040/2893
f 719/1059/2907 718/1058/2906 705/1040/2893
f 719/1059/2907 705/1040/2893 704/1038/2892
f 704/1038/2892 720/1060/2908 719/1059/2907
f 703/1039/2891 720/1060/2908 704/1038/2892
f 722/1062/2910 703/1039/2891 721/1061/2909
f 720/1060/2908 703/1039/2891 722/1062/2910
f 703/1035/2891 702/1034/2890 721/1063/2909
f 702/1034/2890 701/1033/2889 721/1063/2909
f 701/1033/2889 724/1065/2912 723/1064/2911
f 721/1063/2909 701/1033/2889 723/1064/2911
f 725/1066/2913 721/1063/2909 723/1064/2911
f 722/1062/2910 721/1061/2909 725/1067/2913
f 725/1067/2913 726/1068/2914 722/1062/2910
f 726/1068/2914 727/1069/2915 722/1062/2910
f 722/1062/2910 727/1069/2915 720/1060/2908
f 727/1069/2915 719/1059/2907 720/1060/2908
f 719/1059/2907 727/1069/2915 718/1058/2906
f 729/1072/2917 728/1071/2916 718/1070/2906
f 728/1071/2916 730/1073/2918 718/1070/2906
f 718/1058/2906 727/1069/2915 729/1074/2917
f 718/1070/2906 730/1073/2918 717/1075/2905
f 730/1073/2918 716/1076/2904 717/1075/2905
f 716/1076/2904 730/1073/2918 731/1077/2919
f 716/1054/2904 731/1078/2919 715/1053/2903
f 714/1080/2902 715/1053/2903 732/1079/2920
f 715/1053/2903 731/1078/2919 732/1079/2920
f 713/1082/2901 714/1080/2902 733/1081/2921
f 733/1081/2921 714/1080/2902 732/1079/2920
f 713/1049/2901 734/1083/2922 712/1048/2900
f 735/1085/2923 734/1084/2922 713/1082/2901
f 735/1085/2923 713/1082/2901 733/1081/2921
f 712/1048/2900 736/1086/2924 711/1047/2899
f 734/1083/2922 736/1086/2924 712/1048/2900
f 736/1088/2924 734/1084/2922 737/1087/2925
f 734/1084/2922 738/1089/2926 737/1087/2925
f 735/1085/2923 738/1089/2926 734/1084/2922
f 735/1092/2923 739/1091/2927 738/1090/2926
f 735/1092/2923 740/1093/2928 739/1091/2927
f 733/1094/2921 740/1093/2928 735/1092/2923
f 732/1095/2920 740/1093/2928 733/1094/2921
f 740/1093/2928 732/1095/2920 731/1077/2919
f 741/1096/2929 740/1093/2928 731/1077/2919
f 731/1077/2919 730/1073/2918 741/1096/2929
f 730/1073/2918 728/1071/2916 741/1096/2929
f 728/1071/2916 743/1098/2931 742/1097/2930
f 741/1096/2929 728/1071/2916 742/1097/2930
f 743/1098/2931 728/1071/2916 729/1072/2917
f 744/1099/2932 743/1098/2931 729/1072/2917
f 727/1069/2915 726/1068/2914 729/1074/2917
f 729/1074/2917 726/1068/2914 744/1100/2932
f 726/1103/2914 745/1102/2933 744/1101/2932
f 726/1103/2914 746/1104/2934 745/1102/2933
f 726/1103/2914 747/1105/2935 746/1104/2934
f 726/1103/2914 725/1106/2913 747/1105/2935
f 748/1107/2936 725/1066/2913 723/1064/2911
f 749/1108/2937 725/1066/2913 748/1107/2936
f 749/1109/2937 747/1105/2935 725/1106/2913
f 723/1064/2911 724/1065/2912 748/1107/2936
f 751/1111/2939 750/1110/2938 748/1107/2936
f 750/1110/2938 749/1108/2937 748/1107/2936
f 724/1065/2912 752/1112/2940 748/1107/2936
f 748/1107/2936 752/1112/2940 751/1111/2939
f 749/1108/2937 750/1110/2938 753/1113/2941
f 754/1115/2942 749/1109/2937 753/1114/2941
f 747/1105/2935 749/1109/2937 754/1115/2942
f 747/1105/2935 754/1115/2942 746/1104/2934
f 756/1118/2944 746/1117/2934 755/1116/2943
f 746/1117/2934 756/1118/2944 745/1119/2933
f 746/1104/2934 754/1115/2942 755/1120/2943
f 758/1123/2946 745/1122/2933 757/1121/2945
f 759/1126/2947 745/1125/2933 758/1124/2946
f 759/1126/2947 743/1098/2931 745/1125/2933
f 745/1119/2933 756/1118/2944 757/1127/2945
f 743/1098/2931 744/1099/2932 745/1125/2933
f 742/1097/2930 743/1098/2931 759/1126/2947
f 759/1126/2947 760/1128/2948 742/1097/2930
f 760/1128/2948 761/1129/2949 742/1097/2930
f 742/1097/2930 761/1129/2949 741/1096/2929
f 761/1129/2949 740/1093/2928 741/1096/2929
f 739/1091/2927 740/1093/2928 762/1130/2950
f 740/1093/2928 761/1129/2949 762/1130/2950
f 738/1090/2926 739/1091/2927 763/1131/2951
f 763/1131/2951 764/1132/2952 738/1090/2926
f 764/1132/2952 737/1133/2925 738/1090/2926
f 739/1091/2927 765/1134/2953 763/1131/2951
f 739/1091/2927 762/1130/2950 765/1134/2953
f 762/1130/2950 766/1135/2954 765/1134/2953
f 762/1130/2950 760/1128/2948 766/1135/2954
f 761/1129/2949 760/1128/2948 762/1130/2950
f 766/1135/2954 760/1128/2948 758/1124/2946
f 760/1128/2948 759/1126/2947 758/1124/2946
f 767/1136/2955 766/1135/2954 758/1124/2946
f 758/1123/2946 757/1121/2945 767/1137/2955
f 757/1127/2945 768/1139/2956 767/1138/2955
f 756/1118/2944 769/1140/2957 757/1127/2945
f 757/1127/2945 769/1140/2957 768/1139/2956
f 769/1140/2957 756/1118/2944 770/1141/2958
f 770/1141/2958 756/1118/2944 755/1116/2943
f 753/1143/2941 771/1142/2959 755/1116/2943
f 755/1116/2943 771/1142/2959 770/1141/2958
f 754/1115/2942 753/1114/2941 755/1120/2943
f 753/1146/2941 772/1145/2960 771/1144/2959
f 750/1110/2938 772/1147/2960 753/1113/2941
f 773/1148/2961 772/1147/2960 750/1110/2938
f 750/1110/2938 751/1111/2939 773/1148/2961
f 751/1111/2939 752/1112/2940 774/1149/2962
f 751/1111/2939 774/1149/2962 773/1148/2961
f 772/1145/2960 776/1151/2964 775/1150/2963
f 771/1144/2959 772/1145/2960 775/1150/2963
f 772/1145/2960 777/1152/2965 776/1151/2964
f 773/1148/2961 777/1153/2965 772/1147/2960
f 771/1144/2959 775/1150/2963 778/1154/2966
f 771/1142/2959 778/1155/2966 770/1141/2958
f 779/1156/2967 769/1140/2957 770/1141/2958
f 770/1141/2958 778/1155/2966 779/1156/2967
f 780/1157/2968 769/1140/2957 779/1156/2967
f 768/1139/2956 769/1140/2957 780/1157/2968
f 781/1158/2969 767/1138/2955 768/1139/2956
f 782/1159/2970 781/1158/2969 768/1139/2956
f 782/1159/2970 768/1139/2956 780/1157/2968
f 783/1162/2971 767/1161/2955 781/1160/2969
f 784/1164/2972 767/1136/2955 783/1163/2971
f 784/1164/2972 766/1135/2954 767/1136/2955
f 765/1134/2953 766/1135/2954 784/1164/2972
f 784/1164/2972 785/1165/2973 765/1134/2953
f 785/1165/2973 763/1131/2951 765/1134/2953
f 763/1131/2951 785/1165/2973 786/1166/2974
f 764/1132/2952 763/1131/2951 786/1166/2974
f 787/1167/2975 785/1165/2973 783/1163/2971
f 786/1166/2974 785/1165/2973 787/1167/2975
f 785/1165/2973 784/1164/2972 783/1163/2971
f 788/1169/2976 787/1168/2975 783/1162/2971
f 783/1162/2971 781/1160/2969 788/1169/2976
f 781/1158/2969 789/1171/2977 788/1170/2976
f 782/1159/2970 790/1172/2978 781/1158/2969
f 781/1158/2969 790/1172/2978 789/1171/2977
f 790/1172/2978 782/1159/2970 780/1157/2968
f 780/1157/2968 779/1156/2967 791/1173/2979
f 778/1176/2966 792/1175/2980 779/1174/2967
f 779/1174/2967 792/1175/2980 791/1177/2979
f 778/1154/2966 775/1150/2963 792/1178/2980
f 777/1152/2965 793/1179/2981 776/1151/2964
f 794/1181/2982 793/1180/2981 777/1153/2965
f 773/1148/2961 795/1182/2983 777/1153/2965
f 777/1153/2965 795/1182/2983 794/1181/2982
f 774/1149/2962 795/1182/2983 773/1148/2961
f 795/1182/2983 774/1149/2962 796/1183/2984
f 796/1183/2984 798/1185/2986 797/1184/2985
f 795/1182/2983 796/1183/2984 797/1184/2985
f 795/1182/2983 797/1184/2985 794/1181/2982
f 794/1181/2982 799/1186/2987 793/1180/2981
f 794/1181/2982 797/1184/2985 799/1186/2987
f 801/1188/2989 793/1179/2981 800/1187/2988
f 776/1151/2964 793/1179/2981 801/1188/2989
f 793/1179/2981 799/1189/2987 800/1187/2988
f 775/1150/2963 776/1151/2964 802/1190/2990
f 792/1178/2980 775/1150/2963 802/1190/2990
f 792/1178/2980 802/1190/2990 803/1191/2991
f 792/1175/2980 803/1192/2991 791/1177/2979
f 791/1173/2979 805/1194/2993 804/1193/2992
f 780/1157/2968 791/1173/2979 804/1193/2992
f 791/1177/2979 803/1192/2991 805/1195/2993
f 804/1193/2992 790/1172/2978 780/1157/2968
f 806/1196/2994 790/1172/2978 804/1193/2992
f 789/1171/2977 790/1172/2978 806/1196/2994
f 808/1198/2996 804/1193/2992 807/1197/2995
f 806/1196/2994 804/1193/2992 808/1198/2996
f 804/1193/2992 805/1194/2993 807/1197/2995
f 805/1194/2993 809/1199/2997 807/1197/2995
f 810/1201/2998 809/1200/2997 805/1195/2993
f 811/1202/2999 810/1201/2998 805/1195/2993
f 811/1202/2999 805/1195/2993 803/1192/2991
f 811/1204/2999 803/1191/2991 812/1203/3000
f 803/1191/2991 813/1205/3001 812/1203/3000
f 803/1191/2991 802/1190/2990 813/1205/3001
f 802/1190/2990 814/1206/3002 813/1205/3001
f 802/1190/2990 776/1151/2964 814/1206/3002
f 776/1151/2964 801/1188/2989 814/1206/3002
f 815/1209/3003 801/1208/2989 800/1207/2988
f 800/1212/2988 816/1211/3004 815/1210/3003
f 800/1212/2988 817/1213/3005 816/1211/3004
f 799/1216/2987 817/1215/3005 800/1214/2988
f 799/1216/2987 797/1217/2985 817/1215/3005
f 817/1215/3005 797/1217/2985 818/1218/3006
f 797/1184/2985 798/1185/2986 818/1219/3006
f 798/1185/2986 819/1220/3007 818/1219/3006
f 819/1220/3007 798/1185/2986 796/1183/2984
f 821/1222/3009 820/1221/3008 796/1183/2984
f 796/1183/2984 820/1221/3008 819/1220/3007
f 796/1183/2984 774/1149/2962 822/1223/3010
f 822/1223/3010 821/1222/3009 796/1183/2984
f 820/1221/3008 821/1222/3009 823/1224/3011
f 823/1224/3011 821/1222/3009 824/1225/3012
f 819/1220/3007 820/1221/3008 825/1226/3013
f 820/1221/3008 826/1227/3014 825/1226/3013
f 826/1227/3014 820/1221/3008 823/1224/3011
f 819/1220/3007 825/1226/3013 818/1219/3006
f 818/1229/3006 827/1228/3015 817/1213/3005
f 818/1229/3006 825/1230/3013 827/1228/3015
f 817/1213/3005 828/1231/3016 816/1211/3004
f 827/1228/3015 828/1231/3016 817/1213/3005
f 816/1211/3004 829/1232/3017 815/1210/3003
f 816/1211/3004 828/1231/3016 829/1232/3017
f 830/1233/3018 801/1208/2989 815/1209/3003
f 815/1210/3003 829/1232/3017 830/1234/3018
f 831/1235/3019 801/1208/2989 830/1233/3018
f 814/1206/3002 801/1188/2989 831/1236/3019
f 831/1236/3019 832/1237/3020 814/1206/3002
f 813/1205/3001 814/1206/3002 832/1237/3020
f 812/1203/3000 813/1205/3001 833/1238/3021
f 813/1205/3001 832/1237/3020 833/1238/3021
f 833/1238/3021 834/1239/3022 812/1203/3000
f 834/1239/3022 835/1240/3023 812/1203/3000
f 812/1203/3000 835/1240/3023 811/1204/2999
f 811/1204/2999 835/1240/3023 810/1241/2998
f 837/1244/3025 835/1243/3023 836/1242/3024
f 835/1243/3023 834/1245/3022 836/1242/3024
f 837/1244/3025 810/1246/2998 835/1243/3023
f 834/1245/3022 838/1247/3026 836/1242/3024
f 838/1248/3026 834/1239/3022 833/1238/3021
f 832/1237/3020 839/1249/3027 833/1238/3021
f 839/1249/3027 838/1248/3026 833/1238/3021
f 840/1250/3028 832/1237/3020 831/1236/3019
f 840/1250/3028 839/1249/3027 832/1237/3020
f 831/1235/3019 841/1252/3029 840/1251/3028
f 841/1252/3029 831/1235/3019 830/1233/3018
f 830/1234/3018 829/1232/3017 841/1253/3029
f 828/1231/3016 842/1254/3030 829/1232/3017
f 827/1228/3015 843/1255/3031 828/1231/3016
f 844/1256/3032 843/1255/3031 827/1228/3015
f 825/1230/3013 844/1256/3032 827/1228/3015
f 825/1259/3013 845/1258/3033 844/1257/3032
f 826/1227/3014 845/1260/3033 825/1226/3013
f 826/1227/3014 846/1261/3034 845/1260/3033
f 823/1224/3011 846/1261/3034 826/1227/3014
f 845/1258/3033 847/1262/3035 844/1257/3032
f 848/1263/3036 847/1262/3035 845/1258/3033
f 846/1261/3034 849/1264/3037 845/1260/3033
f 849/1267/3037 848/1266/3036 845/1265/3033
f 844/1256/3032 847/1268/3035 843/1255/3031
f 843/1255/3031 850/1269/3038 828/1231/3016
f 828/1231/3016 850/1269/3038 842/1254/3030
f 851/1270/3039 841/1253/3029 829/1232/3017
f 852/1271/3040 841/1253/3029 851/1270/3039
f 852/1272/3040 840/1251/3028 841/1252/3029
f 840/1250/3028 852/1273/3040 839/1249/3027
f 839/1249/3027 852/1273/3040 838/1248/3026
f 836/1242/3024 838/1247/3026 853/1274/3041
f 838/1247/3026 854/1275/3042 853/1274/3041
f 852/1276/3040 854/1275/3042 838/1247/3026
f 836/1242/3024 853/1274/3041 855/1277/3043
f 836/1242/3024 855/1277/3043 856/1278/3044
f 854/1275/3042 857/1279/3045 853/1274/3041
f 853/1274/3041 857/1279/3045 858/1280/3046
f 853/1274/3041 858/1280/3046 855/1277/3043
f 857/1282/3045 854/1281/3042 851/1270/3039
f 854/1281/3042 852/1271/3040 851/1270/3039
f 851/1270/3039 859/1283/3047 857/1282/3045
f 842/1254/3030 859/1283/3047 851/1270/3039
f 829/1232/3017 842/1254/3030 851/1270/3039
f 843/1255/3031 860/1284/3048 850/1269/3038
f 861/1285/3049 860/1284/3048 843/1255/3031
f 847/1268/3035 861/1285/3049 843/1255/3031
f 848/1263/3036 862/1286/3050 847/1262/3035
f 847/1262/3035 862/1286/3050 861/1287/3049
f 863/1289/3051 862/1288/3050 848/1266/3036
f 863/1289/3051 848/1266/3036 849/1267/3037
f 849/1264/3037 846/1261/3034 864/1290/3052
f 865/1292/3053 849/1267/3037 864/1291/3052
f 863/1289/3051 849/1267/3037 865/1292/3053
f 866/1293/3054 862/1288/3050 863/1289/3051
f 865/1292/3053 866/1293/3054 863/1289/3051
f 862/1286/3050 867/1294/3055 861/1287/3049
f 868/1296/3056 867/1295/3055 862/1288/3050
f 866/1293/3054 868/1296/3056 862/1288/3050
f 861/1285/3049 869/1297/3057 860/1284/3048
f 861/1287/3049 867/1294/3055 869/1298/3057
f 860/1284/3048 870/1299/3058 850/1269/3038
f 869/1297/3057 870/1299/3058 860/1284/3048
f 870/1299/3058 871/1300/3059 850/1269/3038
f 850/1269/3038 872/1301/3060 842/1254/3030
f 850/1269/3038 871/1300/3059 872/1301/3060
f 859/1283/3047 873/1302/3061 857/1282/3045
f 859/1283/3047 842/1254/3030 873/1302/3061
f 857/1305/3045 873/1304/3061 858/1303/3046
f 874/1306/3062 858/1303/3046 873/1304/3061
f 874/1308/3062 875/1307/3063 858/1280/3046
f 858/1280/3046 875/1307/3063 855/1277/3043
f 877/1310/3065 873/1302/3061 876/1309/3064
f 874/1311/3062 873/1302/3061 877/1310/3065
f 842/1254/3030 876/1309/3064 873/1302/3061
f 870/1299/3058 878/1312/3066 871/1300/3059
f 879/1313/3067 878/1312/3066 870/1299/3058
f 869/1297/3057 879/1313/3067 870/1299/3058
f 867/1294/3055 880/1314/3068 869/1298/3057
f 869/1297/3057 881/1315/3069 879/1313/3067
f 880/1318/3068 881/1317/3069 869/1316/3057
f 867/1295/3055 882/1320/3070 880/1319/3068
f 868/1296/3056 882/1320/3070 867/1295/3055
f 880/1318/3068 883/1321/3071 881/1317/3069
f 882/1322/3070 883/1321/3071 880/1318/3068
f 881/1315/3069 884/1323/3072 879/1313/3067
f 883/1321/3071 885/1324/3073 881/1317/3069
f 881/1315/3069 886/1325/3074 884/1323/3072
f 885/1324/3073 886/1326/3074 881/1317/3069
f 884/1323/3072 878/1312/3066 879/1313/3067
f 876/1309/3064 887/1327/3075 877/1310/3065
f 842/1254/3030 887/1327/3075 876/1309/3064
f 842/1254/3030 872/1301/3060 887/1327/3075
f 884/1323/3072 888/1328/3076 878/1312/3066
f 889/1329/3077 888/1328/3076 884/1323/3072
f 886/1325/3074 889/1329/3077 884/1323/3072
f 885/1324/3073 890/1330/3078 886/1326/3074
f 890/1330/3078 891/1331/3079 886/1326/3074
f 886/1334/3074 891/1333/3079 889/1332/3077
f 885/1324/3073 883/1321/3071 892/1335/3080
f 892/1335/3080 890/1330/3078 885/1324/3073
f 893/1336/3081 883/1321/3071 882/1322/3070
f 883/1321/3071 893/1336/3081 892/1335/3080
f 894/1337/3082 890/1330/3078 892/1335/3080
f 891/1331/3079 890/1330/3078 895/1338/3083
f 890/1330/3078 894/1337/3082 895/1338/3083
f 891/1333/3079 896/1339/3084 889/1332/3077
f 891/1342/3079 897/1341/3085 896/1340/3084
f 895/1338/3083 897/1343/3085 891/1331/3079
f 889/1329/3077 898/1344/3086 888/1328/3076
f 889/1332/3077 896/1339/3084 898/1345/3086
f 888/1328/3076 899/1346/3087 878/1312/3066
f 878/1312/3066 900/1347/3088 871/1300/3059
f 878/1312/3066 899/1346/3087 900/1347/3088
f 888/1328/3076 901/1348/3089 899/1346/3087
f 902/1349/3090 901/1348/3089 888/1328/3076
f 898/1344/3086 902/1349/3090 888/1328/3076
f 896/1340/3084 903/1351/3091 898/1350/3086
f 898/1350/3086 903/1351/3091 902/1352/3090
f 903/1351/3091 896/1340/3084 897/1341/3085
f 904/1353/3092 903/1351/3091 897/1341/3085
f 904/1353/3092 897/1341/3085 905/1354/3093
f 895/1338/3083 906/1355/3094 897/1343/3085
f 906/1356/3094 905/1354/3093 897/1341/3085
f 895/1338/3083 894/1337/3082 907/1357/3095
f 907/1357/3095 906/1355/3094 895/1338/3083
f 908/1358/3096 905/1354/3093 906/1356/3094
f 905/1354/3093 908/1358/3096 904/1353/3092
f 909/1359/3097 903/1351/3091 904/1353/3092
f 903/1351/3091 910/1360/3098 902/1352/3090
f 911/1361/3099 910/1360/3098 903/1351/3091
f 909/1359/3097 911/1361/3099 903/1351/3091
f 902/1349/3090 912/1362/3100 901/1348/3089
f 902/1365/3090 910/1364/3098 912/1363/3100
f 901/1348/3089 913/1366/3101 899/1346/3087
f 899/1346/3087 914/1367/3102 900/1347/3088
f 871/1300/3059 900/1347/3088 214/301/2402
f 871/1300/3059 214/301/2402 872/1301/3060
f 900/1347/3088 203/290/2391 214/301/2402
f 914/1367/3102 203/290/2391 900/1347/3088
f 914/1367/3102 193/278/2381 203/290/2391
f 899/1346/3087 913/1366/3101 914/1367/3102
f 901/1348/3089 915/1368/3103 913/1366/3101
f 916/1369/3104 915/1368/3103 901/1348/3089
f 912/1362/3100 916/1369/3104 901/1348/3089
f 910/1364/3098 917/1370/3105 912/1363/3100
f 912/1373/3100 918/1372/3106 916/1371/3104
f 917/1370/3105 918/1374/3106 912/1363/3100
f 910/1364/3098 919/1375/3107 917/1370/3105
f 911/1376/3099 919/1375/3107 910/1364/3098
f 921/1378/3109 911/1361/3099 920/1377/3108
f 920/1377/3108 911/1361/3099 909/1359/3097
f 911/1376/3099 922/1379/3110 919/1375/3107
f 921/1380/3109 922/1379/3110 911/1376/3099
f 909/1359/3097 904/1353/3092 920/1377/3108
f 921/1380/3109 923/1381/3111 922/1379/3110
f 925/1383/3113 924/1382/3112 922/1379/3110
f 922/1379/3110 924/1382/3112 919/1375/3107
f 923/1381/3111 925/1383/3113 922/1379/3110
f 924/1382/3112 926/1384/3114 919/1375/3107
f 919/1375/3107 926/1384/3114 917/1370/3105
f 917/1370/3105 926/1384/3114 918/1374/3106
f 918/1372/3106 927/1385/3115 916/1371/3104
f 926/1384/3114 928/1386/3116 918/1374/3106
f 918/1374/3106 928/1386/3116 927/1387/3115
f 916/1369/3104 929/1388/3117 915/1368/3103
f 927/1389/3115 929/1388/3117 916/1369/3104
f 914/1367/3102 191/276/2379 193/278/2381
f 913/1366/3101 191/276/2379 914/1367/3102
f 913/1366/3101 930/1390/3118 191/276/2379
f 915/1368/3103 930/1390/3118 913/1366/3101
f 929/1388/3117 931/1391/3119 915/1368/3103
f 932/1392/3120 931/1391/3119 929/1388/3117
f 927/1389/3115 932/1392/3120 929/1388/3117
f 928/1386/3116 933/1393/3121 927/1387/3115
f 927/1396/3115 934/1395/3122 932/1394/3120
f 933/1393/3121 934/1397/3122 927/1387/3115
f 928/1386/3116 926/1384/3114 935/1398/3123
f 928/1386/3116 936/1399/3124 933/1393/3121
f 935/1398/3123 936/1399/3124 928/1386/3116
f 926/1384/3114 924/1382/3112 935/1398/3123
f 935/1398/3123 924/1382/3112 937/1400/3125
f 924/1382/3112 925/1383/3113 937/1400/3125
f 937/1400/3125 925/1383/3113 938/1401/3126
f 939/1402/3127 921/1378/3109 920/1377/3108
f 939/1403/3127 923/1381/3111 921/1380/3109
f 940/1404/3128 939/1402/3127 920/1377/3108
f 904/1353/3092 940/1404/3128 920/1377/3108
f 939/1403/3127 941/1405/3129 923/1381/3111
f 941/1405/3129 925/1383/3113 923/1381/3111
f 938/1401/3126 942/1406/3130 937/1400/3125
f 938/1401/3126 943/1407/3131 942/1406/3130
f 937/1400/3125 942/1406/3130 935/1398/3123
f 935/1398/3123 942/1406/3130 936/1399/3124
f 945/1409/3133 944/1408/3132 936/1399/3124
f 936/1399/3124 944/1408/3132 933/1393/3121
f 942/1406/3130 945/1409/3133 936/1399/3124
f 933/1393/3121 944/1408/3132 934/1397/3122
f 934/1395/3122 946/1410/3134 932/1394/3120
f 944/1408/3132 947/1411/3135 934/1397/3122
f 934/1397/3122 947/1411/3135 946/1412/3134
f 932/1392/3120 948/1413/3136 931/1391/3119
f 946/1414/3134 948/1413/3136 932/1392/3120
f 946/1414/3134 949/1415/3137 948/1413/3136
f 947/1411/3135 950/1416/3138 946/1412/3134
f 946/1412/3134 950/1416/3138 949/1417/3137
f 947/1411/3135 944/1408/3132 951/1418/3139
f 947/1411/3135 952/1419/3140 950/1416/3138
f 951/1418/3139 952/1419/3140 947/1411/3135
f 944/1408/3132 945/1409/3133 951/1418/3139
f 953/1420/3141 945/1409/3133 942/1406/3130
f 951/1418/3139 945/1409/3133 954/1421/3142
f 945/1409/3133 953/1420/3141 954/1421/3142
f 943/1407/3131 953/1420/3141 942/1406/3130
f 938/1401/3126 925/1383/3113 943/1407/3131
f 955/1422/3143 925/1383/3113 941/1405/3129
f 925/1383/3113 955/1422/3143 943/1407/3131
f 939/1403/3127 956/1423/3144 941/1405/3129
f 956/1423/3144 955/1422/3143 941/1405/3129
f 957/1424/3145 939/1402/3127 940/1404/3128
f 957/1425/3145 956/1423/3144 939/1403/3127
f 957/1425/3145 635/940/2823 956/1423/3144
f 635/940/2823 955/1422/3143 956/1423/3144
f 943/1407/3131 955/1422/3143 637/938/2825
f 34/44/2222 953/1420/3141 943/1407/3131
f 637/938/2825 34/44/2222 943/1407/3131
f 958/1426/3146 953/1420/3141 34/44/2222
f 954/1421/3142 953/1420/3141 958/1426/3146
f 954/1421/3142 959/1427/3147 951/1418/3139
f 958/1426/3146 959/1427/3147 954/1421/3142
f 951/1418/3139 959/1427/3147 952/1419/3140
f 952/1430/3140 960/1429/3148 950/1428/3138
f 952/1430/3140 59/82/2247 960/1429/3148
f 959/1431/3147 59/82/2247 952/1430/3140
f 950/1428/3138 961/1433/3149 949/1432/3137
f 950/1428/3138 960/1429/3148 961/1433/3149
f 961/1433/3149 960/1429/3148 962/1434/3150
f 962/1434/3150 960/1429/3148 31/40/2219
f 960/1429/3148 59/82/2247 31/40/2219
f 958/1426/3146 46/67/2234 959/1427/3147
f 959/1431/3147 32/41/2220 59/82/2247
f 46/67/2234 32/42/2220 959/1427/3147
f 34/44/2222 46/67/2234 958/1426/3146
f 58/81/2246 963/1435/3151 31/40/2219
f 31/40/2219 963/1435/3151 962/1434/3150
f 963/1435/3151 964/1436/3152 962/1434/3150
f 962/1434/3150 964/1436/3152 965/1437/3153
f 965/1437/3153 961/1433/3149 962/1434/3150
f 961/1433/3149 965/1437/3153 949/1432/3137
f 965/1440/3153 966/1439/3154 949/1438/3137
f 965/1440/3153 964/1441/3152 966/1439/3154
f 966/1439/3154 964/1441/3152 967/1442/3155
f 964/1436/3152 968/1444/3156 967/1443/3155
f 964/1436/3152 60/83/2248 968/1444/3156
f 963/1435/3151 60/83/2248 964/1436/3152
f 58/81/2246 60/83/2248 963/1435/3151
f 968/1444/3156 60/83/2248 969/1445/3157
f 969/1445/3157 60/83/2248 73/101/2261
f 968/1444/3156 970/1446/3158 967/1443/3155
f 970/1446/3158 968/1444/3156 969/1445/3157
f 967/1449/3155 972/1448/3160 971/1447/3159
f 966/1450/3154 967/1449/3155 971/1447/3159
f 967/1449/3155 973/1451/3161 972/1448/3160
f 970/1454/3158 973/1453/3161 967/1452/3155
f 966/1450/3154 971/1447/3159 931/1391/3119
f 948/1413/3136 966/1450/3154 931/1391/3119
f 949/1415/3137 966/1450/3154 948/1413/3136
f 971/1447/3159 974/1455/3162 931/1391/3119
f 971/1447/3159 972/1448/3160 974/1455/3162
f 972/1448/3160 975/1456/3163 974/1455/3162
f 972/1448/3160 973/1451/3161 975/1456/3163
f 973/1451/3161 976/1457/3164 975/1456/3163
f 973/1460/3161 977/1459/3165 976/1458/3164
f 970/1446/3158 978/1462/3166 973/1461/3161
f 978/1462/3166 977/1463/3165 973/1461/3161
f 969/1445/3157 978/1462/3166 970/1446/3158
f 74/102/2262 978/1462/3166 969/1445/3157
f 73/101/2261 74/102/2262 969/1445/3157
f 977/1463/3165 978/1462/3166 90/124/2278
f 978/1462/3166 74/102/2262 90/124/2278
f 977/1459/3165 979/1464/3167 976/1458/3164
f 92/126/2280 979/1465/3167 977/1463/3165
f 90/124/2278 92/126/2280 977/1463/3165
f 976/1457/3164 981/1467/3169 980/1466/3168
f 975/1456/3163 976/1457/3164 980/1466/3168
f 976/1457/3164 129/187/2317 981/1467/3169
f 979/1464/3167 129/1468/2317 976/1458/3164
f 975/1456/3163 980/1466/3168 974/1455/3162
f 931/1391/3119 192/277/2380 930/1390/3118
f 915/1368/3103 931/1391/3119 930/1390/3118
f 931/1391/3119 974/1455/3162 192/277/2380
f 974/1455/3162 980/1466/3168 192/277/2380
f 980/1466/3168 981/1467/3169 192/277/2380
f 981/1467/3169 178/256/2366 192/277/2380
f 981/1467/3169 129/187/2317 178/256/2366
f 129/187/2317 130/181/2318 178/256/2366
f 979/1464/3167 107/1469/2295 129/1468/2317
f 92/126/2280 107/149/2295 979/1465/3167
f 930/1390/3118 192/277/2380 191/276/2379
f 35/45/2223 34/44/2222 637/938/2825
f 40/54/2228 35/45/2223 637/938/2825
f 37/50/2225 35/45/2223 40/54/2228
f 35/45/2223 37/50/2225 36/46/2224
f 637/938/2825 634/939/2822 40/54/2228
f 39/53/2227 40/54/2228 634/939/2822
f 637/938/2825 955/1422/3143 635/940/2823
f 636/935/2824 635/933/2823 957/1424/3145
f 636/935/2824 957/1424/3145 982/1470/3170
f 982/1470/3170 957/1424/3145 940/1404/3128
f 940/1404/3128 983/1471/3171 982/1470/3170
f 983/1471/3171 636/935/2824 982/1470/3170
f 984/1472/3172 638/941/2826 636/935/2824
f 636/935/2824 983/1471/3171 984/1472/3172
f 985/1474/3173 650/1473/2838 638/941/2826
f 984/1472/3172 985/1474/3173 638/941/2826
f 984/1472/3172 986/1475/3174 985/1474/3173
f 986/1475/3174 984/1472/3172 983/1471/3171
f 940/1404/3128 908/1358/3096 983/1471/3171
f 908/1358/3096 986/1475/3174 983/1471/3171
f 986/1475/3174 908/1358/3096 987/1476/3175
f 985/1474/3173 986/1475/3174 987/1476/3175
f 988/1479/3176 985/1478/3173 987/1477/3175
f 988/1479/3176 650/964/2838 985/1478/3173
f 652/963/2840 650/964/2838 988/1479/3176
f 990/1481/3178 989/1480/3177 988/1479/3176
f 988/1479/3176 989/1480/3177 652/963/2840
f 907/1357/3095 987/1477/3175 906/1355/3094
f 988/1479/3176 987/1477/3175 907/1357/3095
f 987/1476/3175 908/1358/3096 906/1356/3094
f 904/1353/3092 908/1358/3096 940/1404/3128
f 907/1357/3095 894/1337/3082 988/1479/3176
f 894/1337/3082 990/1481/3178 988/1479/3176
f 990/1481/3178 894/1337/3082 665/983/2853
f 989/1480/3177 990/1481/3178 665/983/2853
f 651/962/2839 989/1480/3177 654/967/2842
f 654/967/2842 989/1480/3177 665/983/2853
f 989/1480/3177 651/962/2839 652/963/2840
f 665/983/2853 894/1337/3082 892/1335/3080
f 892/1335/3080 893/1336/3081 665/983/2853
f 893/1336/3081 664/982/2852 665/983/2853
f 664/982/2852 893/1336/3081 991/1482/3179
f 992/1485/3180 664/1484/2852 991/1483/3179
f 661/978/2849 664/1484/2852 992/1485/3180
f 681/1004/2869 992/1485/3180 991/1483/3179
f 666/984/2854 992/1485/3180 681/1004/2869
f 666/984/2854 661/978/2849 992/1485/3180
f 994/1487/3182 991/1483/3179 993/1486/3181
f 681/1004/2869 991/1483/3179 994/1487/3182
f 991/1482/3179 893/1336/3081 993/1488/3181
f 993/1488/3181 893/1336/3081 995/1489/3183
f 994/1487/3182 993/1486/3181 995/1490/3183
f 681/1004/2869 994/1487/3182 866/1293/3054
f 866/1293/3054 996/1491/3184 681/1004/2869
f 996/1491/3184 682/1005/2870 681/1004/2869
f 865/1292/3053 996/1491/3184 866/1293/3054
f 994/1487/3182 868/1296/3056 866/1293/3054
f 994/1487/3182 995/1490/3183 868/1296/3056
f 868/1296/3056 995/1490/3183 882/1320/3070
f 995/1489/3183 893/1336/3081 882/1322/3070
f 864/1291/3052 996/1491/3184 865/1292/3053
f 864/1291/3052 682/1005/2870 996/1491/3184
f 683/1006/2871 682/1005/2870 864/1291/3052
f 864/1290/3052 997/1492/3185 683/1032/2871
f 846/1261/3034 997/1492/3185 864/1290/3052
f 997/1492/3185 846/1261/3034 823/1224/3011
f 824/1225/3012 997/1492/3185 823/1224/3011
f 683/1032/2871 997/1492/3185 700/1031/2888
f 700/1031/2888 997/1492/3185 824/1225/3012
f 680/1003/2868 682/1005/2870 683/1006/2871
f 824/1225/3012 699/1030/2887 700/1031/2888
f 821/1222/3009 699/1030/2887 824/1225/3012
f 699/1030/2887 821/1222/3009 822/1223/3010
f 701/1033/2889 699/1030/2887 822/1223/3010
f 752/1112/2940 724/1065/2912 822/1223/3010
f 822/1223/3010 724/1065/2912 701/1033/2889
f 774/1149/2962 752/1112/2940 822/1223/3010
f 872/1301/3060 214/301/2402 213/300/2401
f 887/1327/3075 213/300/2401 230/324/2418
f 872/1301/3060 213/300/2401 887/1327/3075
f 230/324/2418 248/344/2436 289/404/2477
f 998/1493/3186 230/324/2418 289/404/2477
f 887/1327/3075 230/324/2418 998/1493/3186
f 289/404/2477 306/1494/2494 998/1493/3186
f 306/1494/2494 999/1495/3187 998/1493/3186
f 998/1493/3186 877/1310/3065 887/1327/3075
f 999/1495/3187 877/1310/3065 998/1493/3186
f 999/1495/3187 306/1494/2494 1000/1496/3188
f 1000/1497/3188 306/427/2494 307/431/2495
f 999/1495/3187 1001/1498/3189 877/1310/3065
f 1001/1498/3189 999/1495/3187 1000/1496/3188
f 874/1311/3062 877/1310/3065 1001/1498/3189
f 1001/1500/3189 354/503/2542 874/1499/3062
f 1001/1500/3189 1000/1501/3188 354/503/2542
f 307/429/2495 308/430/2496 1000/1501/3188
f 308/430/2496 354/503/2542 1000/1501/3188
f 874/1499/3062 354/503/2542 875/1502/3063
f 355/1504/2543 875/1307/3063 354/1503/2542
f 1002/1505/3190 875/1307/3063 355/1504/2543
f 875/1307/3063 1002/1505/3190 855/1277/3043
f 356/1506/2544 1002/1505/3190 355/1504/2543
f 1003/1507/3191 1002/1505/3190 356/1506/2544
f 855/1277/3043 1002/1505/3190 856/1278/3044
f 1002/1505/3190 1003/1507/3191 856/1278/3044
f 1003/1507/3191 356/1506/2544 1004/1508/3192
f 1004/1509/3192 356/508/2544 357/509/2545
f 856/1278/3044 1003/1507/3191 1005/1510/3193
f 1005/1510/3193 1003/1507/3191 1004/1508/3192
f 836/1242/3024 856/1278/3044 1005/1510/3193
f 837/1244/3025 836/1242/3024 1005/1510/3193
f 1004/1508/3192 1006/1511/3194 1005/1510/3193
f 1005/1510/3193 1006/1511/3194 837/1244/3025
f 357/509/2545 1006/1512/3194 1004/1509/3192
f 1007/1513/3195 357/509/2545 358/511/2546
f 1007/1513/3195 1008/1514/3196 357/509/2545
f 1008/1514/3196 1006/1512/3194 357/509/2545
f 1010/1516/3198 1006/1512/3194 1009/1515/3197
f 1008/1514/3196 1009/1515/3197 1006/1512/3194
f 1006/1511/3194 1010/1517/3198 810/1246/2998
f 837/1244/3025 1006/1511/3194 810/1246/2998
f 1011/1518/3199 1008/1514/3196 1007/1513/3195
f 1009/1515/3197 1008/1514/3196 1011/1518/3199
f 1012/1519/3200 1007/1513/3195 358/511/2546
f 1007/1513/3195 1012/1519/3200 1011/1518/3199
f 380/543/2568 1012/1519/3200 358/511/2546
f 1010/1517/3198 809/1520/2997 810/1246/2998
f 1009/1515/3197 809/1199/2997 1010/1516/3198
f 1011/1518/3199 1012/1519/3200 807/1197/2995
f 807/1197/2995 1009/1515/3197 1011/1518/3199
f 1009/1515/3197 807/1197/2995 809/1199/2997
f 1012/1519/3200 380/543/2568 1013/1521/3201
f 1014/1522/3202 1012/1519/3200 1013/1521/3201
f 1015/1523/3203 1012/1519/3200 1014/1522/3202
f 1015/1523/3203 808/1198/2996 1012/1519/3200
f 807/1197/2995 1012/1519/3200 808/1198/2996
f 1013/1521/3201 1016/1524/3204 1014/1522/3202
f 1016/1524/3204 1017/1525/3205 1014/1522/3202
f 1014/1522/3202 1017/1525/3205 1015/1523/3203
f 1018/1526/3206 1016/1524/3204 1013/1521/3201
f 1013/1521/3201 380/543/2568 381/544/2569
f 1018/1526/3206 1013/1521/3201 1019/1527/3207
f 1018/1526/3206 1019/1527/3207 1020/1528/3208
f 1016/1524/3204 1018/1526/3206 1021/1529/3209
f 1021/1529/3209 1018/1526/3206 1020/1528/3208
f 1017/1525/3205 1016/1524/3204 1022/1530/3210
f 1022/1530/3210 1016/1524/3204 1021/1529/3209
f 1017/1525/3205 1023/1531/3211 1015/1523/3203
f 1023/1534/3211 1017/1533/3205 1024/1532/3212
f 1024/1532/3212 1017/1533/3205 1022/1535/3210
f 1015/1523/3203 806/1196/2994 808/1198/2996
f 1025/1536/3213 1015/1523/3203 1023/1531/3211
f 1025/1536/3213 806/1196/2994 1015/1523/3203
f 1026/1537/3214 1023/1534/3211 1024/1532/3212
f 1026/1537/3214 1025/1538/3213 1023/1534/3211
f 1022/1535/3210 1027/1539/3215 1024/1532/3212
f 1027/1542/3215 1028/1541/3216 1024/1540/3212
f 1028/1544/3216 1029/1543/3217 1024/1532/3212
f 1026/1537/3214 1024/1532/3212 1029/1543/3217
f 1021/1546/3209 1030/1545/3218 1022/1535/3210
f 1030/1545/3218 1027/1539/3215 1022/1535/3210
f 1020/1548/3208 1031/1547/3219 1021/1546/3209
f 1031/1547/3219 1030/1545/3218 1021/1546/3209
f 1033/1550/3221 1032/1549/3220 1020/1548/3208
f 1032/1549/3220 1031/1547/3219 1020/1548/3208
f 1019/1527/3207 1033/1551/3221 1020/1528/3208
f 1034/1554/3222 1033/1553/3221 1019/1552/3207
f 1035/1555/3223 1034/1554/3222 1019/1552/3207
f 1013/1521/3201 1035/1556/3223 1019/1527/3207
f 1013/1521/3201 381/544/2569 382/545/2570
f 382/545/2570 1035/1556/3223 1013/1521/3201
f 382/545/2570 408/585/2596 1035/1556/3223
f 1036/1559/3224 1034/1558/3222 1035/1557/3223
f 408/584/2596 1036/1559/3224 1035/1557/3223
f 1038/1561/3226 1034/1558/3222 1037/1560/3225
f 1039/1562/3227 1034/1558/3222 1036/1559/3224
f 1039/1562/3227 1037/1560/3225 1034/1558/3222
f 1038/1561/3226 1033/1563/3221 1034/1558/3222
f 1032/1566/3220 1033/1565/3221 1040/1564/3228
f 1038/1567/3226 1040/1564/3228 1033/1565/3221
f 1041/1568/3229 1032/1566/3220 1040/1564/3228
f 1041/1569/3229 1031/1547/3219 1032/1549/3220
f 1042/1572/3230 1031/1571/3219 1041/1570/3229
f 1042/1572/3230 1030/1573/3218 1031/1571/3219
f 1043/1574/3231 1030/1573/3218 1042/1572/3230
f 1043/1574/3231 1027/1542/3215 1030/1573/3218
f 1044/1575/3232 1027/1542/3215 1043/1574/3231
f 1044/1575/3232 1028/1541/3216 1027/1542/3215
f 1045/1576/3233 1028/1541/3216 1044/1575/3232
f 1046/1577/3234 1028/1541/3216 1045/1576/3233
f 1047/1578/3235 1028/1541/3216 1046/1577/3234
f 1047/1578/3235 1029/1579/3217 1028/1541/3216
f 1047/1578/3235 1026/1580/3214 1029/1579/3217
f 1046/1577/3234 1048/1581/3236 1047/1578/3235
f 1048/1581/3236 1026/1580/3214 1047/1578/3235
f 1049/1582/3237 1046/1577/3234 1045/1576/3233
f 1050/1583/3238 1046/1577/3234 1049/1582/3237
f 1048/1581/3236 1046/1577/3234 1051/1584/3239
f 1046/1577/3234 1050/1583/3238 1051/1584/3239
f 1052/1585/3240 1045/1576/3233 1044/1575/3232
f 1049/1582/3237 1045/1576/3233 1052/1585/3240
f 1053/1586/3241 1044/1575/3232 1043/1574/3231
f 1052/1585/3240 1044/1575/3232 1053/1586/3241
f 1054/1587/3242 1043/1574/3231 1042/1572/3230
f 1053/1586/3241 1043/1574/3231 1054/1587/3242
f 1055/1588/3243 1042/1572/3230 1041/1570/3229
f 1054/1587/3242 1042/1572/3230 1055/1588/3243
f 1056/1589/3244 1041/1568/3229 1040/1564/3228
f 1055/1590/3243 1041/1568/3229 1056/1589/3244
f 1038/1567/3226 1057/1591/3245 1040/1564/3228
f 1040/1564/3228 1057/1591/3245 1056/1589/3244
f 1057/1592/3245 1038/1561/3226 1037/1560/3225
f 1058/1593/3246 1057/1592/3245 1037/1560/3225
f 1039/1562/3227 1059/1594/3247 1037/1560/3225
f 1037/1560/3225 1059/1594/3247 1058/1593/3246
f 1039/1562/3227 1036/1559/3224 1060/1595/3248
f 1059/1594/3247 1039/1562/3227 1060/1595/3248
f 1060/1595/3248 1036/1559/3224 409/586/2597
f 1036/1559/3224 408/584/2596 409/586/2597
f 1061/1596/3249 1059/1594/3247 1060/1595/3248
f 1060/1595/3248 409/586/2597 410/587/2598
f 1061/1596/3249 1060/1595/3248 410/587/2598
f 1062/1597/3250 1059/1594/3247 1061/1596/3249
f 1059/1594/3247 1062/1597/3250 1058/1593/3246
f 1064/1599/3252 1063/1598/3251 1058/1593/3246
f 1063/1598/3251 1057/1592/3245 1058/1593/3246
f 1058/1593/3246 1062/1597/3250 1064/1599/3252
f 1057/1591/3245 1063/1600/3251 1056/1589/3244
f 1065/1601/3253 1055/1590/3243 1056/1589/3244
f 1056/1589/3244 1063/1600/3251 1065/1601/3253
f 1066/1602/3254 1055/1590/3243 1065/1601/3253
f 1055/1588/3243 1067/1603/3255 1054/1587/3242
f 1066/1602/3254 1067/1604/3255 1055/1590/3243
f 1067/1603/3255 1053/1586/3241 1054/1587/3242
f 1068/1605/3256 1053/1586/3241 1067/1603/3255
f 1068/1605/3256 1052/1585/3240 1053/1586/3241
f 1069/1606/3257 1052/1585/3240 1068/1605/3256
f 1069/1606/3257 1049/1582/3237 1052/1585/3240
f 1070/1607/3258 1049/1582/3237 1069/1606/3257
f 1070/1607/3258 1050/1583/3238 1049/1582/3237
f 1071/1608/3259 1050/1583/3238 1070/1607/3258
f 1071/1608/3259 1072/1609/3260 1050/1583/3238
f 1072/1609/3260 1051/1584/3239 1050/1583/3238
f 764/1132/2952 786/1166/2974 1051/1584/3239
f 1051/1584/3239 786/1166/2974 1048/1581/3236
f 1072/1609/3260 764/1132/2952 1051/1584/3239
f 1048/1581/3236 786/1166/2974 1026/1580/3214
f 786/1166/2974 787/1167/2975 1026/1580/3214
f 1025/1538/3213 1026/1537/3214 788/1169/2976
f 1026/1537/3214 787/1168/2975 788/1169/2976
f 1025/1536/3213 788/1170/2976 789/1171/2977
f 806/1196/2994 1025/1536/3213 789/1171/2977
f 1073/1610/3261 737/1133/2925 764/1132/2952
f 1072/1609/3260 1073/1610/3261 764/1132/2952
f 1073/1610/3261 1072/1609/3260 1071/1608/3259
f 1074/1613/3262 1071/1612/3259 1070/1611/3258
f 1073/1614/3261 1071/1612/3259 1074/1613/3262
f 1069/1616/3257 1075/1615/3263 1070/1611/3258
f 1075/1615/3263 1074/1613/3262 1070/1611/3258
f 1068/1619/3256 1076/1618/3264 1069/1617/3257
f 1076/1622/3264 1075/1621/3263 1069/1620/3257
f 1067/1624/3255 1077/1623/3265 1068/1619/3256
f 1077/1623/3265 1076/1618/3264 1068/1619/3256
f 1066/1602/3254 1078/1625/3266 1067/1604/3255
f 1077/1623/3265 1067/1624/3255 1078/1626/3266
f 1065/1601/3253 1079/1627/3267 1066/1602/3254
f 1078/1625/3266 1066/1602/3254 1079/1627/3267
f 1065/1601/3253 1063/1600/3251 1079/1627/3267
f 1080/1629/3268 1063/1600/3251 1064/1628/3252
f 1063/1600/3251 1080/1629/3268 1079/1627/3267
f 1080/1632/3268 1081/1631/3269 1079/1630/3267
f 1081/1631/3269 1082/1633/3270 1079/1630/3267
f 1078/1626/3266 1079/1630/3267 1082/1633/3270
f 1078/1626/3266 1082/1633/3270 1077/1623/3265
f 1077/1636/3265 1082/1635/3270 1083/1634/3271
f 1076/1622/3264 1077/1636/3265 1083/1634/3271
f 1084/1637/3272 1076/1622/3264 1083/1634/3271
f 1075/1621/3263 1076/1622/3264 1084/1637/3272
f 1085/1638/3273 1075/1621/3263 1084/1637/3272
f 1074/1639/3262 1075/1621/3263 1085/1638/3273
f 736/1086/2924 1074/1639/3262 1085/1638/3273
f 1073/1614/3261 1074/1613/3262 736/1088/2924
f 1073/1614/3261 736/1088/2924 737/1087/2925
f 736/1086/2924 1085/1638/3273 711/1047/2899
f 1085/1638/3273 1084/1637/3272 711/1047/2899
f 1082/1635/3270 1081/1640/3269 1083/1634/3271
f 1081/1631/3269 1080/1632/3268 1086/1641/3274
f 1081/1640/3269 1088/1643/3276 1087/1642/3275
f 1086/1644/3274 1088/1643/3276 1081/1640/3269
f 1083/1634/3271 1081/1640/3269 1087/1642/3275
f 1086/1645/3274 1080/1629/3268 1064/1628/3252
f 1064/1628/3252 1089/1646/3277 1086/1645/3274
f 1086/1649/3274 1089/1648/3277 1088/1647/3276
f 1088/1647/3276 1089/1648/3277 1090/1650/3278
f 437/630/2625 1088/1643/3276 1090/1651/3278
f 445/641/2633 1088/1643/3276 437/630/2625
f 1087/1642/3275 1088/1643/3276 445/641/2633
f 1091/1652/3279 1087/1642/3275 445/641/2633
f 1083/1634/3271 1087/1642/3275 1091/1652/3279
f 1092/1653/3280 1083/1634/3271 1091/1652/3279
f 1084/1637/3272 1083/1634/3271 1092/1653/3280
f 711/1047/2899 1084/1637/3272 1092/1653/3280
f 1093/1654/3281 437/630/2625 1090/1651/3278
f 1090/1657/3278 1089/1656/3277 1094/1655/3282
f 1090/1657/3278 1094/1655/3282 1093/1658/3281
f 1089/1646/3277 1062/1660/3250 1094/1659/3282
f 1062/1660/3250 1089/1646/3277 1064/1628/3252
f 1094/1661/3282 1062/1597/3250 1061/1596/3249
f 1094/1661/3282 1061/1596/3249 1095/1662/3283
f 1094/1655/3282 1095/1663/3283 1093/1658/3281
f 435/627/2623 1093/1658/3281 1095/1663/3283
f 435/631/2623 437/630/2625 1093/1654/3281
f 1096/1664/3284 1091/1652/3279 445/641/2633
f 1092/1653/3280 1091/1652/3279 1096/1664/3284
f 673/992/2861 1092/1653/3280 1096/1664/3284
f 710/1046/2898 1092/1653/3280 673/992/2861
f 711/1047/2899 1092/1653/3280 710/1046/2898
f 1096/1664/3284 445/641/2633 444/640/2632
f 1096/1664/3284 444/640/2632 450/646/2638
f 673/992/2861 1096/1664/3284 450/646/2638
f 645/950/2833 673/992/2861 450/646/2638
f 645/950/2833 450/646/2638 446/642/2634
f 434/626/2622 435/627/2623 1095/1663/3283
f 434/625/2622 1095/1662/3283 412/589/2600
f 411/588/2599 412/589/2600 410/587/2598
f 410/587/2598 412/589/2600 1095/1662/3283
f 1061/1596/3249 410/587/2598 1095/1662/3283

# End of Object "CavePlatform2_1"
