# Created with Anim8or 1.00
# Object "CavePlatform2_3":

mtllib CavePlatform2_3.mtl

# Shape "CavePlatform2-3":
g CavePlatform2-3
# No. points 661:
v -3.563 -2.93608 -17.305
v -2.703 -2.87086 -17.538
v -3.656 -2.55711 -18.373
v -2.097 -2.85079 -18.723
v -4.98 -2.9744 -17.289
v -5.029 -2.14572 -18.647
v -4.187 -1.3824 -19.175
v -2.895 -1.8223 -19.547
v -2.937 -2.89284 -16.024
v -1.32 -2.95611 -17.355
v -5.778 -2.88514 -14.986
v -7.073 -2.74563 -17.047
v -6.506 -1.87771 -18.344
v -5.381 -0.89200 -18.785
v -4.457 -0.02380 -19.315
v -3.279 -0.42870 -19.758
v -1.918 -0.74420 -19.903
v -1.455 -1.90562 -19.615
v -0.70900 -2.50006 -18.682
v -0.37200 -3.04019 -15.589
v 0.41400 -2.56986 -17.518
v -1.979 -2.88261 -12.23
v -8.1 -2.89875 -16.005
v -8.468 -2.12835 -17.089
v -7.763 -1.802 -17.752
v -6.471 -0.43690 -18.606
v -7.692 -0.59660 -18.083
v -5.553 0.66660 -18.848
v -4.469 1.1108 -19.234
v -3.572 0.87070 -19.658
v -2.265 0.63370 -19.975
v -0.82000 0.15410 -19.645
v -0.85200 -0.95620 -19.471
v -0.44300 -1.6157 -19.148
v 0.18800 -1.8595 -18.594
v 1.775 -2.59642 -16.094
v 1.475 -1.8459 -17.253
v 0.80200 -1.5647 -17.992
v 1.192 -2.95658 -14.218
v -8.048 -2.89648 -14.419
v -9.463 -2.80683 -15.424
v -9.335 -2.43334 -16.569
v -8.465 -1.196 -17.494
v -9.527 -1.1913 -17.011
v -8.802 -0.29480 -17.512
v -8.303 0.86500 -17.729
v -6.996 0.73200 -18.402
v -7.45 1.8606 -17.872
v -6.186 2.0997 -18.225
v -8.188 1.8407 -17.552
v -9.767 0.58530 -16.939
v -10.713 -0.62860 -15.954
v -10.181 -1.93953 -16.171
v -9.547 -3.08177 -13.703
v -10.921 -2.19436 -15.165
v -7.267 -2.88444 -12.091
v -5.36 -2.88257 -9.5417
v -9.27 -2.95021 -12.297
v -10.693 -2.72644 -12.484
v -11.101 -2.53275 -13.885
v -11.491 -1.6695 -14.356
v -11.329 -0.99010 -14.951
v -11.414 0.13900 -14.949
v -10.764 1.1689 -15.702
v -8.953 2.0727 -17.074
v -9.931 1.8375 -16.358
v -7.987 2.9539 -15.887
v -7.948 2.4987 -17.295
v -9.253 2.6154 -15.812
v -10.279 2.3705 -15.59
v -10.994 2.2964 -14.74
v -11.461 1.2487 -14.677
v -11.854 0.57580 -13.734
v -11.713 -0.71690 -14.122
v -11.635 -1.7488 -13.352
v -11.11 -2.39483 -10.96
v -9.557 -2.91613 -11.028
v -11.797 -1.6648 -12.064
v -8.396 -2.90474 -9.0304
v -10.469 -2.62409 -9.6243
v -11.2 -1.6091 -9.9447
v -11.64 -1.1397 -10.884
v -11.927 -0.40470 -11.794
v -11.85 -0.64170 -12.96
v -11.946 0.35740 -12.543
v -11.807 1.6452 -12.556
v -11.598 1.8405 -13.827
v -9.583 3.0195 -14.456
v -10.707 2.7829 -13.11
v -8.671 2.8685 -14.978
v -7.927 2.8975 -13.716
v -9.216 2.9861 -12.89
v -9.699 2.9714 -11.626
v -10.991 2.5641 -11.526
v -11.626 1.7269 -11.389
v -11.926 0.76180 -11.592
v -11.636 0.08370 -10.799
v -11.368 -0.45110 -9.9622
v -11.675 -0.99700 -9.1606
v -11.402 -2.09581 -9.0856
v -10.856 -2.79914 -7.9033
v -6.052 -2.88113 -6.5052
v -8.887 -2.88157 -6.8066
v -8.61 -2.86246 -4.7348
v -10.341 -3.1151 -5.974
v -12.091 -2.82509 -6.2772
v -12.369 -2.269 -7.6077
v -12.005 -1.6298 -8.3831
v -11.873 0.24320 -9.165
v -12.304 -0.38260 -8.3497
v -11.392 0.70800 -9.8964
v -11.549 1.2085 -10.668
v -11.269 2.2092 -10.622
v -10.016 2.7576 -10.0251
v -9.008 2.8664 -10.728
v -8.29 2.8923 -11.642
v -8.043 2.8285 -9.6363
v -8.982 2.8978 -8.1989
v -10.728 2.5581 -8.4432
v -11.247 1.9298 -9.7839
v -11.665 1.5312 -9.008
v -12.422 1.0616 -8.1594
v -13.13 0.09260 -7.5273
v -12.75 -1.1647 -7.6211
v -12.989 -1.95464 -6.9259
v -12.681 -2.84556 -4.822
v -10.997 -2.91799 -4.2339
v -13.454 -2.12085 -5.9109
v -9.238 -2.88261 -2.4825
v -12.598 -2.77899 -3.2836
v -13.734 -2.09316 -4.4062
v -13.984 -0.82580 -5.4577
v -13.444 -0.90520 -6.6822
v -13.128 1.2355 -7.229
v -13.836 0.58310 -6.322
v -11.853 2.2195 -8.0756
v -12.554 2.2079 -7.2456
v -9.547 2.8722 -6.9703
v -11.315 2.9003 -6.9975
v -6.283 2.8254 -6.1471
v -10.127 2.8726 -5.0964
v -12.392 2.7585 -5.8362
v -13.309 1.8702 -6.4164
v -14.207 0.33960 -4.9232
v -13.753 1.8588 -4.9942
v -14.104 -0.72330 -4.0022
v -13.56 -1.7812 -2.8698
v -12.468 -2.34101 -1.7809
v -11.176 -2.86109 -2.1683
v -9.984 -2.85269 -0.94710
v -8.268 -2.88895 -0.54220
v -11.303 -2.55017 -0.53745
v -12.19 -1.7246 -0.70560
v -13.039 -1.2482 -1.6721
v -13.714 -0.38470 -2.6269
v -14.204 0.71820 -3.6185
v -12.255 2.9424 -3.9961
v -13.362 1.9209 -3.1614
v -7.848 2.831 -2.9886
v -6.327 2.838 -3.0988
v -10.504 3.0406 -2.6461
v -12.25 2.5071 -2.3104
v -12.93 1.6925 -2.0579
v -13.589 0.89290 -2.2541
v -13.059 -0.03590 -1.4844
v -12.482 -0.78850 -0.82443
v -11.662 -1.0108 0.31705
v -11.708 -1.99999 0.12036
v -9.841 -2.88415 0.95730
v -11.128 -2.3834 0.51010
v -9.217 -2.94319 3.3304
v -5.889 -2.88521 2.1863
v -10.965 -2.67293 2.3183
v -11.185 -2.4853 1.2212
v -11.501 -1.94472 0.76765
v -11.662 0.58180 0.93060
v -11.984 -0.69230 1.9972
v -11.668 -1.8305 1.5904
v -12.368 0.23370 -0.41128
v -12.815 1.0924 -1.2588
v -12.34 1.9597 -1.3091
v -11.253 2.6945 -0.84191
v -8.951 2.9074 -0.70996
v -4.821 2.8112 -0.26001
v -8.443 2.8572 1.7427
v -10.206 2.784 0.65627
v -11.275 2.3045 0.34312
v -11.958 1.5486 -0.24234
v -11.581 1.6522 1.754
v -11.444 1.6732 0.78472
v -12.191 0.76320 2.6665
v -12.436 -0.73120 3.5223
v -12.068 -1.98147 2.9357
v -11.039 -2.87144 3.9522
v -9.735 -2.88878 5.0291
v -7.617 -2.88252 5.5256
v -11.116 -2.84745 5.6513
v -12.338 -2.09925 4.5646
v -12.615 0.39750 4.1062
v -12.66 -0.71420 5.0771
v -12.182 1.8342 4.0959
v -11.753 1.9769 2.7643
v -11.147 2.3471 2.2645
v -11.027 2.3293 1.3309
v -10.235 2.787 2.2416
v -9.52 2.8604 3.86
v -11.033 2.6171 3.3649
v -11.025 2.8909 4.9863
v -12.017 2.0794 5.9822
v -12.674 0.76490 5.5676
v -12.226 -0.42520 6.5862
v -12.277 -1.91488 6.2611
v -10.975 -2.58057 7.3931
v -9.43 -2.90521 6.7082
v -9.417 -2.86234 8.6095
v -7.414 -2.89892 8.1673
v -10.68 -1.8493 8.9723
v -11.549 -1.3208 7.5826
v -11.75 1.0302 7.2668
v -11.516 -0.24180 7.6713
v -10.931 2.6726 6.6541
v -11.534 2.0328 6.931
v -9.361 2.9159 5.9378
v -6.914 2.8422 4.5957
v -3.035 2.7982 4.6577
v -1.597 2.7711 2.393
v -7.813 2.8578 7.2997
v -9.768 2.8136 8.0512
v -11.095 2.1434 7.6537
v -11.07 0.26870 8.617
v -11.031 -0.74680 8.4133
v -9.43 -2.47689 10.188
v -7.959 -2.8862 10.013
v -10.783 -0.61930 9.6208
v -9.852 -1.3743 10.323
v -10.69 1.6134 8.8734
v -10.559 0.62330 9.9
v -7.759 2.9644 9.376
v -9.589 2.5051 9.91
v -5.009 2.8138 8.2966
v 0.12700 2.8087 8.5155
v 0.10000 2.7763 4.3905
v -2.795 2.8496 11.831
v -5.949 2.8812 11.259
v -8.14 2.4787 11.248
v -9.285 1.7852 10.809
v -10.121 1.5692 10.153
v -9.502 0.86940 10.689
v -9.761 -0.22270 10.517
v -8.962 -0.96780 11.184
v -8.978 -1.8315 10.988
v -8.981 0.12620 11.536
v -8.751 1.3577 11.859
v -6.851 3.011 12.734
v -8.174 2.5663 12.945
v -4.829 2.8842 14.225
v 0.76600 2.8834 13.36
v -6.943 2.9714 14.197
v -8.267 2.5315 14.408
v -9.026 1.6323 13.448
v -9.373 0.58070 12.635
v -9.311 -0.66870 12.54
v -9.349 0.19770 14
v -8.863 1.5295 14.742
v -7.406 2.8896 15.673
v -8.337 2.1878 15.413
v -6.055 2.9544 15.492
v -1.696 2.8954 15.372
v 3.152 2.9836 14.124
v 2.249 2.9169 15.201
v 3.335 2.8644 11.579
v 5.104 2.8852 13.526
v 4.23 2.7566 15.442
v 3.189 3.0725 15.392
v 0.90000 2.8999 16.129
v -3.526 2.965 16.265
v -4.942 3.0399 16.643
v -6.358 2.8652 16.716
v -7.237 2.4969 16.791
v -8.022 1.9411 16.399
v -8.534 1.4796 15.625
v -8.849 0.59010 15.328
v -8.393 0.93420 16.164
v -7.367 1.8182 17.27
v -7.805 0.69560 17.166
v -6.744 2.328 17.448
v -5.72 2.3614 17.748
v -3.757 2.839 17.492
v -4.587 2.4938 18
v -2.438 3.054 17.572
v -0.52700 3.0164 17.731
v 1.439 2.8403 18.162
v 3.073 3.115 16.811
v 4.994 2.2322 15.948
v 5.213 2.4483 15.085
v 4.746 2.4728 16.84
v 4.115 2.1536 18.079
v 2.92 2.4819 18.516
v 1.961 1.6795 19.595
v 0.10300 2.1016 19.262
v -1.739 2.3978 19.102
v -3.395 2.1279 18.614
v -4.915 1.1308 18.51
v -6.68 1.4827 18.024
v -6.674 -0.01580 18.342
v -7.818 -1.0515 17.14
v -8.44 -0.11680 16.142
v -8.888 -0.66050 15.09
v -8.449 -1.1738 15.94
v -6.431 -1.5778 18.163
v -7.183 -2.44464 17.211
v -8.06 -2.26564 16.139
v -5.029 -0.59770 18.517
v -3.533 0.00570 18.95
v -3.6 1.0942 18.882
v -2.54 1.088 19.032
v -1.207 1.0494 19.746
v 0.38300 0.62350 19.621
v 1.615 0.21030 19.976
v 3.093 0.34550 19.428
v 3.365 1.6065 19.012
v 4.104 1.0337 18.607
v 5.03 1.0678 17.389
v 4.278 -0.11660 18.53
v 3.307 -1.1238 19.178
v 1.99 -0.95650 19.812
v 0.50500 -0.70560 19.617
v -0.999001 -0.35890 19.863
v -2.128 0.08330 19.363
v -4.952 -1.99293 18.396
v -5.904 -2.74217 17.581
v -6.257 -2.99851 15.676
v -8.726 -1.8084 15.199
v -8.054 -2.73521 14.557
v -9.162 -1.6401 13.826
v -6.721 -2.89288 12.899
v -8.374 -2.63138 12.997
v -4.051 -2.92079 17.152
v -3.338 -2.88798 13.582
v -3.948 -1.2286 18.752
v -3.665 -2.16892 18.672
v -2.535 -1.2458 19.22
v -0.83200 -1.87478 19.671
v 0.74500 -1.8393 19.512
v 2.074 -2.34716 19.339
v 4.278 -1.3988 18.247
v 3.369 -2.28857 18.705
v 4.939 -0.44460 17.564
v 4.054 -2.64291 17.715
v 5.079 -1.6948 17.056
v 2.265 -3.04129 17.785
v 0.06000 -2.89017 18.388
v -2.224 -2.62791 18.538
v -1.787 -2.931 16.69
v -9.04 -1.86753 12.159
v -8.245 -2.55338 11.51
v -6.011 -2.88226 10.551
v -7.204 -2.83168 11.245
v 0.62200 -2.87984 15.622
v 3.438 -2.99868 16.238
v 4.555 -2.72637 16.897
v 5.63 -0.08190 16.153
v 5.509 -1.5831 15.589
v 4.889 -2.58983 16.161
v 5.544 1.5619 15.784
v 4.646 -2.72291 14.781
v 6.222 -0.47300 14.61
v 6.23 -1.90611 14.309
v 2.662 -2.99926 14.383
v 0.87300 -2.8768 11.968
v 3.62 -2.91002 13.085
v 5.556 -2.97454 13.122
v 7.035 -0.81750 13.528
v 7.313 -2.11228 13.056
v 6.197 1.0019 14.508
v 7.006 0.40120 13.694
v 5.874 2.1712 14.557
v 6.279 2.0342 13.569
v 6.749 1.267 13.395
v 7.663 1.2007 13.002
v 7.956 0.09190 13
v 7.984 -1.0082 12.91
v 6.574 -2.90947 11.751
v 4.343 -2.89261 11.026
v -3.641 -2.88158 7.8453
v 1.948 -2.88243 7.6052
v 6.111 -2.90942 10.472
v 7.767 -3.03631 10.346
v 8.109 -2.59729 11.957
v 8.459 -1.6183 12.357
v 8.849 -0.43890 12.048
v 8.621 1.036 12.208
v 8.101 2.0647 12.518
v 7.106 2.0078 12.818
v 7.329 2.7115 11.892
v 6.346 2.5482 12.635
v 8.752 2.2939 11.343
v 9.407 0.80210 10.894
v 9.387 -0.38180 11.006
v 9.203 -1.6566 11.198
v 9.448 -2.04832 9.3909
v 8.141 -2.88592 8.4399
v 5.749 -2.87678 8.6839
v 7.181 -2.87609 6.7887
v 9.278 -1.8468 7.9922
v 8.868 -2.72304 7.0545
v 9.721 -0.16170 9.7873
v 9.264 -0.58560 8.3645
v 9.228 2.0625 9.4979
v 9.654 0.95340 9.881
v 7.457 3.0456 10.203
v 7.696 2.8936 8.5549
v 8.675 2.3308 8.0118
v 9.222 1.0246 8.3428
v 9.611 0.98370 9.3218
v 9.958 0.42390 7.4679
v 9.907 -0.74270 7.3487
v 9.965 -1.88653 7.0243
v 8.384 -2.89813 5.8665
v 9.843 -2.70022 5.8271
v 5.036 -2.88216 5.6629
v 2.629 -2.88228 4.0984
v 7.266 -2.88723 4.7513
v 8.808 -2.86996 4.8433
v 10.911 -2.0623 6.6285
v 9.64 -2.94424 4.5605
v 10.838 -3.05442 4.4242
v 11.59 -2.57043 5.7835
v 10.897 -1.0203 6.886
v 10.902 0.12450 7.0675
v 10.784 1.2652 6.9587
v 9.839 1.3771 7.1134
v 11.553 0.79770 6.5328
v 11.744 -0.19160 6.4483
v 11.813 -1.3372 6.2285
v 12.114 -2.65787 4.8106
v 12.757 -1.462 5.0135
v 12.478 -2.39788 3.6353
v 11.153 -2.86422 2.8668
v 9.11 -2.87913 3.1111
v 5.527 -2.88242 2.0185
v -0.72800 -2.88273 3.7653
v 1.834 -2.88226 1.646
v 12.244 -2.17241 2.164
v 11.073 -2.9163 1.2227
v 13.013 -1.0338 3.7131
v 12.705 -0.85460 2.5187
v 12.389 -0.45130 5.7306
v 12.809 -0.03670 5.0908
v 13.063 0.03480 4.1722
v 12.345 0.74420 5.6553
v 12.885 0.83480 4.7362
v 12.975 -0.06280 3.2145
v 12.664 0.69590 2.3753
v 13.055 0.09910 1.3293
v 12.868 -1.1802 1.3207
v 12.527 -2.24167 1.0339
v 10.981 -2.92541 -0.49660
v 12.346 -2.55316 -0.17186
v 8.947 -2.87295 0.25745
v 3.112 -2.88234 -0.73797
v -1.152 -2.88249 -0.73302
v 6.797 -2.87878 -2.2573
v 13.222 -1.5146 0.18402
v 13.879 -2.19835 -1.12503
v 12.217 -3.03279 -1.6868
v 13.393 -0.40990 0.44056
v 12.892 1.3706 1.1248
v 13.587 0.81890 0.06493
v 14.206 -0.22210 -0.77778
v 13.963 -0.76780 -2.5145
v 13.394 -2.38574 -3.0331
v 11.708 -3.0648 -3.428
v 10.144 -2.86191 -1.9996
v 2.626 -2.88219 -4.0182
v -2.014 -2.8823 -4.9743
v 6.71 -2.88195 -6.4385
v 9.63 -2.93274 -4.277
v 12.75 -2.43137 -4.3463
v 11.57 -2.85454 -5.1007
v 13.198 -0.94510 -4.4268
v 12.646 -2.04291 -5.4049
v 10.193 -3.02099 -6.6746
v 11.947 -2.43673 -6.3092
v 1.73 -2.88226 -8.2959
v 8.687 -2.87603 -8.5438
v 11.777 -2.3929 -7.6301
v 10.483 -2.82897 -8.4521
v 12.531 -0.97750 -6.557
v 12.883 0.04620 -5.545
v 12.655 0.73130 -6.6253
v 12.001 0.42850 -7.9805
v 11.791 -1.0787 -8.2561
v 11.294 -2.0618 -8.725
v 10.59 -2.32703 -9.5695
v 9.63 -2.81119 -9.4504
v -2.745 -2.88209 -8.2959
v 6.404 -2.87992 -10.488
v 8.58 -2.86757 -10.0893
v 9.74 -2.68014 -10.687
v 11.173 -1.306 -9.4668
v 10.691 -1.6715 -10.634
v 11.418 -0.09270 -9.2056
v 10.755 -0.40210 -10.319
v 9.999 -0.70360 -11.498
v 10.034 -1.8258 -11.484
v 9.295 -2.29826 -11.994
v 8.445 -2.81565 -11.295
v 2.836 -2.8881 -12.307
v 5.76 -2.88253 -13.851
v 8.181 -2.89931 -12.969
v 9.765 -1.4261 -12.244
v 9.563 -1.8383 -13.293
v 10.206 0.62970 -11.208
v 10.004 0.27070 -12.224
v 9.755 -0.44860 -13.006
v 11.045 0.85170 -10.0833
v 11.492 0.9997 -9.0664
v 10.897 2.0357 -9.3717
v 10.199 1.6896 -10.577
v 9.739 1.5286 -11.446
v 9.781 1.2114 -12.282
v 9.898 0.72590 -13.081
v 9.495 -0.81080 -14.52
v 9.126 -2.28392 -14.659
v 7.755 -2.93948 -14.887
v 3.374 -2.82091 -14.866
v 4.87 -2.65077 -15.643
v 3.826 -2.29296 -15.78
v 3.029 -2.27545 -15.959
v 6.495 -2.85811 -15.813
v 8.531 -2.32885 -15.67
v 7.728 -2.57171 -15.992
v 8.821 -1.2856 -15.668
v 9.776 0.65150 -14.277
v 8.979 0.30770 -15.766
v 9.181 1.6858 -13.444
v 9.171 2.0204 -12.096
v 9.501 2.1602 -11.128
v 9.558 2.5475 -10.0772
v 8.527 2.6753 -11.221
v 8.127 2.5797 -12.744
v 8.032 2.3794 -14.29
v 8.831 1.5434 -14.937
v 8.338 1.5146 -16.026
v 7.585 0.79820 -16.759
v 7.992 -0.71960 -16.532
v 8.176 -1.83 -16.298
v 7.199 -1.94287 -16.743
v 5.518 -1.8038 -16.707
v 4.311 -1.94979 -16.269
v 3.517 -1.7553 -16.185
v 2.444 -1.4442 -16.477
v 2.159 -0.18320 -16.638
v 3.931 -0.76500 -16.472
v 1.365 -0.85920 -17.474
v 5.425 -0.42450 -16.988
v 6.712 -0.64070 -17.098
v 6.192 0.55770 -17.279
v 6.242 1.7484 -16.485
v 7.476 1.9161 -16.117
v 7.99 2.1537 -15.401
v 6.97 2.8306 -13.601
v 6.839 2.5593 -15.197
v 6.431 2.7371 -11.583
v 7.919 2.774 -9.3577
v 2.785 2.7448 -12.029
v 5.226 2.7894 -14.071
v 5.574 2.4646 -15.605
v 4.784 0.85060 -16.796
v 5.006 1.9008 -16.192
v 3.114 0.75310 -16.283
v 1.941 0.72820 -16.782
v 1.199 0.37410 -17.641
v 1.54 1.1916 -17.212
v 2.121 1.4369 -16.506
v 4.001 1.613 -16.052
v 2.983 1.7201 -16.167
v 4.417 2.4253 -15.492
v 3.324 2.6527 -14.656
v 4.996 2.7457 -7.5035
v 9.804 2.7555 -8.2766
v 8.171 2.7461 -7.2659
v 1.653 2.7704 -14.586
v 3.401 2.1553 -15.654
v 2.167 2.2901 -15.856
v 1.319 1.9944 -17.116
v 1.061 1.3932 -17.948
v 0.30100 0.89770 -18.8
v 0.25700 -0.66650 -18.683
v 0.15700 2.1178 -18.124
v -1.032 1.6821 -19.463
v 0.24900 2.7012 -16.289
v -0.11700 2.8237 -14.069
v 0.97900 2.7584 -9.0119
v -0.36700 2.7711 -11.592
v -1.629 2.8879 -15.935
v -1.654 2.7476 -17.997
v -2.664 2.0168 -19.581
v -3.274 3.0198 -17.065
v -3.253 2.6237 -18.649
v -3.16 2.8385 -13.91
v 8.492 2.749 -4.7914
v 9.716 2.7657 -6.5248
v -6.099 2.9093 -14.842
v -5.079 3.0541 -16.784
v -5.923 2.8353 -11.314
v -2.453 2.7923 -9.3949
v 5.431 2.7588 -2.0898
v 9.26 2.7592 -1.7852
v 11.099 2.7472 -1.6733
v 10.779 2.7876 -3.2633
v 10.774 2.8078 -0.04579
v -0.08000 2.7686 -4.6407
v 8.477 2.7685 1.0624
v 5.303 2.7753 1.7343
v 1.135 2.7656 0.96650
v 3.783 2.7894 4.9544
v 7.338 2.799 3.8591
v 9.448 2.7903 3.5345
v 11.277 2.8165 2.4714
v 10.777 2.8551 4.8134
v 9.151 2.775 5.3979
v 7.381 2.9111 6.6448
v 5.111 2.8418 8.7114
v 10.308 2.1887 6.3212
v 9.256 2.2488 7.0509
v 11.481 1.783 5.9337
v 12.448 2.0501 4.4924
v 5.795 2.8263 11.38
v 5.154 1.8549 16.533
v 12.732 1.7236 3.0605
v 12.954 1.1517 3.9864
v 12.978 0.74830 3.3509
v 12.378 1.837 1.9658
v 12.166 2.3732 0.81001
v 13.089 2.0258 0.06953
v 12.263 2.6881 -0.71521
v 13.586 1.8413 -1.1993
v 12.332 2.7164 -2.2778
v 13.267 2.0858 -2.7391
v 12.281 2.4759 -3.7486
v 14.063 0.89370 -0.73695
v 14.042 0.88340 -2.2967
v 14.143 0.89510 -1.2415
v 13.189 1.4756 -3.8975
v 13.685 0.26510 -3.5697
v 12.447 2.139 -4.8522
v 11.12 2.8016 -5.221
v 12.212 1.8528 -6.0238
v 11.098 2.6366 -6.9996
v 12.675 1.3856 -5.0154
v 13.105 0.50370 -4.6787
v 12.734 0.91080 -5.5875
v 11.91 1.6822 -7.4303
v 11.172 2.297 -8.1601
v 11.523 1.5296 -8.4235
v -6.805 2.8037 -16.977
v -4.666 2.3294 -18.648
v -3.772 1.8148 -19.218
v -5.999 -2.88244 -2.4859

# No. normals 1979:
vn -0.01870 -0.94277 -0.33291
vn -0.21052 -0.96968 -0.12408
vn 0.02167 -0.94161 -0.33601
vn -0.15159 -0.84618 -0.51089
vn -0.00477 -0.56531 -0.82487
vn -0.27818 -0.72273 -0.63268
vn -0.40543 -0.63331 -0.65920
vn -0.05841 -0.99802 -0.02352
vn 0.07484 -0.99719 -0.00291
vn -0.05549 -0.99743 -0.04527
vn 0.02726 -0.99942 0.02041
vn 0.01310 -0.99898 0.04326
vn -0.10855 -0.99409 0.00092
vn -0.15501 -0.78839 -0.59533
vn -0.25263 -0.82996 -0.49734
vn -0.37918 -0.20576 -0.90215
vn -0.22746 -0.16942 -0.95894
vn -0.36753 -0.16731 -0.91484
vn -0.39798 -0.17195 -0.90113
vn -0.34125 -0.23195 -0.91091
vn -0.14695 -0.18754 -0.97120
vn -0.06068 -0.26296 -0.96290
vn -0.07346 -0.65766 -0.74973
vn 0.24530 -0.94595 -0.21215
vn 0.20635 -0.74206 -0.63778
vn -0.05423 -0.99836 -0.01842
vn 0.20102 -0.96741 -0.15397
vn 0.18953 -0.95211 -0.23995
vn -0.06037 -0.99801 0.01794
vn 0.04881 -0.99399 -0.09795
vn -0.34718 -0.81604 -0.46210
vn -0.29000 -0.69979 -0.65283
vn -0.33505 -0.70879 -0.62077
vn -0.22797 -0.16884 -0.95892
vn -0.37137 -0.15737 -0.91505
vn -0.42663 -0.21603 -0.87825
vn -0.43505 -0.08424 -0.89646
vn -0.18617 -0.06018 -0.98067
vn -0.35751 0.06274 -0.93180
vn -0.41329 0.06049 -0.90859
vn -0.35437 -0.00795 -0.93507
vn -0.23178 0.02258 -0.97251
vn -0.12459 -0.08304 -0.98873
vn 0.22440 0.00559 -0.97448
vn 0.34440 -0.15503 -0.92593
vn 0.35921 -0.08721 -0.92917
vn 0.44973 -0.15214 -0.88011
vn 0.47629 -0.51775 -0.71070
vn 0.52249 -0.65699 -0.54348
vn 0.44214 -0.51861 -0.73182
vn 0.16055 -0.97200 -0.17158
vn 0.56065 -0.62128 -0.54744
vn 0.52352 -0.52026 -0.67473
vn 0.71580 -0.50416 -0.48318
vn 0.00868 -0.99866 0.05100
vn 0.17013 -0.97619 -0.13454
vn -0.00158 -0.999994 0.00310
vn 0.00531 -0.999985 0.00126
vn -0.06577 -0.99783 0.00358
vn -0.20046 -0.92458 -0.32400
vn -0.05087 -0.82213 -0.56702
vn -0.56216 -0.32798 -0.75921
vn -0.38266 -0.36169 -0.85015
vn -0.38655 -0.36640 -0.84636
vn -0.48816 -0.20425 -0.84852
vn -0.40855 -0.17068 -0.89664
vn -0.49070 -0.20043 -0.84796
vn -0.45564 0.02504 -0.88981
vn -0.39198 -0.01552 -0.91984
vn -0.45138 0.02733 -0.89191
vn -0.29367 0.03482 -0.95527
vn -0.30878 0.29969 -0.90268
vn -0.27186 0.28015 -0.92066
vn -0.42521 0.23892 -0.87299
vn -0.39378 0.20880 -0.89517
vn -0.53570 -0.03818 -0.84354
vn -0.48080 0.04300 -0.87578
vn -0.68036 -0.06232 -0.73022
vn -0.69921 -0.16876 -0.69471
vn -0.55910 -0.35334 -0.75004
vn -0.58383 -0.75035 -0.31003
vn 0.04779 -0.98671 -0.15530
vn -0.40976 -0.76593 -0.49543
vn -0.40662 -0.89886 -0.16344
vn 0.00580 -0.999978 0.00323
vn 0.10798 -0.99367 -0.03109
vn 0.00036 -1 0.00043
vn 0.00036 -1 0.00047
vn 0.02359 -0.99579 0.08853
vn -0.17013 -0.97746 0.12498
vn -0.32932 -0.94359 -0.03455
vn -0.28996 -0.91439 -0.28251
vn -0.82373 -0.50873 -0.25033
vn -0.76210 -0.20777 -0.61322
vn -0.80968 -0.17476 -0.56025
vn -0.85796 -0.20713 -0.47011
vn -0.84030 -0.06230 -0.53853
vn -0.79583 0.06187 -0.60235
vn -0.76060 0.06892 -0.64555
vn -0.61027 0.26626 -0.74611
vn -0.49429 0.19359 -0.84746
vn -0.70631 0.21973 -0.67294
vn -0.47118 0.21090 -0.85645
vn -0.42678 0.85698 -0.28888
vn -0.25671 0.86423 -0.43267
vn -0.50113 0.74537 -0.43966
vn -0.37007 0.45199 -0.81164
vn -0.30664 0.71124 -0.63255
vn -0.73684 0.35125 -0.57765
vn -0.73170 0.34986 -0.58499
vn -0.77419 0.31197 -0.55074
vn -0.81869 0.10376 -0.56479
vn -0.93359 0.04752 -0.35517
vn -0.94029 -0.00040 -0.34037
vn -0.91364 -0.06807 -0.40077
vn -0.91531 -0.11878 -0.38483
vn -0.96998 -0.18822 -0.15399
vn -0.86327 -0.47817 -0.16159
vn -0.77192 -0.62033 0.13904
vn -0.31120 -0.94274 0.11998
vn -0.15427 -0.98799 -0.00836
vn -0.70073 -0.71220 -0.04169
vn -0.69982 -0.71340 -0.03626
vn 0.02936 -0.999008 0.03347
vn 0.00659 -0.999969 -0.00420
vn 0.01298 -0.999914 -0.00184
vn -0.16141 -0.98187 0.09941
vn -0.31859 -0.94784 -0.00980
vn -0.81556 -0.49039 0.30722
vn -0.89309 -0.39063 0.22314
vn -0.87559 -0.38722 0.28881
vn -0.97114 -0.14135 0.19211
vn -0.99460 -0.09257 -0.04687
vn -0.98206 -0.15046 -0.11371
vn -0.98249 -0.15330 -0.10592
vn -0.99091 -0.07446 -0.11201
vn -0.99266 0.10657 -0.05714
vn -0.97347 0.18740 -0.13128
vn -0.94683 0.17165 -0.27211
vn -0.99441 -0.05897 -0.08763
vn -0.85126 0.35627 -0.38525
vn -0.41675 0.88855 -0.19182
vn -0.68661 0.72088 -0.09426
vn -0.39878 0.87978 -0.25875
vn -0.28696 0.89669 -0.33706
vn -0.00557 0.95796 -0.28684
vn -0.26275 0.95884 -0.10763
vn 0.07146 0.99743 0.00453
vn 0.11278 0.98961 -0.08923
vn -0.14273 0.98826 0.05453
vn -0.29417 0.95250 0.07883
vn -0.12944 0.99086 -0.03794
vn -0.72708 0.68563 -0.03565
vn -0.72187 0.69192 -0.01238
vn -0.78792 0.61063 0.07946
vn -0.95431 0.26948 0.12915
vn -0.99395 0.10703 -0.02461
vn -0.999747 -0.00301 0.02230
vn -0.99593 -0.07457 -0.05061
vn -0.95138 -0.05177 0.30365
vn -0.95739 -0.01690 0.28830
vn -0.95538 -0.01736 0.29488
vn -0.92116 -0.12809 0.36749
vn -0.90219 -0.24823 -0.35276
vn -0.89080 -0.13579 -0.43363
vn -0.62630 -0.60591 -0.49053
vn -0.09857 -0.98755 -0.12261
vn -0.57045 -0.79428 -0.20907
vn 0.00768 -0.999968 0.00222
vn -0.00084 -0.999956 0.00934
vn -0.00093 -0.999947 0.01021
vn -0.04241 -0.9991 0.00105
vn 0.05697 -0.98271 -0.17615
vn -0.14145 -0.98226 -0.12311
vn -0.36661 -0.88319 -0.29253
vn -0.35597 -0.63216 -0.68823
vn -0.68564 -0.71938 -0.11131
vn -0.80937 -0.23774 -0.53702
vn -0.88771 -0.14328 -0.43755
vn -0.82971 -0.13439 -0.54177
vn -0.83989 -0.18771 -0.50926
vn -0.83935 0.01347 -0.54343
vn -0.95818 -0.03596 0.28389
vn -0.97216 0.04849 0.22926
vn -0.93039 0.02941 0.36539
vn -0.93451 0.23410 0.26812
vn -0.79737 0.60343 -0.00831
vn -0.92860 0.24710 0.27684
vn -0.29510 0.95298 0.06884
vn -0.46938 0.86145 0.19385
vn -0.01704 0.99149 0.12904
vn 0.05673 0.99573 0.07278
vn 0.05640 0.99786 0.03315
vn -0.02337 0.99772 -0.06337
vn -0.05156 0.99545 0.08014
vn -0.19565 0.98003 0.03554
vn -0.57206 0.80526 -0.15592
vn -0.49537 0.82011 0.28641
vn -0.95820 0.26292 0.11280
vn -0.96273 0.09079 0.25478
vn -0.87183 0.19553 -0.44909
vn -0.90024 0.14465 -0.41067
vn -0.78337 0.19831 -0.58907
vn -0.88095 -0.00964 -0.47311
vn -0.74364 -0.17665 -0.64482
vn -0.69398 0.03804 -0.71899
vn -0.75347 -0.16358 -0.63681
vn -0.76577 -0.27128 -0.58310
vn -0.77105 -0.27300 -0.57528
vn -0.60604 -0.77101 -0.19562
vn -0.03334 -0.999064 -0.02757
vn -0.17122 -0.98411 0.04693
vn -0.50277 -0.78630 -0.35909
vn -0.49294 -0.84391 -0.21173
vn 0.05057 -0.99006 0.13121
vn 0.15229 -0.98827 -0.01125
vn 0.02271 -0.999739 -0.00261
vn -0.05907 -0.99718 0.04634
vn -0.60386 -0.79106 -0.09781
vn -0.56271 -0.82401 0.06602
vn -0.93159 -0.32267 -0.16741
vn -0.89518 -0.23350 -0.37963
vn -0.85775 -0.27036 -0.43723
vn -0.81209 -0.22729 -0.53745
vn -0.81331 -0.20519 -0.54445
vn -0.77128 0.16201 -0.61554
vn -0.82747 0.14316 -0.54295
vn -0.87706 -0.11833 -0.46558
vn -0.70622 0.38981 -0.59101
vn -0.69307 0.39887 -0.60046
vn -0.78057 0.41726 -0.46541
vn -0.72716 0.68532 -0.03967
vn -0.40359 0.69533 -0.59467
vn 0.01892 0.97463 -0.22301
vn -0.18206 0.98125 -0.06328
vn -0.37383 0.85702 -0.35464
vn 0.00814 0.999665 0.02457
vn 0.04237 0.99889 -0.02048
vn 0.01335 0.999903 0.00392
vn 0.01582 0.999864 0.00468
vn -0.06899 0.99595 0.05763
vn -0.42282 0.85951 -0.28718
vn -0.40831 0.84995 -0.33297
vn -0.59745 0.76782 -0.23129
vn -0.74736 0.43255 -0.50433
vn -0.84468 0.31406 -0.43345
vn -0.94088 0.27172 -0.20225
vn -0.89617 0.34662 -0.27700
vn -0.96198 -0.06210 -0.26595
vn -0.90879 -0.14464 -0.39139
vn -0.98521 -0.15631 -0.07022
vn -0.96801 -0.24297 -0.06270
vn -0.93815 -0.30287 0.16774
vn -0.65473 -0.72286 0.22092
vn -0.28094 -0.91459 0.29087
vn -0.07407 -0.99703 0.02105
vn -0.63646 -0.72397 0.26607
vn -0.00673 -0.999614 0.02695
vn -0.02308 -0.9997 0.00827
vn -0.00862 -0.999846 0.01529
vn -0.16921 -0.97048 0.17184
vn -0.32952 -0.93183 0.15199
vn -0.63885 -0.58450 0.50023
vn -0.76961 -0.44747 0.45548
vn -0.73753 -0.43665 0.51515
vn -0.87174 -0.17569 0.45739
vn -0.93940 -0.15663 0.30495
vn -0.94174 -0.14598 0.30300
vn -0.99684 -0.07560 0.02423
vn -0.95610 0.28200 -0.07963
vn -0.56806 0.82202 -0.03986
vn -0.62894 0.76990 0.10809
vn -0.83620 0.52437 0.16062
vn -0.61972 0.76213 -0.18736
vn -0.01808 0.99501 -0.09810
vn 0.01364 0.999894 0.00499
vn -0.00491 0.999979 -0.00420
vn 0.07119 0.99581 -0.05732
vn -0.00287 0.99762 -0.06884
vn -0.24033 0.93969 0.24337
vn -0.57510 0.79168 0.20614
vn -0.64451 0.65847 0.38860
vn -0.75245 0.52138 0.40248
vn -0.82959 0.46111 0.31490
vn -0.90967 -0.03183 0.41411
vn -0.85695 -0.06533 0.51124
vn -0.85104 -0.09403 0.51661
vn -0.80443 -0.10383 0.58490
vn -0.78008 -0.16678 0.60304
vn -0.81490 -0.18444 0.54947
vn -0.87042 -0.05676 0.48902
vn -0.68852 -0.70585 0.16645
vn -0.22335 -0.97474 0.00067
vn -0.41713 -0.88415 0.21044
vn -0.63767 -0.73706 0.22387
vn -0.01754 -0.999731 -0.01520
vn 0.00813 -0.999602 -0.02701
vn -0.00095 -0.999997 0.00220
vn -0.16314 -0.98643 0.01836
vn -0.30133 -0.94808 -0.10172
vn -0.30946 -0.93750 -0.15915
vn -0.79465 -0.58874 -0.14806
vn -0.65027 -0.71062 0.26863
vn -0.95194 -0.01655 0.30584
vn -0.97632 0.07776 -0.20185
vn -0.96558 -0.21661 -0.14399
vn -0.95680 -0.24241 -0.16056
vn -0.84746 -0.19084 0.49538
vn -0.81699 -0.13544 0.56052
vn -0.81723 -0.13528 0.56021
vn -0.84702 0.07804 0.52580
vn -0.79326 0.05021 0.60681
vn -0.73351 0.48860 0.47248
vn -0.68381 0.66435 0.30173
vn -0.77269 0.44920 0.44853
vn -0.27963 0.95772 0.06763
vn -0.62203 0.70921 0.33181
vn -0.09946 0.98405 0.14748
vn 0.07931 0.99684 0.00497
vn 0.02558 0.999449 -0.02113
vn -0.00377 0.999927 0.01144
vn 0.02154 0.99964 0.01600
vn -0.06190 0.99753 0.03324
vn -0.09238 0.99571 0.00508
vn -0.45881 0.84650 0.27007
vn -0.79444 0.58112 0.17650
vn -0.62421 0.62753 0.46536
vn -0.77221 0.44899 0.44955
vn -0.78972 0.17053 0.58929
vn -0.88528 0.22365 0.40775
vn -0.97507 0.17686 -0.13399
vn -0.90193 0.30413 -0.30664
vn -0.95663 -0.00210 -0.29130
vn -0.88098 0.23115 0.41285
vn -0.95872 -0.00562 -0.28428
vn -0.94757 -0.14540 -0.28454
vn -0.94202 -0.15520 -0.29751
vn -0.61451 -0.74269 -0.26606
vn -0.82506 -0.55783 -0.09003
vn -0.78895 -0.61213 0.05352
vn -0.08121 -0.98897 -0.12383
vn -0.57603 -0.80793 -0.12425
vn -0.00425 -0.999519 0.03072
vn 0.02152 -0.999697 0.01194
vn -0.03173 -0.999247 0.02233
vn -0.02405 -0.999626 0.01302
vn -0.55685 -0.81671 -0.15135
vn -0.51486 -0.85720 -0.01123
vn -0.96377 -0.20187 -0.17435
vn -0.98646 -0.08339 -0.14121
vn -0.97471 -0.17535 -0.13851
vn -0.95889 -0.00529 -0.28374
vn -0.93759 0.28111 -0.20472
vn -0.90311 0.34637 -0.25383
vn -0.90012 0.34615 -0.26449
vn -0.67438 0.66178 -0.32750
vn -0.80270 0.58532 -0.11433
vn -0.79984 0.59179 -0.10023
vn -0.89533 0.39007 0.21500
vn -0.81369 0.46336 0.35100
vn -0.42840 0.89959 0.08497
vn -0.03987 0.999201 -0.00262
vn -0.49114 0.87102 -0.01063
vn -0.04606 0.99863 -0.02494
vn -0.16813 0.98532 0.02959
vn -0.43144 0.88548 -0.17257
vn -0.43478 0.89758 -0.07300
vn -0.59428 0.79318 -0.13305
vn -0.60694 0.78693 -0.11121
vn -0.61299 0.77955 -0.12862
vn -0.65667 0.75309 -0.04045
vn -0.89694 0.44166 0.02105
vn -0.95183 0.28608 -0.11035
vn -0.999133 0.00428 -0.04141
vn -0.95000 -0.10635 0.29358
vn -0.95919 -0.02856 0.28132
vn -0.96690 -0.24761 0.06167
vn -0.58737 -0.80205 0.10828
vn -0.13423 -0.97783 0.16069
vn -0.03172 -0.999489 -0.00402
vn -0.56151 -0.80991 0.16955
vn 0.00548 -0.999927 -0.01078
vn -0.01326 -0.999656 0.02263
vn 0.00806 -0.999944 -0.00683
vn -0.19561 -0.98040 0.02344
vn -0.48117 -0.75775 0.44077
vn -0.82955 -0.43133 0.35469
vn -0.70878 -0.40937 0.57449
vn -0.85698 -0.08171 0.50883
vn -0.83812 0.01918 0.54515
vn -0.83510 -0.01965 0.54974
vn -0.88090 0.06915 0.46822
vn -0.85774 0.29618 0.42018
vn -0.53961 0.83034 0.13910
vn -0.60485 0.71859 0.34320
vn -0.83533 0.32778 0.44134
vn -0.09163 0.98669 0.13431
vn 0.00026 0.999643 -0.02672
vn -0.10369 0.98081 -0.16511
vn 0.00648 0.999977 0.00178
vn 0.01204 0.999927 -0.00119
vn 0.01137 0.999934 -0.00148
vn 0.01464 0.999889 -0.00267
vn 0.01484 0.999502 -0.02783
vn -0.00432 0.99886 0.04752
vn 0.03295 0.999444 0.00519
vn -0.14413 0.98935 0.02013
vn -0.50302 0.79524 0.33848
vn -0.63670 0.71979 0.27661
vn -0.82834 0.33007 0.45266
vn -0.89865 -0.02607 0.43788
vn -0.86806 -0.12948 0.47928
vn -0.84262 -0.01847 0.53820
vn -0.84811 -0.00138 0.52981
vn -0.23562 -0.94455 0.22871
vn -0.01791 -0.999838 0.00160
vn -0.58093 -0.79181 0.18856
vn -0.73096 -0.36516 0.57651
vn -0.73737 -0.35275 0.57607
vn -0.95659 -0.19452 0.21701
vn -0.97479 -0.07927 0.20858
vn -0.92775 0.20238 0.31357
vn -0.93356 0.09036 0.34685
vn -0.84919 0.14304 0.50835
vn -0.83636 0.34369 0.42706
vn -0.50581 0.71708 0.47954
vn -0.19020 0.96538 0.17854
vn -0.04184 0.99787 -0.05014
vn -0.71619 0.67407 0.18084
vn 0.03420 0.99805 -0.05213
vn 0.01587 0.999874 -0.00049
vn 0.01131 0.999934 0.00185
vn 0.00115 0.999993 -0.00366
vn 0.00631 0.999949 -0.00790
vn 0.00631 0.999948 -0.00796
vn 0.01337 0.999739 -0.01850
vn 0.05228 0.99861 -0.00613
vn -0.17757 0.96075 0.21313
vn -0.17899 0.96056 0.21279
vn -0.56584 0.53959 0.62343
vn -0.60976 0.50518 0.61073
vn -0.76793 0.52994 0.35978
vn -0.86888 0.29626 0.39660
vn -0.60706 0.06936 0.79162
vn -0.64629 -0.05452 0.76114
vn -0.60057 0.01653 0.79940
vn -0.63997 -0.07820 0.76441
vn -0.67691 -0.06995 0.73273
vn -0.64871 -0.15697 0.74467
vn -0.67552 -0.33873 0.65493
vn -0.80627 0.09937 0.58314
vn -0.73735 -0.21847 0.63921
vn -0.85873 0.13884 0.49326
vn -0.84472 0.01746 0.53492
vn -0.62395 0.04562 0.78013
vn -0.57753 0.61031 0.54220
vn -0.32603 0.94374 -0.05525
vn -0.17636 0.96526 -0.19279
vn -0.88663 0.46061 -0.04154
vn 0.08755 0.99558 -0.03407
vn 0.01095 0.999927 -0.00515
vn 0.00146 0.999938 -0.01105
vn -0.00304 0.999883 -0.01502
vn 0.04080 0.99873 0.02960
vn -0.31779 0.94814 0.00568
vn -0.31493 0.94911 0.00256
vn -0.74686 0.66423 -0.03168
vn -0.77781 0.58279 -0.23532
vn -0.85842 0.45950 -0.22797
vn -0.86524 0.27205 -0.42113
vn -0.94449 -0.02194 -0.32781
vn -0.96250 0.06780 -0.26268
vn -0.96413 0.25066 0.08728
vn -0.99875 -0.04983 0.00358
vn -0.82774 0.54144 0.14728
vn -0.95273 0.26891 0.14138
vn -0.32189 0.94553 -0.04857
vn -0.62538 0.75065 0.21316
vn -0.83362 0.53780 0.12586
vn -0.04224 0.99822 0.04207
vn 0.04141 0.999025 -0.01528
vn 0.00131 0.99991 -0.01334
vn -0.00454 0.999923 -0.01152
vn -0.04867 0.99859 0.02104
vn -0.02635 0.99847 -0.04866
vn -0.00302 0.999883 -0.01502
vn 0.03681 0.99835 -0.04411
vn 0.29287 0.95318 -0.07537
vn 0.08178 0.99123 0.10383
vn -0.15014 0.98654 -0.06479
vn -0.01616 0.999856 -0.00518
vn 0 0.999982 -0.00596
vn 0.01424 0.99871 -0.04865
vn 0.03606 0.99739 -0.06254
vn -0.00974 0.99786 -0.06471
vn -0.12018 0.99184 0.04253
vn -0.03940 0.99724 0.06292
vn -0.33492 0.87203 0.35693
vn -0.65035 0.68060 0.33737
vn -0.62281 0.68866 0.37128
vn -0.86382 0.34904 0.36330
vn -0.87265 0.34593 0.34469
vn -0.93743 0.17411 0.30150
vn -0.91313 0.20588 0.35186
vn -0.86867 0.21602 0.44582
vn -0.89283 0.17804 0.41372
vn -0.64657 0.51866 0.55941
vn -0.75925 0.24020 0.60485
vn -0.82861 0.18172 0.52952
vn -0.31231 0.83691 0.44950
vn -0.60519 0.53315 0.59118
vn -0.08321 0.87428 0.47824
vn -0.17928 0.83584 0.51887
vn 0.08368 0.98956 0.11737
vn -0.13259 0.90701 0.39970
vn -0.19525 0.89109 0.40968
vn -0.16462 0.98387 0.07004
vn 0.00341 0.99749 -0.07076
vn 0.02491 0.99767 -0.06352
vn 0.01543 0.99815 -0.05884
vn 0.08793 0.99611 0.00589
vn -0.07147 0.99375 -0.08569
vn -0.15481 0.98704 -0.04222
vn 0.29059 0.95683 -0.00490
vn 0.38632 0.86687 0.31510
vn 0.35690 0.93237 0.05754
vn 0.58903 0.80632 -0.05372
vn 0.36564 0.90256 0.22737
vn 0.32450 0.86285 0.38755
vn -0.11698 0.99132 0.06008
vn 0.13866 0.92428 0.35565
vn 0.36561 0.86138 0.35265
vn 0.04153 0.78372 0.61972
vn 0.06907 0.78735 0.61263
vn -0.03873 0.85069 0.52424
vn 0.09843 0.87158 0.48028
vn -0.01525 0.91639 0.40000
vn -0.27768 0.83041 0.48302
vn -0.16598 0.80784 0.56555
vn -0.01968 0.84160 0.53974
vn -0.32029 0.39863 0.85936
vn -0.24313 0.39071 0.88783
vn -0.25408 0.53142 0.80811
vn -0.15407 0.44536 0.88200
vn -0.55920 0.43751 0.70419
vn -0.67860 0.19927 0.70696
vn -0.72224 -0.00492 0.69163
vn -0.66460 0.15256 0.73146
vn -0.85924 0.02773 0.51083
vn -0.84931 -0.00154 0.52789
vn -0.88259 0.02965 0.46921
vn -0.90925 -0.05028 0.41320
vn -0.87860 -0.08242 0.47040
vn -0.90342 -0.07305 0.42248
vn -0.63453 -0.25198 0.73067
vn -0.62775 -0.18432 0.75628
vn -0.75930 -0.31713 0.56823
vn -0.85437 -0.21845 0.47152
vn -0.22247 0.20153 0.95388
vn -0.10202 0.01076 0.99472
vn -0.15221 -0.13586 0.97897
vn -0.28642 0.02277 0.95783
vn -0.25308 0.28952 0.92311
vn -0.27083 0.04341 0.96165
vn -0.30004 0.13301 0.94461
vn -0.13321 0.27340 0.95263
vn -0.00971 0.42783 0.90381
vn -0.45409 0.23172 0.86029
vn -0.12564 0.21161 0.96924
vn 0.14453 0.25931 0.95492
vn 0.32979 0.16345 0.92980
vn 0.38410 0.21349 0.89827
vn 0.33613 0.58781 0.73587
vn -0.17565 0.28567 0.94209
vn 0.41500 0.59898 0.68483
vn 0.56093 0.14773 0.81458
vn 0.63538 0.32419 0.70086
vn 0.79341 0.35389 0.49524
vn 0.76295 0.26954 0.58759
vn 0.61335 0.03998 0.78880
vn 0.79248 0.07940 0.60471
vn 0.59047 -0.05105 0.80545
vn 0.34915 -0.01947 0.93687
vn 0.42242 -0.09190 0.90173
vn -0.28577 -0.02911 0.95786
vn -0.15894 -0.18733 0.96935
vn 0.10395 0.09758 0.98978
vn 0.16412 0.01210 0.98637
vn -0.46771 0.09762 0.87847
vn -0.39924 0.01719 0.91669
vn -0.13961 0.05318 0.98878
vn -0.28652 0.19176 0.93869
vn -0.18085 -0.09488 0.97892
vn -0.27453 -0.52646 0.80466
vn -0.34740 -0.54032 0.76640
vn -0.34528 -0.92984 0.12721
vn -0.27142 -0.94594 0.17758
vn -0.84305 -0.21012 0.49510
vn -0.30219 -0.91415 0.27019
vn -0.72588 -0.66013 0.19319
vn -0.90579 -0.08848 0.41438
vn -0.95135 -0.10682 0.28901
vn -0.74469 -0.64868 0.15697
vn -0.13581 -0.99062 -0.01499
vn -0.15809 -0.98686 -0.03325
vn -0.73344 -0.67148 0.10576
vn -0.06178 -0.98760 0.14434
vn 0.03648 -0.999333 -0.00190
vn 0.00944 -0.999172 -0.03958
vn 0.07096 -0.77425 0.62889
vn -0.22690 -0.15015 0.96227
vn -0.26560 -0.09784 0.95911
vn -0.21866 -0.85144 0.47669
vn -0.25100 -0.07047 0.96542
vn -0.28110 -0.01716 0.95952
vn -0.31458 -0.04632 0.94810
vn -0.39730 0.02296 0.91740
vn 0.13575 -0.10976 0.98464
vn -0.30531 -0.15269 0.93993
vn -0.14954 -0.12253 0.98113
vn 0.10163 -0.07039 0.99233
vn 0.38830 -0.27563 0.87935
vn 0.00019 -0.32200 0.94674
vn 0.65860 -0.16218 0.73481
vn 0.42819 -0.32035 0.84500
vn 0.62751 -0.26404 0.73247
vn 0.82758 0.01514 0.56114
vn 0.79712 -0.13014 0.58963
vn 0.72208 -0.37782 0.57953
vn 0.80414 -0.14427 0.57667
vn 0.68789 -0.38654 0.61432
vn 0.24532 -0.87357 0.42035
vn 0.21046 -0.86512 0.45527
vn -0.16162 -0.66981 0.72473
vn 0.05046 -0.90957 0.41248
vn 0.08279 -0.75264 0.65321
vn -0.38529 -0.47661 0.79018
vn -0.05272 -0.80056 0.59693
vn -0.31156 -0.17325 0.93430
vn -0.06150 -0.45276 0.88951
vn -0.22606 -0.84910 0.47742
vn 0.02998 -0.98522 0.16867
vn -0.00666 -0.999923 -0.01052
vn -0.76979 -0.63756 0.03064
vn -0.15971 -0.98499 -0.06552
vn -0.69460 -0.71274 -0.09764
vn 0.00223 -0.99999 -0.00385
vn -0.05455 -0.99829 -0.02101
vn -0.24929 -0.96772 0.03699
vn -0.10412 -0.98509 0.13694
vn 0.02151 -0.999768 0.00064
vn 0.01236 -0.999723 -0.02001
vn -0.07344 -0.99713 -0.01864
vn -0.03097 -0.99822 -0.05098
vn 0.22044 -0.96522 0.14056
vn 0.73921 -0.45239 0.49890
vn 0.13147 -0.97484 0.17998
vn 0.90291 -0.07113 0.42389
vn 0.94821 -0.17582 0.26455
vn 0.88155 -0.41400 0.22687
vn 0.83395 -0.46855 0.29153
vn 0.89841 -0.00324 0.43914
vn 0.93317 0.12451 0.33718
vn 0.82398 -0.55924 -0.09116
vn 0.89045 -0.22119 0.39770
vn 0.85555 -0.10184 0.50761
vn 0.51114 -0.71988 0.46958
vn 0.27313 -0.96094 0.04457
vn 0.26798 -0.96175 -0.05681
vn 0.14996 -0.98672 -0.06243
vn -0.04647 -0.99872 0.01975
vn -0.21301 -0.96160 0.17309
vn -0.01226 -0.99859 0.05170
vn 0.00240 -0.999997 -0.00067
vn -0.06150 -0.99809 -0.00505
vn 0.13211 -0.99080 0.02939
vn 0.01218 -0.99815 -0.05964
vn 0.51131 -0.76265 0.39614
vn -0.03552 -0.99077 0.13079
vn 0.77337 -0.12617 0.62127
vn 0.74761 -0.07983 0.65932
vn 0.40180 -0.78229 0.47600
vn 0.93624 0.04001 0.34907
vn 0.72963 0.05948 0.68125
vn 0.78779 -0.06469 0.61253
vn 0.90493 0.13773 0.40266
vn 0.63450 0.61062 0.47387
vn 0.90327 0.23445 0.35936
vn 0.90999 0.23711 0.34014
vn 0.79156 0.37560 0.48204
vn 0.78053 0.39812 0.48194
vn 0.61587 0.16135 0.77114
vn 0.38621 0.40144 0.83048
vn 0.56604 -0.09802 0.81853
vn 0.53706 -0.05519 0.84174
vn 0.50688 -0.19708 0.83918
vn 0.43143 -0.85771 0.27964
vn 0.00633 -0.999067 -0.04272
vn -0.03292 -0.999258 -0.02001
vn -0.00757 -0.99991 -0.01111
vn -0.00093 -0.999999 -0.00107
vn 0.00218 -0.999997 -0.00123
vn -0.00451 -0.99999 0.00018
vn -0.07434 -0.99687 0.02687
vn 0.16482 -0.95994 0.22661
vn 0.11500 -0.87535 0.46961
vn -0.00855 -0.999959 0.00306
vn 0.58051 -0.25034 0.77482
vn 0.59831 -0.47696 0.64384
vn 0.71798 -0.03858 0.69499
vn 0.72395 -0.05933 0.68729
vn 0.64601 0.16936 0.74431
vn 0.74019 0.04162 0.67111
vn 0.64498 0.09762 0.75794
vn 0.38050 0.44714 0.80950
vn 0.24792 0.37476 0.89336
vn 0.65678 0.24024 0.71479
vn 0.14297 0.77112 0.62043
vn 0.35086 0.70294 0.61868
vn 0.43971 0.77316 0.45703
vn 0.39260 0.83716 0.38082
vn 0.82139 0.26263 0.50631
vn 0.85224 0.23325 0.46827
vn 0.86163 0.07881 0.50138
vn 0.88755 0.02851 0.45982
vn 0.88830 -0.05963 0.45538
vn 0.83192 -0.13402 0.53847
vn 0.73844 -0.46394 0.48936
vn 0.67364 -0.73680 0.05778
vn 0.59136 -0.76777 0.24660
vn 0.52108 -0.85279 0.03496
vn -0.07660 -0.99706 -0.00269
vn -0.01207 -0.99664 -0.08100
vn -0.01432 -0.99978 -0.01535
vn 0.00291 -0.999983 -0.00501
vn -0.00010 -0.999999 0.00127
vn -0.00418 -0.999985 -0.00352
vn 0.62221 -0.76062 -0.18521
vn 0.70530 -0.64494 0.29429
vn 0.10019 -0.99290 -0.06416
vn 0.96968 -0.17595 0.16961
vn 0.95573 -0.07872 -0.28352
vn 0.99245 0.04472 -0.11418
vn 0.96394 -0.10212 0.24574
vn 0.96399 0.00886 0.26579
vn 0.91842 0.34496 0.19367
vn 0.86236 0.42583 0.27387
vn 0.96952 0.03791 0.24206
vn 0.34824 0.91421 0.20723
vn 0.49052 0.87126 0.01728
vn 0.48199 0.87611 -0.01090
vn 0.48814 0.87243 -0.02414
vn 0.90828 0.30884 -0.28223
vn 0.87096 0.36323 -0.33090
vn 0.93823 0.34185 -0.05362
vn 0.99515 0.06592 -0.07295
vn 0.95009 0.02059 -0.31130
vn 0.92667 -0.06170 -0.37078
vn 0.77455 0.02872 0.63186
vn 0.83488 -0.09195 0.54270
vn 0.82437 -0.15182 0.54531
vn 0.80689 -0.12295 0.57776
vn 0.55644 -0.71440 0.42428
vn 0.13626 -0.98659 0.08989
vn 0.55545 -0.71296 0.42797
vn 0.07145 -0.99057 0.11688
vn 0.00216 -0.999997 0.00127
vn 0.00105 -0.999998 0.00153
vn 0.00007 -1 -0.00003
vn -0.00004 -0.999985 0.00547
vn -0.01459 -0.999882 0.00486
vn 0.13512 -0.99041 0.02873
vn 0.01253 -0.999672 -0.02233
vn 0.07829 -0.82821 0.55492
vn -0.06726 -0.97766 0.19913
vn 0.07811 -0.95206 0.29577
vn 0.07533 -0.82666 0.55764
vn -0.02214 -0.98104 0.19255
vn 0.35558 -0.23828 0.90376
vn 0.34115 -0.22119 0.91361
vn 0.35822 -0.11039 0.92709
vn 0.38493 -0.14616 0.91130
vn 0.42166 0.12922 0.89750
vn 0.19224 0.36307 0.91171
vn 0.82095 0.28624 0.49408
vn 0.54166 0.13517 0.82966
vn 0.55439 -0.13268 0.82161
vn 0.60351 0.04854 0.79588
vn 0.54953 -0.12538 0.82601
vn 0.52565 -0.19742 0.82747
vn 0.60646 -0.36463 0.70658
vn 0.75307 -0.48107 0.44884
vn 0.72321 -0.34637 0.59748
vn 0.23157 -0.94986 0.21009
vn 0.32456 -0.93975 -0.10736
vn 0.35359 -0.93443 -0.04260
vn -0.09280 -0.99563 -0.01079
vn -0.00743 -0.99242 -0.12270
vn -0.09259 -0.99565 -0.01087
vn 0.01077 -0.999916 0.00717
vn -0.00238 -0.999997 -0.00025
vn 0 -1 0.00007
vn 0.00014 -1 -0.00002
vn -0.00004 -1 0.00001
vn 0.00014 -1 -0.00005
vn 0.00181 -0.999994 -0.00291
vn 0.42775 -0.88081 -0.20301
vn 0.53583 -0.84433 0.00067
vn 0.01102 -0.999455 0.03112
vn 0.92798 -0.36748 0.06168
vn 0.85830 -0.48827 0.15781
vn 0.94128 -0.27754 -0.19224
vn 0.89849 -0.33630 -0.28215
vn 0.85170 -0.05931 0.52067
vn 0.77219 -0.15588 0.61597
vn 0.96364 -0.04940 0.26261
vn 0.98128 -0.11293 0.15599
vn 0.72499 -0.08741 0.68319
vn 0.74218 0.08652 0.66459
vn 0.75427 0.06889 0.65294
vn 0.81387 0.06631 0.57725
vn 0.84856 0.13424 0.51179
vn 0.96302 0.02516 0.26824
vn 0.99585 -0.00761 -0.09073
vn 0.96014 -0.09703 -0.26215
vn 0.93528 -0.00799 -0.35383
vn 0.94514 0.05478 0.32204
vn 0.97463 -0.14362 0.17164
vn 0.89947 -0.37503 0.22431
vn 0.90100 -0.35631 0.24747
vn 0.43258 -0.88680 0.16268
vn 0.26510 -0.96418 -0.00908
vn 0.43263 -0.88652 0.16407
vn -0.01992 -0.999801 -0.00103
vn -0.02336 -0.999706 0.00655
vn 0.00161 -0.999996 -0.00226
vn -0.00004 -1 0.00001
vn 0.00004 -1 0.00005
vn 0.00070 -1 -0.00064
vn 0.00275 -0.999996 -0.00003
vn 0.75365 -0.65489 0.05605
vn 0.50982 -0.63055 0.58523
vn 0.36456 -0.89624 0.25271
vn 0.18951 -0.94061 0.28166
vn 0.84867 -0.37376 0.37426
vn 0.89829 -0.13412 0.41844
vn 0.91051 -0.22196 0.34886
vn 0.86326 0.18613 0.46919
vn 0.95105 0.16404 0.26191
vn 0.92778 -0.03286 0.37167
vn 0.82827 0.04008 0.55889
vn 0.82330 -0.24621 0.51143
vn 0.81715 -0.22822 0.52932
vn 0.98490 -0.14686 -0.09166
vn 0.94103 -0.26254 -0.21341
vn 0.45622 -0.88941 -0.02861
vn 0.39140 -0.91503 -0.09759
vn -0.08275 -0.99656 0.00398
vn -0.08870 -0.99508 0.04422
vn -0.03433 -0.999144 -0.02309
vn 0.00089 -1 -0.00018
vn 0.00004 -1 -0.00005
vn 0.00003 -1 -0.00005
vn 0.00050 -1 0.00075
vn 0.00520 -0.999984 -0.00213
vn -0.08361 -0.99525 0.04982
vn 0.00269 -0.999532 0.03048
vn 0.40157 -0.90072 -0.16564
vn 0.41589 -0.89743 -0.14712
vn -0.01252 -0.99224 -0.12369
vn 0.91423 -0.21055 -0.34621
vn 0.86495 -0.28316 -0.41434
vn 0.93521 -0.29269 -0.19928
vn 0.50280 -0.79435 -0.34089
vn 0.06193 -0.99676 0.05123
vn 0.34780 -0.91430 -0.20760
vn 0.58154 -0.80762 -0.09780
vn -0.01823 -0.999833 0.00114
vn -0.03799 -0.99889 0.02785
vn 0.00002 -1 0.00001
vn -0.04276 -0.99816 -0.04296
vn 0.32894 -0.94148 -0.07357
vn 0.34462 -0.93766 -0.04507
vn 0.03128 -0.99426 -0.10231
vn 0.80176 -0.39677 -0.44694
vn 0.91266 -0.38739 -0.13031
vn 0.93357 -0.21185 -0.28909
vn 0.95393 -0.03323 -0.29819
vn 0.96382 -0.08010 -0.25422
vn 0.90463 -0.08236 -0.41816
vn 0.91662 -0.05532 -0.39592
vn 0.90394 -0.19172 -0.38227
vn 0.86515 -0.22315 -0.44913
vn 0.52870 -0.71924 -0.45073
vn 0.61014 -0.74293 -0.27530
vn 0.02831 -0.99872 -0.04198
vn 0.38777 -0.85413 -0.34655
vn 0.00006 -1 0
vn -0.00004 -1 -0.00005
vn -0.00004 -1 0.00012
vn 0.00026 -1 -0.00052
vn 0.00228 -0.999997 -0.00067
vn 0.05943 -0.99819 -0.00958
vn 0.00676 -0.999959 -0.00594
vn 0.44414 -0.89425 -0.05526
vn 0.11091 -0.98928 -0.09497
vn 0.76482 -0.38473 -0.51675
vn 0.69600 -0.63902 -0.32748
vn 0.85834 -0.46923 -0.20752
vn 0.88005 -0.25333 -0.40166
vn 0.91011 -0.05163 -0.41114
vn 0.89382 -0.08573 -0.44015
vn 0.91723 0.05177 -0.39498
vn 0.86540 -0.06787 -0.49646
vn 0.82659 0.09594 -0.55456
vn 0.78960 0.01697 -0.61339
vn 0.67436 -0.61429 -0.40973
vn 0.67495 -0.61400 -0.40920
vn 0.13044 -0.98980 -0.05723
vn 0.25899 -0.89981 -0.35109
vn 0.01383 -0.99891 -0.04456
vn 0.00136 -0.999997 0.00183
vn -0.00112 -0.999999 0.00115
vn 0.00210 -0.999998 0.00037
vn 0.49829 -0.86629 -0.03529
vn 0.04814 -0.99795 0.04228
vn 0.68490 -0.51643 -0.51402
vn 0.57608 -0.80064 -0.16465
vn 0.88203 -0.47095 0.01521
vn 0.94653 0.02551 -0.32161
vn 0.84335 -0.01410 -0.53717
vn 0.98103 -0.11903 -0.15299
vn 0.97343 -0.14000 -0.18118
vn 0.97506 -0.13017 -0.17978
vn 0.86711 -0.10920 -0.48600
vn 0.80637 -0.07626 -0.58648
vn 0.90407 -0.00679 -0.42734
vn 0.91599 -0.01095 -0.40105
vn 0.72946 0.41705 -0.54219
vn 0.83521 0.35621 -0.41898
vn 0.71105 0.36315 -0.60211
vn 0.82022 0.29662 -0.48914
vn 0.89362 0.43268 -0.11927
vn 0.94286 0.20743 -0.26075
vn 0.97300 0.23079 0.00224
vn 0.97311 -0.13059 -0.18973
vn 0.98337 -0.10530 -0.14798
vn 0.98392 -0.10629 -0.14354
vn 0.94828 -0.21554 -0.23305
vn 0.61656 -0.78511 0.05888
vn 0.44071 -0.89415 -0.07916
vn -0.00775 -0.999967 0.00226
vn -0.01584 -0.999576 0.02445
vn -0.01345 -0.999487 -0.02907
vn -0.00056 -0.999341 0.03629
vn 0.05790 -0.99822 -0.01404
vn 0.03659 -0.98860 -0.14603
vn -0.20101 -0.80191 -0.56261
vn 0.00559 -0.98237 -0.18686
vn 0.26503 -0.82674 -0.49624
vn 0.08539 -0.88047 -0.46635
vn -0.04341 -0.99865 -0.02869
vn -0.13271 -0.98921 -0.06203
vn 0.45058 -0.86344 -0.22681
vn 0.38435 -0.87309 -0.29998
vn 0.17113 -0.93357 -0.31490
vn 0.87896 -0.17844 -0.44225
vn 0.84254 -0.23328 -0.48549
vn 0.97768 -0.16660 -0.12804
vn 0.88662 -0.09517 -0.45260
vn 0.87672 -0.11566 -0.46689
vn 0.98765 -0.12618 -0.09290
vn 0.81649 0.56509 -0.11844
vn 0.81974 0.53481 -0.20493
vn 0.77315 0.61686 -0.14738
vn 0.76063 0.61872 -0.19654
vn 0.71794 0.50940 -0.47442
vn 0.80803 0.47793 -0.34449
vn 0.52670 0.68599 -0.50200
vn 0.68046 0.67483 -0.28564
vn 0.46591 0.82174 -0.32814
vn 0.46950 0.83704 -0.28094
vn 0.55500 0.80831 -0.19650
vn 0.55501 0.80830 -0.19652
vn 0.58498 0.79897 -0.13946
vn 0.61650 0.75694 -0.21672
vn 0.74886 0.61979 -0.23467
vn 0.75276 0.42654 -0.50141
vn 0.84477 0.36421 -0.39207
vn 0.60889 0.15583 -0.77780
vn 0.58839 0.03697 -0.80773
vn 0.67937 -0.11198 -0.72520
vn 0.71132 -0.03012 -0.70223
vn 0.76866 -0.21251 -0.60332
vn 0.44868 -0.55876 -0.69748
vn 0.07416 -0.73827 -0.67042
vn 0.39885 -0.54513 -0.73740
vn -0.16247 -0.72139 -0.67320
vn -0.07208 -0.68307 -0.72679
vn -0.16094 -0.72571 -0.66891
vn -0.15612 -0.72427 -0.67161
vn -0.23821 -0.66797 -0.70503
vn 0.17534 -0.52607 -0.83217
vn 0.10050 -0.47430 -0.87461
vn 0.20116 -0.41218 -0.88862
vn 0.64874 -0.55111 -0.52480
vn 0.05546 -0.11411 -0.99192
vn 0.15593 -0.33453 -0.92939
vn 0.64641 -0.09743 -0.75674
vn 0.69626 0.06611 -0.71474
vn -0.15464 -0.21483 -0.96433
vn -0.30255 -0.25442 -0.91855
vn -0.11761 -0.20585 -0.97149
vn -0.04354 -0.27790 -0.95962
vn -0.27616 -0.20971 -0.93796
vn 0.39721 -0.10014 -0.91225
vn 0.42292 -0.11922 -0.89829
vn 0.40276 -0.02882 -0.91485
vn 0.21248 0.53594 -0.81708
vn 0.18353 0.50295 -0.84461
vn 0.31618 0.49546 -0.80904
vn 0.34826 0.00954 -0.93735
vn 0.66563 0.67458 -0.31918
vn 0.40241 0.74263 -0.53532
vn 0.63996 0.74795 -0.17614
vn 0.30833 0.94080 -0.14084
vn 0.28133 0.94196 -0.18321
vn 0.29370 0.93454 -0.20095
vn 0.04209 0.99640 -0.07360
vn 0.15009 0.98495 0.08572
vn 0.13296 0.99108 -0.00911
vn 0.03652 0.99849 -0.04097
vn -0.00049 0.999774 0.02125
vn -0.03364 0.99874 0.03729
vn 0.02236 0.98531 -0.16932
vn 0.22524 0.86484 -0.44868
vn -0.00599 0.97802 -0.20844
vn 0.05021 0.83453 -0.54868
vn 0.12258 0.81327 -0.56883
vn -0.16554 0.55194 -0.81728
vn -0.13697 0.51545 -0.84590
vn -0.06367 0.74982 -0.65858
vn -0.32868 -0.02306 -0.94416
vn -0.11637 -0.19751 -0.97337
vn -0.32241 -0.01957 -0.94640
vn -0.29141 -0.03783 -0.95585
vn 0.15786 0.20521 -0.96590
vn 0.39186 -0.05140 -0.91859
vn 0.72350 0.00391 -0.69031
vn 0.74009 0.07137 -0.66871
vn 0.72336 -0.07314 -0.68659
vn 0.74922 0.03458 -0.66142
vn 0.37423 0.25246 -0.89231
vn 0.76076 0.05852 -0.64639
vn -0.27994 0.50765 -0.81482
vn 0.31698 0.15518 -0.93565
vn 0.12523 0.13487 -0.98292
vn -0.26257 0.52217 -0.81142
vn -0.08871 0.75987 -0.64400
vn -0.28254 0.63833 -0.71603
vn -0.05445 0.97429 -0.21864
vn -0.05731 0.99726 -0.04672
vn 0.00814 0.96755 -0.25255
vn -0.01418 0.999874 -0.00710
vn 0.00227 0.999997 -0.00131
vn 0.00233 0.999912 0.01306
vn 0.08160 0.98875 -0.12537
vn -0.00113 0.999909 0.01347
vn 0.06938 0.99737 -0.02073
vn -0.16160 0.87820 -0.45016
vn 0.05225 0.94088 -0.33468
vn 0.16724 0.88749 -0.42942
vn -0.02249 0.57523 -0.81768
vn 0.15253 0.68886 -0.70867
vn 0.19078 0.66639 -0.72078
vn 0.11545 0.59801 -0.79313
vn 0.71451 0.39920 -0.57456
vn 0.69495 0.27096 -0.66605
vn 0.83702 0.28619 -0.46636
vn 0.82993 -0.05485 -0.55516
vn 0.77330 -0.06890 -0.63029
vn 0.76804 -0.08712 -0.63444
vn 0.73783 0.00792 -0.67493
vn 0.72826 -0.08157 -0.68043
vn 0.71946 -0.09296 -0.68828
vn 0.58481 -0.03425 -0.81045
vn 0.63611 -0.09393 -0.76586
vn 0.63166 -0.07548 -0.77156
vn 0.59764 -0.14092 -0.78929
vn 0.51132 0.46188 -0.72472
vn 0.59434 0.44229 -0.67167
vn 0.51785 0.17167 -0.83807
vn 0.57196 0.57038 -0.58952
vn 0.27656 0.87739 -0.39204
vn 0.35386 0.88607 -0.29945
vn 0.25645 0.93383 -0.24937
vn 0.02924 0.999568 -0.00294
vn 0.01468 0.99850 -0.05268
vn 0.00396 0.99999 -0.00214
vn 0.00842 0.999964 0.00053
vn 0.01144 0.999684 0.02238
vn 0.09141 0.99502 -0.03983
vn 0.08587 0.99394 -0.06867
vn 0.29401 0.90652 -0.30295
vn 0.25403 0.83045 -0.49580
vn 0.20774 0.83108 -0.51589
vn 0.13101 0.30638 -0.94285
vn 0.26730 0.15046 -0.95179
vn 0.12665 0.98955 -0.06887
vn 0.02361 0.96993 -0.24223
vn 0.12953 0.86637 -0.48231
vn 0.00639 0.999553 0.02921
vn -0.00004 0.999999 -0.00117
vn -0.01293 0.999916 0.00051
vn 0.00600 0.999744 0.02184
vn 0.04164 0.99757 0.05582
vn 0.00038 0.99722 0.07455
vn 0.02774 0.99803 0.05635
vn 0.01771 0.999641 0.02008
vn 0.01797 0.999811 0.00742
vn 0.00990 0.999951 -0.00024
vn 0.00100 0.999996 -0.00250
vn 0.00017 0.999994 -0.00344
vn 0.00504 0.99969 0.02439
vn -0.01762 0.999844 0.00111
vn 0.00868 0.999333 -0.03548
vn 0.00737 0.999932 0.00908
vn 0.00627 0.999767 0.02066
vn -0.08677 0.99583 0.02827
vn 0.00938 0.999625 0.02571
vn 0.02316 0.99971 0.00656
vn 0.01091 0.999937 0.00268
vn 0.00987 0.999951 0.00006
vn 0.00904 0.999959 0.00047
vn 0.00370 0.999992 -0.00144
vn 0.00301 0.999992 -0.00266
vn 0.00124 0.99999 -0.00427
vn 0.00015 0.999995 -0.00322
vn -0.00179 0.999997 0.00179
vn 0.02000 0.99937 0.02933
vn 0.07897 0.99674 0.01632
vn 0.00382 0.999502 0.03132
vn 0.00912 0.999958 0.00015
vn 0.02490 0.999683 -0.00377
vn 0.00170 0.999999 0.00017
vn 0.00790 0.999968 -0.00118
vn -0.00152 0.999989 -0.00437
vn -0.00140 0.999986 -0.00504
vn -0.00474 0.999967 -0.00662
vn -0.00018 0.99994 -0.01098
vn 0.00261 0.999948 -0.00984
vn -0.01583 0.999871 -0.00260
vn -0.04907 0.99880 0.00038
vn -0.02727 0.999379 -0.02229
vn 0.00552 0.999943 0.00909
vn -0.03268 0.999463 -0.00239
vn -0.01501 0.999088 -0.03997
vn 0.04793 0.99801 -0.04090
vn 0.11056 0.89587 0.43034
vn 0.26613 0.92328 0.27700
vn 0.24698 0.92779 0.27966
vn 0.45637 0.76844 0.44859
vn 0.42349 0.77251 0.47315
vn 0.44509 0.89188 0.08032
vn 0.19765 0.62385 0.75614
vn 0.43147 0.65246 0.62300
vn 0.53533 0.41094 0.73793
vn 0.31044 0.94454 0.10710
vn 0.78481 0.43940 0.43703
vn 0.70371 0.50638 0.49837
vn 0.46810 0.88097 -0.06912
vn -0.01929 0.999738 0.01234
vn 0.00606 0.999952 0.00775
vn -0.00294 0.999988 -0.00401
vn -0.10751 0.99365 0.03333
vn -0.02572 0.99510 -0.09551
vn 0.00100 0.97641 0.21593
vn 0.00843 0.98084 0.19466
vn -0.00618 0.999912 -0.01176
vn -0.00236 0.999967 -0.00784
vn 0.00045 0.999995 -0.00299
vn 0.01563 0.999876 0.00180
vn -0.00618 0.999912 -0.01171
vn 0.31016 0.94781 0.07386
vn 0.01362 0.999642 -0.02305
vn 0.51576 0.73442 0.44116
vn 0.57891 0.80566 0.12559
vn 0.50978 0.83699 0.19892
vn 0.76742 0.54844 0.33208
vn 0.78175 0.59921 0.17265
vn 0.85222 0.51386 0.09834
vn 0.89474 0.25656 0.36552
vn 0.83638 0.33776 0.43173
vn 0.70648 0.43878 0.55531
vn 0.68850 0.41286 0.59625
vn 0.62453 0.43857 0.64623
vn 0.78059 0.38021 0.49610
vn 0.61438 0.78690 -0.05758
vn 0.88568 0.45882 0.07104
vn 0.89741 0.37069 0.23925
vn 0.98281 0.11935 0.14088
vn 0.99538 0.09352 -0.02177
vn 0.97143 0.21526 -0.09995
vn 0.62742 0.76887 -0.12324
vn 0.94705 0.13238 -0.29254
vn 0.93961 0.14464 -0.31018
vn 0.99562 0.01190 -0.09270
vn 0.95004 0.04834 -0.30837
vn 0.87413 0.34262 0.34424
vn 0.69994 0.68822 0.19090
vn 0.78074 0.60911 0.13937
vn 0.33652 0.93904 -0.07049
vn -0.01712 0.999853 -0.00003
vn 0.62379 0.60649 0.49301
vn 0.48529 0.84967 0.20629
vn 0.17164 0.96259 0.20965
vn 0.85621 0.35185 0.37830
vn 0.56226 0.82078 0.10089
vn 0.88410 0.36369 0.29342
vn 0.54885 0.83499 0.03936
vn 0.06974 0.99730 -0.02321
vn 0.03458 0.999209 0.01962
vn -0.02154 0.999726 -0.00919
vn 0.03405 0.999248 0.01854
vn 0.56393 0.82570 0.01428
vn 0.49793 0.85294 -0.15673
vn 0.14916 0.97502 -0.16460
vn 0.68348 0.56785 0.45869
vn 0.85227 0.51442 -0.09488
vn 0.85674 0.50825 -0.08764
vn 0.85629 0.49796 0.13716
vn 0.85266 0.09045 0.51458
vn 0.99116 -0.03039 -0.12913
vn 0.99530 0.01651 -0.09545
vn 0.84951 0.44103 -0.28952
vn 0.88856 0.26213 -0.37650
vn 0.96419 -0.01118 -0.26497
vn 0.65344 0.65071 -0.38677
vn 0.72974 0.67682 -0.09685
vn 0.21683 0.97518 0.04474
vn 0.48025 0.85648 -0.18922
vn -0.01939 0.999805 0.00377
vn 0.49147 0.81816 -0.29844
vn 0.61956 0.78085 -0.08010
vn -0.02084 0.99977 -0.00509
vn 0.06090 0.99381 -0.09295
vn 0.84204 0.34470 -0.41491
vn 0.90627 0.33116 -0.26268
vn 0.87900 0.25026 -0.40587
vn 0.86840 0.26289 -0.42045
vn 0.92570 -0.11799 -0.35938
vn 0.88368 -0.02455 -0.46744
vn 0.90813 0.36340 -0.20794
vn 0.93707 0.14590 -0.31719
vn 0.96631 0.01738 -0.25681
vn 0.89249 0.38804 -0.23000
vn 0.68708 0.68885 -0.23108
vn 0.85229 0.46506 -0.23941
vn 0.89224 0.42863 -0.14206
vn 0.71749 0.67953 -0.15310
vn 0.09262 0.99570 -0.00114
vn 0.32679 0.91247 -0.24618
vn -0.00966 0.999933 -0.00631
vn 0.32658 0.90593 -0.26950
vn 0.42525 0.89065 -0.16098
vn 0.78443 0.48951 -0.38086
vn 0.82822 0.47878 -0.29124
vn 0.84357 0.26597 -0.46652
vn 0.89338 0.23335 -0.38396
vn 0.98106 0.16400 -0.10305
vn 0.91671 0.28550 -0.27952
vn 0.85150 0.38373 -0.35734
vn 0.98048 0.11996 0.15580
vn 0.06215 0.99562 -0.06980
vn -0.16452 0.93720 -0.30755
vn -0.14340 0.98966 -0.00153
vn -0.06639 0.85461 -0.51502
vn -0.30464 0.75696 -0.57810
vn 0.02239 0.68009 -0.73278
vn -0.36523 0.45124 -0.81424
vn -0.24437 0.88427 -0.39794
vn -0.29567 0.26801 -0.91692
vn -0.03992 0.92827 -0.36975
vn -0.19809 0.95028 -0.24026
vn -0.13075 0.62516 -0.76947
vn -0.43432 0.33238 -0.83719
vn -0.34471 0.36097 -0.86653
vn -0.33770 0.67681 -0.65414
vn -0.34792 0.33448 -0.87583
vn -0.32520 0.34200 -0.88164
vn -0.19275 0.21700 -0.95695
vn 0.00011 -1 0.00015
vn -0.00029 -1 0
vn -0.00004 -1 0.00047
vn -0.00017 -1 -0.00032
vn 0.00004 -0.99996 -0.00893
vn -0.00746 -0.999972 -0.00023
vn 0.00001 -1 -0.00005
vn 0.00051 -1 -0.00010
vn 0.00021 -1 -0.00060
vn 0.00005 -0.999995 -0.00329
vn 0.00231 -0.999997 -0.00065
vn -0.00014 -1 0.00018
vn 0.00032 -1 0.00051
vn -0.00018 -1 0.00071
vn 0.00494 -0.999979 0.00408
vn 0.00404 -0.999971 -0.00652
vn 0.00011 -0.999976 0.00692
vn -0.24608 -0.95505 0.16532
vn -0.67903 -0.73177 -0.05847
vn -0.72336 -0.27724 0.63236
vn -0.99819 0.03027 -0.05192
vn -0.97735 -0.20718 -0.04326
vn -0.96500 -0.14970 -0.21534
vn -0.94525 -0.12473 0.30157
vn -0.99386 -0.10455 0.03618
vn -0.93117 -0.03993 0.36239
vn 0.00013 -1 -0.00007
vn 0.02669 -0.98585 -0.16547
vn -0.05430 -0.99277 -0.10700
vn -0.15721 -0.84366 -0.51335
vn -0.02974 -0.90219 -0.43030
vn -0.09048 -0.95571 -0.28005
vn -0.21891 -0.56399 -0.79624
vn -0.32691 -0.34061 -0.88154
vn -0.22784 -0.47038 -0.85254
vn -0.00850 -0.999948 0.00570
vn 0.07902 -0.98997 -0.11713
vn -0.00526 -0.999965 -0.00655
vn -0.20880 -0.87975 -0.42713
vn -0.30567 -0.46534 -0.83068
vn -0.30581 -0.14352 -0.94121
vn -0.38968 -0.05164 -0.91950
vn -0.26900 -0.11115 -0.95671
vn 0.10212 -0.13201 -0.98597
vn 0.24217 -0.43170 -0.86890
vn 0.36480 -0.75927 -0.53892
vn 0.07168 -0.99504 -0.06895
vn 0.43741 -0.79066 -0.42840
vn -0.00602 -0.999906 0.01230
vn -0.10571 -0.96231 -0.25056
vn -0.35305 -0.59337 -0.72337
vn -0.43636 -0.44774 -0.78046
vn -0.29619 -0.07391 -0.95226
vn -0.44238 -0.10661 -0.89047
vn -0.33058 0.12118 -0.93596
vn -0.37923 0.23433 -0.89514
vn -0.31527 0.16371 -0.93477
vn 0.01264 0.10634 -0.99425
vn 0.44141 -0.00747 -0.89727
vn 0.47121 -0.11490 -0.87451
vn 0.53252 -0.27081 -0.80193
vn 0.63274 -0.38903 -0.66955
vn 0.31311 -0.83136 -0.45913
vn 0.64310 -0.38620 -0.66126
vn 0.70241 -0.26200 -0.66180
vn 0.04867 -0.99756 -0.04996
vn 0.02029 -0.999153 -0.03579
vn -0.28154 -0.92607 -0.25127
vn -0.38482 -0.69563 -0.60665
vn -0.47007 -0.25549 -0.84484
vn -0.53191 -0.22158 -0.81730
vn -0.47638 -0.06822 -0.87659
vn -0.45536 0.13602 -0.87986
vn -0.36200 0.14552 -0.92075
vn -0.30856 0.45813 -0.83361
vn -0.26659 0.59757 -0.75620
vn -0.40363 0.33368 -0.85190
vn -0.61969 0.10032 -0.77841
vn -0.77092 -0.07858 -0.63207
vn -0.63784 -0.47534 -0.60598
vn -0.14946 -0.98652 -0.06665
vn -0.68448 -0.57737 -0.44513
vn 0.02340 -0.999664 0.01114
vn 0.00294 -0.999996 -0.00018
vn -0.06826 -0.99586 0.06000
vn -0.46928 -0.88217 0.03936
vn -0.65881 -0.74164 -0.12626
vn -0.90623 -0.30704 -0.29064
vn -0.87174 -0.12684 -0.47327
vn -0.88184 0.01386 -0.47134
vn -0.76743 0.21151 -0.60525
vn -0.48164 0.55224 -0.68049
vn -0.59834 0.47969 -0.64178
vn -0.16554 0.97154 -0.16944
vn -0.27907 0.72270 -0.63232
vn -0.27784 0.88071 -0.38362
vn -0.52537 0.68076 -0.51044
vn -0.68803 0.62528 -0.36829
vn -0.87886 0.20143 -0.43248
vn -0.97907 0.05483 -0.19600
vn -0.96229 -0.10161 -0.25232
vn -0.91371 -0.39921 -0.07591
vn -0.70170 -0.69424 0.16012
vn -0.15222 -0.98757 0.03925
vn -0.92094 -0.38735 0.04273
vn -0.03959 -0.999214 -0.00226
vn -0.47296 -0.87766 -0.07765
vn -0.92752 -0.36722 -0.06964
vn -0.94248 -0.18288 0.27980
vn -0.99074 -0.06416 0.11964
vn -0.99116 -0.10083 -0.08622
vn -0.999092 0.01547 -0.03969
vn -0.91790 0.39673 -0.00783
vn -0.87535 0.44565 -0.18749
vn -0.15743 0.97397 -0.16306
vn -0.46587 0.88413 -0.03566
vn -0.06156 0.99137 -0.11570
vn 0.03083 0.999523 0.00184
vn -0.01314 0.999813 0.01420
vn -0.10510 0.99276 0.05818
vn -0.58432 0.80889 0.06535
vn -0.90248 0.40274 0.15276
vn -0.97852 0.09935 0.18062
vn -0.95557 -0.00736 0.29467
vn -0.99302 -0.08141 -0.08530
vn -0.86341 -0.18192 -0.47056
vn -0.75603 -0.54811 -0.35776
vn -0.29310 -0.92826 -0.22898
vn -0.00029 -0.999995 0.00310
vn 0.03318 -0.99889 -0.03352
vn 0.03632 -0.999147 0.01964
vn -0.01072 -0.999582 -0.02685
vn -0.34210 -0.92381 -0.17187
vn -0.61548 -0.60801 -0.50150
vn -0.74406 -0.39091 -0.54182
vn -0.85893 0.02024 -0.51169
vn -0.79797 -0.10668 -0.59318
vn -0.99005 0.08219 -0.11426
vn -0.95519 0.15333 0.25317
vn -0.78028 0.59768 0.18424
vn -0.27443 0.95872 0.07439
vn -0.00202 0.99692 0.07843
vn 0.03987 0.99871 0.03159
vn -0.00176 0.99995 0.00980
vn -0.07053 0.99736 -0.01751
vn -0.36872 0.90520 -0.21131
vn -0.85421 0.51985 0.00883
vn -0.79078 0.41363 -0.45119
vn -0.77311 0.23220 -0.59024
vn -0.80075 -0.02659 -0.59841
vn -0.77820 -0.21996 -0.58823
vn -0.74919 -0.49133 -0.44420
vn -0.36555 -0.92961 -0.04690
vn -0.03887 -0.99864 0.03473
vn -0.76170 -0.57745 -0.29388
vn -0.00260 -0.999979 0.00595
vn -0.39599 -0.90437 0.15911
vn -0.82356 -0.56679 0.02241
vn -0.95420 -0.19625 -0.22582
vn -0.86429 -0.20072 -0.46121
vn -0.78528 0.29331 -0.54525
vn -0.91893 0.11022 -0.37870
vn -0.55833 0.67048 -0.48859
vn -0.62284 0.64432 -0.44375
vn -0.02535 0.99838 -0.05100
vn -0.21416 0.95688 -0.19624
vn 0.01248 0.999922 0.00101
vn 0.00344 0.999754 -0.02191
vn -0.39983 0.90630 -0.13695
vn -0.76798 0.54368 -0.33855
vn -0.99116 0.05317 -0.12158
vn -0.81911 0.56834 -0.07782
vn -0.97663 -0.18288 0.11291
vn -0.83292 -0.43907 0.33683
vn -0.59445 -0.70765 0.38191
vn -0.14688 -0.98249 0.11459
vn -0.08894 -0.99537 0.03641
vn -0.00784 -0.999968 -0.00173
vn -0.46185 -0.86123 0.21208
vn -0.79351 -0.37321 0.48068
vn -0.81355 -0.24071 0.52934
vn -0.90039 -0.11224 0.42036
vn -0.96333 0.17858 0.20027
vn -0.35659 0.93223 0.06152
vn -0.72543 0.63365 0.26877
vn 0.03020 0.999492 -0.01022
vn 0.00541 0.999985 0.00116
vn -0.07996 0.99516 0.05716
vn -0.52280 0.81046 0.26425
vn -0.72230 0.56021 0.40552
vn -0.84605 0.24713 0.47236
vn -0.83179 -0.04523 0.55324
vn -0.80728 -0.14525 0.57202
vn -0.95908 -0.12857 0.25226
vn -0.81921 -0.48022 0.31351
vn -0.18125 -0.98339 -0.00908
vn -0.58661 -0.80564 0.08264
vn -0.04192 -0.999057 -0.01129
vn 0.00398 -0.999991 -0.00162
vn -0.44266 -0.89161 -0.09536
vn -0.63520 -0.76664 -0.09371
vn -0.89150 -0.45147 0.03751
vn -0.99022 0.12650 0.05892
vn -0.96471 -0.07507 -0.25239
vn -0.88467 -0.43893 -0.15714
vn -0.84711 0.00180 0.53142
vn -0.80076 0.28666 0.52594
vn -0.70249 0.58611 0.40371
vn -0.45056 0.86470 0.22201
vn -0.02130 0.999291 0.03106
vn 0.01294 0.999916 0.00039
vn -0.01797 0.999832 0.00371
vn -0.26935 0.96084 0.06511
vn -0.70982 0.66585 0.22977
vn -0.81458 0.40232 0.41785
vn -0.86414 0.45584 -0.21324
vn -0.90933 0.38608 0.15513
vn -0.94420 0.18324 -0.27369
vn -0.97024 -0.10338 -0.21895
vn -0.82515 -0.51471 -0.23281
vn -0.30954 -0.94866 -0.06509
vn -0.01726 -0.999798 0.01026
vn 0.00578 -0.999978 0.00321
vn -0.32130 -0.94395 0.07562
vn -0.82592 -0.56107 -0.05528
vn -0.98242 0.09812 -0.15881
vn -0.99267 -0.10834 0.05365
vn -0.82817 0.54677 -0.12322
vn -0.76160 0.60749 -0.22567
vn -0.60063 0.78173 -0.16775
vn -0.67285 0.73978 0.00031
vn -0.27459 0.96059 -0.04331
vn -0.04959 0.99813 -0.03569
vn -0.43201 0.89427 -0.11686
vn -0.35193 0.93590 -0.01536
vn -0.77172 0.59184 0.23276
vn -0.96760 0.17319 0.18373
vn -0.89504 -0.02489 0.44528
vn -0.84585 -0.43365 0.31061
vn -0.52698 -0.79052 0.31205
vn -0.06051 -0.99769 0.03101
vn -0.26494 -0.95133 0.15741
vn -0.00234 -0.999991 0.00365
vn -0.78426 -0.43956 0.43785
vn -0.83807 -0.16381 0.52039
vn -0.86304 0.19007 0.46801
vn -0.85867 -0.03499 0.51134
vn -0.43656 0.87314 0.21687
vn -0.74699 0.53898 0.38923
vn -0.03212 0.999158 0.02552
vn 0.01498 0.999883 -0.00317
vn 0.00851 0.999957 -0.00364
vn 0.00686 0.999975 -0.00147
vn 0.00738 0.999923 -0.01002
vn -0.31911 0.93025 0.18110
vn -0.68578 0.60200 0.40902
vn -0.92117 0.03395 0.38768
vn -0.91214 -0.08595 0.40077
vn -0.58785 -0.67261 0.44948
vn -0.12206 -0.98688 0.10566
vn -0.85557 -0.11940 0.50374
vn -0.69325 -0.22973 0.68311
vn -0.81126 0.43089 0.39521
vn -0.79773 0.10796 0.59327
vn -0.08477 0.99288 0.08375
vn -0.54144 0.74626 0.38721
vn 0.01853 0.999745 -0.01288
vn -0.00148 0.999944 -0.01049
vn 0.00155 0.99998 -0.00614
vn 0.00325 0.999917 -0.01243
vn -0.03204 0.99946 -0.00735
vn -0.45883 0.86413 0.20678
vn -0.67245 0.38228 0.63378
vn -0.72794 0.30276 0.61518
vn -0.73532 0.06558 0.67454
vn -0.69149 -0.05139 0.72056
vn -0.94869 -0.09452 0.30174
vn -0.83835 -0.33185 0.43249
vn -0.98887 0.04144 0.14288
vn -0.90762 0.40691 0.10317
vn -0.14099 0.98873 -0.05030
vn -0.59414 0.80192 -0.06268
vn 0.02785 0.999253 -0.02679
vn -0.01454 0.999828 -0.01148
vn -0.15476 0.98795 0.00272
vn -0.63991 0.76514 0.07124
vn -0.87982 0.47486 -0.02042
vn -0.96437 0.18959 -0.18451
vn -0.98747 -0.07867 -0.13680
vn -0.98210 0.05472 0.18024
vn -0.90497 0.35167 0.23951
vn -0.39783 0.89507 0.20143
vn -0.78381 0.54852 0.29114
vn -0.03411 0.999326 0.01354
vn 0.00783 0.99921 -0.03896
vn 0.03141 0.99934 -0.01822
vn -0.08845 0.99545 -0.03545
vn 0.00509 0.999712 -0.02347
vn 0.31376 0.93859 0.14353
vn 0.34474 0.93501 0.08313
vn 0.07145 0.99629 -0.04804
vn -0.01693 0.999744 -0.01500
vn -0.00548 0.999984 0.00110
vn -0.06202 0.97896 0.19439
vn -0.18329 0.92700 0.32722
vn -0.52470 0.70830 0.47223
vn -0.77229 0.42371 0.47332
vn -0.88544 0.25993 0.38528
vn -0.91780 0.08352 0.38816
vn -0.87024 0.12719 0.47593
vn -0.65902 0.39126 0.64235
vn -0.77473 0.11487 0.62176
vn -0.39686 0.65965 0.63825
vn -0.19347 0.69235 0.69514
vn -0.08227 0.93358 0.34879
vn -0.19345 0.72818 0.65752
vn -0.10378 0.96487 0.24137
vn 0.02989 0.97438 0.22290
vn 0.03149 0.92531 0.37790
vn 0.14769 0.97895 0.14087
vn 0.70000 0.69129 0.17920
vn 0.54751 0.77399 0.31806
vn 0.67855 0.68843 0.25618
vn 0.58405 0.57944 0.56844
vn 0.26841 0.77738 0.56888
vn 0.13179 0.46517 0.87535
vn 0.02462 0.60830 0.79333
vn -0.17755 0.63194 0.75441
vn -0.22498 0.54707 0.80628
vn -0.23573 0.22942 0.94435
vn -0.43962 0.34149 0.83073
vn -0.43843 0.00699 0.89874
vn -0.77465 -0.15428 0.61328
vn -0.88230 -0.02504 0.47001
vn -0.92634 -0.08072 0.36795
vn -0.87963 -0.13490 0.45612
vn -0.38550 -0.30145 0.87208
vn -0.52609 -0.66604 0.52880
vn -0.70222 -0.59584 0.38969
vn -0.20718 -0.06116 0.97639
vn -0.26268 0.02543 0.96455
vn -0.20102 0.16639 0.96535
vn -0.30070 0.16556 0.93924
vn -0.18913 0.19769 0.96185
vn -0.02976 0.14279 0.98931
vn 0.01236 0.04497 0.99891
vn 0.47091 0.05828 0.88026
vn 0.47949 0.38503 0.78857
vn 0.68277 0.17466 0.70945
vn 0.85531 0.18194 0.48511
vn 0.72295 -0.03528 0.69000
vn 0.52615 -0.19677 0.82731
vn 0.14759 -0.17658 0.97316
vn -0.03269 -0.08598 0.99576
vn -0.12080 -0.01949 0.99249
vn -0.36850 0.06284 0.92750
vn -0.19816 -0.45128 0.87010
vn -0.19118 -0.81615 0.54529
vn -0.15554 -0.98312 0.09631
vn -0.87477 -0.35954 0.32481
vn -0.49472 -0.86076 0.11976
vn -0.91755 -0.37523 0.13156
vn -0.10701 -0.99405 -0.02026
vn -0.53294 -0.84606 -0.01272
vn -0.05586 -0.95837 0.28001
vn 0.00719 -0.999926 -0.00985
vn -0.27442 -0.10780 0.95555
vn -0.22681 -0.53772 0.81204
vn -0.30128 -0.18983 0.93445
vn -0.07683 -0.42897 0.90005
vn -0.02683 -0.41078 0.91134
vn 0.17317 -0.61393 0.77013
vn 0.72367 -0.24671 0.64454
vn 0.47336 -0.58318 0.66018
vn 0.85088 -0.06711 0.52106
vn 0.49821 -0.73897 0.45356
vn 0.85406 -0.30811 0.41911
vn 0.10720 -0.96628 0.23413
vn -0.03586 -0.92469 0.37902
vn -0.14434 -0.82110 0.55223
vn -0.00943 -0.99842 0.05539
vn -0.90100 -0.42688 -0.07727
vn -0.46494 -0.87672 0.12327
vn -0.01008 -0.99993 0.00613
vn -0.13331 -0.98922 0.06066
vn -0.02518 -0.999626 -0.01072
vn 0.13958 -0.98972 0.03103
vn 0.54940 -0.79587 0.25445
vn 0.92577 -0.02441 0.37730
vn 0.86714 -0.38705 0.31345
vn 0.67253 -0.73451 0.09060
vn 0.85671 0.36971 0.35967
vn 0.36470 -0.92034 0.14132
vn 0.84122 -0.07010 0.53613
vn 0.68418 -0.46310 0.56342
vn 0.03743 -0.999176 -0.01567
vn -0.00813 -0.999907 -0.01090
vn 0.01371 -0.999809 0.01394
vn 0.22599 -0.95012 0.21496
vn 0.66204 -0.10491 0.74209
vn 0.52822 -0.54979 0.64708
vn 0.86639 0.21565 0.45041
vn 0.67008 0.14866 0.72725
vn 0.75099 0.57864 0.31809
vn 0.69100 0.56204 0.45457
vn 0.61851 0.38457 0.68524
vn 0.49834 0.28174 0.81992
vn 0.64369 0.03040 0.76469
vn 0.61958 -0.12134 0.77550
vn 0.10934 -0.98006 0.16591
vn -0.00838 -0.99988 -0.01300
vn 0.00127 -0.999999 -0.00026
vn -0.00008 -1 -0.00027
vn -0.04348 -0.99905 0.00297
vn 0.27188 -0.95921 0.07742
vn 0.49801 -0.76392 0.41038
vn 0.71192 -0.28381 0.64236
vn 0.81549 -0.02058 0.57840
vn 0.77242 0.14941 0.61729
vn 0.49653 0.51715 0.69714
vn 0.38742 0.57786 0.71832
vn 0.21522 0.89656 0.38711
vn 0.33744 0.86260 0.37691
vn 0.70087 0.63489 0.32511
vn 0.92112 0.16891 0.35074
vn 0.93270 -0.03132 0.35928
vn 0.86461 -0.37295 0.33668
vn 0.87338 -0.48641 -0.02473
vn 0.34556 -0.93840 -0.00083
vn -0.01445 -0.999783 -0.01498
vn 0.02589 -0.999613 0.01016
vn 0.84854 -0.44237 0.29032
vn 0.37802 -0.89695 0.22932
vn 0.999202 -0.03704 -0.01498
vn 0.98163 -0.04206 0.18610
vn 0.80383 0.59414 -0.02927
vn 0.96934 0.22436 0.10024
vn 0.20737 0.97642 0.06001
vn 0.28826 0.95677 -0.03876
vn 0.65109 0.75809 0.03710
vn 0.95708 0.26862 0.10879
vn 0.95984 0.18248 -0.21308
vn 0.60772 0.10804 0.78677
vn 0.62169 -0.15025 0.76872
vn 0.49373 -0.52016 0.69690
vn 0.06838 -0.99670 0.04375
vn 0.12608 -0.94388 0.30527
vn 0.00015 -0.999999 0.00134
vn 0.00006 -1 0
vn 0.00135 -0.999998 -0.00133
vn 0.00879 -0.99919 0.03928
vn 0.35279 -0.52870 0.77202
vn -0.06910 -0.99326 0.09305
vn 0.12056 -0.99077 0.06195
vn 0.45517 -0.72316 0.51948
vn 0.45469 -0.17795 0.87269
vn 0.48365 -0.01288 0.87516
vn 0.41910 0.40746 0.81137
vn 0.51823 0.46336 0.71884
vn 0.65355 0.22905 0.72139
vn 0.66214 -0.02385 0.74900
vn 0.65979 -0.21594 0.71976
vn 0.59267 -0.78174 0.19397
vn 0.89033 -0.26857 0.36767
vn 0.74257 -0.66294 -0.09539
vn 0.27249 -0.95965 -0.06943
vn -0.02348 -0.999625 -0.01406
vn 0.00055 -1 -0.00075
vn 0.00018 -1 0.00008
vn 0.00004 -1 -0.00001
vn 0.75185 -0.65789 0.04359
vn 0.24064 -0.96921 0.05228
vn 0.97819 -0.18919 -0.08570
vn 0.98257 -0.17730 -0.05582
vn 0.78857 -0.03370 0.61402
vn 0.90056 0.02373 0.43409
vn 0.99586 0.01158 0.09014
vn 0.77470 0.23059 0.58878
vn 0.91664 0.21103 0.33946
vn 0.97471 -0.01056 -0.22323
vn 0.98981 0.13296 -0.05094
vn 0.94005 0.01595 0.34066
vn 0.91469 -0.27020 0.30054
vn 0.71283 -0.66834 0.21257
vn 0.06389 -0.99655 0.05288
vn 0.43900 -0.86795 0.23224
vn -0.01134 -0.999929 -0.00367
vn 0.00032 -1 -0.00016
vn 0.00014 -1 -0.00012
vn -0.00078 -0.999991 0.00420
vn 0.81078 -0.40957 0.41819
vn 0.78414 -0.58783 0.19895
vn 0.21271 -0.97393 0.07890
vn 0.88670 -0.12024 0.44643
vn 0.84935 0.38789 0.35799
vn 0.86472 0.22986 0.44656
vn 0.96450 -0.05101 0.25909
vn 0.96276 -0.13117 -0.23639
vn 0.73282 -0.63904 -0.23369
vn 0.17644 -0.98139 -0.07581
vn -0.04697 -0.99875 0.01723
vn 0.00026 -1 0.00008
vn -0.00007 -1 -0.00008
vn -0.01370 -0.999904 -0.00206
vn -0.01466 -0.999874 0.00615
vn 0.67483 -0.68520 -0.27406
vn 0.32764 -0.93290 -0.14951
vn 0.93180 -0.14609 -0.33227
vn 0.79597 -0.53065 -0.29127
vn 0.15046 -0.98697 -0.05711
vn 0.63908 -0.74116 -0.20557
vn 0.00007 -1 0.00036
vn 0.01423 -0.999322 -0.03394
vn 0.72131 -0.63155 -0.28435
vn 0.33687 -0.91545 -0.22017
vn 0.92545 -0.18262 -0.33194
vn 0.96785 0.04312 -0.24779
vn 0.93875 0.20047 -0.28027
vn 0.91116 0.08529 -0.40313
vn 0.89837 -0.14403 -0.41496
vn 0.75927 -0.48346 -0.43564
vn 0.65464 -0.69347 -0.30091
vn 0.21134 -0.97092 -0.11245
vn -0.00006 -1 0.00014
vn 0.00838 -0.999965 -0.00062
vn 0.06439 -0.99702 -0.04253
vn 0.45248 -0.85363 -0.25803
vn 0.88402 -0.20636 -0.41943
vn 0.84993 -0.27804 -0.44756
vn 0.89412 -0.05545 -0.44437
vn 0.85879 -0.02006 -0.51193
vn 0.92745 -0.03878 -0.37192
vn 0.79919 -0.36082 -0.48073
vn 0.62923 -0.73358 -0.25678
vn 0.19512 -0.97649 -0.09161
vn 0.00771 -0.99997 -0.00058
vn -0.02499 -0.999103 -0.03419
vn 0.32173 -0.94656 -0.02256
vn 0.93757 -0.25103 -0.24072
vn 0.88983 -0.44291 -0.10969
vn 0.89698 0.16307 -0.41090
vn 0.98715 0.00990 -0.15947
vn 0.97988 -0.12940 -0.15199
vn 0.83714 0.16174 -0.52253
vn 0.90045 0.20513 -0.38355
vn 0.68278 0.62171 -0.38378
vn 0.71171 0.50108 -0.49232
vn 0.81499 0.47577 -0.33082
vn 0.87911 0.44974 -0.15778
vn 0.96553 0.22689 -0.12756
vn 0.93741 -0.14819 -0.31511
vn 0.76938 -0.58380 -0.25928
vn 0.23894 -0.95788 -0.15930
vn 0.03494 -0.95894 -0.28144
vn -0.13547 -0.86359 -0.48566
vn -0.06993 -0.74218 -0.66655
vn 0.17224 -0.64943 -0.74066
vn -0.02932 -0.89798 -0.43905
vn 0.62806 -0.59471 -0.50185
vn 0.30871 -0.76257 -0.56849
vn 0.80251 -0.14877 -0.57779
vn 0.93521 0.22131 -0.27641
vn 0.78187 0.09864 -0.61559
vn 0.71061 0.67967 -0.18191
vn 0.66666 0.70846 -0.23162
vn 0.64352 0.68021 -0.35099
vn 0.40339 0.88130 -0.24614
vn 0.29407 0.94220 -0.16056
vn 0.37793 0.91881 -0.11382
vn 0.46211 0.86851 -0.17931
vn 0.72677 0.61125 -0.31332
vn 0.60504 0.51866 -0.60409
vn 0.39702 0.25486 -0.88171
vn 0.54135 -0.05973 -0.83867
vn 0.57408 -0.30594 -0.75949
vn 0.20976 -0.43888 -0.87372
vn -0.16839 -0.45826 -0.87272
vn -0.21042 -0.53770 -0.81645
vn 0.00803 -0.45789 -0.88897
vn 0.38543 -0.29511 -0.87427
vn 0.48741 0.03192 -0.87259
vn -0.12643 -0.12667 -0.98386
vn 0.71113 -0.02911 -0.70246
vn -0.23430 -0.13230 -0.96312
vn 0.15035 -0.13826 -0.97892
vn -0.01090 0.19169 -0.98140
vn 0.02976 0.66158 -0.74928
vn 0.24356 0.71158 -0.65903
vn 0.45938 0.81782 -0.34661
vn 0.14806 0.98611 -0.07528
vn 0.14471 0.92905 -0.34049
vn 0.02617 0.999653 0.00305
vn 0.03978 0.99887 -0.02607
vn 0.00837 0.999958 -0.00371
vn -0.01746 0.99257 -0.12041
vn -0.01858 0.88063 -0.47345
vn -0.26673 0.30094 -0.91558
vn -0.16908 0.64548 -0.74483
vn 0.12009 0.17620 -0.97700
vn 0.62119 0.07528 -0.78003
vn 0.76246 -0.01334 -0.64689
vn 0.78516 0.12074 -0.60742
vn 0.52467 0.30567 -0.79454
vn -0.09878 0.53175 -0.84112
vn 0.18789 0.46783 -0.86361
vn -0.10482 0.83515 -0.53994
vn 0.01330 0.96519 -0.26123
vn -0.00018 1 -0.00060
vn 0.18170 0.97647 -0.11619
vn -0.00429 0.999983 0.00391
vn 0.08555 0.98730 -0.13388
vn 0.06728 0.76174 -0.64438
vn 0.26893 0.80429 -0.52990
vn 0.61306 0.58485 -0.53113
vn 0.74033 0.24756 -0.62500
vn 0.65726 0.14617 -0.73936
vn 0.67952 -0.07287 -0.73003
vn 0.44934 0.71378 -0.53723
vn 0.35505 0.49187 -0.79498
vn 0.19961 0.95835 -0.20428
vn 0.02655 0.999641 -0.00367
vn 0.00717 0.999974 -0.00065
vn 0.01075 0.999888 0.01038
vn 0.07055 0.99734 -0.01851
vn 0.16393 0.93375 -0.31818
vn -0.07460 0.58793 -0.80546
vn -0.00312 0.99052 -0.13735
vn -0.10779 0.85843 -0.50147
vn 0.01566 0.999289 0.03431
vn -0.00995 0.99995 -0.00097
vn 0.02206 0.999535 -0.02103
vn -0.00794 0.999901 0.01165
vn -0.08052 0.97663 -0.19929
vn 0.01195 0.999846 0.01288
vn 0.01085 0.999936 0.00324
vn 0.00082 0.999995 -0.00290
vn -0.00419 0.999982 -0.00431
vn 0.03044 0.999536 0.00077
vn 0.06175 0.99802 -0.01209
vn 0.09250 0.99564 0.01203
vn 0.00633 0.99998 -0.00063
vn -0.00724 0.999957 -0.00573
vn -0.00132 0.99998 -0.00625
vn 0.00146 0.999998 -0.00138
vn -0.00933 0.999895 -0.01109
vn 0.00602 0.999845 -0.01654
vn -0.01681 0.999846 -0.00505
vn 0.35232 0.93588 -0.00066
vn 0.23948 0.93856 0.24852
vn 0.10724 0.98075 0.16317
vn 0.15023 0.98800 0.03575
vn -0.02603 0.999605 -0.01057
vn 0.33854 0.74538 0.57429
vn 0.51297 0.74806 0.42104
vn 0.56788 0.59393 0.56988
vn 0.72951 0.62429 0.27940
vn 0.04074 0.99565 0.08381
vn 0.85806 0.43536 0.27239
vn 0.88409 0.44455 -0.14407
vn 0.96428 0.25624 0.06712
vn 0.98026 0.10378 -0.16829
vn 0.83841 0.54223 0.05521
vn 0.54230 0.81489 0.20459
vn 0.71511 0.62724 0.30852
vn 0.32267 0.94171 0.09523
vn 0.75732 0.64332 0.11230
vn 0.31589 0.94797 -0.03966
vn 0.70789 0.68049 -0.18927
vn 0.47325 0.86538 -0.16475
vn 0.88247 0.33390 0.33129
vn 0.94728 0.25182 -0.19812
vn 0.95483 0.29578 0.02844
vn 0.83591 0.42282 -0.34997
vn 0.92192 0.07282 -0.38048
vn 0.72473 0.63598 -0.26514
vn 0.27264 0.95771 -0.09203
vn 0.78799 0.57546 -0.21889
vn 0.43975 0.88694 -0.14127
vn 0.88830 0.33989 -0.30887
vn 0.92048 0.17171 -0.35105
vn 0.93191 0.30113 -0.20215
vn 0.81661 0.48233 -0.31701
vn 0.62601 0.72729 -0.28135
vn 0.86115 0.37693 -0.34108
vn -0.10442 0.91601 -0.38733
vn -0.26325 0.67836 -0.68596
vn -0.30297 0.47689 -0.82510
vn -0.00071 -0.999998 -0.00201

# No. texture coordinates 1064:
vt 0.34247 0.43952
vt 0.34617 0.44412
vt 0.34870 0.43612
vt 0.35497 0.44464
vt 0.33861 0.43097
vt 0.34672 0.42707
vt 0.38857 0.91194
vt 0.39408 0.91794
vt 0.39623 0.90993
vt 0.37913 0.91650
vt 0.38530 0.92084
vt 0.33636 0.44672
vt 0.34873 0.45299
vt 0.32252 0.43224
vt 0.33158 0.41891
vt 0.34095 0.41893
vt 0.40264 0.91560
vt 0.40507 0.90562
vt 0.40051 0.92444
vt 0.39226 0.92729
vt 0.38414 0.93062
vt 0.37789 0.92552
vt 0.35840 0.45318
vt 0.60095 0.10433
vt 0.59505 0.09789
vt 0.59282 0.10482
vt 0.34054 0.46343
vt 0.35432 0.46308
vt 0.31589 0.46260
vt 0.32253 0.41545
vt 0.91859 0.79798
vt 0.92290 0.80658
vt 0.92769 0.79772
vt 0.93131 0.80343
vt 0.93210 0.81259
vt 0.41009 0.91386
vt 0.41647 0.90773
vt 0.41270 0.90047
vt 0.40956 0.92334
vt 0.40528 0.93021
vt 0.39909 0.93291
vt 0.39116 0.93683
vt 0.59493 0.08049
vt 0.59408 0.08958
vt 0.60260 0.08580
vt 0.60070 0.09300
vt 0.60257 0.09821
vt 0.61072 0.10841
vt 0.60729 0.10157
vt 0.34930 0.47512
vt 0.62274 0.11303
vt 0.61871 0.10568
vt 0.61321 0.10167
vt 0.33637 0.47656
vt 0.31305 0.41998
vt 0.31539 0.40873
vt 0.32267 0.40647
vt 0.92510 0.79130
vt 0.41907 0.90070
vt 0.41623 0.89495
vt 0.42524 0.89607
vt 0.42031 0.88929
vt 0.42425 0.90433
vt 0.42602 0.91260
vt 0.41774 0.91779
vt 0.42558 0.92108
vt 0.41969 0.92743
vt 0.42975 0.91777
vt 0.43366 0.90445
vt 0.43549 0.89278
vt 0.42722 0.88816
vt 0.92504 0.15910
vt 0.92944 0.15132
vt 0.92165 0.15303
vt 0.30473 0.41278
vt 0.93314 0.16121
vt 0.30995 0.40058
vt 0.30101 0.43090
vt 0.29061 0.44924
vt 0.29693 0.41820
vt 0.29429 0.40907
vt 0.30170 0.40288
vt 0.12054 0.47222
vt 0.11815 0.46594
vt 0.11374 0.47359
vt 0.43194 0.88221
vt 0.43918 0.88670
vt 0.12085 0.47813
vt 0.44410 0.89235
vt 0.44346 0.90156
vt 0.43539 0.91538
vt 0.44071 0.90930
vt 0.07954 0.76092
vt 0.06960 0.76295
vt 0.07378 0.76830
vt 0.07341 0.75521
vt 0.06764 0.75518
vt 0.43178 0.92155
vt 0.06912 0.74976
vt 0.94658 0.61582
vt 0.95404 0.61944
vt 0.95468 0.61287
vt 0.95060 0.60675
vt 0.94317 0.60834
vt 0.44936 0.89748
vt 0.13275 0.48706
vt 0.13432 0.47955
vt 0.12626 0.48329
vt 0.12633 0.47548
vt 0.12487 0.46707
vt 0.12309 0.45825
vt 0.28394 0.41060
vt 0.28847 0.41983
vt 0.13128 0.46131
vt 0.13202 0.45254
vt 0.27944 0.43218
vt 0.27754 0.41803
vt 0.13622 0.44496
vt 0.14040 0.45128
vt 0.13889 0.45801
vt 0.13856 0.46579
vt 0.13209 0.47028
vt 0.13878 0.47286
vt 0.14461 0.47877
vt 0.13954 0.48571
vt 0.94473 0.60167
vt 0.07746 0.74688
vt 0.07743 0.73528
vt 0.06907 0.74241
vt 0.06340 0.71032
vt 0.06442 0.70056
vt 0.05662 0.70113
vt 0.07990 0.75340
vt 0.08903 0.75012
vt 0.08596 0.74045
vt 0.08885 0.73197
vt 0.08269 0.72603
vt 0.07335 0.71440
vt 0.07240 0.70382
vt 0.07804 0.70922
vt 0.15005 0.47351
vt 0.14496 0.47014
vt 0.14501 0.46319
vt 0.14596 0.45668
vt 0.14738 0.45041
vt 0.14224 0.44498
vt 0.26607 0.42025
vt 0.59166 0.85952
vt 0.59351 0.84803
vt 0.58688 0.85181
vt 0.27035 0.45310
vt 0.26465 0.43511
vt 0.25282 0.44229
vt 0.25574 0.42850
vt 0.25293 0.41708
vt 0.58613 0.87152
vt 0.58323 0.86277
vt 0.58158 0.85618
vt 0.14831 0.44386
vt 0.15342 0.45612
vt 0.15467 0.44945
vt 0.15173 0.46165
vt 0.15078 0.46767
vt 0.07996 0.71537
vt 0.15536 0.47196
vt 0.09400 0.72249
vt 0.08509 0.72027
vt 0.09616 0.73033
vt 0.09595 0.73802
vt 0.10570 0.72885
vt 0.10699 0.71755
vt 0.09707 0.71144
vt 0.80807 0.94331
vt 0.81524 0.93431
vt 0.80488 0.93389
vt 0.80055 0.93733
vt 0.15780 0.46666
vt 0.15993 0.46121
vt 0.16245 0.45515
vt 0.57356 0.85442
vt 0.56734 0.85987
vt 0.57575 0.86114
vt 0.78038 0.06226
vt 0.77907 0.07113
vt 0.78639 0.06887
vt 0.57874 0.86733
vt 0.24253 0.41736
vt 0.24344 0.42914
vt 0.57718 0.87462
vt 0.58294 0.88142
vt 0.23749 0.44446
vt 0.23342 0.42196
vt 0.57475 0.88421
vt 0.92902 0.67726
vt 0.92603 0.66637
vt 0.92254 0.67523
vt 0.56772 0.87571
vt 0.57110 0.86750
vt 0.77363 0.06589
vt 0.76975 0.07372
vt 0.56112 0.86742
vt 0.77689 0.05445
vt 0.77132 0.05880
vt 0.78462 0.05532
vt 0.80760 0.92813
vt 0.77942 0.04791
vt 0.10932 0.70891
vt 0.10019 0.70157
vt 0.09289 0.70483
vt 0.12942 0.71852
vt 0.11428 0.69691
vt 0.09962 0.69110
vt 0.09283 0.69764
vt 0.76190 0.05842
vt 0.76676 0.06501
vt 0.76225 0.07931
vt 0.75827 0.06972
vt 0.55998 0.87705
vt 0.56547 0.88459
vt 0.93872 0.67807
vt 0.93396 0.66847
vt 0.22465 0.42674
vt 0.23043 0.43354
vt 0.93172 0.65809
vt 0.22619 0.44402
vt 0.22829 0.45550
vt 0.22020 0.43711
vt 0.93192 0.64709
vt 0.93751 0.65200
vt 0.93926 0.66080
vt 0.94330 0.66954
vt 0.94858 0.67823
vt 0.94356 0.68508
vt 0.75375 0.08016
vt 0.08682 0.69070
vt 0.07363 0.69509
vt 0.08294 0.70197
vt 0.07813 0.68358
vt 0.06817 0.68421
vt 0.10810 0.68230
vt 0.13481 0.69581
vt 0.14209 0.70281
vt 0.12273 0.68282
vt 0.11525 0.67376
vt 0.08707 0.67920
vt 0.08055 0.67609
vt 0.07361 0.67584
vt 0.95191 0.66883
vt 0.94722 0.66151
vt 0.94336 0.65490
vt 0.94358 0.64555
vt 0.93705 0.64542
vt 0.21502 0.44994
vt 0.21431 0.44096
vt 0.93494 0.64085
vt 0.20228 0.46003
vt 0.21806 0.47718
vt 0.20378 0.44674
vt 0.20985 0.44249
vt 0.87555 0.16898
vt 0.87117 0.16728
vt 0.87293 0.17171
vt 0.93853 0.64119
vt 0.89154 0.16402
vt 0.88188 0.15876
vt 0.88234 0.17027
vt 0.87506 0.16340
vt 0.95048 0.65364
vt 0.95476 0.64431
vt 0.95450 0.66104
vt 0.07942 0.66983
vt 0.08548 0.67180
vt 0.12655 0.67049
vt 0.09448 0.67013
vt 0.13883 0.67953
vt 0.16178 0.69472
vt 0.15180 0.66919
vt 0.13822 0.66728
vt 0.13145 0.66439
vt 0.09416 0.66188
vt 0.08680 0.66418
vt 0.95866 0.65323
vt 0.89702 0.15731
vt 0.89862 0.16359
vt 0.89025 0.15212
vt 0.96108 0.64598
vt 0.87947 0.14861
vt 0.87219 0.15461
vt 0.86807 0.16085
vt 0.19367 0.45063
vt 0.86423 0.15069
vt 0.19060 0.46140
vt 0.19322 0.47557
vt 0.18316 0.45468
vt 0.86899 0.14413
vt 0.18651 0.44439
vt 0.88586 0.14302
vt 0.87722 0.13845
vt 0.89479 0.14147
vt 0.89758 0.15022
vt 0.49229 0.24308
vt 0.48779 0.24450
vt 0.49115 0.24932
vt 0.09163 0.65172
vt 0.09672 0.65565
vt 0.09746 0.64982
vt 0.09110 0.65786
vt 0.13689 0.66040
vt 0.14478 0.65908
vt 0.15527 0.65385
vt 0.14546 0.64999
vt 0.14022 0.65513
vt 0.48847 0.23706
vt 0.48057 0.24097
vt 0.48215 0.22922
vt 0.47299 0.23157
vt 0.46837 0.24048
vt 0.88590 0.13313
vt 0.87638 0.12896
vt 0.86740 0.13316
vt 0.04772 0.25521
vt 0.04791 0.26586
vt 0.05809 0.25970
vt 0.17297 0.46016
vt 0.18123 0.46771
vt 0.03712 0.26133
vt 0.16973 0.47284
vt 0.17773 0.48381
vt 0.54594 0.13563
vt 0.55693 0.12877
vt 0.54594 0.12621
vt 0.55512 0.11976
vt 0.56584 0.12041
vt 0.56080 0.11190
vt 0.46233 0.22908
vt 0.45473 0.23123
vt 0.45843 0.23899
vt 0.45013 0.23569
vt 0.47339 0.22269
vt 0.46869 0.22603
vt 0.16487 0.64394
vt 0.15990 0.63367
vt 0.15236 0.64174
vt 0.17165 0.66113
vt 0.19168 0.67722
vt 0.18942 0.69484
vt 0.17851 0.64355
vt 0.17173 0.63145
vt 0.46837 0.21217
vt 0.46615 0.22103
vt 0.45299 0.22379
vt 0.54777 0.11832
vt 0.55228 0.11349
vt 0.54467 0.11230
vt 0.44928 0.22825
vt 0.16012 0.47696
vt 0.16509 0.48541
vt 0.53666 0.13424
vt 0.54020 0.11899
vt 0.53499 0.12656
vt 0.45828 0.21642
vt 0.44900 0.21529
vt 0.53536 0.11242
vt 0.18757 0.63319
vt 0.18050 0.62277
vt 0.45837 0.20486
vt 0.19701 0.65034
vt 0.22411 0.67095
vt 0.20652 0.69185
vt 0.22324 0.64169
vt 0.20475 0.63126
vt 0.19355 0.62208
vt 0.45306 0.19418
vt 0.45106 0.20266
vt 0.45251 0.20919
vt 0.44723 0.20730
vt 0.53124 0.12010
vt 0.44279 0.21297
vt 0.52662 0.12721
vt 0.52954 0.13218
vt 0.44021 0.20462
vt 0.52250 0.12087
vt 0.44456 0.19792
vt 0.20640 0.61993
vt 0.20055 0.61329
vt 0.44549 0.18686
vt 0.22301 0.62089
vt 0.24785 0.64897
vt 0.21212 0.61209
vt 0.20626 0.60544
vt 0.43841 0.18118
vt 0.43818 0.19122
vt 0.43687 0.19974
vt 0.07410 0.15581
vt 0.06850 0.16151
vt 0.07645 0.16394
vt 0.08169 0.15629
vt 0.42873 0.19534
vt 0.06758 0.17086
vt 0.43177 0.18559
vt 0.21601 0.60262
vt 0.43478 0.17149
vt 0.43206 0.17848
vt 0.22212 0.60925
vt 0.24382 0.62830
vt 0.26324 0.65516
vt 0.26320 0.64586
vt 0.25341 0.66891
vt 0.27066 0.66647
vt 0.27431 0.65302
vt 0.26879 0.64885
vt 0.26025 0.63542
vt 0.23828 0.61601
vt 0.23266 0.60808
vt 0.22576 0.60174
vt 0.22160 0.59766
vt 0.42785 0.16763
vt 0.42654 0.17413
vt 0.42764 0.18089
vt 0.42469 0.18654
vt 0.42271 0.18014
vt 0.42237 0.16859
vt 0.41734 0.17471
vt 0.40922 0.86988
vt 0.40495 0.87043
vt 0.40977 0.87435
vt 0.42436 0.16374
vt 0.23337 0.59922
vt 0.41600 0.87172
vt 0.24229 0.60879
vt 0.24021 0.60272
vt 0.24935 0.61395
vt 0.25976 0.62122
vt 0.27160 0.62735
vt 0.27421 0.64113
vt 0.28033 0.65372
vt 0.27780 0.65902
vt 0.28285 0.64810
vt 0.28487 0.63915
vt 0.28063 0.63184
vt 0.48444 0.13647
vt 0.48577 0.12385
vt 0.47668 0.12877
vt 0.49600 0.13096
vt 0.26944 0.61616
vt 0.25938 0.60916
vt 0.23684 0.03313
vt 0.22565 0.03286
vt 0.23143 0.04329
vt 0.23122 0.02596
vt 0.23773 0.02406
vt 0.42324 0.87441
vt 0.43215 0.87385
vt 0.42407 0.86490
vt 0.41177 0.86431
vt 0.41780 0.16421
vt 0.40939 0.16836
vt 0.40939 0.18130
vt 0.41792 0.18427
vt 0.42000 0.19228
vt 0.41397 0.18903
vt 0.72424 0.93480
vt 0.73555 0.93855
vt 0.73264 0.92912
vt 0.72900 0.94678
vt 0.72479 0.92439
vt 0.71825 0.92852
vt 0.41465 0.85462
vt 0.42614 0.85369
vt 0.41845 0.84519
vt 0.43516 0.85992
vt 0.43289 0.86677
vt 0.43976 0.86850
vt 0.44277 0.87820
vt 0.44916 0.87022
vt 0.45503 0.87945
vt 0.45966 0.87034
vt 0.46782 0.87983
vt 0.46854 0.86968
vt 0.47685 0.87340
vt 0.47596 0.88212
vt 0.47458 0.13540
vt 0.46842 0.12926
vt 0.89186 0.30447
vt 0.89841 0.29841
vt 0.89288 0.29536
vt 0.89883 0.28981
vt 0.89754 0.28047
vt 0.88934 0.28591
vt 0.88537 0.29716
vt 0.88203 0.30598
vt 0.30531 0.02962
vt 0.29960 0.03535
vt 0.30860 0.04070
vt 0.31455 0.03273
vt 0.46256 0.86209
vt 0.47255 0.86299
vt 0.45289 0.86155
vt 0.44441 0.86265
vt 0.42871 0.84500
vt 0.74443 0.94012
vt 0.74060 0.93142
vt 0.12349 0.50924
vt 0.13526 0.51077
vt 0.12766 0.50108
vt 0.12464 0.51798
vt 0.71721 0.92198
vt 0.13727 0.49690
vt 0.83720 0.87210
vt 0.83534 0.86364
vt 0.82779 0.86676
vt 0.07043 0.17962
vt 0.07172 0.18608
vt 0.07730 0.18306
vt 0.07939 0.17421
vt 0.84491 0.86370
vt 0.15087 0.50058
vt 0.14588 0.49082
vt 0.84769 0.87332
vt 0.13217 0.52807
vt 0.15571 0.52292
vt 0.09624 0.24330
vt 0.10236 0.25338
vt 0.10570 0.24138
vt 0.43427 0.85144
vt 0.43745 0.84599
vt 0.09153 0.25061
vt 0.44381 0.85356
vt 0.45612 0.85229
vt 0.46575 0.85535
vt 0.31098 0.02177
vt 0.47466 0.85452
vt 0.87701 0.29868
vt 0.31946 0.02614
vt 0.87396 0.30602
vt 0.88051 0.29073
vt 0.86886 0.29945
vt 0.87172 0.29055
vt 0.13517 0.57104
vt 0.14245 0.57722
vt 0.14510 0.56806
vt 0.15028 0.57874
vt 0.07082 0.28280
vt 0.08353 0.27450
vt 0.07243 0.27349
vt 0.13559 0.55629
vt 0.07689 0.26417
vt 0.08920 0.26036
vt 0.08207 0.25366
vt 0.14098 0.54058
vt 0.12861 0.54284
vt 0.85496 0.86856
vt 0.15525 0.48765
vt 0.85696 0.87642
vt 0.16700 0.49865
vt 0.15962 0.49326
vt 0.15386 0.55235
vt 0.15760 0.57107
vt 0.92960 0.36418
vt 0.92974 0.37052
vt 0.93710 0.36350
vt 0.15657 0.57960
vt 0.87910 0.28018
vt 0.86913 0.28108
vt 0.93636 0.35358
vt 0.93008 0.35884
vt 0.88871 0.27454
vt 0.92572 0.35150
vt 0.87299 0.27101
vt 0.86366 0.27277
vt 0.93493 0.34386
vt 0.16965 0.57454
vt 0.16192 0.57968
vt 0.16679 0.56144
vt 0.17669 0.54417
vt 0.17721 0.56380
vt 0.92460 0.33897
vt 0.18213 0.57564
vt 0.86757 0.26354
vt 0.85831 0.26323
vt 0.93551 0.33317
vt 0.88192 0.26702
vt 0.87539 0.26162
vt 0.89355 0.26965
vt 0.88977 0.26547
vt 0.88651 0.25925
vt 0.88066 0.25872
vt 0.87794 0.25400
vt 0.87060 0.25575
vt 0.86364 0.25780
vt 0.19315 0.57818
vt 0.18720 0.58614
vt 0.19162 0.56272
vt 0.18971 0.50585
vt 0.20601 0.53911
vt 0.19968 0.57197
vt 0.20484 0.58168
vt 0.19598 0.58804
vt 0.85810 0.25483
vt 0.13892 0.09218
vt 0.13068 0.09678
vt 0.13645 0.10137
vt 0.86412 0.24918
vt 0.87385 0.24722
vt 0.88164 0.24801
vt 0.88358 0.25277
vt 0.85224 0.12419
vt 0.84660 0.11875
vt 0.84589 0.12642
vt 0.85482 0.11846
vt 0.85952 0.12357
vt 0.83750 0.12391
vt 0.87987 0.23916
vt 0.86877 0.23832
vt 0.86172 0.24180
vt 0.85455 0.24643
vt 0.12623 0.10467
vt 0.05015 0.21879
vt 0.04299 0.21077
vt 0.04072 0.22493
vt 0.03119 0.21423
vt 0.21510 0.58936
vt 0.21739 0.57889
vt 0.20956 0.56502
vt 0.22486 0.56868
vt 0.34214 0.95430
vt 0.34422 0.94391
vt 0.33426 0.95024
vt 0.35064 0.95207
vt 0.22773 0.57962
vt 0.86039 0.23370
vt 0.84862 0.23688
vt 0.12810 0.87676
vt 0.12288 0.88558
vt 0.13450 0.88774
vt 0.12698 0.89327
vt 0.87444 0.22833
vt 0.86752 0.23175
vt 0.26859 0.69334
vt 0.28000 0.69307
vt 0.27508 0.68422
vt 0.27462 0.70449
vt 0.26283 0.70275
vt 0.26552 0.70970
vt 0.11585 0.86786
vt 0.10702 0.87375
vt 0.11536 0.87806
vt 0.12059 0.87351
vt 0.12333 0.87108
vt 0.15704 0.88291
vt 0.14990 0.88991
vt 0.16049 0.89073
vt 0.14951 0.88192
vt 0.14194 0.88730
vt 0.14227 0.87944
vt 0.34674 0.96032
vt 0.23365 0.57353
vt 0.23776 0.58227
vt 0.35609 0.96046
vt 0.22599 0.55268
vt 0.22909 0.53392
vt 0.23744 0.56378
vt 0.24098 0.57338
vt 0.61321 0.05683
vt 0.62010 0.05687
vt 0.61646 0.04777
vt 0.24491 0.57768
vt 0.24891 0.58458
vt 0.24267 0.59276
vt 0.62691 0.05282
vt 0.41851 0.06680
vt 0.41158 0.06840
vt 0.41692 0.07451
vt 0.41049 0.07542
vt 0.41866 0.05904
vt 0.41223 0.06076
vt 0.41224 0.05346
vt 0.07215 0.72311
vt 0.06657 0.71978
vt 0.06522 0.72558
vt 0.16364 0.88196
vt 0.40659 0.05641
vt 0.40536 0.06284
vt 0.40418 0.07047
vt 0.40348 0.07905
vt 0.39664 0.08012
vt 0.39419 0.07174
vt 0.24996 0.59335
vt 0.25806 0.59244
vt 0.25920 0.58236
vt 0.25229 0.57061
vt 0.24940 0.54598
vt 0.22219 0.51267
vt 0.24185 0.52259
vt 0.26636 0.58712
vt 0.26896 0.57751
vt 0.42098 0.12704
vt 0.41097 0.13156
vt 0.41896 0.13613
vt 0.41354 0.12363
vt 0.42631 0.13857
vt 0.43010 0.13017
vt 0.39905 0.06475
vt 0.39413 0.06232
vt 0.41462 0.14250
vt 0.40864 0.14072
vt 0.39883 0.05702
vt 0.39213 0.05687
vt 0.40984 0.14685
vt 0.42090 0.14301
vt 0.42520 0.14874
vt 0.43294 0.14646
vt 0.43457 0.13807
vt 0.43764 0.13133
vt 0.27397 0.58583
vt 0.27914 0.57238
vt 0.28080 0.58153
vt 0.26917 0.56205
vt 0.25971 0.52401
vt 0.24835 0.49815
vt 0.27871 0.54233
vt 0.28097 0.58780
vt 0.29065 0.58830
vt 0.28965 0.57672
vt 0.44253 0.13758
vt 0.43952 0.14452
vt 0.43253 0.15482
vt 0.44044 0.15307
vt 0.44755 0.14782
vt 0.45221 0.13525
vt 0.45939 0.14629
vt 0.46458 0.13608
vt 0.30094 0.58029
vt 0.29885 0.56900
vt 0.28604 0.56331
vt 0.27831 0.51235
vt 0.27179 0.48166
vt 0.30384 0.53069
vt 0.29849 0.55414
vt 0.30719 0.57289
vt 0.30863 0.56372
vt 0.47163 0.14700
vt 0.20837 0.22639
vt 0.22115 0.22892
vt 0.21611 0.22059
vt 0.22303 0.21875
vt 0.97123 0.23822
vt 0.96564 0.24317
vt 0.97367 0.24757
vt 0.31452 0.55119
vt 0.31697 0.56281
vt 0.96565 0.25110
vt 0.30188 0.49555
vt 0.32186 0.53709
vt 0.32453 0.55827
vt 0.32608 0.54823
vt 0.23302 0.22022
vt 0.22757 0.21247
vt 0.23462 0.20774
vt 0.23114 0.22985
vt 0.23958 0.22938
vt 0.24658 0.22203
vt 0.24267 0.21261
vt 0.24236 0.20497
vt 0.83540 0.93906
vt 0.83423 0.93155
vt 0.82721 0.93941
vt 0.84158 0.93493
vt 0.32987 0.54040
vt 0.33314 0.54592
vt 0.28999 0.46841
vt 0.32759 0.51808
vt 0.33095 0.53234
vt 0.33766 0.53779
vt 0.24916 0.20624
vt 0.24710 0.19960
vt 0.87679 0.87563
vt 0.87826 0.86618
vt 0.87048 0.86896
vt 0.25460 0.19944
vt 0.25194 0.21405
vt 0.25774 0.20752
vt 0.26411 0.20068
vt 0.25969 0.19470
vt 0.86893 0.87590
vt 0.87043 0.88244
vt 0.33790 0.52832
vt 0.34441 0.53162
vt 0.32915 0.49161
vt 0.34628 0.50524
vt 0.34736 0.52227
vt 0.86453 0.87944
vt 0.87130 0.89294
vt 0.86196 0.88612
vt 0.26556 0.19379
vt 0.26729 0.20920
vt 0.27138 0.20334
vt 0.27305 0.19632
vt 0.26070 0.21552
vt 0.25525 0.22056
vt 0.26205 0.22430
vt 0.26824 0.21720
vt 0.27295 0.21261
vt 0.27575 0.20794
vt 0.27757 0.20258
vt 0.26960 0.18753
vt 0.27970 0.18858
vt 0.27561 0.17964
vt 0.85869 0.89528
vt 0.36012 0.52352
vt 0.35786 0.51459
vt 0.34610 0.48807
vt 0.35478 0.49509
vt 0.53261 0.17697
vt 0.53372 0.16632
vt 0.52850 0.17152
vt 0.52342 0.18395
vt 0.52565 0.17594
vt 0.36013 0.50449
vt 0.36467 0.51723
vt 0.36449 0.51150
vt 0.28507 0.18102
vt 0.28177 0.17500
vt 0.28344 0.19773
vt 0.29126 0.18949
vt 0.28464 0.20555
vt 0.27931 0.21220
vt 0.27433 0.21686
vt 0.90565 0.79517
vt 0.90165 0.78847
vt 0.89527 0.79500
vt 0.90831 0.78825
vt 0.91487 0.79115
vt 0.91275 0.78307
vt 0.92166 0.78322
vt 0.91625 0.77460
vt 0.92675 0.77429
vt 0.92256 0.76659
vt 0.29223 0.19896
vt 0.29860 0.19426
vt 0.30118 0.18678
vt 0.29336 0.17991
vt 0.28756 0.17498
vt 0.54227 0.14364
vt 0.53685 0.14357
vt 0.54037 0.14846
vt 0.53342 0.14892
vt 0.53891 0.15679
vt 0.52805 0.15872
vt 0.52666 0.16701
vt 0.52364 0.17145
vt 0.51814 0.17667
vt 0.62732 0.10588
vt 0.51024 0.17521
vt 0.51877 0.16623
vt 0.61944 0.09899
vt 0.62793 0.09741
vt 0.51972 0.15565
vt 0.52417 0.14825
vt 0.30259 0.05311
vt 0.29446 0.05801
vt 0.30318 0.06237
vt 0.29604 0.06497
vt 0.31279 0.05812
vt 0.11884 0.55309
vt 0.11084 0.54745
vt 0.11087 0.55820
vt 0.10429 0.55285
vt 0.10249 0.54719
vt 0.31001 0.04854
vt 0.93003 0.76755
vt 0.92854 0.76141
vt 0.93421 0.76374
vt 0.17493 0.81310
vt 0.16541 0.81255
vt 0.16790 0.82059
vt 0.15799 0.82015
vt 0.16299 0.82609
vt 0.18341 0.80703
vt 0.17120 0.80000
vt 0.18819 0.79496
vt 0.19350 0.80557
vt 0.15074 0.78685
vt 0.15453 0.80757
vt 0.15734 0.82758
vt 0.14981 0.81688
vt 0.10089 0.56038
vt 0.10740 0.56602
vt 0.12130 0.56276
vt 0.11391 0.56607
vt 0.93149 0.20874
vt 0.92207 0.21016
vt 0.92644 0.21730
vt 0.51588 0.14832
vt 0.92335 0.19967
vt 0.93466 0.19769
vt 0.93055 0.19013
vt 0.62822 0.09122
vt 0.63613 0.09342
vt 0.62060 0.09082
vt 0.62560 0.08701
vt 0.63162 0.08759
vt 0.11851 0.57102
vt 0.12636 0.57276
vt 0.12784 0.57966
vt 0.12225 0.57660
vt 0.11157 0.57247
vt 0.14440 0.81142
vt 0.14237 0.80252
vt 0.18114 0.77315
vt 0.20237 0.79742
vt 0.19832 0.78537
vt 0.13416 0.79508
vt 0.13854 0.80796
vt 0.13140 0.80377
vt 0.11711 0.57682
vt 0.12183 0.58345
vt 0.63593 0.08367
vt 0.62647 0.08197
vt 0.62096 0.08372
vt 0.61297 0.08419
vt 0.60985 0.09407
vt 0.92597 0.85141
vt 0.93133 0.85899
vt 0.93368 0.85115
vt 0.92074 0.86242
vt 0.60536 0.07645
vt 0.93319 0.84419
vt 0.11980 0.79783
vt 0.12174 0.80662
vt 0.11157 0.80683
vt 0.12732 0.78496
vt 0.15430 0.76384
vt 0.13653 0.77129
vt 0.11173 0.78807
vt 0.10288 0.79848
vt 0.05691 0.21519
vt 0.06126 0.20327
vt 0.04919 0.20507
vt 0.06947 0.21069
vt 0.59714 0.07226
vt 0.09857 0.78685
vt 0.09198 0.79504
vt 0.09103 0.80232
vt 0.11250 0.77127
vt 0.21043 0.77412
vt 0.20933 0.78813
vt 0.09358 0.76359
vt 0.09056 0.77779
vt 0.10940 0.74637
vt 0.13520 0.75127
vt 0.20626 0.74741
vt 0.22706 0.76205
vt 0.23690 0.76927
vt 0.22854 0.77601
vt 0.24213 0.75960
vt 0.16740 0.73709
vt 0.23511 0.74423
vt 0.22179 0.72739
vt 0.19731 0.71367
vt 0.22767 0.70455
vt 0.24114 0.72517
vt 0.25052 0.73575
vt 0.25534 0.74890
vt 0.26270 0.73485
vt 0.25689 0.72500
vt 0.25315 0.71115
vt 0.25032 0.69103
vt 0.26669 0.72524
vt 0.26441 0.71706
vt 0.05713 0.72924
vt 0.04780 0.72350
vt 0.04765 0.73587
vt 0.05871 0.72084
vt 0.26985 0.74361
vt 0.16961 0.88435
vt 0.16947 0.87630
vt 0.16953 0.89177
vt 0.26510 0.68033
vt 0.27321 0.67629
vt 0.86449 0.11538
vt 0.86553 0.12463
vt 0.87080 0.12270
vt 0.89410 0.27548
vt 0.89249 0.27905
vt 0.05902 0.73791
vt 0.06413 0.73203
vt 0.05339 0.74199
vt 0.75382 0.93627
vt 0.76434 0.94285
vt 0.76959 0.93453
vt 0.41431 0.14988
vt 0.40962 0.15470
vt 0.41946 0.15458
vt 0.41897 0.14808
vt 0.75758 0.94586
vt 0.42623 0.15643
vt 0.74938 0.94823
vt 0.75635 0.95297
vt 0.25284 0.76115
vt 0.74928 0.95604
vt 0.24688 0.76931
vt 0.25441 0.76886
vt 0.43860 0.16051
vt 0.75965 0.95956
vt 0.76198 0.97019
vt 0.76763 0.96307
vt 0.44729 0.16126
vt 0.75077 0.96490
vt 0.24062 0.77756
vt 0.75180 0.97290
vt 0.23414 0.78486
vt 0.24343 0.78391
vt 0.44576 0.15489
vt 0.21502 0.25610
vt 0.22425 0.25147
vt 0.21573 0.24756
vt 0.45586 0.15675
vt 0.44907 0.15558
vt 0.22779 0.24390
vt 0.22044 0.23917
vt 0.46474 0.15409
vt 0.11180 0.88519
vt 0.10945 0.89387
vt 0.11796 0.89259
vt 0.10426 0.88643
vt 0.22200 0.78742
vt 0.23032 0.79121
vt 0.26280 0.04042
vt 0.27151 0.04702
vt 0.27266 0.03902
vt 0.26168 0.05213
vt 0.21436 0.79640
vt 0.23670 0.24311
vt 0.23411 0.23874
vt 0.24190 0.23704
vt 0.22812 0.23573
vt 0.23498 0.23419
vt 0.26933 0.05635
vt 0.24885 0.23067
vt 0.26234 0.06013
vt 0.20983 0.80265
vt 0.20330 0.80768
vt 0.25646 0.23042
vt 0.25404 0.22578
vt 0.08095 0.77149
vt 0.07882 0.78051
vt 0.96027 0.22885
vt 0.96034 0.21924
vt 0.95218 0.22249
vt 0.96562 0.22292
vt 0.08478 0.78908
vt 0.41237 0.93476
vt 0.94028 0.16450
vt 0.94889 0.16857
vt 0.94684 0.16108
vt 0.40478 0.93630
vt 0.94076 0.15624
vt 0.39946 0.94193
vt 0.24611 0.46410
vt 0.86229 0.87096
vt 0.52587 0.13887
vt 0.08485 0.16447
vt 0.08747 0.15716

# No. faces 1318:

usemtl CavePlatform2_

f 3/3/1321 2/2/1320 1/1/1319
f 4/4/1322 2/2/1320 3/3/1321
f 5/5/1323 3/3/1321 1/1/1319
f 6/6/1324 3/3/1321 5/5/1323
f 6/9/1324 7/8/1325 3/7/1321
f 3/7/1321 8/11/1326 4/10/1322
f 8/11/1326 3/7/1321 7/8/1325
f 10/13/1328 9/12/1327 2/2/1320
f 2/2/1320 9/12/1327 1/1/1319
f 4/4/1322 10/13/1328 2/2/1320
f 1/1/1319 9/12/1327 5/5/1323
f 5/5/1323 9/12/1327 11/14/1329
f 5/5/1323 11/14/1329 12/15/1330
f 12/15/1330 13/16/1331 5/5/1323
f 13/16/1331 6/6/1324 5/5/1323
f 6/9/1324 14/17/1332 7/8/1325
f 6/9/1324 13/18/1331 14/17/1332
f 7/8/1325 14/17/1332 15/19/1333
f 15/19/1333 16/20/1334 7/8/1325
f 16/20/1334 8/11/1326 7/8/1325
f 17/21/1335 8/11/1326 16/20/1334
f 18/22/1336 8/11/1326 17/21/1335
f 8/11/1326 18/22/1336 4/10/1322
f 19/23/1337 10/13/1328 4/4/1322
f 4/26/1322 18/25/1336 19/24/1337
f 10/13/1328 20/27/1338 9/12/1327
f 21/28/1339 20/27/1338 10/13/1328
f 19/23/1337 21/28/1339 10/13/1328
f 20/27/1338 22/29/1340 9/12/1327
f 23/30/1341 12/15/1330 11/14/1329
f 24/33/1342 12/32/1330 23/31/1341
f 24/33/1342 25/34/1343 12/32/1330
f 13/35/1331 12/32/1330 25/34/1343
f 14/17/1332 13/18/1331 26/36/1344
f 13/18/1331 27/37/1345 26/36/1344
f 25/38/1343 27/37/1345 13/18/1331
f 14/17/1332 28/39/1346 15/19/1333
f 14/17/1332 26/36/1344 28/39/1346
f 15/19/1333 28/39/1346 29/40/1347
f 29/40/1347 30/41/1348 15/19/1333
f 30/41/1348 16/20/1334 15/19/1333
f 31/42/1349 16/20/1334 30/41/1348
f 17/21/1335 16/20/1334 31/42/1349
f 32/45/1350 17/44/1335 31/43/1349
f 33/46/1351 17/44/1335 32/45/1350
f 33/46/1351 18/25/1336 17/44/1335
f 34/47/1352 18/25/1336 33/46/1351
f 18/25/1336 34/47/1352 19/24/1337
f 35/49/1353 21/48/1339 19/24/1337
f 19/24/1337 34/47/1352 35/49/1353
f 21/28/1339 36/50/1354 20/27/1338
f 37/52/1355 36/51/1354 21/48/1339
f 21/48/1339 38/53/1356 37/52/1355
f 35/49/1353 38/53/1356 21/48/1339
f 20/27/1338 39/54/1357 22/29/1340
f 36/50/1354 39/54/1357 20/27/1338
f 9/12/1327 22/29/1340 11/14/1329
f 23/30/1341 11/14/1329 40/55/1358
f 23/30/1341 40/55/1358 41/56/1359
f 41/56/1359 42/57/1360 23/30/1341
f 42/58/1360 24/33/1342 23/31/1341
f 25/38/1343 24/60/1342 43/59/1361
f 24/60/1342 42/62/1360 44/61/1362
f 43/59/1361 24/60/1342 44/61/1362
f 25/38/1343 43/59/1361 27/37/1345
f 43/59/1361 44/61/1362 45/63/1363
f 27/37/1345 43/59/1361 45/63/1363
f 47/65/1365 27/37/1345 46/64/1364
f 26/36/1344 27/37/1345 47/65/1365
f 46/64/1364 27/37/1345 45/63/1363
f 28/39/1346 26/36/1344 47/65/1365
f 49/67/1367 47/65/1365 48/66/1366
f 28/39/1346 47/65/1365 49/67/1367
f 46/64/1364 48/66/1366 47/65/1365
f 50/68/1368 48/66/1366 46/64/1364
f 44/61/1362 51/69/1369 45/63/1363
f 45/63/1363 51/69/1369 46/64/1364
f 51/69/1369 44/61/1362 52/70/1370
f 52/70/1370 44/61/1362 53/71/1371
f 44/61/1362 42/62/1360 53/71/1371
f 42/74/1360 41/73/1359 53/72/1371
f 41/56/1359 40/55/1358 54/75/1372
f 53/72/1371 41/73/1359 55/76/1373
f 41/56/1359 54/75/1372 55/77/1373
f 11/14/1329 56/78/1374 40/55/1358
f 40/55/1358 56/78/1374 54/75/1372
f 11/14/1329 22/29/1340 56/78/1374
f 22/29/1340 57/79/1375 56/78/1374
f 54/75/1372 56/78/1374 58/80/1376
f 59/81/1377 54/75/1372 58/80/1376
f 60/82/1378 54/75/1372 59/81/1377
f 60/82/1378 55/77/1373 54/75/1372
f 55/85/1373 60/84/1378 61/83/1379
f 52/70/1370 53/71/1371 55/86/1373
f 62/87/1380 52/70/1370 55/86/1373
f 62/88/1380 55/85/1373 61/83/1379
f 62/87/1380 63/89/1381 52/70/1370
f 52/70/1370 63/89/1381 64/90/1382
f 64/90/1382 51/69/1369 52/70/1370
f 51/69/1369 66/92/1384 65/91/1383
f 46/64/1364 51/69/1369 65/91/1383
f 66/92/1384 51/69/1369 64/90/1382
f 46/64/1364 65/91/1383 50/68/1368
f 68/95/1386 65/94/1383 67/93/1385
f 67/93/1385 65/94/1383 69/96/1387
f 65/94/1383 66/97/1384 69/96/1387
f 50/68/1368 65/91/1383 68/98/1386
f 66/97/1384 70/99/1388 69/96/1387
f 70/102/1388 66/101/1384 64/100/1382
f 71/103/1389 70/102/1388 64/100/1382
f 72/104/1390 71/103/1389 64/100/1382
f 72/105/1390 64/90/1382 63/89/1381
f 63/108/1381 73/107/1391 72/106/1390
f 73/107/1391 63/108/1381 74/109/1392
f 63/108/1381 62/88/1380 74/109/1392
f 62/88/1380 61/83/1379 74/109/1392
f 61/83/1379 75/110/1393 74/109/1392
f 61/83/1379 60/84/1378 75/110/1393
f 60/84/1378 59/111/1377 75/110/1393
f 59/81/1377 77/113/1395 76/112/1394
f 58/80/1376 77/113/1395 59/81/1377
f 75/110/1393 59/111/1377 78/114/1396
f 59/111/1377 76/115/1394 78/114/1396
f 58/80/1376 56/78/1374 77/113/1395
f 56/78/1374 57/79/1375 79/116/1397
f 56/78/1374 79/116/1397 77/113/1395
f 77/113/1395 79/116/1397 80/117/1398
f 80/117/1398 76/112/1394 77/113/1395
f 81/119/1399 76/115/1394 80/118/1398
f 81/119/1399 82/120/1400 76/115/1394
f 76/115/1394 82/120/1400 78/114/1396
f 78/114/1396 82/120/1400 83/121/1401
f 78/114/1396 83/121/1401 84/122/1402
f 75/110/1393 78/114/1396 84/122/1402
f 74/109/1392 75/110/1393 84/122/1402
f 74/109/1392 84/122/1402 73/107/1391
f 86/124/1404 73/107/1391 85/123/1403
f 87/125/1405 73/107/1391 86/124/1404
f 87/125/1405 72/106/1390 73/107/1391
f 84/122/1402 85/123/1403 73/107/1391
f 72/104/1390 87/126/1405 71/103/1389
f 71/129/1389 89/128/1407 88/127/1406
f 71/132/1389 87/131/1405 89/130/1407
f 70/99/1388 71/129/1389 88/127/1406
f 69/96/1387 70/99/1388 88/127/1406
f 69/96/1387 88/127/1406 90/133/1408
f 67/93/1385 69/96/1387 90/133/1408
f 88/127/1406 92/135/1410 91/134/1409
f 90/133/1408 88/127/1406 91/134/1409
f 88/127/1406 89/128/1407 92/135/1410
f 89/128/1407 94/137/1412 93/136/1411
f 92/135/1410 89/128/1407 93/136/1411
f 89/130/1407 86/139/1404 94/138/1412
f 87/131/1405 86/139/1404 89/130/1407
f 86/139/1404 95/140/1413 94/138/1412
f 96/142/1414 95/141/1413 86/124/1404
f 85/123/1403 96/142/1414 86/124/1404
f 83/121/1401 96/142/1414 85/123/1403
f 84/122/1402 83/121/1401 85/123/1403
f 83/121/1401 97/143/1415 96/142/1414
f 82/120/1400 97/143/1415 83/121/1401
f 97/143/1415 82/120/1400 98/144/1416
f 98/144/1416 82/120/1400 81/119/1399
f 100/146/1418 99/145/1417 81/119/1399
f 81/119/1399 99/145/1417 98/144/1416
f 100/146/1418 81/119/1399 80/118/1398
f 101/147/1419 80/117/1398 79/116/1397
f 100/150/1418 80/149/1398 101/148/1419
f 57/79/1375 102/151/1420 79/116/1397
f 102/151/1420 104/153/1422 103/152/1421
f 79/116/1397 102/151/1420 103/152/1421
f 79/116/1397 103/152/1421 101/147/1419
f 101/147/1419 103/152/1421 105/154/1423
f 106/155/1424 101/147/1419 105/154/1423
f 107/157/1425 101/148/1419 106/156/1424
f 107/157/1425 108/158/1426 101/148/1419
f 100/150/1418 101/148/1419 108/158/1426
f 99/145/1417 100/146/1418 108/159/1426
f 99/145/1417 109/160/1427 98/144/1416
f 109/160/1427 99/145/1417 110/161/1428
f 110/161/1428 99/145/1417 108/159/1426
f 98/144/1416 109/160/1427 111/162/1429
f 111/162/1429 97/143/1415 98/144/1416
f 112/163/1430 97/143/1415 111/162/1429
f 97/143/1415 112/163/1430 96/142/1414
f 96/142/1414 112/163/1430 95/141/1413
f 95/140/1413 113/164/1431 94/138/1412
f 112/163/1430 113/165/1431 95/141/1413
f 94/137/1412 114/166/1432 93/136/1411
f 113/167/1431 114/166/1432 94/137/1412
f 93/136/1411 114/166/1432 115/168/1433
f 116/169/1434 93/136/1411 115/168/1433
f 92/135/1410 93/136/1411 116/169/1434
f 114/166/1432 118/171/1436 117/170/1435
f 115/168/1433 114/166/1432 117/170/1435
f 114/166/1432 119/172/1437 118/171/1436
f 120/175/1438 119/174/1437 114/173/1432
f 113/176/1431 120/175/1438 114/173/1432
f 113/165/1431 112/163/1430 120/177/1438
f 120/177/1438 112/163/1430 111/162/1429
f 109/160/1427 121/178/1439 111/162/1429
f 111/162/1429 121/178/1439 120/177/1438
f 121/178/1439 109/160/1427 122/179/1440
f 122/179/1440 109/160/1427 110/161/1428
f 124/182/1442 123/181/1441 110/180/1428
f 110/185/1428 123/184/1441 122/183/1440
f 108/158/1426 124/182/1442 110/180/1428
f 107/157/1425 124/182/1442 108/158/1426
f 124/182/1442 107/157/1425 125/186/1443
f 107/157/1425 106/156/1424 125/186/1443
f 106/155/1424 127/188/1445 126/187/1444
f 105/154/1423 127/188/1445 106/155/1424
f 125/186/1443 106/156/1424 128/189/1446
f 106/156/1424 126/190/1444 128/189/1446
f 105/154/1423 104/153/1422 127/188/1445
f 103/152/1421 104/153/1422 105/154/1423
f 104/153/1422 129/191/1447 127/188/1445
f 126/187/1444 127/188/1445 130/192/1448
f 128/189/1446 126/190/1444 131/193/1449
f 126/196/1444 130/195/1448 131/194/1449
f 128/189/1446 131/193/1449 132/197/1450
f 128/189/1446 132/197/1450 133/198/1451
f 125/186/1443 128/189/1446 133/198/1451
f 133/198/1451 124/182/1442 125/186/1443
f 123/181/1441 124/182/1442 133/198/1451
f 134/199/1452 122/183/1440 123/184/1441
f 123/184/1441 135/200/1453 134/199/1452
f 135/201/1453 123/181/1441 133/198/1451
f 137/203/1455 136/202/1454 122/183/1440
f 134/199/1452 137/203/1455 122/183/1440
f 136/202/1454 121/204/1439 122/183/1440
f 120/175/1438 121/205/1439 119/174/1437
f 121/204/1439 136/202/1454 119/206/1437
f 119/172/1437 139/208/1457 138/207/1456
f 118/171/1436 119/172/1437 138/207/1456
f 119/172/1437 136/209/1454 139/208/1457
f 118/171/1436 138/207/1456 140/210/1458
f 117/170/1435 118/171/1436 140/210/1458
f 138/207/1456 141/211/1459 140/210/1458
f 138/207/1456 139/208/1457 141/211/1459
f 139/208/1457 142/212/1460 141/211/1459
f 137/213/1455 142/212/1460 139/208/1457
f 136/209/1454 137/213/1455 139/208/1457
f 137/203/1455 143/215/1461 142/214/1460
f 134/199/1452 143/215/1461 137/203/1455
f 143/215/1461 134/199/1452 135/200/1453
f 145/217/1463 135/200/1453 144/216/1462
f 143/215/1461 135/200/1453 145/217/1463
f 132/197/1450 144/218/1462 135/201/1453
f 133/198/1451 132/197/1450 135/201/1453
f 132/197/1450 146/219/1464 144/218/1462
f 131/193/1449 146/219/1464 132/197/1450
f 131/194/1449 147/221/1465 146/220/1464
f 131/194/1449 130/195/1448 147/221/1465
f 130/192/1448 149/223/1467 148/222/1466
f 127/188/1445 149/223/1467 130/192/1448
f 130/195/1448 148/224/1466 147/221/1465
f 127/188/1445 129/191/1447 149/223/1467
f 129/191/1447 151/226/1469 150/225/1468
f 129/191/1447 150/225/1468 149/223/1467
f 149/223/1467 150/225/1468 152/227/1470
f 152/227/1470 148/222/1466 149/223/1467
f 153/229/1471 148/224/1466 152/228/1470
f 153/229/1471 154/230/1472 148/224/1466
f 148/224/1466 154/230/1472 147/221/1465
f 147/221/1465 154/230/1472 155/231/1473
f 147/221/1465 155/231/1473 146/220/1464
f 146/220/1464 155/231/1473 156/232/1474
f 146/220/1464 156/232/1474 144/233/1462
f 144/216/1462 156/234/1474 145/217/1463
f 142/237/1460 145/236/1463 157/235/1475
f 145/236/1463 158/238/1476 157/235/1475
f 156/239/1474 158/238/1476 145/236/1463
f 143/215/1461 145/217/1463 142/214/1460
f 142/212/1460 157/240/1475 141/211/1459
f 140/210/1458 141/211/1459 159/241/1477
f 140/210/1458 159/241/1477 160/242/1478
f 141/211/1459 161/243/1479 159/241/1477
f 141/211/1459 157/240/1475 161/243/1479
f 157/240/1475 162/244/1480 161/243/1479
f 157/235/1475 158/238/1476 162/245/1480
f 158/238/1476 163/246/1481 162/245/1480
f 164/247/1482 163/246/1481 158/238/1476
f 156/239/1474 164/247/1482 158/238/1476
f 155/231/1473 164/248/1482 156/232/1474
f 155/231/1473 165/249/1483 164/248/1482
f 154/230/1472 165/249/1483 155/231/1473
f 165/249/1483 154/230/1472 166/250/1484
f 166/250/1484 154/230/1472 153/229/1471
f 153/229/1471 167/251/1485 166/250/1484
f 168/252/1486 167/251/1485 153/229/1471
f 152/228/1470 168/252/1486 153/229/1471
f 169/253/1487 152/227/1470 150/225/1468
f 170/254/1488 152/227/1470 169/253/1487
f 170/255/1488 168/252/1486 152/228/1470
f 150/225/1468 151/226/1469 169/253/1487
f 169/253/1487 172/257/1490 171/256/1489
f 151/226/1469 172/257/1490 169/253/1487
f 173/258/1491 169/253/1487 171/256/1489
f 174/259/1492 169/253/1487 173/258/1491
f 174/259/1492 170/254/1488 169/253/1487
f 170/262/1488 174/261/1492 175/260/1493
f 170/255/1488 175/263/1493 168/252/1486
f 168/252/1486 175/263/1493 167/251/1485
f 167/266/1485 177/265/1495 176/264/1494
f 167/266/1485 178/267/1496 177/265/1495
f 175/260/1493 178/267/1496 167/266/1485
f 167/251/1485 176/269/1494 179/268/1497
f 166/250/1484 167/251/1485 179/268/1497
f 179/268/1497 165/249/1483 166/250/1484
f 180/270/1498 165/249/1483 179/268/1497
f 165/249/1483 180/270/1498 164/248/1482
f 164/247/1482 180/271/1498 163/246/1481
f 163/246/1481 181/272/1499 162/245/1480
f 180/271/1498 181/272/1499 163/246/1481
f 162/244/1480 182/273/1500 161/243/1479
f 181/272/1499 182/274/1500 162/245/1480
f 161/243/1479 182/273/1500 183/275/1501
f 159/241/1477 161/243/1479 183/275/1501
f 159/241/1477 183/275/1501 184/276/1502
f 160/242/1478 159/241/1477 184/276/1502
f 184/276/1502 183/275/1501 185/277/1503
f 183/275/1501 186/278/1504 185/277/1503
f 182/273/1500 186/278/1504 183/275/1501
f 187/279/1505 186/278/1504 182/273/1500
f 188/281/1506 187/280/1505 182/274/1500
f 181/272/1499 188/281/1506 182/274/1500
f 181/272/1499 180/271/1498 188/281/1506
f 188/282/1506 180/270/1498 179/268/1497
f 176/269/1494 188/282/1506 179/268/1497
f 190/284/1508 176/264/1494 189/283/1507
f 176/264/1494 191/285/1509 189/283/1507
f 177/265/1495 191/285/1509 176/264/1494
f 190/286/1508 188/282/1506 176/269/1494
f 177/265/1495 192/287/1510 191/285/1509
f 193/288/1511 192/287/1510 177/265/1495
f 178/267/1496 193/288/1511 177/265/1495
f 178/267/1496 173/289/1491 193/288/1511
f 175/260/1493 174/261/1492 178/267/1496
f 174/261/1492 173/289/1491 178/267/1496
f 173/258/1491 171/256/1489 194/290/1512
f 173/289/1491 194/291/1512 193/288/1511
f 171/256/1489 196/293/1514 195/292/1513
f 172/257/1490 196/293/1514 171/256/1489
f 171/256/1489 195/292/1513 194/290/1512
f 194/290/1512 195/292/1513 197/294/1515
f 193/288/1511 194/291/1512 198/295/1516
f 194/290/1512 197/294/1515 198/296/1516
f 193/288/1511 198/295/1516 192/287/1510
f 192/287/1510 200/298/1518 199/297/1517
f 198/295/1516 200/298/1518 192/287/1510
f 192/287/1510 199/297/1517 191/285/1509
f 201/299/1519 191/285/1509 199/297/1517
f 202/300/1520 191/285/1509 201/299/1519
f 202/300/1520 189/283/1507 191/285/1509
f 189/303/1507 202/302/1520 203/301/1521
f 203/306/1521 204/305/1522 189/304/1507
f 189/304/1507 204/305/1522 190/307/1508
f 190/307/1508 204/305/1522 187/280/1505
f 190/307/1508 187/280/1505 188/281/1506
f 187/279/1505 204/308/1522 186/278/1504
f 186/278/1504 205/309/1523 185/277/1503
f 186/278/1504 204/308/1522 205/309/1523
f 205/309/1523 206/310/1524 185/277/1503
f 205/309/1523 207/311/1525 206/310/1524
f 203/312/1521 207/311/1525 205/309/1523
f 204/308/1522 203/312/1521 205/309/1523
f 203/301/1521 202/302/1520 207/313/1525
f 202/302/1520 201/314/1519 207/313/1525
f 207/313/1525 201/314/1519 208/315/1526
f 201/314/1519 209/316/1527 208/315/1526
f 210/317/1528 209/316/1527 201/314/1519
f 199/297/1517 210/318/1528 201/299/1519
f 200/298/1518 210/318/1528 199/297/1517
f 200/298/1518 211/319/1529 210/318/1528
f 212/320/1530 211/319/1529 200/298/1518
f 198/295/1516 212/320/1530 200/298/1518
f 198/323/1516 197/322/1515 212/321/1530
f 197/294/1515 214/325/1532 213/324/1531
f 195/292/1513 214/325/1532 197/294/1515
f 197/322/1515 213/326/1531 212/321/1530
f 195/292/1513 196/293/1514 214/325/1532
f 214/325/1532 216/328/1534 215/327/1533
f 196/293/1514 216/328/1534 214/325/1532
f 215/327/1533 213/324/1531 214/325/1532
f 217/331/1535 213/330/1531 215/329/1533
f 217/331/1535 218/332/1536 213/330/1531
f 213/330/1531 218/332/1536 212/333/1530
f 212/333/1530 218/332/1536 211/334/1529
f 211/337/1529 220/336/1538 219/335/1537
f 218/338/1536 220/336/1538 211/337/1529
f 211/337/1529 219/335/1537 210/317/1528
f 210/317/1528 219/335/1537 209/316/1527
f 208/315/1526 209/316/1527 221/339/1539
f 209/316/1527 222/340/1540 221/339/1539
f 219/335/1537 222/340/1540 209/316/1527
f 208/343/1526 221/342/1539 223/341/1541
f 206/310/1524 208/343/1526 223/341/1541
f 207/311/1525 208/343/1526 206/310/1524
f 185/277/1503 206/310/1524 224/344/1542
f 184/276/1502 185/277/1503 224/344/1542
f 184/276/1502 224/344/1542 225/345/1543
f 226/346/1544 184/276/1502 225/345/1543
f 206/310/1524 223/341/1541 224/344/1542
f 223/341/1541 228/348/1546 227/347/1545
f 224/344/1542 223/341/1541 227/347/1545
f 221/342/1539 228/348/1546 223/341/1541
f 229/350/1547 228/349/1546 221/339/1539
f 222/340/1540 229/350/1547 221/339/1539
f 219/335/1537 229/350/1547 222/340/1540
f 219/335/1537 220/336/1538 230/351/1548
f 230/354/1548 220/353/1538 231/352/1549
f 220/336/1538 218/338/1536 231/355/1549
f 231/352/1549 218/332/1536 217/331/1535
f 215/327/1533 233/357/1551 232/356/1550
f 216/328/1534 233/357/1551 215/327/1533
f 215/329/1533 232/358/1550 217/331/1535
f 217/331/1535 235/360/1553 234/359/1552
f 232/358/1550 235/360/1553 217/331/1535
f 217/331/1535 234/359/1552 231/352/1549
f 231/352/1549 234/359/1552 230/354/1548
f 230/351/1548 237/362/1555 236/361/1554
f 234/359/1552 237/363/1555 230/354/1548
f 236/361/1554 219/335/1537 230/351/1548
f 229/350/1547 219/335/1537 236/361/1554
f 229/350/1547 236/361/1554 228/349/1546
f 228/348/1546 239/365/1557 238/364/1556
f 227/347/1545 228/348/1546 238/364/1556
f 228/349/1546 236/361/1554 239/366/1557
f 227/347/1545 238/364/1556 240/367/1558
f 224/344/1542 227/347/1545 240/367/1558
f 225/345/1543 224/344/1542 240/367/1558
f 225/345/1543 240/367/1558 241/368/1559
f 242/369/1560 225/345/1543 241/368/1559
f 226/346/1544 225/345/1543 242/369/1560
f 240/367/1558 244/371/1562 243/370/1561
f 240/367/1558 238/364/1556 244/371/1562
f 238/364/1556 245/372/1563 244/371/1562
f 239/365/1557 245/372/1563 238/364/1556
f 246/374/1564 245/373/1563 239/366/1557
f 247/375/1565 246/374/1564 239/366/1557
f 236/361/1554 247/375/1565 239/366/1557
f 237/362/1555 247/375/1565 236/361/1554
f 237/362/1555 248/376/1566 247/375/1565
f 234/359/1552 249/377/1567 237/363/1555
f 249/378/1567 248/376/1566 237/362/1555
f 235/360/1553 249/377/1567 234/359/1552
f 249/377/1567 235/360/1553 250/379/1568
f 250/379/1568 235/360/1553 251/380/1569
f 251/380/1569 235/360/1553 232/358/1550
f 248/376/1566 249/378/1567 252/381/1570
f 252/382/1570 249/377/1567 250/379/1568
f 246/374/1564 248/376/1566 253/383/1571
f 253/383/1571 248/376/1566 252/381/1570
f 248/376/1566 246/374/1564 247/375/1565
f 246/374/1564 253/383/1571 245/373/1563
f 245/372/1563 255/385/1573 254/384/1572
f 244/371/1562 245/372/1563 254/384/1572
f 245/373/1563 253/383/1571 255/386/1573
f 244/371/1562 254/384/1572 256/387/1574
f 243/370/1561 244/371/1562 256/387/1574
f 241/368/1559 240/367/1558 243/370/1561
f 241/368/1559 243/370/1561 257/388/1575
f 254/384/1572 258/389/1576 256/387/1574
f 254/384/1572 255/385/1573 258/389/1576
f 255/385/1573 259/390/1577 258/389/1576
f 255/386/1573 260/392/1578 259/391/1577
f 253/383/1571 260/392/1578 255/386/1573
f 261/393/1579 260/392/1578 253/383/1571
f 252/381/1570 261/393/1579 253/383/1571
f 262/396/1580 261/395/1579 252/394/1570
f 250/397/1568 262/396/1580 252/394/1570
f 261/393/1579 263/398/1581 260/392/1578
f 262/396/1580 263/399/1581 261/395/1579
f 260/392/1578 264/400/1582 259/391/1577
f 263/398/1581 264/400/1582 260/392/1578
f 259/390/1577 265/401/1583 258/389/1576
f 266/403/1584 265/402/1583 259/391/1577
f 264/400/1582 266/403/1584 259/391/1577
f 258/389/1576 265/401/1583 267/404/1585
f 256/387/1574 258/389/1576 267/404/1585
f 243/370/1561 256/387/1574 268/405/1586
f 243/370/1561 268/405/1586 257/388/1575
f 257/388/1575 270/407/1588 269/406/1587
f 271/408/1589 257/388/1575 269/406/1587
f 241/368/1559 257/388/1575 271/408/1589
f 271/408/1589 269/406/1587 272/409/1590
f 269/406/1587 274/411/1592 273/410/1591
f 272/409/1590 269/406/1587 273/410/1591
f 269/406/1587 270/407/1588 274/411/1592
f 257/388/1575 275/412/1593 270/407/1588
f 257/388/1575 268/405/1586 275/412/1593
f 268/405/1586 256/387/1574 276/413/1594
f 256/387/1574 277/414/1595 276/413/1594
f 256/387/1574 267/404/1585 277/414/1595
f 267/404/1585 278/415/1596 277/414/1595
f 267/404/1585 265/401/1583 278/415/1596
f 265/401/1583 279/416/1597 278/415/1596
f 265/402/1583 280/418/1598 279/417/1597
f 266/403/1584 280/418/1598 265/402/1583
f 281/419/1599 280/418/1598 266/403/1584
f 281/419/1599 266/403/1584 264/400/1582
f 282/420/1600 264/400/1582 263/398/1581
f 281/419/1599 264/400/1582 282/420/1600
f 283/421/1601 280/418/1598 281/419/1599
f 282/420/1600 283/421/1601 281/419/1599
f 280/418/1598 284/422/1602 279/417/1597
f 285/423/1603 284/422/1602 280/418/1598
f 283/421/1601 285/423/1603 280/418/1598
f 278/426/1596 279/425/1597 286/424/1604
f 284/422/1602 286/427/1604 279/417/1597
f 277/414/1595 278/415/1596 287/428/1605
f 287/429/1605 278/426/1596 286/424/1604
f 277/414/1595 288/430/1606 276/413/1594
f 289/431/1607 288/430/1606 277/414/1595
f 289/431/1607 277/414/1595 287/428/1605
f 276/413/1594 288/430/1606 290/432/1608
f 268/405/1586 276/413/1594 290/432/1608
f 268/405/1586 290/432/1608 291/433/1609
f 275/412/1593 268/405/1586 291/433/1609
f 275/412/1593 291/433/1609 292/434/1610
f 270/407/1588 275/412/1593 293/435/1611
f 274/411/1592 270/407/1588 293/435/1611
f 293/435/1611 273/410/1591 274/411/1592
f 295/437/1613 273/410/1591 294/436/1612
f 296/438/1614 273/410/1591 293/435/1611
f 296/438/1614 294/436/1612 273/410/1591
f 273/410/1591 295/437/1613 272/409/1590
f 296/438/1614 293/435/1611 297/439/1615
f 292/434/1610 293/435/1611 275/412/1593
f 298/440/1616 293/435/1611 292/434/1610
f 298/440/1616 297/439/1615 293/435/1611
f 298/443/1616 292/442/1610 299/441/1617
f 299/441/1617 292/442/1610 300/444/1618
f 292/434/1610 291/433/1609 300/445/1618
f 300/445/1618 291/433/1609 301/446/1619
f 291/433/1609 290/432/1608 301/446/1619
f 301/449/1619 290/448/1608 302/447/1620
f 290/448/1608 288/450/1606 302/447/1620
f 289/451/1607 302/447/1620 288/450/1606
f 303/454/1621 302/453/1620 289/452/1607
f 289/452/1607 287/429/1605 303/454/1621
f 287/429/1605 286/424/1604 304/455/1622
f 303/454/1621 287/429/1605 304/455/1622
f 304/456/1622 286/427/1604 284/422/1602
f 285/423/1603 304/456/1622 284/422/1602
f 306/458/1624 305/457/1623 285/423/1603
f 305/457/1623 304/456/1622 285/423/1603
f 283/421/1601 307/459/1625 285/423/1603
f 285/423/1603 307/459/1625 306/458/1624
f 307/459/1625 283/421/1601 282/420/1600
f 308/460/1626 307/459/1625 282/420/1600
f 309/461/1627 306/458/1624 307/459/1625
f 309/461/1627 307/459/1625 308/460/1626
f 311/464/1629 310/463/1628 306/462/1624
f 310/463/1628 305/465/1623 306/462/1624
f 312/466/1630 311/464/1629 306/462/1624
f 309/467/1627 312/466/1630 306/462/1624
f 303/454/1621 304/455/1622 305/468/1623
f 313/469/1631 303/454/1621 305/468/1623
f 313/469/1631 305/468/1623 310/470/1628
f 303/454/1621 313/469/1631 314/471/1632
f 302/453/1620 303/454/1621 315/472/1633
f 314/471/1632 315/472/1633 303/454/1621
f 301/474/1619 302/453/1620 316/473/1634
f 302/453/1620 315/472/1633 316/473/1634
f 300/476/1618 301/474/1619 317/475/1635
f 317/475/1635 301/474/1619 316/473/1634
f 299/478/1617 300/476/1618 318/477/1636
f 318/477/1636 300/476/1618 317/475/1635
f 320/480/1638 299/478/1617 319/479/1637
f 321/481/1639 299/478/1617 320/480/1638
f 321/482/1639 298/443/1616 299/441/1617
f 319/479/1637 299/478/1617 318/477/1636
f 297/483/1615 298/443/1616 321/482/1639
f 322/486/1640 321/485/1639 320/484/1638
f 322/486/1640 297/487/1615 321/485/1639
f 323/489/1641 296/488/1614 297/487/1615
f 323/489/1641 297/487/1615 322/486/1640
f 324/490/1642 322/486/1640 320/484/1638
f 322/486/1640 324/490/1642 323/489/1641
f 325/491/1643 324/490/1642 320/484/1638
f 320/494/1638 319/493/1637 326/492/1644
f 325/495/1643 320/494/1638 326/492/1644
f 319/479/1637 318/477/1636 327/496/1645
f 326/497/1644 319/479/1637 327/496/1645
f 318/477/1636 317/475/1635 328/498/1646
f 327/496/1645 318/477/1636 328/498/1646
f 317/475/1635 316/473/1634 329/499/1647
f 328/498/1646 317/475/1635 329/499/1647
f 316/473/1634 315/472/1633 314/471/1632
f 329/499/1647 316/473/1634 314/471/1632
f 330/500/1648 313/469/1631 310/470/1628
f 310/463/1628 331/502/1649 330/501/1648
f 331/502/1649 310/463/1628 311/464/1629
f 312/505/1630 332/504/1650 311/503/1629
f 332/504/1650 331/506/1649 311/503/1629
f 312/466/1630 309/467/1627 333/507/1651
f 312/505/1630 334/508/1652 332/504/1650
f 312/511/1630 333/510/1651 334/509/1652
f 333/514/1651 309/513/1627 308/512/1626
f 333/514/1651 308/512/1626 335/515/1653
f 334/509/1652 333/510/1651 335/516/1653
f 332/504/1650 334/508/1652 336/517/1654
f 337/518/1655 336/517/1654 334/508/1652
f 337/519/1655 334/509/1652 335/516/1653
f 332/504/1650 338/520/1656 331/506/1649
f 339/521/1657 338/520/1656 332/504/1650
f 336/517/1654 339/521/1657 332/504/1650
f 331/524/1649 338/523/1656 330/522/1648
f 341/526/1659 340/525/1658 330/500/1648
f 313/469/1631 330/500/1648 340/525/1658
f 341/527/1659 330/522/1648 338/523/1656
f 340/525/1658 314/471/1632 313/469/1631
f 314/471/1632 342/528/1660 329/499/1647
f 340/525/1658 342/528/1660 314/471/1632
f 328/498/1646 329/499/1647 342/528/1660
f 327/496/1645 328/498/1646 343/529/1661
f 343/529/1661 328/498/1646 342/528/1660
f 326/497/1644 327/496/1645 344/530/1662
f 344/530/1662 327/496/1645 343/529/1661
f 345/531/1663 325/495/1643 326/492/1644
f 345/532/1663 326/497/1644 344/530/1662
f 346/533/1664 324/490/1642 325/491/1643
f 347/534/1665 325/495/1643 345/531/1663
f 347/535/1665 346/533/1664 325/491/1643
f 323/489/1641 324/490/1642 348/536/1666
f 348/536/1666 324/490/1642 346/533/1664
f 350/538/1668 346/533/1664 349/537/1667
f 350/538/1668 348/536/1666 346/533/1664
f 349/537/1667 346/533/1664 347/535/1665
f 351/541/1669 347/540/1665 345/539/1663
f 349/542/1667 347/540/1665 351/541/1669
f 344/545/1662 352/544/1670 345/543/1663
f 352/546/1670 351/541/1669 345/539/1663
f 343/547/1661 352/544/1670 344/545/1662
f 342/549/1660 353/548/1671 343/547/1661
f 353/548/1671 352/544/1670 343/547/1661
f 340/525/1658 341/526/1659 342/528/1660
f 353/548/1671 342/549/1660 341/527/1659
f 341/527/1659 338/523/1656 353/548/1671
f 353/551/1671 338/520/1656 354/550/1672
f 339/521/1657 354/550/1672 338/520/1656
f 355/552/1673 337/519/1655 335/516/1653
f 356/553/1674 336/517/1654 337/518/1655
f 356/554/1674 337/519/1655 355/552/1673
f 357/555/1675 339/521/1657 336/517/1654
f 358/556/1676 357/555/1675 336/517/1654
f 358/556/1676 336/517/1654 356/553/1674
f 354/550/1672 352/546/1670 353/551/1671
f 359/557/1677 352/546/1670 354/550/1672
f 339/521/1657 359/557/1677 354/550/1672
f 359/557/1677 351/541/1669 352/546/1670
f 360/558/1678 351/541/1669 359/557/1677
f 349/542/1667 351/541/1669 360/558/1678
f 350/561/1668 349/560/1667 361/559/1679
f 360/558/1678 361/562/1679 349/542/1667
f 350/538/1668 362/563/1680 348/536/1666
f 350/538/1668 363/564/1681 362/563/1680
f 350/561/1668 364/566/1682 363/565/1681
f 364/566/1682 350/561/1668 361/559/1679
f 348/536/1666 362/563/1680 323/489/1641
f 362/563/1680 365/567/1683 323/489/1641
f 366/568/1684 363/565/1681 364/566/1682
f 363/564/1681 367/569/1685 362/563/1680
f 368/570/1686 367/569/1685 363/564/1681
f 363/565/1681 366/568/1684 368/571/1686
f 364/573/1682 360/558/1678 366/572/1684
f 364/573/1682 361/562/1679 360/558/1678
f 366/572/1684 360/558/1678 369/574/1687
f 369/574/1687 360/558/1678 359/557/1677
f 233/357/1551 358/556/1676 356/553/1674
f 357/555/1675 358/556/1676 233/357/1551
f 370/575/1688 359/557/1677 339/521/1657
f 370/575/1688 369/574/1687 359/557/1677
f 371/576/1689 366/572/1684 369/574/1687
f 371/576/1689 369/574/1687 370/575/1688
f 366/568/1684 372/577/1690 368/571/1686
f 372/578/1690 366/572/1684 371/576/1689
f 367/569/1685 368/570/1686 373/579/1691
f 373/579/1691 368/570/1686 374/580/1692
f 374/581/1692 368/571/1686 372/577/1690
f 367/569/1685 375/582/1693 362/563/1680
f 375/582/1693 367/569/1685 376/583/1694
f 376/583/1694 367/569/1685 373/579/1691
f 362/563/1680 375/582/1693 365/567/1683
f 365/567/1683 377/585/1695 295/584/1613
f 375/582/1693 377/585/1695 365/567/1683
f 378/586/1696 377/585/1695 375/582/1693
f 379/587/1697 378/586/1696 375/582/1693
f 379/587/1697 375/582/1693 376/583/1694
f 381/589/1699 380/588/1698 376/583/1694
f 380/588/1698 379/587/1697 376/583/1694
f 381/589/1699 376/583/1694 373/579/1691
f 382/590/1700 381/589/1699 373/579/1691
f 374/580/1692 382/590/1700 373/579/1691
f 374/592/1692 372/578/1690 383/591/1701
f 383/591/1701 372/578/1690 384/593/1702
f 384/593/1702 372/578/1690 371/576/1689
f 384/593/1702 371/576/1689 370/575/1688
f 385/594/1703 339/521/1657 357/555/1675
f 385/594/1703 370/575/1688 339/521/1657
f 386/595/1704 384/593/1702 370/575/1688
f 388/597/1706 383/591/1701 387/596/1705
f 389/598/1707 383/591/1701 388/597/1706
f 389/598/1707 374/592/1692 383/591/1701
f 387/596/1705 383/591/1701 384/593/1702
f 374/580/1692 390/599/1708 382/590/1700
f 389/602/1707 390/601/1708 374/600/1692
f 382/590/1700 391/603/1709 381/589/1699
f 390/599/1708 391/603/1709 382/590/1700
f 392/604/1710 380/588/1698 381/589/1699
f 391/603/1709 392/604/1710 381/589/1699
f 393/605/1711 380/588/1698 392/604/1710
f 379/587/1697 380/588/1698 394/606/1712
f 394/606/1712 380/588/1698 393/605/1711
f 394/606/1712 378/586/1696 379/587/1697
f 393/609/1711 395/608/1713 394/607/1712
f 395/608/1713 396/610/1714 394/607/1712
f 378/611/1696 394/607/1712 396/610/1714
f 397/612/1715 395/608/1713 393/609/1711
f 393/605/1711 392/604/1710 397/613/1715
f 397/613/1715 392/604/1710 398/614/1716
f 391/603/1709 398/614/1716 392/604/1710
f 399/615/1717 398/614/1716 391/603/1709
f 391/603/1709 400/616/1718 399/615/1717
f 390/599/1708 400/616/1718 391/603/1709
f 390/601/1708 389/602/1707 400/617/1718
f 388/620/1706 400/619/1718 389/618/1707
f 400/619/1718 388/620/1706 401/621/1719
f 388/597/1706 402/623/1720 401/622/1719
f 403/624/1721 388/597/1706 387/596/1705
f 402/623/1720 388/597/1706 403/624/1721
f 403/624/1721 387/596/1705 384/593/1702
f 403/624/1721 384/593/1702 386/595/1704
f 386/595/1704 370/575/1688 385/594/1703
f 404/625/1722 402/623/1720 403/624/1721
f 401/628/1719 402/627/1720 405/626/1723
f 402/627/1720 406/629/1724 405/626/1723
f 406/630/1724 402/623/1720 404/625/1722
f 401/632/1719 407/631/1725 400/616/1718
f 401/635/1719 408/634/1726 407/633/1725
f 405/636/1723 408/634/1726 401/635/1719
f 400/616/1718 407/631/1725 399/615/1717
f 398/614/1716 399/615/1717 407/631/1725
f 409/637/1727 397/613/1715 398/614/1716
f 410/638/1728 409/637/1727 398/614/1716
f 410/638/1728 398/614/1716 407/631/1725
f 395/641/1713 397/640/1715 411/639/1729
f 397/640/1715 409/642/1727 411/639/1729
f 411/639/1729 409/642/1727 412/643/1730
f 409/642/1727 413/644/1731 412/643/1730
f 414/647/1732 413/646/1731 409/645/1727
f 415/648/1733 414/647/1732 409/645/1727
f 415/648/1733 409/645/1727 410/649/1728
f 410/649/1728 407/633/1725 415/648/1733
f 407/633/1725 408/634/1726 414/647/1732
f 415/648/1733 407/633/1725 414/647/1732
f 414/652/1732 408/651/1726 416/650/1734
f 416/650/1734 408/651/1726 417/653/1735
f 408/651/1726 405/654/1723 417/653/1735
f 417/653/1735 405/654/1723 418/655/1736
f 418/656/1736 405/626/1723 406/629/1724
f 420/658/1738 406/630/1724 419/657/1737
f 418/656/1736 406/629/1724 420/659/1738
f 419/657/1737 406/630/1724 404/625/1722
f 421/660/1739 404/625/1722 403/624/1721
f 421/660/1739 403/624/1721 386/595/1704
f 422/661/1740 421/660/1739 386/595/1704
f 423/662/1741 404/625/1722 421/660/1739
f 423/662/1741 419/657/1737 404/625/1722
f 424/663/1742 420/658/1738 419/657/1737
f 424/663/1742 419/657/1737 423/662/1741
f 420/666/1738 425/665/1743 418/664/1736
f 427/668/1745 420/658/1738 426/667/1744
f 428/669/1746 420/658/1738 427/668/1745
f 428/670/1746 425/665/1743 420/666/1738
f 426/667/1744 420/658/1738 424/663/1742
f 418/673/1736 429/672/1747 417/671/1735
f 425/674/1743 429/672/1747 418/673/1736
f 430/676/1748 416/675/1734 417/671/1735
f 429/672/1747 430/676/1748 417/671/1735
f 430/676/1748 431/677/1749 416/675/1734
f 431/680/1749 432/679/1750 416/678/1734
f 432/681/1750 414/652/1732 416/650/1734
f 433/682/1751 431/677/1749 430/676/1748
f 429/672/1747 434/683/1752 430/676/1748
f 434/683/1752 433/682/1751 430/676/1748
f 435/684/1753 434/683/1752 429/672/1747
f 425/674/1743 435/684/1753 429/672/1747
f 428/685/1746 435/684/1753 425/674/1743
f 437/687/1755 428/685/1746 436/686/1754
f 437/687/1755 435/684/1753 428/685/1746
f 427/668/1745 436/688/1754 428/669/1746
f 436/688/1754 427/668/1745 438/689/1756
f 427/668/1745 439/690/1757 438/689/1756
f 440/691/1758 427/668/1745 426/667/1744
f 439/690/1757 427/668/1745 440/691/1758
f 440/691/1758 426/667/1744 424/663/1742
f 440/691/1758 424/663/1742 423/662/1741
f 441/692/1759 423/662/1741 421/660/1739
f 441/692/1759 421/660/1739 422/661/1740
f 442/693/1760 422/661/1740 386/595/1704
f 443/694/1761 441/692/1759 422/661/1740
f 443/694/1761 422/661/1740 442/693/1760
f 441/692/1759 440/691/1758 423/662/1741
f 438/689/1756 439/690/1757 444/695/1762
f 439/690/1757 445/696/1763 444/695/1762
f 445/696/1763 439/690/1757 440/691/1758
f 446/699/1764 437/698/1755 438/697/1756
f 438/697/1756 437/698/1755 436/700/1754
f 438/697/1756 444/702/1762 447/701/1765
f 446/699/1764 438/697/1756 447/701/1765
f 437/687/1755 449/704/1767 448/703/1766
f 437/687/1755 448/703/1766 435/684/1753
f 449/706/1767 437/698/1755 450/705/1768
f 437/698/1755 446/699/1764 450/705/1768
f 448/703/1766 434/683/1752 435/684/1753
f 433/682/1751 434/683/1752 451/707/1769
f 451/707/1769 434/683/1752 448/703/1766
f 448/703/1766 449/704/1767 451/707/1769
f 449/704/1767 452/708/1770 451/707/1769
f 449/706/1767 450/705/1768 452/709/1770
f 446/699/1764 453/710/1771 450/705/1768
f 446/699/1764 447/701/1765 453/710/1771
f 447/701/1765 454/711/1772 453/710/1771
f 454/711/1772 447/701/1765 455/712/1773
f 455/712/1773 447/701/1765 456/713/1774
f 447/701/1765 444/702/1762 456/713/1774
f 456/713/1774 444/702/1762 457/714/1775
f 457/715/1775 444/695/1762 445/696/1763
f 459/717/1777 445/696/1763 458/716/1776
f 457/715/1775 445/696/1763 459/717/1777
f 460/718/1778 445/696/1763 440/691/1758
f 458/716/1776 445/696/1763 460/718/1778
f 460/718/1778 440/691/1758 441/692/1759
f 461/719/1779 441/692/1759 443/694/1761
f 462/720/1780 461/719/1779 443/694/1761
f 463/721/1781 441/692/1759 461/719/1779
f 463/721/1781 460/718/1778 441/692/1759
f 459/717/1777 464/722/1782 457/715/1775
f 464/722/1782 459/717/1777 465/723/1783
f 459/717/1777 466/724/1784 465/723/1783
f 466/724/1784 459/717/1777 458/716/1776
f 457/714/1775 464/725/1782 456/713/1774
f 456/713/1774 467/726/1785 455/712/1773
f 464/725/1782 467/726/1785 456/713/1774
f 455/712/1773 469/728/1787 468/727/1786
f 468/727/1786 454/711/1772 455/712/1773
f 467/726/1785 469/728/1787 455/712/1773
f 469/728/1787 467/726/1785 470/729/1788
f 464/725/1782 470/729/1788 467/726/1785
f 465/730/1783 470/729/1788 464/725/1782
f 465/730/1783 471/731/1789 470/729/1788
f 472/732/1790 471/731/1789 465/730/1783
f 465/723/1783 466/724/1784 472/733/1790
f 466/724/1784 473/734/1791 472/733/1790
f 474/735/1792 466/724/1784 458/716/1776
f 473/734/1791 466/724/1784 474/735/1792
f 474/735/1792 458/716/1776 460/718/1778
f 475/736/1793 463/721/1781 461/719/1779
f 475/736/1793 461/719/1779 462/720/1780
f 475/736/1793 462/720/1780 476/737/1794
f 477/738/1795 463/721/1781 475/736/1793
f 463/721/1781 474/735/1792 460/718/1778
f 478/739/1796 473/734/1791 474/735/1792
f 478/739/1796 474/735/1792 463/721/1781
f 472/733/1790 473/734/1791 479/740/1797
f 473/734/1791 480/741/1798 479/740/1797
f 480/741/1798 473/734/1791 478/739/1796
f 472/732/1790 481/742/1799 471/731/1789
f 479/745/1797 481/744/1799 472/743/1790
f 482/746/1800 481/744/1799 479/745/1797
f 480/749/1798 482/748/1800 479/747/1797
f 483/750/1801 480/741/1798 478/739/1796
f 484/751/1802 480/741/1798 483/750/1801
f 484/752/1802 482/748/1800 480/749/1798
f 477/738/1795 478/739/1796 463/721/1781
f 483/750/1801 478/739/1796 477/738/1795
f 485/753/1803 475/736/1793 476/737/1794
f 486/754/1804 483/750/1801 477/738/1795
f 484/751/1802 483/750/1801 487/755/1805
f 483/750/1801 488/756/1806 487/755/1805
f 488/756/1806 483/750/1801 486/754/1804
f 484/758/1802 489/757/1807 482/746/1800
f 484/758/1802 487/759/1805 489/757/1807
f 482/746/1800 489/757/1807 481/744/1799
f 489/757/1807 490/760/1808 481/744/1799
f 489/757/1807 491/761/1809 490/760/1808
f 489/757/1807 492/762/1810 491/761/1809
f 493/763/1811 492/762/1810 489/757/1807
f 487/759/1805 493/763/1811 489/757/1807
f 494/764/1812 493/763/1811 487/759/1805
f 487/767/1805 488/766/1806 494/765/1812
f 488/766/1806 495/768/1813 494/765/1812
f 496/769/1814 488/756/1806 486/754/1804
f 495/770/1813 488/756/1806 496/769/1814
f 485/753/1803 477/738/1795 475/736/1793
f 485/753/1803 476/737/1794 497/771/1815
f 22/29/1340 485/753/1803 497/771/1815
f 498/772/1816 477/738/1795 485/753/1803
f 498/772/1816 486/754/1804 477/738/1795
f 499/773/1817 496/769/1814 486/754/1804
f 499/773/1817 486/754/1804 498/772/1816
f 500/774/1818 495/770/1813 496/769/1814
f 500/774/1818 496/769/1814 499/773/1817
f 495/776/1813 501/775/1819 494/764/1812
f 502/779/1820 495/778/1813 500/777/1818
f 502/780/1820 501/775/1819 495/776/1813
f 493/763/1811 494/764/1812 501/775/1819
f 492/762/1810 493/763/1811 503/781/1821
f 503/781/1821 493/763/1811 501/775/1819
f 502/780/1820 504/782/1822 501/775/1819
f 501/775/1819 504/782/1822 503/781/1821
f 502/780/1820 505/783/1823 504/782/1822
f 506/784/1824 505/783/1823 502/780/1820
f 502/779/1820 500/777/1818 506/785/1824
f 500/777/1818 507/786/1825 506/785/1824
f 508/787/1826 500/774/1818 499/773/1817
f 507/788/1825 500/774/1818 508/787/1826
f 508/787/1826 499/773/1817 498/772/1816
f 509/789/1827 498/772/1816 485/753/1803
f 509/789/1827 485/753/1803 22/29/1340
f 510/790/1828 498/772/1816 509/789/1827
f 511/791/1829 507/788/1825 508/787/1826
f 511/791/1829 508/787/1826 498/772/1816
f 507/786/1825 512/792/1830 506/785/1824
f 513/794/1831 507/786/1825 511/793/1829
f 513/794/1831 512/792/1830 507/786/1825
f 505/783/1823 506/784/1824 512/795/1830
f 505/783/1823 514/796/1832 504/782/1822
f 505/783/1823 515/797/1833 514/796/1832
f 516/798/1834 515/797/1833 505/783/1823
f 516/798/1834 505/783/1823 512/795/1830
f 504/782/1822 517/799/1835 503/781/1821
f 504/782/1822 514/796/1832 517/799/1835
f 518/800/1836 492/762/1810 503/781/1821
f 503/781/1821 517/799/1835 518/800/1836
f 517/799/1835 520/802/1838 519/801/1837
f 518/800/1836 517/799/1835 519/801/1837
f 514/796/1832 520/802/1838 517/799/1835
f 521/803/1839 520/802/1838 514/796/1832
f 521/803/1839 514/796/1832 522/804/1840
f 514/796/1832 515/797/1833 522/804/1840
f 515/797/1833 523/805/1841 522/804/1840
f 516/798/1834 523/805/1841 515/797/1833
f 513/806/1831 516/798/1834 512/795/1830
f 513/806/1831 524/807/1842 516/798/1834
f 525/808/1843 524/807/1842 513/806/1831
f 513/794/1831 511/793/1829 525/809/1843
f 511/791/1829 526/811/1844 525/810/1843
f 510/790/1828 511/791/1829 498/772/1816
f 526/811/1844 511/791/1829 510/790/1828
f 527/812/1845 510/790/1828 509/789/1827
f 39/54/1357 509/789/1827 22/29/1340
f 527/812/1845 509/789/1827 39/54/1357
f 527/812/1845 528/813/1846 510/790/1828
f 529/816/1847 528/815/1846 527/814/1845
f 36/50/1354 527/812/1845 39/54/1357
f 530/818/1848 527/814/1845 36/817/1354
f 530/818/1848 529/816/1847 527/814/1845
f 531/819/1849 526/811/1844 510/790/1828
f 531/819/1849 510/790/1828 528/813/1846
f 525/810/1843 526/811/1844 532/820/1850
f 526/811/1844 533/821/1851 532/820/1850
f 533/821/1851 526/811/1844 531/819/1849
f 525/808/1843 534/822/1852 524/807/1842
f 532/823/1850 534/822/1852 525/808/1843
f 516/798/1834 524/807/1842 535/824/1853
f 524/807/1842 536/825/1854 535/824/1853
f 534/822/1852 536/825/1854 524/807/1842
f 516/798/1834 535/824/1853 523/805/1841
f 523/805/1841 535/824/1853 537/826/1855
f 523/805/1841 537/826/1855 522/804/1840
f 537/826/1855 538/827/1856 522/804/1840
f 522/804/1840 538/827/1856 521/803/1839
f 521/803/1839 539/828/1857 520/802/1838
f 521/803/1839 538/827/1856 539/828/1857
f 519/831/1837 520/830/1838 540/829/1858
f 520/830/1838 539/832/1857 540/829/1858
f 539/832/1857 541/833/1859 540/829/1858
f 539/832/1857 538/834/1856 541/833/1859
f 541/833/1859 538/834/1856 542/835/1860
f 538/834/1856 537/836/1855 542/835/1860
f 542/835/1860 537/836/1855 543/837/1861
f 537/836/1855 544/838/1862 543/837/1861
f 535/824/1853 544/839/1862 537/826/1855
f 536/825/1854 544/839/1862 535/824/1853
f 545/840/1863 544/839/1862 536/825/1854
f 536/825/1854 546/841/1864 545/840/1863
f 546/841/1864 536/825/1854 547/842/1865
f 536/825/1854 534/822/1852 547/842/1865
f 547/842/1865 534/822/1852 548/843/1866
f 534/822/1852 532/823/1850 548/843/1866
f 533/846/1851 548/845/1866 532/844/1850
f 531/848/1849 549/847/1867 533/846/1851
f 549/847/1867 548/845/1866 533/846/1851
f 528/815/1846 550/849/1868 531/848/1849
f 550/849/1868 549/847/1867 531/848/1849
f 529/816/1847 551/850/1869 528/815/1846
f 550/849/1868 528/815/1846 551/850/1869
f 551/850/1869 529/816/1847 552/851/1870
f 530/818/1848 552/851/1870 529/816/1847
f 552/851/1870 530/818/1848 553/852/1871
f 36/817/1354 553/852/1871 530/818/1848
f 37/52/1355 553/853/1871 36/51/1354
f 555/855/1873 553/852/1871 554/854/1872
f 552/851/1870 553/852/1871 555/855/1873
f 37/52/1355 556/856/1874 553/853/1871
f 553/853/1871 556/856/1874 554/857/1872
f 551/850/1869 552/851/1870 555/855/1873
f 551/850/1869 555/855/1873 550/849/1868
f 558/859/1876 550/849/1868 557/858/1875
f 549/847/1867 550/849/1868 558/859/1876
f 550/849/1868 555/855/1873 557/858/1875
f 547/862/1865 549/861/1867 558/860/1876
f 548/863/1866 549/861/1867 547/862/1865
f 547/862/1865 558/860/1876 546/864/1864
f 560/867/1878 546/866/1864 559/865/1877
f 561/868/1879 546/866/1864 560/867/1878
f 561/868/1879 545/869/1863 546/866/1864
f 546/864/1864 558/860/1876 559/870/1877
f 545/872/1863 562/871/1880 544/838/1862
f 545/872/1863 561/873/1879 562/871/1880
f 544/838/1862 562/871/1880 543/837/1861
f 543/876/1861 563/875/1881 542/874/1860
f 543/876/1861 564/877/1882 563/875/1881
f 562/878/1880 564/877/1882 543/876/1861
f 542/874/1860 565/880/1883 541/879/1859
f 563/875/1881 565/880/1883 542/874/1860
f 540/882/1858 541/879/1859 566/881/1884
f 541/879/1859 565/880/1883 566/881/1884
f 568/884/1886 567/883/1885 565/880/1883
f 563/875/1881 568/884/1886 565/880/1883
f 564/877/1882 568/884/1886 563/875/1881
f 562/878/1880 561/885/1879 564/877/1882
f 569/886/1887 568/884/1886 564/877/1882
f 561/868/1879 560/867/1878 564/887/1882
f 560/867/1878 569/888/1887 564/887/1882
f 570/889/1888 560/867/1878 559/865/1877
f 571/890/1889 560/867/1878 570/889/1888
f 571/890/1889 569/888/1887 560/867/1878
f 559/893/1877 557/892/1875 570/891/1888
f 558/859/1876 557/858/1875 559/894/1877
f 557/892/1875 555/895/1873 570/891/1888
f 570/891/1888 555/895/1873 572/896/1890
f 555/895/1873 554/897/1872 572/896/1890
f 572/899/1890 554/857/1872 573/898/1891
f 556/856/1874 574/900/1892 554/857/1872
f 554/857/1872 574/900/1892 573/898/1891
f 556/856/1874 37/52/1355 38/53/1356
f 574/900/1892 575/901/1893 573/898/1891
f 576/902/1894 572/899/1890 573/898/1891
f 573/898/1891 575/901/1893 576/902/1894
f 570/889/1888 572/904/1890 577/903/1895
f 578/906/1896 572/904/1890 576/905/1894
f 578/906/1896 577/903/1895 572/904/1890
f 571/890/1889 570/889/1888 577/903/1895
f 571/890/1889 579/907/1897 569/888/1887
f 577/903/1895 579/907/1897 571/890/1889
f 569/886/1887 579/908/1897 568/884/1886
f 568/884/1886 580/909/1898 567/883/1885
f 568/884/1886 579/908/1897 580/909/1898
f 565/880/1883 581/910/1899 566/881/1884
f 565/880/1883 567/883/1885 581/910/1899
f 566/881/1884 583/912/1901 582/911/1900
f 540/882/1858 566/881/1884 582/911/1900
f 566/881/1884 581/910/1899 583/912/1901
f 580/909/1898 584/913/1902 567/883/1885
f 579/908/1897 585/914/1903 580/909/1898
f 580/909/1898 586/915/1904 584/913/1902
f 585/914/1903 586/915/1904 580/909/1898
f 585/916/1903 579/907/1897 577/903/1895
f 577/903/1895 578/906/1896 585/916/1903
f 585/916/1903 578/906/1896 586/917/1904
f 578/906/1896 576/905/1894 586/917/1904
f 576/902/1894 587/919/1905 586/918/1904
f 576/902/1894 575/901/1893 587/919/1905
f 575/901/1893 588/920/1906 587/919/1905
f 588/920/1906 575/901/1893 574/900/1892
f 590/922/1908 589/921/1907 574/900/1892
f 574/900/1892 589/921/1907 588/920/1906
f 556/856/1874 590/922/1908 574/900/1892
f 38/53/1356 590/922/1908 556/856/1874
f 35/49/1353 590/922/1908 38/53/1356
f 33/46/1351 590/922/1908 34/47/1352
f 590/922/1908 35/49/1353 34/47/1352
f 589/921/1907 590/922/1908 32/45/1350
f 32/45/1350 590/922/1908 33/46/1351
f 588/925/1906 589/924/1907 591/923/1909
f 589/924/1907 592/926/1910 591/923/1909
f 592/927/1910 589/921/1907 32/45/1350
f 588/925/1906 591/923/1909 587/928/1905
f 586/915/1904 587/930/1905 593/929/1911
f 587/930/1905 591/931/1909 593/929/1911
f 586/915/1904 593/929/1911 584/913/1902
f 584/913/1902 594/932/1912 567/883/1885
f 593/929/1911 594/932/1912 584/913/1902
f 567/883/1885 595/933/1913 581/910/1899
f 567/883/1885 596/934/1914 595/933/1913
f 594/932/1912 596/934/1914 567/883/1885
f 593/929/1911 597/935/1915 594/932/1912
f 598/936/1916 597/935/1915 593/929/1911
f 591/931/1909 598/936/1916 593/929/1911
f 591/939/1909 592/938/1910 598/937/1916
f 592/938/1910 599/940/1917 598/937/1916
f 592/927/1910 31/43/1349 599/941/1917
f 32/45/1350 31/43/1349 592/927/1910
f 598/936/1916 600/942/1918 597/935/1915
f 601/943/1919 600/942/1918 598/936/1916
f 599/944/1917 601/943/1919 598/936/1916
f 597/935/1915 602/945/1920 594/932/1912
f 583/912/1901 581/910/1899 603/946/1921
f 604/947/1922 583/912/1901 603/946/1921
f 594/932/1912 602/945/1920 596/934/1914
f 600/942/1918 602/945/1920 597/935/1915
f 606/949/1924 605/948/1923 602/945/1920
f 600/942/1918 606/949/1924 602/945/1920
f 605/948/1923 607/950/1925 602/945/1920
f 596/934/1914 602/945/1920 608/951/1926
f 596/934/1914 608/951/1926 595/933/1913
f 581/910/1899 609/952/1927 603/946/1921
f 603/946/1921 609/952/1927 610/953/1928
f 612/955/1930 610/953/1928 611/954/1929
f 603/946/1921 610/953/1928 612/955/1930
f 611/954/1929 610/953/1928 613/956/1931
f 602/945/1920 607/950/1925 608/951/1926
f 605/948/1923 91/134/1409 607/950/1925
f 67/93/1385 90/133/1408 91/134/1409
f 605/948/1923 67/93/1385 91/134/1409
f 91/134/1409 116/169/1434 607/950/1925
f 608/951/1926 607/950/1925 140/210/1458
f 608/951/1926 614/957/1932 595/933/1913
f 608/951/1926 140/210/1458 614/957/1932
f 595/933/1913 614/957/1932 581/910/1899
f 581/910/1899 614/957/1932 609/952/1927
f 609/952/1927 616/959/1934 615/958/1933
f 610/953/1928 609/952/1927 615/958/1933
f 607/950/1925 117/170/1435 140/210/1458
f 116/169/1434 117/170/1435 607/950/1925
f 91/134/1409 92/135/1410 116/169/1434
f 116/169/1434 115/168/1433 117/170/1435
f 140/210/1458 184/276/1502 614/957/1932
f 140/210/1458 160/242/1478 184/276/1502
f 614/957/1932 617/960/1935 609/952/1927
f 614/957/1932 184/276/1502 617/960/1935
f 609/952/1927 617/960/1935 616/959/1934
f 616/959/1934 617/960/1935 618/961/1936
f 616/959/1934 618/961/1936 619/962/1937
f 615/958/1933 616/959/1934 619/962/1937
f 615/958/1933 619/962/1937 620/963/1938
f 615/958/1933 620/963/1938 621/964/1939
f 620/963/1938 623/966/1941 622/965/1940
f 621/964/1939 620/963/1938 622/965/1940
f 620/963/1938 619/962/1937 623/966/1941
f 618/961/1936 625/968/1943 624/967/1942
f 619/962/1937 618/961/1936 624/967/1942
f 624/967/1942 623/966/1941 619/962/1937
f 622/965/1940 623/966/1941 626/969/1944
f 627/970/1945 623/966/1941 624/967/1942
f 627/970/1945 626/969/1944 623/966/1941
f 629/973/1947 622/972/1940 628/971/1946
f 628/971/1946 622/972/1940 626/974/1944
f 622/965/1940 629/975/1947 621/964/1939
f 432/679/1750 431/680/1749 626/974/1944
f 626/974/1944 431/680/1749 628/971/1946
f 626/977/1944 627/976/1945 432/681/1750
f 413/644/1731 627/970/1945 624/967/1942
f 627/976/1945 413/978/1731 414/652/1732
f 432/681/1750 627/976/1945 414/652/1732
f 412/643/1730 413/644/1731 624/967/1942
f 624/967/1942 625/968/1943 412/643/1730
f 184/276/1502 226/346/1544 617/960/1935
f 617/960/1935 242/369/1560 618/961/1936
f 625/968/1943 630/979/1948 411/639/1729
f 412/643/1730 625/968/1943 411/639/1729
f 630/979/1948 396/980/1714 395/641/1713
f 411/639/1729 630/979/1948 395/641/1713
f 618/961/1936 241/368/1559 625/968/1943
f 242/369/1560 241/368/1559 618/961/1936
f 617/960/1935 226/346/1544 242/369/1560
f 625/968/1943 271/408/1589 630/979/1948
f 625/968/1943 241/368/1559 271/408/1589
f 272/409/1590 396/980/1714 630/979/1948
f 630/979/1948 271/408/1589 272/409/1590
f 378/611/1696 396/610/1714 272/981/1590
f 377/982/1695 378/611/1696 272/981/1590
f 295/983/1613 377/982/1695 272/981/1590
f 294/984/1612 365/567/1683 295/584/1613
f 294/984/1612 631/985/1949 365/567/1683
f 294/984/1612 296/488/1614 631/985/1949
f 365/567/1683 631/985/1949 323/489/1641
f 323/489/1641 631/985/1949 296/488/1614
f 451/986/1769 629/973/1947 628/971/1946
f 451/986/1769 628/971/1946 433/987/1751
f 433/987/1751 628/971/1946 431/680/1749
f 451/986/1769 452/988/1770 629/973/1947
f 629/991/1947 632/990/1950 621/989/1939
f 632/994/1950 629/993/1947 633/992/1951
f 633/992/1951 629/993/1947 452/709/1770
f 452/709/1770 450/705/1768 633/992/1951
f 450/705/1768 634/995/1952 633/992/1951
f 634/995/1952 632/994/1950 633/992/1951
f 632/990/1950 635/996/1953 621/989/1939
f 454/711/1772 635/997/1953 632/994/1950
f 634/995/1952 454/711/1772 632/994/1950
f 634/995/1952 450/705/1768 453/710/1771
f 453/710/1771 454/711/1772 634/995/1952
f 635/997/1953 454/711/1772 468/727/1786
f 635/996/1953 636/998/1954 621/989/1939
f 635/996/1953 468/999/1786 636/998/1954
f 621/964/1939 636/1000/1954 613/956/1931
f 613/956/1931 615/958/1933 621/964/1939
f 637/1001/1955 636/998/1954 468/999/1786
f 636/1000/1954 637/1003/1955 638/1002/1956
f 638/1002/1956 613/956/1931 636/1000/1954
f 469/728/1787 637/1004/1955 468/727/1786
f 637/1007/1955 639/1006/1957 638/1005/1956
f 639/1008/1957 637/1004/1955 469/728/1787
f 638/1005/1956 639/1006/1957 640/1009/1958
f 611/954/1929 613/956/1931 638/1002/1956
f 640/1010/1958 611/954/1929 638/1002/1956
f 610/953/1928 615/958/1933 613/956/1931
f 612/955/1930 611/954/1929 640/1010/1958
f 639/1006/1957 641/1011/1959 640/1009/1958
f 640/1010/1958 641/1013/1959 642/1012/1960
f 642/1012/1960 612/955/1930 640/1010/1958
f 643/1014/1961 639/1008/1957 469/728/1787
f 644/1017/1962 641/1016/1959 639/1015/1957
f 645/1019/1963 644/1018/1962 639/1008/1957
f 645/1019/1963 639/1008/1957 643/1014/1961
f 643/1014/1961 469/728/1787 470/729/1788
f 470/729/1788 471/731/1789 644/1018/1962
f 645/1019/1963 470/729/1788 644/1018/1962
f 644/1017/1962 646/1020/1964 641/1016/1959
f 647/1021/1965 646/1020/1964 644/1017/1962
f 471/731/1789 647/1022/1965 644/1018/1962
f 641/1025/1959 646/1024/1964 642/1023/1960
f 646/1024/1964 648/1026/1966 642/1023/1960
f 642/1012/1960 649/1027/1967 612/955/1930
f 648/1028/1966 649/1027/1967 642/1012/1960
f 649/1027/1967 603/946/1921 612/955/1930
f 648/1031/1966 650/1030/1968 649/1029/1967
f 649/1029/1967 650/1030/1968 651/1032/1969
f 604/947/1922 603/946/1921 649/1027/1967
f 651/1033/1969 604/947/1922 649/1027/1967
f 652/1035/1970 648/1034/1966 646/1020/1964
f 652/1035/1970 650/1036/1968 648/1034/1966
f 653/1037/1971 646/1020/1964 647/1021/1965
f 652/1035/1970 646/1020/1964 653/1037/1971
f 481/742/1799 647/1022/1965 471/731/1789
f 481/744/1799 653/1037/1971 647/1021/1965
f 653/1037/1971 654/1038/1972 652/1035/1970
f 654/1038/1972 653/1037/1971 490/760/1808
f 653/1037/1971 481/744/1799 490/760/1808
f 654/1038/1972 650/1036/1968 652/1035/1970
f 650/1030/1968 655/1039/1973 651/1032/1969
f 491/761/1809 655/1040/1973 650/1036/1968
f 654/1038/1972 491/761/1809 650/1036/1968
f 655/1039/1973 656/1041/1974 651/1032/1969
f 651/1033/1969 582/911/1900 604/947/1922
f 656/1042/1974 582/911/1900 651/1033/1969
f 582/911/1900 583/912/1901 604/947/1922
f 656/1042/1974 519/1043/1837 582/911/1900
f 582/911/1900 519/1043/1837 540/882/1858
f 657/1045/1975 656/1044/1974 655/1040/1973
f 657/1045/1975 519/801/1837 656/1044/1974
f 492/762/1810 655/1040/1973 491/761/1809
f 657/1045/1975 655/1040/1973 492/762/1810
f 490/760/1808 491/761/1809 654/1038/1972
f 492/762/1810 518/800/1836 657/1045/1975
f 518/800/1836 519/801/1837 657/1045/1975
f 643/1014/1961 470/729/1788 645/1019/1963
f 658/1046/1976 67/93/1385 605/948/1923
f 68/95/1386 67/93/1385 658/1046/1976
f 606/949/1924 658/1046/1976 605/948/1923
f 606/949/1924 49/1047/1367 658/1046/1976
f 49/1050/1367 48/1049/1366 658/1048/1976
f 48/1049/1366 68/1051/1386 658/1048/1976
f 50/68/1368 68/98/1386 48/66/1366
f 659/1052/1977 49/1047/1367 606/949/1924
f 28/39/1346 49/67/1367 659/1053/1977
f 600/942/1918 659/1052/1977 606/949/1924
f 601/943/1919 659/1052/1977 600/942/1918
f 660/1056/1978 659/1055/1977 601/1054/1919
f 29/40/1347 28/39/1346 659/1053/1977
f 29/40/1347 659/1053/1977 660/1057/1978
f 660/1056/1978 601/1054/1919 599/1058/1917
f 660/1057/1978 599/1059/1917 30/41/1348
f 30/41/1348 29/40/1347 660/1057/1978
f 30/41/1348 599/1059/1917 31/42/1349
f 22/29/1340 497/771/1815 57/79/1375
f 497/771/1815 476/737/1794 102/151/1420
f 57/79/1375 497/771/1815 102/151/1420
f 102/151/1420 476/737/1794 661/1060/1979
f 104/153/1422 661/1060/1979 129/191/1447
f 102/151/1420 661/1060/1979 104/153/1422
f 476/737/1794 462/720/1780 661/1060/1979
f 462/720/1780 442/693/1760 172/257/1490
f 462/720/1780 172/257/1490 661/1060/1979
f 129/191/1447 661/1060/1979 151/226/1469
f 661/1060/1979 172/257/1490 151/226/1469
f 442/693/1760 386/595/1704 385/594/1703
f 172/257/1490 442/693/1760 385/594/1703
f 172/257/1490 385/594/1703 196/293/1514
f 385/594/1703 357/555/1675 216/328/1534
f 196/293/1514 385/594/1703 216/328/1534
f 216/328/1534 357/555/1675 233/357/1551
f 356/553/1674 232/356/1550 233/357/1551
f 251/1061/1569 356/554/1674 355/552/1673
f 251/380/1569 232/358/1550 356/1062/1674
f 251/1064/1569 355/1063/1673 250/397/1568
f 355/1063/1673 335/515/1653 262/396/1580
f 355/1063/1673 262/396/1580 250/397/1568
f 335/515/1653 308/512/1626 263/399/1581
f 335/515/1653 263/399/1581 262/396/1580
f 308/460/1626 282/420/1600 263/398/1581
f 462/720/1780 443/694/1761 442/693/1760

# End of Object "CavePlatform2_3"
