# Created with Anim8or 1.00
# Object "CavePlatform2_2":

mtllib CavePlatform2_2.mtl

# Shape "CavePlatform2-2":
g CavePlatform2-2
# No. points 1106:
v -14.188 -4.6083 -20.509
v -13.249 -5.50764 -19.4
v -12.413 -4.88334 -20.601
v -15.262 -5.44639 -19.092
v -15.72 -3.5642 -20.274
v -14.557 -3.1752 -20.751
v -13.2 -3.1774 -21.036
v -12.952 -5.66814 -17.281
v -11.331 -5.56525 -19.189
v -16.014 -5.86901 -16.893
v -16.881 -5.13999 -18.382
v -16.714 -4.1864 -19.234
v -15.026 -2.5409 -20.361
v -15.684 -1.5182 -20.124
v -16.832 -2.4244 -19.187
v -14.286 -1.8439 -20.656
v -13.133 -1.5782 -20.833
v -12.022 -1.9007 -20.815
v -11.584 -3.4774 -20.778
v -11.108 -4.5169 -20.372
v -10.533 -5.67963 -17.451
v -9.517 -5.4084 -18.687
v -9.95 -4.2963 -19.909
v -10.149 -5.68124 -15.158
v -14.027 -5.67393 -14.475
v -16.729 -5.70569 -14.909
v -18.02 -5.60806 -16.342
v -17.75 -5.34624 -17.68
v -17.828 -3.6839 -18.228
v -16.711 -0.54010 -19.191
v -15.949 0.59090 -19.867
v -14.621 0.06500 -20.503
v -13.611 -0.65210 -20.663
v -12.534 -0.24320 -20.85
v -11.344 -0.65100 -20.517
v -10.538 -2.2695 -20.074
v -10.811 -3.6565 -20.249
v -8.798 -4.4514 -19.19
v -8.759 -2.9362 -19.294
v -8.775 -5.72175 -17.209
v -8.03 -5.27012 -18.635
v -16.81 -5.67799 -12.039
v -18.502 -5.71831 -14.746
v -10.88 -5.67828 -10.576
v -6.381 -5.68124 -13.686
v -7.621 -5.70444 -15.856
v -6.938 -5.35636 -17.404
v -7.033 -4.513 -18.604
v -7.868 -4.1286 -19.103
v -7.27 -3.1165 -18.593
v -6 -3.9617 -18.092
v -6.2 -5.63473 -15.955
v -5.422 -5.35577 -17.227
v -6.014 -5.67813 -9.707
v -3.433 -5.67892 -11.752
v -4.907 -5.64573 -15.736
v -3.78 -5.59074 -17.253
v -4.635 -4.4653 -18.343
v -2.925 -5.68898 -14.776
v -1.952 -5.6781 -8.054
v -7.827 -5.67832 -4.3676
v -14.831 -5.67806 -8.555
v -12.548 -5.67865 -6.286
v -0.25200 -5.69149 -12.534
v -1.821 -5.67825 -1.6745
v 3.331 -5.67836 -4.9616
v 3.155 -5.67811 -10.537
v 3.033 -5.67825 0.06750
v 5.35 -5.6782 -2.1724
v 8.0435 -5.67718 -4.0926
v 7.7633 -5.68205 -8.941
v 7.2874 -5.67821 -0.02980
v -0.56700 -5.67821 4.7755
v 12.5622 -5.68595 -2.1479
v 10.2044 -5.67839 3.24459
v 5.166 -5.67824 4.3201
v 2.706 -5.67824 9.4319
v 14.4619 -5.67846 2.59002
v 12.7448 -5.67831 6.27
v 9.1006 -5.67683 8.3724
v 16.4073 -5.67955 6.7063
v 17.6055 -5.67468 3.48371
v 14.0569 -5.67229 9.8372
v 7.8929 -5.68225 12.504
v 17.5239 -5.66352 10.1202
v 19.7497 -5.68455 8.4776
v 19.2161 -5.6589 5.5802
v 16.4481 -5.78067 12.1845
v 18.8075 -5.82334 12.5327
v 19.6756 -5.76058 10.8994
v 14.4007 -5.71674 12.4842
v 11.7206 -5.70272 12.0827
v 8.9917 -5.65879 14.756
v 10.9209 -5.70956 14.311
v 13.7299 -5.64949 14.304
v 15.938 -5.58943 13.886
v 17.7205 -5.4307 13.708
v 20.0353 -4.93853 13.486
v 19.0271 -4.93981 13.814
v 20.6254 -5.34067 12.3712
v 21.1261 -5.65877 7.7705
v 20.8431 -5.60871 6.6239
v 21.954 -5.75373 8.6314
v 22.0596 -5.50433 7.2066
v 21.7091 -5.72376 10.7189
v 21.0275 -3.8343 13.2023
v 22.0325 -4.5856 12.4013
v 19.6978 -3.4226 13.914
v 18.3353 -4.2024 14.472
v 17.1574 -4.99102 14.784
v 15.8059 -4.99171 15.411
v 14.2937 -5.13971 15.733
v 12.6971 -5.27813 15.813
v 10.4839 -5.38575 15.908
v 13.1555 -4.4415 16.761
v 11.8323 -4.6012 16.812
v 13.967 -4.71438 16.438
v 15.1192 -4.4348 16.378
v 17.4107 -3.554 15.572
v 16.2211 -3.924 16.301
v 18.6715 -2.4434 14.65
v 19.621 -1.7966 13.955
v 20.7998 -1.4756 13.339
v 22.1792 -2.6776 12.402
v 23.0688 -3.8541 11.2601
v 23.362 -4.71164 9.602
v 23.1591 -4.78951 7.867
v 23.5513 -2.8176 9.9099
v 23.5281 -3.1948 8.4773
v 23.1825 -1.7179 11.0721
v 22.3343 -0.36080 12.1988
v 19.8408 -0.84930 13.774
v 19.0276 -0.69990 14.248
v 17.5919 -0.83130 15.484
v 16.5333 -2.5573 16.471
v 15.6311 -3.484 16.853
v 14.3628 -3.699 17.099
v 12.8446 -3.3911 17.012
v 13.9903 -2.1094 16.939
v 15.3372 -2.3532 16.932
v 16.123 -1.0625 16.59
v 20.0309 0.42580 13.825
v 23.5065 -1.4399 9.8231
v 23.5837 -1.8546 8.9591
v 23.1517 -1.4519 7.6162
v 22.8723 -3.2847 7.0925
v 22.6936 -4.5418 6.6878
v 22.0979 -1.7865 5.9729
v 22.251 -3.6271 5.9643
v 23.6097 -0.27130 8.9246
v 23.4412 -0.55590 10.2035
v 23.2264 -0.12320 11.0267
v 21.3396 0.70820 13.1813
v 20.6116 1.7087 13.341
v 19.6211 2.4708 13.831
v 18.7058 1.0168 14.52
v 14.9865 -1.1757 16.941
v 15.4067 -0.12840 16.865
v 16.4445 0.56990 16.395
v 17.6353 2.0018 15.617
v 18.5805 2.3893 14.654
v 20.6607 2.7234 12.8565
v 20.0188 3.4776 12.8591
v 18.9828 3.8193 12.997
v 18.3171 3.2107 13.967
v 21.3809 1.9915 12.9337
v 22.2484 1.5857 12.4161
v 23.1359 1.2247 11.3886
v 23.6868 0.83730 10.0702
v 23.2201 0.50980 7.4779
v 22.6298 -0.25780 6.5743
v 23.8277 1.9199 8.4445
v 23.1863 1.9288 7.0303
v 22.5798 1.1933 6.3414
v 23.3294 2.6053 10.2748
v 22.6319 2.5371 11.5633
v 21.6674 2.8362 12.2109
v 20.6992 3.5603 11.9924
v 19.6877 3.8792 12.0831
v 17.4483 4.0529 13.0442
v 18.4804 3.9358 11.4946
v 17.3979 3.6035 14.714
v 18.1221 2.934 14.869
v 16.2214 3.2732 15.656
v 15.737 4.1343 14.048
v 16.0243 4.0197 12.2915
v 17.0889 3.8265 11.6397
v 20.1396 3.9977 10.9661
v 17.7883 4.0009 10.2732
v 19.2076 4.1211 9.9712
v 21.8131 3.6978 10.8671
v 22.3139 3.8233 8.7552
v 22.7993 3.0886 7.3574
v 22.3115 2.6888 6.2853
v 21.8407 1.9551 5.3036
v 21.9172 0.26880 5.5748
v 21.2591 3.3984 5.4856
v 21.1795 3.734 7.0359
v 20.7072 4.0945 9.5809
v 20.8394 4.1115 8.3103
v 19.6652 4.2064 8.6644
v 18.2128 4.1551 8.9559
v 16.5099 4.4631 9.4988
v 16.6946 3.9225 10.7525
v 17.5422 3.836 11.022
v 16.2128 3.892 11.3733
v 14.4193 4.043 12.6293
v 15.0876 4.1154 10.8743
v 17.3883 5.1951 8.0694
v 15.7746 5.5631 8.3333
v 18.7755 4.4871 7.622
v 20.0648 4.2334 7.5834
v 19.6456 4.7681 6.3162
v 20.6151 4.2274 5.7221
v 20.639 4.0226 5.1246
v 20.6147 3.6923 4.6911
v 20.8509 2.6174 4.594
v 21.1013 1.0186 4.6338
v 20.2581 3.5595 3.65458
v 20.413 1.8643 3.60325
v 19.9468 4.6191 4.6205
v 17.9459 5.5131 6.5205
v 16.1978 5.6711 6.8698
v 14.7684 5.0681 9.3701
v 14.3582 5.6491 8.2093
v 14.8178 5.7461 7.2806
v 13.1859 4.3348 11.4562
v 13.398 5.2451 10.2036
v 13.4668 5.5681 8.8139
v 12.8567 5.7331 7.0402
v 14.7723 5.6871 5.9298
v 16.3643 5.6681 5.0328
v 18.4312 5.6161 4.8003
v 18.9741 5.4761 3.45349
v 19.8116 4.7611 3.18286
v 20.0881 4.1974 2.39362
v 20.3772 2.8778 2.38519
v 20.4917 -0.14060 3.73042
v 20.1417 1.2169 2.38364
v 21.2779 -0.53060 4.9539
v 20.1681 -0.73620 2.2102
v 20.3105 2.2403 1.3211
v 20.0268 0.75740 0.94260
v 20.1076 3.873 0.98460
v 19.1652 5.3171 1.7721
v 17.0201 5.6311 2.66383
v 13.4528 5.6091 3.46152
v 9.4431 5.6001 5.5327
v 12.0201 5.6221 9.089
v 10.6185 5.6301 7.9647
v 9.3435 5.6081 1.5754
v 19.2854 5.0981 0.00740
v 17.4934 5.6491 -0.15820
v 19.913 2.4192 0.04500
v 19.7719 3.8919 -0.77320
v 19.5615 0.67120 -0.82930
v 19.4607 2.5822 -1.2799
v 18.6655 4.8811 -1.3649
v 19.0971 3.7389 -2.2195
v 14.9504 5.6061 0.12560
v 17.5495 5.3711 -2.4404
v 15.9253 5.6031 -1.7771
v 11.8801 5.6081 -0.54660
v 6.4591 5.6071 3.26373
v 8.9051 5.6081 -1.6087
v 13.8311 5.6081 -2.9145
v 15.9668 5.6071 -3.5647
v 18.5067 4.6931 -2.3936
v 18.4593 4.3681 -3.446
v 17.2006 4.9811 -4.0441
v 16.3605 5.3701 -4.7648
v 15.0811 5.5801 -5.3676
v 12.5893 5.6001 -6.0809
v 10.6342 5.6081 -3.91
v 5.9685 5.6081 -0.28480
v 6.7272 5.6081 -4.6464
v 9.7953 5.6081 -7.416
v 16.3454 5.1151 -5.6391
v 16.9265 4.7301 -5.0504
v 17.7716 3.6892 -4.7652
v 17.0156 4.2703 -6.0256
v 16.0591 4.9701 -6.874
v 14.4162 5.6311 -7.644
v 2.081 5.6081 -2.5176
v 2.558 5.6081 -6.791
v 6.4863 5.5901 -9.832
v 12.3133 5.6371 -9.206
v 15.7014 4.5531 -8.64
v 14.3268 5.2151 -9.385
v 13.6763 4.7511 -10.664
v 12.4585 4.9381 -10.896
v 11.4579 5.0191 -10.757
v 9.9305 5.6731 -10.532
v 2.592 5.6061 -10.709
v 8.5659 5.6321 -12.154
v 10.7808 4.6401 -11.735
v 9.8485 5.1601 -12.161
v 11.8494 3.9269 -11.492
v 10.8804 3.0993 -12.331
v 10.2648 4.2225 -12.74
v 9.3583 4.7171 -13.222
v 8.4337 5.3811 -13.68
v 7.0283 5.7221 -13.139
v 4.609 5.5881 -13.125
v 2.348 5.5001 -13.221
v -0.39700 5.6081 -8.89
v -2.386 5.6081 -5.0449
v -0.49000 5.6001 -12.587
v 3.428 5.1101 -14.206
v 2.435 4.8711 -14.371
v 1.341 5.2951 -14.447
v 4.181 5.2961 -14.319
v 6.0307 5.4891 -14.745
v 4.765 5.2721 -14.706
v 7.6664 5.0511 -14.754
v 9.0373 4.3334 -14.59
v 9.8676 3.0653 -13.771
v 9.0254 3.138 -14.762
v 7.97 3.147 -15.561
v 6.7726 4.5161 -15.96
v 5.132 4.2159 -15.798
v 4.014 4.5661 -14.971
v 3.02 3.7229 -14.846
v 2.02 4.1769 -15.143
v 1.196 4.6251 -15.557
v 0.11200 5.4651 -15.289
v -4.32 5.6081 -9.377
v -4.081 5.6071 -13.669
v -1.766 5.6101 -15.309
v 0.58200 4.2458 -16.505
v -0.59900 5.2151 -16.867
v 1.491 3.3337 -15.979
v 2.129 2.5947 -15.09
v 4.057 2.6587 -15.22
v 3.021 1.6477 -14.403
v 6.321 2.8954 -16.007
v 5.154 2.4556 -15.771
v 6.9908 1.7697 -15.912
v 5.8853 1.126 -15.872
v 4.738 1.2502 -15.386
v 3.798 0.47620 -15.03
v 1.954 0.67990 -14.937
v 1.404 1.7024 -15.811
v 0.71000 2.2468 -17.141
v 0.03700 3.9158 -17.766
v -1.985 5.3661 -17.053
v -1.362 4.1476 -18.21
v -3.457 5.6301 -16.373
v -4.936 5.6031 -15.666
v -6.989 5.6071 -11.567
v -6.865 5.6651 -14.679
v -4.651 5.5011 -16.921
v -5.746 5.4591 -16.722
v -2.861 4.8561 -18.159
v -4.054 5.2821 -17.833
v -0.70800 2.546 -18.133
v -1.536 2.8152 -18.568
v -2.618 2.8062 -18.935
v 0.98900 -0.46890 -16.207
v -0.74800 0.21480 -17.904
v 4.963 -0.94050 -15.622
v -1.702 1.5952 -18.41
v -1.781 0.49210 -18.417
v -4.124 3.8696 -18.943
v -2.74 0.58030 -18.699
v -3.658 2.6379 -18.932
v -3.487 1.6059 -18.83
v -5.059 4.7721 -17.869
v -6.243 4.4991 -17.93
v -5.371 3.1936 -18.267
v -4.278 2.2015 -18.521
v -3.438 0.72600 -18.85
v -4.043 0.44420 -18.598
v 2.915 -0.40720 -14.302
v 2.022 -1.0729 -14.894
v 3.674 -1.3609 -14.912
v 2.782 -2.4667 -14.398
v 1.661 -2.4203 -15.409
v -1.926 -0.45050 -18.46
v -3.427 0.31640 -18.853
v -5.215 1.2185 -18.126
v -5.051 -0.65510 -18.181
v -6.302 3.3062 -18.09
v -6.371 2.1471 -18.004
v -6.397 0.15810 -18.009
v -3.431 -0.39190 -18.827
v -2.806 -1.3482 -18.772
v -1.515 -1.9386 -18.419
v -0.09700 -2.1153 -17.451
v 0.94200 -2.787 -16.397
v 1.366 -3.4308 -15.668
v 2.155 -4.0235 -15.066
v 4.125 -3.067 -15.271
v 3.312 -4.1676 -14.535
v 4.185 -4.83103 -14.948
v 5.197 -4.5299 -15.663
v 5.313 -2.9375 -15.909
v 3.796 -5.38152 -13.892
v 2.682 -5.07199 -13.903
v 1.123 -4.4558 -16.147
v 1.38 -5.42961 -14.407
v 0.33900 -3.6679 -17.186
v -0.68100 -3.816 -18.294
v -2.912 -3.7378 -19.077
v -3.479 -1.2291 -18.858
v -4.036 -1.0879 -18.635
v -4.623 -2.6061 -18.43
v -6.207 -1.9296 -18.028
v -3.626 -2.0156 -19.001
v -1.712 -5.51691 -17.291
v 0.02300 -4.9661 -17.182
v -0.30600 -5.65987 -15.486
v 2.106 -5.66416 -12.813
v 3.226 -5.59797 -12.757
v 4.338 -5.64078 -12.609
v 5.327 -5.67426 -14.058
v 6.0469 -5.67941 -11.934
v 6.9816 -5.7694 -13.565
v 6.8348 -5.11076 -15.249
v 8.2222 -5.76995 -12.207
v 8.4043 -5.50785 -14.263
v 8.1358 -4.4275 -15.386
v 6.1983 -3.7858 -16.04
v 7.2929 -3.5787 -15.927
v 6.3883 -2.2259 -16.067
v 8.2177 -3.0875 -15.346
v 7.4899 -2.359 -15.81
v 9.1259 -4.01 -14.653
v 9.8217 -4.932 -13.175
v 9.9188 -5.63729 -11.354
v 11.6037 -5.68148 -6.9
v 11.1165 -5.64872 -9.882
v 11.1794 -4.83649 -11.548
v 10.4977 -4.86877 -12.191
v 10.5646 -3.6161 -12.415
v 9.7581 -3.2717 -13.661
v 9.0555 -2.2934 -14.596
v 8.0821 -1.6493 -15.333
v 7.2315 -1.2215 -15.794
v 6.3954 -0.46360 -15.949
v 7.8181 -0.45970 -15.448
v 7.2218 -0.10340 -15.775
v 8.7791 -0.29570 -14.773
v 10.0403 -1.3829 -13.237
v 11.6248 -3.437 -11.391
v 11.1101 -2.2128 -12.012
v 12.4349 -4.77328 -11.065
v 13.2201 -5.66585 -9.533
v 14.0469 -5.73228 -5.7972
v 14.305 -5.7475 -7.894
v 15.0893 -5.30973 -9.645
v 14.1882 -4.2836 -11.095
v 12.8954 -3.2771 -11.466
v 12.139 -1.8969 -11.167
v 11.0897 -0.44900 -11.776
v 10.3665 0.42820 -12.703
v 7.7764 0.98100 -15.517
v 9.7091 0.90510 -13.713
v 8.8543 1.874 -14.718
v 12.5352 -0.10190 -11.197
v 13.0294 -1.2534 -11.389
v 13.1472 -2.1753 -11.47
v 13.815 -2.7622 -11.259
v 15.4273 -3.8989 -10.262
v 14.8468 -2.3939 -10.654
v 15.8226 -5.11521 -8.381
v 15.9315 -4.2414 -9.339
v 15.6753 -5.60481 -6.934
v 15.7742 -5.79928 -4.9561
v 15.801 -5.74317 -2.7785
v 17.4614 -5.49079 -4.1009
v 17.2464 -4.4607 -5.6458
v 16.656 -4.9506 -6.5358
v 16.5196 -4.71343 -7.574
v 16.3338 -3.7058 -8.4
v 15.7415 -2.8197 -9.421
v 15.592 -0.58300 -9.658
v 14.5256 -0.45300 -10.771
v 13.8134 -1.6043 -11.129
v 13.5347 -0.48170 -11.132
v 11.669 0.96600 -11.267
v 10.9205 1.3481 -12.002
v 10.2313 1.7566 -12.885
v 13.7561 0.87610 -11.081
v 16.3713 -1.7515 -8.314
v 16.7977 -3.3247 -7.029
v 18.062 -3.8091 -4.5116
v 17.3414 -2.4812 -5.6054
v 16.8295 -0.92490 -6.905
v 15.0494 1.3157 -10.334
v 12.7136 1.6978 -11.301
v 11.6476 2.3916 -11.322
v 12.6503 3.0021 -11.489
v 14.0503 2.874 -11.253
v 15.7315 0.96460 -9.39
v 16.2658 0.53110 -8.314
v 17.4019 -0.31720 -5.3594
v 18.1168 -1.905 -4.2447
v 18.3533 0.35560 -3.8021
v 16.8986 1.3807 -6.7253
v 16.1154 2.4911 -9.296
v 15.2404 2.6935 -10.453
v 15.1903 4.0251 -10.301
v 12.9934 4.0549 -11.482
v 16.5342 1.9527 -7.964
v 16.9247 3.3749 -7.541
v 18.9234 -1.6688 -2.8403
v 18.6771 -3.3846 -3.2451
v 19.2286 -3.2724 -1.6869
v 19.4056 -1.6108 -1.1784
v 19.1674 -0.02100 -2.3299
v 17.5055 1.7733 -5.0262
v 17.2229 2.9405 -6.0271
v 18.289 2.4013 -3.8786
v 19.0346 1.9019 -2.5691
v 19.4184 -2.6469 -1.0809
v 18.9149 -4.5186 -2.4222
v 18.9981 -4.73219 -1.4597
v 18.5205 -4.80445 -3.4173
v 17.7285 -5.60365 -1.875
v 19.4488 -4.2405 -0.73360
v 18.8996 -5.4145 -0.29220
v 19.5614 -3.0425 -0.36610
v 18.7755 3.2013 -3.2694
v 18.4125 3.4406 -3.9038
v 20.0592 -1.4019 0.53550
v 20.1575 -3.2299 0.87680
v 19.9637 -4.5241 0.37440
v 19.0864 -5.5986 1.6028
v 17.1255 -5.69658 0.80060
v 15.4556 -5.68815 -0.75270
v 20.2094 -4.3433 1.9207
v 19.7305 -5.31576 3.4182
v 20.2183 -2.6929 2.0727
v 20.4509 -2.1575 3.46302
v 20.5231 -3.8927 3.32159
v 20.9676 -4.99897 4.7446
v 21.9637 -4.95869 5.9253
v 21.7167 -4.0239 5.1638
v 21.1012 -3.3344 4.4193
v 21.1008 -1.8819 4.6825
v 21.5573 -2.9482 5.3114
v 6.8603 0.67150 -15.912
v -7.653 -0.89520 -18.922
v -9.334 -0.92420 -19.395
v -8.866 1.4414 -19.322
v -7.356 1.3999 -18.761
v -7.904 2.358 -19.147
v -10.358 0.30130 -19.95
v -7.174 3.3511 -18.672
v -8.364 3.1337 -19.324
v -7.58 5.1661 -17.99
v -8.095 4.5031 -19.157
v -9.193 4.0767 -19.461
v -9.204 2.8923 -19.363
v -10.251 2.8171 -20.015
v -11.489 1.1301 -20.582
v -13.498 0.48300 -20.734
v -12.787 1.537 -20.879
v -11.925 2.9367 -20.754
v -10.483 5.0161 -19.452
v -11.318 4.3541 -20.426
v -9.451 5.5651 -18.082
v -8.721 5.8061 -15.96
v -6.981 5.5441 -16.745
v -10.968 5.6071 -12.172
v -11.009 5.6921 -15.706
v -11.875 5.7761 -17.628
v -12.194 5.5641 -19.527
v -12.716 4.5391 -20.766
v -13.419 3.0295 -20.931
v -14.012 1.6478 -20.607
v -15.154 1.6669 -20.286
v -14.761 2.8793 -20.563
v -14.367 4.3951 -20.665
v -13.651 5.4011 -19.812
v -13.828 5.6311 -18.063
v -14.463 5.6151 -14.82
v -15.153 5.4541 -19.356
v -16.058 3.6956 -20.125
v -15.511 2.6299 -20.245
v -16.047 2.1548 -19.832
v -17.044 1.4078 -19.004
v -16.643 2.6923 -19.416
v -16.618 4.9471 -18.832
v -17.569 3.4642 -18.875
v -15.921 5.6241 -17.372
v -17.749 5.5741 -15.521
v -17.785 5.1681 -17.607
v -18.541 1.8178 -17.932
v -19.141 3.759 -17.534
v -18.145 -0.89510 -18.116
v -19.605 2.2571 -16.638
v -19.24 0.46640 -16.811
v -18.985 4.9461 -16.455
v -19.947 3.7223 -15.731
v -9.278 5.6081 -8.236
v -18.184 5.6151 -12.844
v -19.448 5.3891 -14.105
v -19.326 5.0671 -15.352
v -20.179 4.7021 -14.732
v -20.674 4.8331 -13.78
v -6.997 5.6081 -5.6755
v -17.084 5.6011 -9.937
v -14.074 5.6061 -7.191
v -11.767 5.6071 -3.4104
v -6.802 5.6081 -2.0766
v -2.832 5.6081 0.08890
v -6.451 5.6081 0.52030
v -20.003 5.6351 -10.727
v -20.364 5.7131 -8.953
v -9.637 5.6081 0.57270
v -14.073 5.6081 0.58650
v -6.631 5.6081 3.41913
v -1.978 5.6081 4.4406
v -15.667 5.6641 -1.6322
v -16.373 5.6431 -3.8195
v -18.274 5.7541 -5.8875
v -20.189 5.8691 -7.2
v -18.645 5.8371 -3.8976
v -20.143 5.6251 -4.2001
v -20.58 5.7701 -5.4163
v -17.364 5.6601 -2.108
v -18.511 5.7321 -2.6278
v -16.357 5.6641 -0.07930
v -17.533 5.6481 -0.90860
v -12.031 5.6061 4.3713
v -8.318 5.6041 7.7905
v -4.595 5.6081 6.6648
v -1.503 5.6081 8.0799
v -16.404 5.6551 1.2168
v -17.78 5.4791 0.44120
v -18.911 4.6401 -0.56760
v -18.503 5.3361 -1.5905
v -19.831 5.5471 -2.9952
v -19.795 4.6891 -1.8437
v -19.179 4.6571 1.0435
v -18.953 2.8522 -0.00140
v -19.677 3.4218 -1.1149
v -17.807 5.5631 2.0171
v -15.899 5.6401 3.16157
v -4.483 5.6081 9.8966
v -17.061 5.3991 3.94814
v -17.614 5.3941 3.32569
v -19.092 4.4321 3.18481
v -19.523 3.0802 1.7781
v -18.22 3.1489 4.6092
v -18.802 3.1961 3.50707
v -17.843 4.8231 4.21237
v -19.39 2.909 3.06106
v -16.808 5.4331 5.1121
v -14.836 5.6251 5.093
v -13.749 5.6091 6.3544
v -12.06 5.6431 7.9752
v -10.357 5.5841 10.725
v -7.194 5.6141 11.7888
v -3.755 5.6081 14.001
v -9.256 5.5801 13.308
v -10.866 5.0851 12.483
v -11.282 5.2331 11.5971
v -11.826 5.2241 11.0689
v -12.181 5.4361 9.9821
v -13.513 5.4761 9.313
v -14.162 5.6441 7.8379
v -15.447 5.6221 6.6548
v -16.919 5.3871 6.75
v -17.876 4.2998 6.1638
v -17.921 4.5891 5.0509
v -18.234 2.754 6.2061
v -18.013 3.1487 7.3588
v -17.406 4.4371 7.971
v -16.253 5.3731 7.7218
v -15.325 5.4921 8.0236
v -14.726 5.3511 8.8435
v -13.111 4.3651 10.8155
v -14.486 4.5091 9.779
v -11.907 4.5581 11.9536
v -10.738 5.0001 14.094
v -11.529 4.0322 13.1932
v -7.061 5.6391 15.621
v -9.532 5.5081 15.364
v -4.229 5.6061 17.315
v -10.864 4.6901 15.507
v -11.585 3.7904 14.676
v -11.3 2.5531 13.729
v -12.309 2.5784 12.1234
v -13.592 2.6778 10.8391
v -14.279 3.3947 10.2541
v -15.307 3.5058 9.6911
v -15.902 4.7251 8.9695
v -16.64 2.9427 8.9796
v -17.412 3.1657 8.079
v -14.911 1.9433 9.8738
v -13.229 0.99740 10.8055
v -11.28 0.99460 13.1928
v -12.047 0.20170 11.9809
v -11.253 2.3885 15.003
v -11.278 1.3426 14.45
v -11.173 3.2037 16.285
v -10.228 4.8161 16.789
v -8.858 5.6491 16.868
v -6 5.6581 18.296
v -7.847 5.6151 18.108
v -9.505 5.0531 18.359
v -10.679 3.6747 18.128
v -10.798 1.6817 17.571
v -11.017 0.81820 15.898
v -11.288 -0.24830 14.41
v -14.763 -0.49720 9.9278
v -12.973 -1.3224 11.0716
v -11.38 -0.84880 13.0057
v -11.977 -1.4565 12.0854
v -10.957 -0.50380 17.126
v -10.908 -0.32910 16.246
v -9.81 2.1394 18.905
v -9.984 0.20540 18.598
v -9.508 3.7088 19.053
v -8.32 4.4411 19.804
v -7.014 5.4511 19.412
v -7.191 3.1004 20.566
v -8.13 3.135 20.102
v -6.781 4.6921 20.47
v -8.818 2.7414 19.783
v -8.531 0.59950 19.809
v -11.131 -1.2056 15.729
v -11.389 -2.1564 14.089
v -11.539 -2.261 12.7223
v -10.186 -1.7943 18.39
v -9.216 -1.1398 19.307
v -7.917 2.1664 20.069
v -7.001 1.1844 20.562
v -7.17 -0.44220 20.459
v -11.067 -2.8116 16.944
v -11.297 -2.9473 15.37
v -11.62 -3.7529 12.9841
v -11.494 -3.7713 14.408
v -12.173 -2.8122 11.863
v -14.168 -2.4217 10.295
v -13.292 -3.558 11.0784
v -12.274 -4.3336 11.8308
v -10.864 -4.9861 13.836
v -10.927 -5.43286 11.9756
v -11.06 -4.5798 15.649
v -10.167 -3.5909 18.363
v -10.507 -4.5107 17.195
v -9.273 -2.7203 19.286
v -8.047 -1.8907 20.084
v -5.511 -0.23580 20.865
v -5.44 2.1676 20.884
v -4.711 1.0265 20.909
v -3.794 0.47620 20.812
v -3.706 -1.6996 20.639
v -6.634 -1.7598 20.626
v -6.974 -3.7959 20.87
v -8.491 -3.5986 19.988
v -9.348 -4.1883 19.308
v -9.461 -5.11346 18.17
v -9.643 -5.60356 16.45
v -9.914 -5.55809 14.86
v -9.212 -5.71813 13.2615
v -8.567 -5.74784 11.1042
v -9.925 -5.79008 9.3281
v -12.545 -5.45178 10.4757
v -13.935 -4.6132 10.335
v -11.854 -5.73325 7.9846
v -14.079 -5.62646 8.7854
v -5.746 -5.67705 8.2191
v -9.575 -5.67613 5.817
v -6.536 -5.67789 12.6066
v -8.07 -5.68296 15.069
v -7.759 -5.69254 17.349
v -8.225 -5.21335 19.48
v -5.462 -2.3959 20.843
v -4.431 -4.3287 20.877
v -6.051 -5.69543 19.05
v -2.754 -3.2608 20.485
v -2.468 -4.74521 20.024
v -3.685 -5.64955 18.735
v -4.79 -5.676 15.932
v -13.076 -5.6833 5.379
v -2.212 -5.67819 11.9247
v -1.012 -5.6725 15.697
v -2.548 -5.61164 17.286
v -1.883 -5.39161 18.631
v -1.268 -3.5237 20.286
v -0.93900 -4.6461 19.481
v -0.35400 -5.23066 18.522
v -1.086 -5.59151 17.517
v -15.698 -5.66767 4.4209
v -14.241 -5.67903 1.8694
v -10.615 -5.67802 1.4476
v -6.11 -5.67825 2.37413
v 0.43200 -5.56459 17.376
v 1.165 -5.15637 18.723
v 1.474 -5.66637 16.062
v 1.668 -5.68255 13.793
v -1.13 -5.67822 8.3585
v 2.669 -5.4413 17.611
v 3.64 -5.72015 15.758
v 0.25400 -5.67825 7.4816
v 4.865 -5.68243 13.693
v 4.913 -5.40234 17.291
v 6.0587 -5.66951 15.887
v -13.424 -5.68971 -2.3477
v -15.92 -5.68137 -5.6429
v -18.326 -5.67407 -8.406
v -20.68 -5.71843 -9.349
v -19.723 -5.70697 -10.824
v -19.359 -5.69858 -5.3625
v -17.182 -5.73884 -3.0299
v -16.601 -5.75424 -0.19640
v -18.381 -5.49092 -1.3067
v -19.626 -5.52863 -2.7261
v -21.489 -5.17115 -3.7378
v -22.038 -5.37955 -5.7046
v -21.011 -5.72494 -7.58
v -21.586 -5.49978 -10.648
v -19.736 -5.72091 -12.594
v -21.025 -5.58836 -11.827
v -19.167 -5.58048 -13.652
v -20.492 -4.98452 -13.731
v -21.217 -5.25599 -12.93
v -22.182 -4.4996 -11.881
v -22.668 -5.52369 -9.161
v -22.818 -4.85793 -10.63
v -23.018 -4.99366 -7.259
v -22.876 -3.9338 -4.6
v -23.093 -4.1088 -6.0141
v -20.846 -3.7401 -2.2297
v -21.987 -3.3955 -3.4052
v -19.583 -4.5655 -1.2843
v -18.194 -5.32608 -0.11270
v -18.852 -4.83473 -0.56480
v -18.919 -3.8504 -0.49950
v -19.554 -2.9936 -1.4082
v -20.3 -1.889 -2.054
v -21.328 -1.7483 -2.9988
v -22.336 -1.9428 -4.3055
v -23.039 -2.3595 -5.8103
v -23.5 -3.4296 -6.939
v -23.828 -3.6418 -8.443
v -23.584 -4.2114 -9.913
v -22.897 -3.3858 -10.794
v -22.233 -2.4413 -12.049
v -21.459 -3.6741 -13.357
v -20.799 -2.7461 -14.064
v -21.311 -1.4066 -13.424
v -20.549 -3.8153 -14.085
v -22.965 -1.4666 -10.65
v -23.728 -2.681 -9.809
v -23.745 -1.9433 -8.808
v -23.518 -1.7012 -7.397
v -23.147 -0.91720 -6.2713
v -22.841 -0.38720 -5.2881
v -22 0.26370 -3.8486
v -18.874 -2.4622 -0.33810
v -19.462 -1.2434 -1.1658
v -20.459 0.37580 -2.1604
v -23.262 0.80260 -6.882
v -23.684 -0.15030 -8.868
v -23.658 -1.3249 -9.646
v -22.316 -0.48450 -12.123
v -21.462 0.60820 -13.198
v -22.884 0.52870 -10.765
v -22.127 1.1994 -12.1
v -23.532 -0.41300 -10.034
v -18.84 -1.041 -0.06930
v -18.901 0.63070 -0.55580
v -22.786 1.5608 -5.0897
v -22.184 1.8481 -4.1403
v -23.608 0.34780 -9.914
v -21.508 2.3236 -13.223
v -22.671 2.7689 -11.332
v -23.672 1.3593 -9.891
v -23.614 1.6075 -8.531
v -23.6 2.918 -7.823
v -22.552 3.4074 -4.2796
v -23.217 3.3758 -6.2075
v -21.547 2.1736 -3.2278
v -20.564 2.84 -2.0049
v -19.62 2.0463 -1.3233
v -21.275 4.4051 -2.971
v -21.658 5.1991 -4.3493
v -22.024 5.0471 -5.7205
v -22.438 5.3791 -7.497
v -23.483 4.1605 -7.439
v -23.759 3.0153 -9.46
v -23.046 4.6151 -10.443
v -22.054 4.5611 -11.692
v -20.673 5.3971 -12.518
v -21.637 5.3731 -10.987
v -21.834 4.165 -13.044
v -21.993 5.5741 -9.517
v -23.421 4.4811 -8.667
v -20.841 3.7039 -14.245
v -20.479 2.2183 -14.659
v -20.864 1.3781 -13.773
v -20.047 2.3507 -15.692
v -19.832 1.1987 -15.589
v -20.476 0.29600 -14.363
v -19.824 -0.57650 -15.668
v -19.328 -1.2834 -16.791
v -20.336 -1.6729 -14.634
v -19.857 -2.7221 -15.793
v -20.34 -3.1208 -14.708
v -19.056 -2.9849 -17.184
v -20.065 -4.6057 -14.86
v -19.452 -4.67608 -16.225
v -18.693 -4.6239 -17.315
v -19.364 1.42 1.14
v -19.28 -0.34400 0.93970
v -19.503 1.7221 2.56
v -19.573 0.14300 2.2669
v -19.593 -1.2594 1.8858
v -19.258 -1.9055 0.86640
v -18.933 -1.3911 3.23339
v -18.942 0.66330 3.15189
v -18.689 2.069 3.41134
v -18.133 0.54910 4.3106
v -18.097 -1.4619 4.5578
v -19.668 -2.7324 1.9802
v -19.269 -3.3731 0.66520
v -19.077 -3.5661 3.1404
v -19.419 -4.4795 1.747
v -18.225 -2.9435 4.14306
v -18.148 -0.77740 5.8243
v -18.215 -2.5693 5.4882
v -18.165 1.3176 5.7968
v -18.026 1.7592 7.0302
v -18.075 0.22160 6.9049
v -18.075 -0.95270 6.9032
v -18.164 -2.098 6.8194
v -18.325 -3.897 6.5637
v -18.23 -4.1603 5.0127
v -18.29 -4.27 3.87492
v -18.529 -5.23578 2.94129
v -19.028 -4.72963 0.35860
v -18.221 -5.5717 1.1789
v -16.778 -5.70403 2.40594
v -17.54 -5.26949 4.12005
v -17.357 -5.36641 5.8174
v -17.676 -3.1256 7.9008
v -17.391 -4.94717 7.7236
v -17.463 -1.0249 7.9243
v -17.576 0.81350 7.7339
v -17.374 2.1183 7.9605
v -16.542 0.76380 8.8281
v -16.209 -1.1626 9.0972
v -16.639 -2.6137 8.7964
v -16.944 -3.9723 8.7386
v -15.591 -5.68889 6.8677
v -16.057 -5.09439 8.9152
v -15.05 -4.1308 9.9446
v -16.097 -3.7035 9.3693
v -15.351 -2.4794 9.6482
v -14.659 -3.143 10.0268
v -14.161 -3.5698 10.2965
v 7.2492 -5.67683 14.629
v 8.4292 -5.40553 16.243
v 10.2226 -4.5272 17.017
v 8.6675 -4.1498 17.505
v 6.9058 -5.06477 17.363
v 5.6242 -4.4633 18.366
v 7.1238 -3.6319 17.871
v 8.5603 -2.4198 17.299
v 10.2322 -3.0102 17.188
v 11.4657 -3.5111 17.066
v 10.2132 -1.4728 17.017
v 12.1232 -1.7404 17.029
v 9.0393 -1.0578 16.878
v 7.7493 -1.1443 16.99
v 6.767 -2.2704 17.498
v 5.735 -3.1719 18.044
v 3.998 -3.3914 18.779
v 4.108 -5.00881 18.498
v 5.155 -2.0527 17.755
v 7.2271 0.27930 16.614
v 8.6761 -0.10560 16.598
v 6.23 -1.0113 17.164
v 10.0093 -0.06970 16.64
v 11.2373 -0.37950 16.845
v 13.9898 -0.23740 16.959
v 12.4326 0.36070 16.863
v 11.2621 1.0614 16.61
v 9.3846 1.7364 16.284
v 7.2686 1.9149 16.036
v 5.5839 1.1409 16.774
v 5.9106 -0.06560 16.972
v 4.665 -0.47870 17.45
v 3.679 -1.6776 18.186
v 2.727 -4.86564 19.06
v 2.313 -2.1187 19.001
v 1.961 -3.7508 19.457
v 3.869 1.0002 17.398
v 5.9333 2.9557 16.153
v 4.272 2.5509 16.951
v 8.2608 2.8195 15.931
v 12.2838 1.5748 16.928
v 13.5727 1.7979 17.241
v 11.9103 3.0533 16.687
v 10.2869 3.5735 16.322
v 9.1663 3.64 15.826
v 8.2617 3.4937 15.417
v 7.3185 3.1602 15.506
v 4.908 3.8444 16.523
v 3.884 3.9696 17.096
v 3.153 3.3456 17.47
v 2.41 -0.11420 18.37
v 2.601 2.0323 17.878
v 1.416 1.3523 18.729
v 1.978 3.9562 18.198
v 1.355 2.5607 18.616
v 3.041 4.2231 17.587
v 4.315 4.7111 16.464
v 3.27 4.9641 17.081
v 5.091 4.5721 16.094
v 5.707 4.1392 16.063
v 6.5883 4.1968 15.482
v 7.7283 4.0968 14.902
v 8.666 3.9221 14.961
v 10.2027 3.8659 15.448
v 9.5761 3.9319 14.683
v 11.0736 3.9936 15.734
v 10.7796 4.0677 14.64
v 8.5624 4.2286 13.88
v 7.1142 4.7541 14.94
v 7.493 5.0721 14.156
v 6.3494 5.2091 14.696
v 5.536 4.8451 15.419
v 4.698 5.1581 15.668
v 3.638 5.5431 15.717
v 2.413 5.5981 16.205
v 2.143 5.2871 17.581
v 2.679 4.7021 17.754
v 1.189 5.2351 18.147
v 0.69300 3.3742 18.965
v 0.21400 1.997 19.344
v 0.62200 4.6261 19.122
v 0.79500 5.6861 16.603
v -0.07700 5.6311 18.369
v 2.027 5.6081 13.68
v 4.777 5.6591 14.338
v 6.4738 5.5851 13.0663
v 8.0773 5.1731 12.7147
v 9.8846 4.2355 13.445
v 8.8831 4.5071 12.9714
v 11.6526 4.1181 13.468
v 10.4364 4.029 12.325
v 9.2739 4.8501 12.2025
v 7.3993 5.6011 10.7582
v 8.4224 5.3251 11.7299
v 4.619 5.6141 11.4427
v -0.66600 5.6071 14.665
v -1.647 5.6191 17.02
v -1.266 5.5701 18.834
v -0.54400 5.0141 19.395
v -0.50500 3.5786 19.637
v -1.711 4.6591 19.695
v -2.586 5.6431 18.828
v -1.02 5.6081 11.6009
v -4.269 5.7271 19.517
v -2.842 5.2841 20.171
v -1.754 3.2765 20.232
v -2.744 3.9087 20.565
v -3.89 4.6961 20.773
v -4.946 5.0881 20.555
v -5.799 5.4151 19.892
v -5.728 4.6811 20.665
v -4.992 3.9714 20.896
v -3.943 3.1062 20.876
v -2.752 2.0637 20.722
v -1.246 1.95 20.101
v -4.111 1.7141 21.036
v -6.058 3.7562 20.9
v -0.66200 0.68810 19.803
v -2.031 0.08630 20.488
v -0.53100 -0.74250 20.037
v -1.75 -1.9278 20.397
v 0.56800 0.31940 19.306
v 0.92100 -1.256 19.438
v -0.20500 -2.3326 20.03
v 0.28500 -3.8178 19.852
v 1.078 -2.6326 19.661
v 0.22300 -4.78393 19.297
v 1.061 -4.5224 19.417
v 1.72 -4.6516 19.246
v 1.806 5.6081 9.6405
v 1.202 5.6081 6.3065
v 2.315 5.6081 2.49844
v 5.246 5.6071 7.0922
v 8.8828 5.3181 11.1879
v 9.017 5.3551 10.1969
v 8.5864 5.6561 8.5692
v 10.2824 5.2811 9.5558
v 10.0906 4.5351 11.0004
v 11.6576 4.19 11.8518
v 11.7583 5.1361 10.6788
v 12.9307 4.0949 12.7613
v 13.5575 4.1646 14.185
v 12.0982 4.1881 15.126
v 14.6684 3.6853 15.472
v 13.2855 4.0085 15.737
v 13.7886 3.324 16.604
v 15.0433 2.717 16.629
v 15.212 1.1816 16.939
v 16.2459 2.0507 16.473

# No. normals 3314:
vn -0.15619 -0.82771 -0.53898
vn -0.11161 -0.81598 -0.56721
vn -0.47847 -0.54754 -0.68649
vn -0.30105 -0.23364 -0.92454
vn -0.09380 -0.28641 -0.95350
vn -0.20114 -0.21324 -0.95607
vn -0.02198 -0.99713 -0.07245
vn 0.02253 -0.89339 -0.44872
vn -0.04100 -0.99672 -0.06975
vn 0.04241 -0.98373 -0.17456
vn -0.29438 -0.91482 -0.27649
vn -0.41895 -0.56308 -0.71234
vn -0.41037 -0.55450 -0.72396
vn -0.43198 0.21858 -0.87499
vn -0.23242 0.07518 -0.96971
vn -0.66185 0.06639 -0.74669
vn -0.71384 -0.02914 -0.69970
vn -0.20410 0.11095 -0.97264
vn -0.49282 0.16133 -0.85504
vn 0.05194 0.12362 -0.99097
vn 0.16155 0.02172 -0.98663
vn -0.17991 0.13129 -0.97488
vn 0.11962 -0.19314 -0.97385
vn 0.31229 -0.73944 -0.59641
vn 0.23670 -0.25751 -0.93683
vn -0.00906 -0.99806 -0.06152
vn 0.11821 -0.98581 -0.11916
vn 0.25127 -0.66988 -0.69866
vn 0.36932 -0.72897 -0.57638
vn -0.00474 -0.999989 0.00009
vn -0.00241 -0.999993 -0.00299
vn 0.06849 -0.99736 0.02418
vn -0.00138 -0.99667 0.08155
vn -0.11835 -0.99220 0.03902
vn -0.18615 -0.95648 -0.22473
vn -0.09845 -0.91521 -0.39076
vn -0.70720 -0.39815 -0.58425
vn -0.56125 -0.28276 -0.77785
vn -0.67634 -0.02566 -0.73614
vn -0.65065 0.04017 -0.75832
vn -0.66901 0.00651 -0.74323
vn -0.41208 0.05902 -0.90924
vn -0.35298 0.01304 -0.93554
vn -0.35855 -0.01438 -0.93340
vn -0.11498 0.05930 -0.99160
vn -0.17166 0.09146 -0.98090
vn -0.19878 0.07675 -0.97703
vn 0.01106 -0.01769 -0.999782
vn 0.29091 0.06971 -0.95421
vn 0.44148 -0.02564 -0.89691
vn 0.46558 0.10873 -0.87830
vn 0.56368 -0.00674 -0.82596
vn 0.55193 -0.07175 -0.83080
vn 0.37044 0.00491 -0.92884
vn 0.52113 -0.07179 -0.85045
vn 0.41573 0.04666 -0.90829
vn 0.39185 0.03885 -0.91921
vn 0.34943 -0.62801 -0.69534
vn 0.00549 -0.97768 -0.21003
vn 0.09835 -0.96235 -0.25340
vn 0.07729 -0.50874 -0.85744
vn -0.02442 -0.999696 0.00339
vn 0.01016 -0.999899 0.00994
vn 0.00803 -0.999919 0.00988
vn 0.00079 -0.99764 -0.06868
vn 0.00028 -0.999999 -0.00134
vn -0.00182 -0.999998 0.00036
vn -0.00024 -1 0.00061
vn -0.00538 -0.999891 0.01376
vn -0.00457 -0.99985 0.01669
vn 0.17884 -0.97386 -0.14007
vn 0.16828 -0.96164 -0.21665
vn 0.52822 -0.67446 -0.51583
vn 0.32874 -0.39782 -0.85655
vn 0.22102 -0.39665 -0.89097
vn 0.11731 -0.07101 -0.99055
vn 0.43685 0.18543 -0.88022
vn 0.54360 0.09882 -0.83351
vn 0.40963 0.07668 -0.90902
vn 0.58722 -0.63964 -0.49602
vn 0.03370 -0.97816 -0.20508
vn 0.02376 -0.97945 -0.20027
vn 0.10102 -0.49396 -0.86359
vn 0.04783 -0.99872 -0.01666
vn -0.00011 -1 0.00079
vn 0.00029 -1 0.00075
vn -0.00497 -0.999769 -0.02089
vn 0.02542 -0.97961 -0.19929
vn -0.14243 -0.97966 -0.14132
vn -0.11576 -0.73501 -0.66810
vn -0.35226 -0.59454 -0.72280
vn -0.00996 -0.999651 -0.02448
vn -0.00313 -0.999252 -0.03855
vn -0.00126 -0.999994 0.00312
vn -0.00010 -1 0.00026
vn 0.00002 -1 -0.00003
vn 0.00004 -1 -0.00002
vn -0.00012 -1 -0.00013
vn 0.00009 -1 -0.00005
vn -0.00327 -0.999991 0.00278
vn -0.00355 -0.999992 0.00164
vn -0.00004 -1 -0.00002
vn 0.00002 -1 -0.00002
vn 0.00178 -0.999992 0.00366
vn -0.00002 -1 -0.00004
vn 0.00005 -1 0.00002
vn -0.00001 -1 0.00002
vn 0.00028 -1 -0.00014
vn -0.00085 -1 -0.00002
vn 0.00007 -0.999999 0.00100
vn 0.00023 -1 -0.00021
vn 0.00001 -1 -0.00001
vn 0 -1 0.00001
vn -0.00170 -0.999998 -0.00057
vn -0.00110 -0.999999 0.00092
vn -0.00003 -1 -0.00002
vn 0.00001 -1 0
vn 0 -1 0
vn -0.00001 -1 0
vn 0.00021 -0.999999 0.00150
vn -0.00001 -1 0.00004
vn -0.00026 -1 0.00025
vn 0.00004 -1 0.00031
vn 0.00024 -1 0.00012
vn -0.00033 -1 -0.00011
vn 0.00148 -0.999998 -0.00096
vn -0.00056 -0.999998 0.00190
vn 0.00047 -0.999999 0.00152
vn 0 -0.999999 -0.00131
vn 0.00221 -0.99999 0.00397
vn 0.00354 -0.999949 -0.00950
vn 0.00793 -0.999968 0.00144
vn -0.00482 -0.999969 0.00627
vn -0.00900 -0.99808 -0.06133
vn -0.02611 -0.99829 -0.05224
vn 0.00686 -0.99857 -0.05309
vn -0.03303 -0.999376 -0.01249
vn -0.00277 -0.999861 -0.01643
vn 0.00376 -0.999946 -0.00964
vn -0.00567 -0.999979 -0.00297
vn -0.02148 -0.999551 0.02090
vn -0.00592 -0.999969 -0.00519
vn 0.02139 -0.999761 0.00461
vn -0.01020 -0.999398 0.03317
vn 0.03669 -0.99805 0.05041
vn -0.01536 -0.99413 0.10713
vn 0.10179 -0.98473 0.14119
vn -0.05702 -0.96159 0.26851
vn 0.17613 -0.82423 0.53817
vn 0.26636 -0.85306 0.44871
vn 0.26414 -0.81458 0.51643
vn 0.26381 -0.95902 0.10337
vn -0.03333 -0.99892 -0.03238
vn -0.00328 -0.999078 -0.04281
vn 0.04138 -0.999008 -0.01646
vn -0.02529 -0.99601 -0.08554
vn 0.06150 -0.98392 -0.16767
vn 0.11983 -0.99012 -0.07280
vn 0.01535 -0.999404 -0.03091
vn -0.03210 -0.999429 0.01058
vn 0.03974 -0.96734 0.25034
vn 0.69054 -0.48191 0.53937
vn 0.41367 -0.78901 0.45425
vn 0.26099 -0.51881 0.81408
vn 0.42814 -0.15600 0.89015
vn 0.30362 -0.19568 0.93248
vn 0.49421 -0.27288 0.82541
vn 0.15101 -0.57551 0.80373
vn 0.56086 -0.62117 0.54734
vn 0.12258 -0.89461 0.42971
vn 0.17322 -0.91177 0.37238
vn 0.09525 -0.92397 0.37040
vn 0.15209 -0.94837 0.27832
vn 0.02132 -0.96732 0.25264
vn 0.09731 -0.94892 0.30013
vn 0.05658 -0.97536 0.21325
vn 0.02137 -0.97868 0.20428
vn 0.11726 -0.77205 0.62465
vn 0.06451 -0.79930 0.59746
vn 0.00946 -0.75201 0.65909
vn 0.09947 -0.83094 0.54740
vn 0.20251 -0.77952 0.59274
vn 0.22087 -0.78644 0.57682
vn 0.36557 -0.49625 0.78746
vn 0.53249 -0.65450 0.53673
vn 0.35837 -0.67605 0.64384
vn 0.51071 -0.48084 0.71271
vn 0.68781 -0.20202 0.69721
vn 0.45752 -0.17566 0.87168
vn 0.58737 0.00734 0.80929
vn 0.46324 -0.00047 0.88623
vn 0.47051 -0.00572 0.88238
vn 0.56597 0.00686 0.82440
vn 0.60110 -0.04651 0.79782
vn 0.75741 -0.05847 0.65031
vn 0.73793 -0.61628 0.27507
vn 0.66504 -0.60884 0.43248
vn 0.55813 -0.82614 0.07734
vn 0.61038 -0.79130 -0.03587
vn 0.58313 -0.80645 -0.09794
vn 0.96137 -0.13508 0.23986
vn 0.99482 -0.10114 0.01052
vn 0.97692 -0.18551 -0.10592
vn 0.79436 0.01117 0.60734
vn 0.94671 -0.02211 0.32134
vn 0.79853 -0.00066 0.60195
vn 0.58081 0.03246 0.81339
vn 0.44784 0.06645 0.89164
vn 0.50934 0.04601 0.85933
vn 0.55367 0.07808 0.82907
vn 0.59819 -0.01391 0.80124
vn 0.64962 0.04234 0.75908
vn 0.70216 -0.02373 0.71163
vn 0.55922 -0.22690 0.79737
vn 0.56897 -0.22822 0.79005
vn 0.31050 -0.55333 0.77293
vn 0.24743 -0.53634 0.80692
vn 0.18320 -0.58550 0.78970
vn 0.12790 -0.57563 0.80765
vn -0.10793 -0.26116 0.95924
vn 0.06342 -0.21415 0.97474
vn 0.02431 0.10576 0.99409
vn 0.19336 -0.01827 0.98096
vn -0.03854 0.09113 0.99509
vn 0.36387 0.02954 0.93098
vn 0.36332 0.02558 0.93131
vn 0.58876 0.09772 0.80238
vn 0.48592 -0.10714 0.86741
vn 0.36147 -0.09100 0.92793
vn 0.96422 0.04778 0.26076
vn 0.99677 0.03691 0.07135
vn 0.999208 -0.03936 -0.00582
vn 0.95544 0.06396 -0.28818
vn 0.90406 -0.01578 -0.42711
vn 0.90396 -0.04649 -0.42507
vn 0.92912 -0.01311 -0.36953
vn 0.65552 -0.64419 -0.39410
vn 0.83892 0.02743 -0.54356
vn 0.86386 0.07418 -0.49824
vn 0.87107 0.03392 -0.48999
vn 0.99530 -0.01426 0.09578
vn 0.94974 -0.02240 -0.31224
vn 0.96920 -0.03340 0.24399
vn 0.99086 0.01553 0.13401
vn 0.79619 -0.00469 0.60504
vn 0.96493 -0.01911 0.26183
vn 0.44895 -0.04653 0.89234
vn 0.64052 -0.10338 0.76095
vn 0.40911 0.15412 0.89937
vn 0.50073 0.09782 0.86006
vn 0.49582 0.09683 0.86301
vn 0.44302 -0.05870 0.89459
vn 0.65232 0.00219 0.75794
vn 0.28708 0.07820 0.95471
vn 0.29935 -0.05096 0.95278
vn 0.39439 0.03203 0.91839
vn 0.60371 -0.02371 0.79685
vn 0.69480 -0.04434 0.71783
vn 0.58531 -0.04697 0.80945
vn 0.71429 -0.00312 0.69984
vn 0.62116 -0.01978 0.78343
vn 0.60585 0.31874 0.72894
vn 0.54463 0.46112 0.70054
vn 0.29677 0.59996 0.74295
vn 0.41761 0.61266 0.67100
vn 0.43623 0.65549 0.61647
vn 0.31110 0.39720 0.86339
vn 0.41552 0.15941 0.89551
vn 0.55491 0.14035 0.81999
vn 0.67249 -0.05273 0.73822
vn 0.74902 -0.04077 0.66129
vn 0.80147 -0.10429 0.58887
vn 0.91700 -0.04485 0.39635
vn 0.93902 -0.13529 0.31613
vn 0.98204 -0.16424 0.09284
vn 0.95658 -0.05355 -0.28652
vn 0.86001 -0.06566 -0.50604
vn 0.84657 -0.08804 -0.52495
vn 0.90511 -0.10814 -0.41119
vn 0.81780 -0.15532 -0.55415
vn 0.85604 -0.05303 -0.51418
vn 0.92726 0.14763 0.34408
vn 0.96492 0.17212 0.19825
vn 0.99531 -0.09381 0.02379
vn 0.77516 0.21879 0.59267
vn 0.84304 0.26116 0.47018
vn 0.59355 0.39118 0.70333
vn 0.59974 0.39302 0.69703
vn 0.42718 0.49983 0.75345
vn 0.34871 0.66542 0.66001
vn 0.63639 0.53973 0.55109
vn 0.31065 0.89178 0.32897
vn 0.33486 0.88754 0.31645
vn 0.13898 0.79312 0.59300
vn 0.15123 0.98816 0.02605
vn 0.01082 0.99722 0.07371
vn 0.53680 0.81052 0.23434
vn 0.78229 0.52770 0.33100
vn 0.59421 0.72391 0.35053
vn 0.63870 0.25031 0.72761
vn 0.28996 0.50226 0.81465
vn 0.10608 0.88953 0.44439
vn 0.45846 0.48705 0.74337
vn 0.19765 0.94508 0.26032
vn 0.01026 0.99793 -0.06343
vn -0.09163 0.98652 -0.13558
vn 0.07027 0.98183 -0.17625
vn -0.00401 0.99458 0.10389
vn -0.06505 0.99383 0.08983
vn 0.00168 0.99259 0.12154
vn 0.31126 0.92357 0.22390
vn 0.43362 0.73647 0.51922
vn 0.18543 0.93639 0.29797
vn 0.54253 0.67921 0.49431
vn 0.63384 0.67435 0.37881
vn 0.62204 0.75892 0.19261
vn 0.78078 0.62444 -0.02127
vn 0.77644 0.62732 -0.06010
vn 0.84055 0.38730 -0.37879
vn 0.92587 -0.16643 -0.33920
vn 0.77017 0.39764 -0.49871
vn 0.69303 0.09754 -0.71428
vn 0.79090 -0.06203 -0.60880
vn 0.85096 0.13361 -0.50796
vn 0.79463 -0.06942 -0.60311
vn 0.70626 0.36137 -0.60878
vn 0.62239 0.77099 -0.13494
vn 0.40544 0.78066 -0.47559
vn 0.40444 0.85988 -0.31151
vn 0.18238 0.98270 0.03212
vn 0.22003 0.96930 0.10978
vn 0.24903 0.94470 -0.21338
vn 0.18277 0.97272 0.14287
vn 0.04003 0.99549 0.08597
vn 0.03806 0.99620 0.07835
vn -0.06376 0.99336 0.09573
vn -0.02385 0.99810 0.05680
vn 0.23214 0.95463 0.18655
vn 0.10124 0.91889 0.38131
vn -0.18108 0.97128 0.15438
vn 0.02825 0.97422 0.22383
vn -0.08295 0.99551 -0.04556
vn 0.10879 0.98739 -0.11498
vn 0.04817 0.99511 0.08627
vn 0.07833 0.99427 0.07277
vn 0.00081 0.99789 -0.06497
vn 0.02518 0.99839 0.05078
vn 0.23111 0.96900 -0.08730
vn 0.12894 0.98051 0.14824
vn 0.32043 0.74870 0.58032
vn 0.27018 0.77946 0.56519
vn 0.01549 0.96873 0.24764
vn 0.51591 0.75462 0.40545
vn 0.08725 0.99593 0.02240
vn 0.09876 0.99322 0.06132
vn 0.19495 0.97606 0.09644
vn 0.32290 0.92746 -0.18856
vn 0.48102 0.85337 0.20096
vn 0.77257 0.62760 -0.09619
vn 0.52699 0.84499 0.09095
vn 0.74897 0.63542 -0.18784
vn 0.75305 0.50233 -0.42496
vn 0.79578 0.22563 -0.56198
vn 0.69022 0.35747 -0.62913
vn 0.61431 0.07666 -0.78533
vn 0.72170 -0.07788 -0.68781
vn 0.88198 0.09457 -0.46171
vn 0.91053 0.23105 -0.34286
vn 0.86920 0.12422 -0.47860
vn 0.77621 0.53383 -0.33544
vn 0.74836 0.50670 -0.42803
vn 0.71899 0.66579 -0.19945
vn 0.49215 0.87044 0.01093
vn 0.19187 0.92535 0.32698
vn 0.51264 0.78585 0.34589
vn 0.40417 0.80098 0.44168
vn 0.24195 0.96002 0.14081
vn 0.13589 0.95971 0.24595
vn 0.22587 0.77557 0.58947
vn 0.01563 0.89633 0.44311
vn 0.04897 0.99060 0.12770
vn 0.08282 0.99182 0.09714
vn 0.25659 0.84021 0.47771
vn 0.13845 0.91668 0.37488
vn 0.14273 0.98519 0.09500
vn 0.26954 0.75673 0.59558
vn 0.37252 0.81771 0.43885
vn 0.26141 0.93723 0.23078
vn 0.18121 0.90358 0.38822
vn -0.01823 0.99532 0.09493
vn -0.02240 0.99471 0.10024
vn -0.00128 0.999049 -0.04359
vn 0.04086 0.99815 -0.04497
vn 0.01161 0.999932 -0.00058
vn 0.09133 0.99580 0.00665
vn 0.41267 0.89488 0.17000
vn 0.03284 0.99708 0.06897
vn 0.55145 0.83384 0.02468
vn 0.55570 0.81972 0.13879
vn 0.65177 0.75829 0.01360
vn 0.94290 0.32829 -0.05625
vn 0.92747 0.36879 0.06153
vn 0.97653 0.21409 -0.02335
vn 0.99495 0.08954 0.04526
vn 0.83054 -0.00273 -0.55695
vn 0.97976 -0.13879 -0.14427
vn 0.97313 0.02367 -0.22904
vn 0.73137 -0.05705 -0.67959
vn 0.83871 -0.01686 -0.54432
vn 0.97487 0.03274 -0.22034
vn 0.98985 -0.14037 0.02205
vn 0.98292 -0.18293 -0.02004
vn 0.99606 0.02111 -0.08615
vn 0.97616 0.21409 -0.03578
vn 0.98786 0.09791 -0.12058
vn 0.80031 0.58382 -0.13660
vn 0.79848 0.58900 -0.12456
vn 0.64966 0.76022 0.00195
vn 0.10358 0.99272 -0.06144
vn 0.11131 0.99048 -0.08101
vn 0.02415 0.999669 -0.00893
vn -0.00451 0.999564 -0.02918
vn -0.01029 0.999776 -0.01847
vn 0.00435 0.999416 -0.03391
vn -0.02202 0.999024 -0.03828
vn 0.05142 0.99586 0.07495
vn 0.07983 0.97005 0.22942
vn -0.02840 0.99869 0.04251
vn -0.04257 0.999059 0.00825
vn -0.00119 0.999997 0.00205
vn 0.83451 0.55087 -0.01152
vn 0.15810 0.98688 0.03281
vn 0.30071 0.94874 -0.09726
vn 0.95541 0.05910 -0.28932
vn 0.98218 -0.01017 -0.18768
vn 0.87431 0.45751 -0.16205
vn 0.94561 -0.10207 -0.30886
vn 0.96572 -0.06903 -0.25024
vn 0.93852 -0.09455 -0.33203
vn 0.94501 -0.02701 -0.32593
vn 0.71975 0.55779 -0.41333
vn 0.90707 -0.05401 -0.41750
vn 0.72060 0.56887 -0.39639
vn 0.30568 0.90945 -0.28189
vn -0.01650 0.999857 0.00361
vn 0.47543 0.87462 -0.09485
vn -0.01812 0.999777 -0.01086
vn 0.09297 0.98864 -0.11814
vn -0.00708 0.999967 -0.00408
vn -0.00016 1 -0.00019
vn 0.00082 0.999998 0.00200
vn 0 1 0
vn 0.00077 1 -0.00055
vn 0.00055 1 0.00045
vn 0.00254 0.999997 -0.00028
vn 0.14362 0.98962 0.00555
vn 0.00116 0.999997 0.00226
vn 0.56976 0.78837 -0.23203
vn 0.84709 0.48412 -0.21924
vn 0.85003 0.49128 -0.19000
vn 0.56575 0.78034 -0.26646
vn 0.34034 0.89399 -0.29145
vn 0.53075 0.78976 -0.30753
vn 0.44235 0.89627 -0.03189
vn -0.00356 0.999906 -0.01323
vn 0.21585 0.96896 -0.12055
vn 0.00986 0.999931 -0.00639
vn 0 1 0
vn 0 1 0
vn 0 1 0
vn -0.00017 1 0.00031
vn 0 1 0
vn 0 1 0
vn 0.00090 0.999995 -0.00288
vn 0.00323 0.999994 -0.00077
vn 0.27982 0.92035 -0.27325
vn 0.62148 0.70350 -0.34475
vn 0.68169 0.69914 -0.21566
vn 0.56244 0.57839 -0.59086
vn 0.77294 0.53340 -0.34358
vn 0.78666 0.58305 -0.20303
vn 0.69875 0.66956 -0.25185
vn 0.30514 0.93504 -0.18052
vn 0.70338 0.66852 -0.24155
vn 0.41131 0.90601 -0.09984
vn 0.00176 0.999759 0.02188
vn 0 1 0
vn 0 1 0
vn 0 1 0
vn -0.00301 0.99999 -0.00333
vn -0.00292 0.999923 0.01210
vn -0.00636 0.999903 0.01240
vn 0.47161 0.83205 -0.29201
vn 0.51869 0.82515 -0.22380
vn 0.17901 0.95479 -0.23733
vn 0.15295 0.90150 -0.40484
vn 0.20804 0.91004 -0.35853
vn 0.02198 0.92452 -0.38050
vn 0.00342 0.999774 0.02100
vn 0.28269 0.82725 -0.48553
vn -0.02003 0.9996 0.01998
vn 0.00183 0.999992 -0.00356
vn 0.00422 0.999991 -0.00047
vn -0.02496 0.999679 -0.00427
vn 0.27508 0.81687 -0.50701
vn 0.56097 0.78110 -0.27422
vn 0.32815 0.89615 -0.29873
vn -0.07299 0.53868 -0.83935
vn 0.53390 0.59540 -0.60037
vn 0.42383 0.35046 -0.83519
vn 0.81303 0.25501 -0.52340
vn 0.58426 0.59814 -0.54852
vn 0.30022 0.82295 -0.48231
vn 0.60560 0.59512 -0.52828
vn 0.63082 0.75504 -0.17884
vn 0.02979 0.99855 0.04474
vn 0.16836 0.97022 -0.17417
vn -0.05510 0.99801 0.03081
vn 0.00487 0.999982 -0.00338
vn -0.03723 0.99856 -0.03852
vn 0.00036 1 -0.00051
vn 0 1 0
vn -0.00064 0.999997 -0.00215
vn 0.02523 0.99869 -0.04459
vn -0.01948 0.92210 -0.38646
vn -0.12812 0.86600 -0.48336
vn -0.00177 0.98654 -0.16351
vn 0.35225 0.83207 -0.42846
vn -0.25736 0.95590 -0.14152
vn -0.05560 0.99244 -0.10945
vn -0.17150 0.96269 -0.20934
vn -0.09523 0.97430 -0.20413
vn 0.09089 0.93186 -0.35126
vn 0.24628 0.92564 -0.28728
vn 0.65405 0.67441 -0.34263
vn 0.44096 0.71976 -0.53619
vn 0.59286 0.41264 -0.69155
vn 0.87473 0.37267 -0.30978
vn 0.76231 0.08473 -0.64164
vn 0.60065 0.10800 -0.79218
vn 0.31807 0.41250 -0.85362
vn 0.65375 0.38127 -0.65365
vn 0.21731 0.82234 -0.52586
vn -0.13987 0.68782 -0.71228
vn -0.19617 0.70345 -0.68313
vn -0.33182 0.61988 -0.71108
vn -0.39572 0.66046 -0.63812
vn -0.26979 0.67504 -0.68669
vn 0.05414 0.40514 -0.91265
vn -0.49783 0.47975 -0.72250
vn 0.29320 0.62717 -0.72158
vn 0.45305 0.52799 -0.71832
vn 0.59229 0.65324 -0.47167
vn 0.14803 0.98885 -0.01642
vn 0.44761 0.73851 -0.50424
vn 0.00027 0.999998 -0.00217
vn 0.00199 0.999998 -0.00012
vn 0.00098 0.999994 0.00321
vn 0.07728 0.99648 -0.03257
vn 0.41791 0.71721 -0.55763
vn 0.65202 0.64645 -0.39620
vn 0.07759 0.97871 -0.19001
vn 0.56988 0.36995 -0.73374
vn 0.71081 0.35986 -0.60436
vn 0.27929 -0.01292 -0.96012
vn 0.82659 0.03814 -0.56151
vn -0.22438 0.12117 -0.96694
vn -0.49336 -0.18182 -0.85061
vn 0.46958 -0.18410 -0.86348
vn -0.57303 0.09337 -0.81420
vn -0.10880 0.05909 -0.99231
vn -0.19186 -0.01745 -0.98127
vn -0.45161 -0.01933 -0.89200
vn 0.26742 -0.04660 -0.96245
vn 0.25084 0.06776 -0.96565
vn -0.18774 -0.02868 -0.98180
vn 0.00959 -0.07842 -0.99687
vn -0.46330 -0.12053 -0.87797
vn -0.39939 -0.15098 -0.90426
vn -0.32184 -0.04414 -0.94577
vn -0.62269 0.00578 -0.78245
vn 0.52629 -0.11541 -0.84243
vn 0.76387 -0.10629 -0.63656
vn 0.77060 -0.12043 -0.62583
vn 0.86561 -0.09676 -0.49128
vn 0.66777 0.26417 -0.69592
vn 0.88108 0.19370 -0.43149
vn 0.64614 0.62216 -0.44207
vn 0.12731 0.97998 -0.15309
vn 0.16868 0.72269 -0.67027
vn 0.32668 0.64068 -0.69485
vn 0.00565 0.999936 0.00981
vn 0.10656 0.98279 -0.15088
vn -0.01595 0.999861 0.00482
vn 0.01387 0.99972 0.01919
vn 0.02551 0.999591 -0.01293
vn -0.06364 0.99342 -0.09519
vn -0.05509 0.99411 -0.09331
vn -0.02684 0.99302 -0.11483
vn -0.02254 0.91454 -0.40386
vn 0.24088 0.91728 -0.31714
vn 0.00162 0.97260 -0.23249
vn 0.32628 0.73326 -0.59655
vn 0.31389 0.08270 -0.94585
vn 0.49992 0.16325 -0.85055
vn 0.31262 0.20819 -0.92678
vn 0.14125 0.36509 -0.92019
vn 0.55938 -0.08327 -0.82472
vn 0.87048 -0.07773 -0.48603
vn 0.55796 -0.09061 -0.82490
vn 0.64770 -0.18744 -0.73848
vn -0.39512 0.05818 -0.91679
vn -0.38385 0.05984 -0.92145
vn 0.35259 -0.09747 -0.93069
vn 0.43908 -0.02575 -0.89808
vn 0.41372 -0.17207 -0.89399
vn 0.31808 -0.16420 -0.93374
vn 0.26507 0.36870 -0.89095
vn 0.37175 -0.11800 -0.92080
vn -0.00136 -0.00944 -0.999954
vn 0.01271 -0.09626 -0.99527
vn 0.02755 -0.10689 -0.99389
vn 0.00568 0.61770 -0.78639
vn -0.27864 0.60191 -0.74837
vn -0.39148 0.80314 -0.44912
vn -0.13423 0.81262 -0.56712
vn -0.15568 0.80354 -0.57453
vn -0.57636 0.30507 -0.75812
vn -0.00672 0.24573 -0.96932
vn -0.38479 -0.19283 -0.90264
vn -0.45288 -0.17914 -0.87339
vn -0.46297 -0.16283 -0.87129
vn 0.21816 0.03432 -0.97531
vn -0.36953 -0.00870 -0.92918
vn -0.38434 -0.00042 -0.92319
vn 0.28090 -0.01403 -0.95964
vn 0.81703 -0.05142 -0.57430
vn 0.55205 0.00096 -0.83381
vn 0.49523 -0.06812 -0.86609
vn 0.78930 0.01556 -0.61382
vn -0.63290 -0.00541 -0.77421
vn -0.47623 -0.02431 -0.87899
vn -0.63186 -0.00713 -0.77505
vn -0.56589 0.07482 -0.82108
vn 0.55081 0.00333 -0.83462
vn 0.66855 0.10242 -0.73659
vn 0.79064 0.02205 -0.61189
vn 0.43890 -0.02655 -0.89814
vn 0.28214 0.00036 -0.95937
vn 0.21400 0.01290 -0.97675
vn -0.38311 -0.00352 -0.92370
vn -0.37686 -0.00580 -0.92625
vn -0.37934 -0.01019 -0.92520
vn -0.30361 -0.09168 -0.94837
vn -0.16868 0.13922 -0.97579
vn -0.19355 -0.06113 -0.97918
vn -0.17075 -0.08357 -0.98176
vn -0.10191 0.00383 -0.99479
vn -0.11540 0.01905 -0.99314
vn 0.23210 -0.03699 -0.97199
vn -0.38789 -0.03162 -0.92116
vn 0.31101 0.02532 -0.95007
vn 0.13727 0.03278 -0.98999
vn 0.38731 0.08167 -0.91832
vn 0.28567 0.05254 -0.95689
vn 0.70984 0.06192 -0.70163
vn 0.56354 -0.00316 -0.82609
vn 0.80234 0.03258 -0.59598
vn 0.72469 0.04168 -0.68781
vn 0.82141 -0.09569 -0.56225
vn 0.67006 0.04798 -0.74076
vn 0.61668 0.02166 -0.78692
vn -0.53296 0.03699 -0.84533
vn -0.57693 -0.11463 -0.80871
vn 0.42923 0.20460 -0.87972
vn -0.49472 0.05177 -0.86751
vn -0.53446 -0.16978 -0.82797
vn -0.46195 -0.10244 -0.88097
vn -0.47631 0.04274 -0.87824
vn -0.52431 -0.17059 -0.83426
vn -0.13176 -0.50451 -0.85329
vn -0.65843 -0.54015 -0.52412
vn 0.24226 -0.66346 -0.70791
vn 0.67660 0.17396 -0.71550
vn 0.42817 -0.56612 -0.70440
vn 0.69178 -0.58177 -0.42777
vn 0.87234 0.02144 -0.48843
vn 0.73812 0.09323 -0.66820
vn 0.79673 -0.00412 -0.60432
vn 0.56930 0.19980 -0.79748
vn 0.72699 0.08792 -0.68100
vn 0.33261 0.08522 -0.93920
vn 0.30748 0.10704 -0.94551
vn 0.13177 0.02913 -0.99085
vn -0.32465 0.02135 -0.94559
vn -0.35905 0.05508 -0.93169
vn -0.40100 0.02029 -0.91585
vn -0.39749 0.02985 -0.91712
vn -0.12833 -0.00265 -0.99173
vn -0.21411 0.07731 -0.97375
vn -0.53613 0.09402 -0.83888
vn -0.31211 0.22611 -0.92275
vn 0.15130 0.14938 -0.97714
vn 0.17779 0.11683 -0.97711
vn -0.37694 -0.04087 -0.92534
vn -0.42914 -0.13853 -0.89255
vn 0.01210 -0.70434 -0.70976
vn 0.24647 -0.59877 -0.76206
vn -0.00924 -0.69929 -0.71478
vn 0.23745 -0.59618 -0.76693
vn 0.73550 -0.18104 -0.65289
vn 0.71670 -0.17653 -0.67467
vn 0.56960 -0.79355 -0.21412
vn 0.41800 -0.76503 -0.48990
vn -0.00547 -0.98969 -0.14314
vn 0.35707 -0.88689 -0.29313
vn 0.14361 -0.98955 -0.01323
vn 0.07499 -0.89231 -0.44514
vn -0.25244 -0.91925 -0.30208
vn -0.01206 -0.98109 -0.19316
vn -0.19840 -0.97359 -0.11292
vn -0.21455 -0.83147 -0.51248
vn -0.15797 -0.81001 -0.56474
vn -0.02499 -0.99967 0.00604
vn -0.06302 -0.99783 0.01894
vn 0.05626 -0.92815 -0.36792
vn -0.14445 -0.81118 -0.56667
vn -0.01263 -0.999602 -0.02522
vn -0.03351 -0.99875 -0.03713
vn 0.06066 -0.99758 -0.03407
vn 0.01030 -0.999888 -0.01088
vn -0.00069 -1 -0.00049
vn -0.03889 -0.999014 0.02142
vn -0.03734 -0.99873 0.03371
vn 0.12497 -0.98552 -0.11457
vn -0.00719 -0.93149 -0.36369
vn 0.27284 -0.65989 -0.70007
vn 0.04289 -0.49686 -0.86677
vn 0.13431 -0.43432 -0.89069
vn 0.17441 -0.44162 -0.88008
vn -0.26446 -0.12839 -0.95581
vn 0.10833 -0.03039 -0.99365
vn -0.14578 0.00063 -0.98932
vn 0.53392 -0.00513 -0.84552
vn 0.53480 -0.00746 -0.84495
vn 0.23320 0.05546 -0.97085
vn 0.59841 -0.01266 -0.80109
vn 0.64477 -0.46798 -0.60437
vn 0.42559 -0.90161 -0.07724
vn 0.64976 -0.46882 -0.59835
vn 0.06025 -0.99756 0.03531
vn 0.25179 -0.89786 -0.36118
vn 0.00656 -0.999906 -0.01206
vn 0.00632 -0.999897 -0.01290
vn 0.45483 -0.80715 -0.37634
vn 0.43802 -0.79238 -0.42460
vn 0.54838 -0.76952 -0.32728
vn 0.82004 -0.14289 -0.55418
vn 0.81462 -0.13398 -0.56431
vn 0.87247 -0.10620 -0.47698
vn 0.82396 0.05253 -0.56420
vn 0.63846 0.05168 -0.76792
vn 0.62985 0.06638 -0.77387
vn 0.57995 0.06202 -0.81229
vn 0.52235 0.13051 -0.84268
vn 0.23434 0.06688 -0.96985
vn 0.23764 0.06394 -0.96925
vn -0.24285 0.06578 -0.96783
vn -0.21084 0.10276 -0.97211
vn 0.48947 0.01906 -0.87181
vn 0.48536 0.02322 -0.87400
vn 0.19832 0.01837 -0.97996
vn 0.56878 0.04684 -0.82116
vn 0.60949 0.01410 -0.79267
vn 0.79052 0.05534 -0.60993
vn 0.80566 0.01258 -0.59225
vn 0.83907 -0.00324 -0.54401
vn 0.68097 -0.16399 -0.71372
vn 0.69995 -0.14430 -0.69946
vn 0.69900 -0.06726 -0.71195
vn 0.72192 -0.08336 -0.68693
vn 0.35946 -0.00972 -0.93311
vn 0.20694 -0.88246 -0.42242
vn -0.00650 -0.99993 -0.00992
vn 0.08150 -0.84244 -0.53259
vn -0.00040 -0.999999 0.00103
vn -0.00168 -0.999998 -0.00060
vn -0.02240 -0.999743 0.00358
vn -0.02280 -0.99973 0.00445
vn -0.03436 -0.999044 -0.02702
vn 0.17510 -0.97075 -0.16427
vn 0.11101 -0.77740 -0.61914
vn 0.21180 -0.79333 -0.57076
vn 0.06060 -0.27576 -0.95931
vn -0.02546 -0.25148 -0.96753
vn -0.07930 0.16936 -0.98236
vn 0.65053 -0.10785 -0.75179
vn 0.60990 0.11202 -0.78452
vn 0.78002 0.09184 -0.61898
vn 0.80221 0.03131 -0.59622
vn 0.57719 -0.02239 -0.81630
vn 0.46735 -0.02879 -0.88360
vn 0.75707 -0.00968 -0.65326
vn 0.76447 -0.02337 -0.64424
vn 0.59565 -0.00028 -0.80325
vn 0.83994 0.00870 -0.54260
vn 0.39083 -0.10156 -0.91484
vn -0.27140 0.04384 -0.96147
vn -0.27498 0.04923 -0.96019
vn -0.27240 0.05877 -0.96039
vn 0.24319 -0.04479 -0.96894
vn 0.25158 -0.06100 -0.96591
vn 0.55809 -0.00086 -0.82978
vn 0.49796 0.02872 -0.86673
vn 0.59125 -0.43784 -0.67729
vn 0.36480 -0.92854 -0.06874
vn 0.77756 -0.50608 -0.37321
vn 0.72526 -0.41424 -0.54991
vn 0.09079 -0.99570 0.01840
vn 0.29132 -0.91477 -0.27986
vn -0.03751 -0.999293 -0.00257
vn 0.00927 -0.99511 -0.09830
vn -0.01261 -0.999585 0.02591
vn 0.16836 -0.98545 0.02332
vn 0.40990 -0.73154 -0.54482
vn 0.66469 -0.74652 -0.03001
vn 0.58175 -0.80612 -0.10833
vn 0.60577 -0.75467 -0.25201
vn 0.64332 -0.74271 -0.18581
vn 0.79091 -0.29410 -0.53662
vn 0.91978 -0.33633 -0.20222
vn 0.89448 0.09436 -0.43705
vn 0.88788 0.09269 -0.45063
vn 0.82465 0.17826 -0.53682
vn 0.72440 0.07860 -0.68488
vn 0.80796 -0.00843 -0.58918
vn 0.47689 0.09872 -0.87340
vn 0.42786 0.01633 -0.90370
vn 0.38135 0.10366 -0.91860
vn 0.36315 0.12750 -0.92297
vn 0.14778 0.22405 -0.96331
vn 0.34722 0.08371 -0.93404
vn 0.32233 0.20081 -0.92508
vn 0.78732 -0.00434 -0.61653
vn 0.78681 -0.00354 -0.61718
vn 0.84048 0.01132 -0.54172
vn 0.69385 -0.02518 -0.71968
vn 0.07445 0.02531 -0.99690
vn 0.34276 -0.02061 -0.93920
vn 0.33907 0.08167 -0.93721
vn 0.86702 0.00515 -0.49825
vn 0.86695 0.00530 -0.49836
vn 0.94759 -0.00411 -0.31947
vn 0.95069 -0.07203 -0.30165
vn 0.97820 -0.13350 -0.15905
vn 0.86414 -0.21354 -0.45570
vn 0.81902 -0.02761 -0.57310
vn 0.83877 -0.39188 -0.37802
vn 0.94085 -0.03828 -0.33665
vn 0.93293 0.00624 -0.36000
vn 0.95037 0.00348 -0.31110
vn 0.71901 -0.04153 -0.69375
vn 0.47984 0.07390 -0.87424
vn 0.15132 -0.07197 -0.98586
vn 0.00851 -0.05853 -0.99825
vn -0.00546 -0.03863 -0.999239
vn 0.69604 -0.01724 -0.71779
vn 0.75507 -0.10432 -0.64729
vn 0.76042 -0.10305 -0.64120
vn 0.80943 -0.15795 -0.56557
vn 0.87718 -0.07709 -0.47394
vn 0.72467 -0.07157 -0.68537
vn 0.75157 -0.12429 -0.64784
vn 0.79352 0.22971 -0.56353
vn 0.72375 -0.16921 -0.66899
vn -0.07549 -0.14585 -0.98642
vn 0.15282 -0.13372 -0.97917
vn 0.12656 -0.10357 -0.98654
vn 0.53225 -0.15011 -0.83317
vn 0.81495 0.02677 -0.57892
vn 0.89510 -0.00350 -0.44584
vn 0.87931 0.04065 -0.47452
vn 0.94228 0.04356 -0.33198
vn 0.93588 0.01385 -0.35204
vn 0.86221 0.03335 -0.50546
vn 0.85925 0.04668 -0.50941
vn 0.85058 0.01393 -0.52566
vn 0.93789 -0.00107 -0.34692
vn 0.84918 -0.18302 -0.49537
vn 0.77209 -0.15621 -0.61601
vn 0.77362 -0.16020 -0.61306
vn 0.53652 -0.14617 -0.83113
vn 0.56611 0.11450 -0.81634
vn 0.37190 0.34456 -0.86195
vn 0.55267 0.34777 -0.75737
vn 0.16193 -0.04622 -0.98572
vn 0.00830 0.00394 -0.999958
vn -0.10665 -0.09557 -0.98969
vn -0.05191 0.53010 -0.84634
vn 0.23757 0.63284 -0.73694
vn 0.46886 0.72669 -0.50209
vn 0.88345 0.29354 -0.36517
vn 0.56507 0.72005 -0.40277
vn 0.80194 0.09748 -0.58940
vn 0.92437 -0.14943 -0.35103
vn 0.78580 0.32514 -0.52612
vn 0.93801 -0.09502 -0.33332
vn 0.94147 -0.09836 -0.32241
vn 0.92882 0.00104 -0.37053
vn 0.86662 0.00702 -0.49891
vn 0.86766 -0.00727 -0.49711
vn 0.89400 0.03686 -0.44654
vn 0.94243 -0.05757 -0.32941
vn 0.96041 -0.01721 -0.27806
vn 0.95938 -0.05645 -0.27640
vn 0.87699 0.01886 -0.48014
vn 0.84411 0.04335 -0.53442
vn 0.94118 0.00721 -0.33784
vn 0.94417 -0.05058 -0.32556
vn 0.96992 -0.10292 -0.22058
vn 0.92684 -0.15247 -0.34309
vn 0.97706 0.15248 -0.14870
vn 0.78590 0.54700 -0.28837
vn 0.74045 0.55826 -0.37427
vn 0.87608 0.13709 -0.46227
vn 0.93068 -0.08065 -0.35683
vn 0.83558 -0.04143 -0.54780
vn 0.82465 0.00477 -0.56562
vn 0.87044 0.00895 -0.49219
vn 0.87514 0.00025 -0.48387
vn 0.96281 0.03314 -0.26815
vn 0.97003 -0.02937 -0.24121
vn 0.95848 -0.01496 -0.28476
vn 0.97714 -0.17343 -0.12295
vn 0.94281 -0.04223 -0.33065
vn 0.93376 -0.06020 -0.35280
vn 0.90475 -0.04847 -0.42317
vn 0.66470 -0.39262 -0.63562
vn 0.66209 -0.74792 -0.04757
vn 0.59007 -0.79964 -0.11135
vn 0.60015 -0.76835 -0.22238
vn 0.88769 -0.20438 -0.41260
vn 0.60511 -0.70855 -0.36304
vn 0.85403 -0.47731 -0.20689
vn 0.97025 -0.01711 -0.24149
vn 0.97015 -0.06923 -0.23240
vn 0.97983 -0.00669 -0.19972
vn 0.95257 -0.02134 -0.30358
vn 0.95209 0.02560 -0.30475
vn 0.94417 0.03031 -0.32806
vn 0.84398 -0.11416 -0.52408
vn 0.84344 -0.11296 -0.52522
vn 0.78246 -0.10785 -0.61329
vn 0.81170 0.22507 -0.53897
vn 0.88159 0.17240 -0.43941
vn 0.90756 0.18921 -0.37488
vn 0.93471 -0.00950 -0.35529
vn 0.93399 -0.09395 -0.34473
vn 0.89921 -0.03310 -0.43626
vn 0.90305 0.03108 -0.42842
vn 0.91007 0.04098 -0.41243
vn 0.72101 -0.51259 -0.46626
vn 0.68477 -0.71576 -0.13704
vn 0.09256 -0.99012 -0.10531
vn 0.15778 -0.98747 0.00126
vn 0.02252 -0.999307 -0.02963
vn 0.05512 -0.99781 0.03650
vn 0.10116 -0.99291 -0.06248
vn -0.01280 -0.999606 0.02497
vn -0.00607 -0.999981 0.00110
vn -0.00189 -0.999995 0.00234
vn 0.05025 -0.99874 -0.00084
vn -0.00118 -0.999964 0.00837
vn 0.75545 -0.63292 -0.16942
vn 0.16861 -0.98128 0.09306
vn 0.74989 -0.66023 -0.04196
vn 0.98512 -0.09088 -0.14590
vn 0.99679 0.04073 -0.06896
vn 0.99873 -0.00074 -0.05044
vn 0.99654 0.03099 -0.07712
vn 0.96454 0.06280 -0.25634
vn 0.99664 0.02937 -0.07648
vn 0.97739 0.00824 -0.21128
vn 0.98312 0.03780 -0.17903
vn 0.98102 0.05595 -0.18567
vn 0.97466 0.01530 -0.22317
vn 0.87189 -0.48821 -0.03821
vn 0.32070 -0.94432 -0.07357
vn 0.70856 -0.43250 -0.55756
vn 0.16189 -0.97985 -0.11700
vn 0.21393 -0.93324 -0.28862
vn 0.35327 -0.89647 -0.26746
vn 0.73370 -0.30198 -0.60868
vn 0.65973 -0.19479 -0.72582
vn 0.90423 -0.15066 -0.39958
vn 0.86568 0.07634 -0.49473
vn 0.87727 0.04560 -0.47783
vn 0.87070 0.08792 -0.48389
vn 0.84105 -0.00158 -0.54096
vn 0.73627 -0.06572 -0.67348
vn 0.79045 0.01936 -0.61222
vn 0.79187 -0.02096 -0.61033
vn 0.87102 0.08782 -0.48334
vn 0.83679 0.19424 -0.51191
vn 0.76738 0.19742 -0.61005
vn 0.85651 -0.17053 -0.48715
vn 0.70085 -0.63586 -0.32324
vn 0.26449 -0.87999 -0.39454
vn 0.75294 -0.14364 -0.64222
vn 0.71592 0.06280 -0.69536
vn 0.80211 -0.04482 -0.59549
vn 0.63183 -0.07215 -0.77174
vn 0.59943 -0.10874 -0.79301
vn 0.40419 -0.05467 -0.91304
vn 0.40928 -0.04864 -0.91111
vn 0.39034 0.01936 -0.92047
vn -0.03884 0.00462 -0.999235
vn -0.02167 0.04143 -0.99891
vn 0.23200 -0.06338 -0.97065
vn -0.21558 -0.02189 -0.97624
vn 0.00817 -0.999908 -0.01086
vn -0.00853 -0.99734 -0.07235
vn 0.30535 -0.90065 -0.30919
vn 0.03468 -0.99807 -0.05156
vn -0.19655 -0.04457 -0.97948
vn -0.24369 0.00572 -0.96984
vn 0.40607 0.07006 -0.91115
vn 0.50413 -0.04085 -0.86266
vn 0.55469 0.05804 -0.83003
vn 0.41898 -0.06193 -0.90588
vn 0.27029 0.02894 -0.96235
vn 0.27117 -0.02395 -0.96223
vn 0.59956 -0.02146 -0.80004
vn 0.34869 0.02061 -0.93701
vn 0.33834 -0.17870 -0.92390
vn 0.42329 -0.05584 -0.90427
vn 0.48415 0.00830 -0.87495
vn 0.42411 0.07590 -0.90242
vn 0.49308 0.00744 -0.86995
vn 0.46825 0.07682 -0.88025
vn 0.55895 -0.01432 -0.82908
vn 0.24655 -0.07428 -0.96628
vn 0.61966 -0.02201 -0.78456
vn 0.61221 -0.00602 -0.79067
vn 0.55617 0.08340 -0.82687
vn 0.23326 0.38733 -0.89194
vn 0.75218 0.37251 -0.54357
vn 0.54930 -0.09430 -0.83029
vn 0.47863 0.01304 -0.87792
vn 0.24053 0.07081 -0.96806
vn 0.06998 -0.08291 -0.99410
vn 0.05105 -0.01632 -0.99856
vn 0.41414 -0.04111 -0.90928
vn 0.52105 0.09742 -0.84795
vn 0.46340 -0.04258 -0.88512
vn 0.49243 0.00833 -0.87031
vn 0.26513 -0.01360 -0.96412
vn -0.15375 -0.04643 -0.98702
vn 0.22794 0.01654 -0.97353
vn -0.14679 -0.03696 -0.98848
vn 0.40446 0.01055 -0.91449
vn 0.21024 -0.04225 -0.97674
vn 0.53100 -0.07477 -0.84407
vn 0.18416 0.26197 -0.94734
vn 0.64285 0.25293 -0.72302
vn 0.40581 0.03753 -0.91318
vn -0.05729 0.67316 -0.73728
vn 0.46460 0.64382 -0.60798
vn 0.20004 0.81137 -0.54924
vn 0.01068 0.95538 -0.29520
vn 0.41631 0.79478 -0.44160
vn 0.21364 0.95972 -0.18249
vn 0.06473 0.76810 -0.63704
vn 0.06968 0.99563 -0.06222
vn 0.11995 0.99067 -0.06476
vn 0.02810 0.99722 0.06906
vn -0.04703 0.99859 0.02456
vn -0.05977 0.99393 -0.09232
vn 0.08748 0.99616 0.00412
vn 0.00973 0.92565 -0.37826
vn 0.30748 0.93861 -0.15643
vn 0.25009 0.68755 -0.68171
vn 0.25607 0.68908 -0.67794
vn 0.24917 0.11580 -0.96151
vn 0.12068 0.05215 -0.99132
vn 0.11859 0.01563 -0.99282
vn -0.22608 -0.12937 -0.96548
vn -0.21578 0.01124 -0.97638
vn -0.20693 0.01534 -0.97823
vn -0.18595 -0.04289 -0.98162
vn -0.26975 0.04057 -0.96208
vn -0.43974 -0.02470 -0.89778
vn -0.25032 -0.11791 -0.96096
vn -0.27031 -0.13032 -0.95391
vn -0.07276 0.14179 -0.98722
vn -0.26487 0.00396 -0.96428
vn 0.04144 0.76120 -0.64719
vn -0.10387 0.68520 -0.72092
vn -0.05096 0.99344 -0.10234
vn -0.08337 0.98689 -0.13822
vn -0.00992 0.99879 0.04812
vn -0.07200 0.99736 -0.00918
vn -0.01607 0.999577 0.02423
vn -0.00282 0.999824 0.01852
vn -0.00474 0.99139 -0.13085
vn -0.18213 0.70809 -0.68222
vn -0.45072 0.54210 -0.70921
vn -0.31044 0.01673 -0.95045
vn -0.36544 -0.08318 -0.92711
vn -0.36177 -0.09463 -0.92745
vn -0.51350 -0.15442 -0.84408
vn -0.45696 -0.00873 -0.88944
vn -0.62892 -0.02202 -0.77715
vn -0.63428 -0.03429 -0.77234
vn -0.60904 -0.06345 -0.79059
vn -0.50635 -0.16458 -0.84648
vn -0.44292 0.54069 -0.71517
vn -0.65148 -0.14621 -0.74444
vn -0.60842 -0.18980 -0.77059
vn -0.61684 0.41498 -0.66881
vn -0.03607 0.99442 -0.09917
vn -0.39013 0.89222 -0.22747
vn -0.00183 0.999988 0.00457
vn -0.00018 1 -0.00024
vn -0.01506 0.999813 0.01213
vn -0.21175 0.96000 -0.18319
vn -0.18271 0.92234 -0.34046
vn -0.61951 0.41659 -0.66533
vn -0.59757 -0.10268 -0.79521
vn -0.65337 -0.04703 -0.75558
vn -0.52223 0.46553 -0.71453
vn -0.55760 -0.09059 -0.82515
vn -0.58752 -0.03092 -0.80862
vn -0.78635 -0.11875 -0.60627
vn -0.78501 -0.10096 -0.61120
vn -0.80181 -0.07685 -0.59261
vn -0.82504 0.43560 -0.35995
vn -0.91253 0.03903 -0.40714
vn -0.62139 0.57014 -0.53741
vn -0.33828 0.92479 -0.17415
vn 0.00004 1 -0.00027
vn -0.00008 1 -0.00036
vn -0.00890 0.99982 -0.01676
vn -0.13924 0.98954 -0.03778
vn -0.32076 0.90901 -0.26611
vn -0.31925 0.92626 -0.20031
vn -0.82798 0.46898 -0.30742
vn -0.53342 0.80489 -0.26003
vn -0.64184 0.46766 -0.60773
vn -0.46240 0.81363 -0.35239
vn 0 1 0
vn 0 1 0
vn 0 1 0
vn 0.00213 0.99999 0.00401
vn 0.00008 0.999996 0.00291
vn -0.00043 1 -0.00007
vn -0.00118 0.999999 -0.00053
vn -0.00015 1 0.00013
vn -0.00042 1 -0.00001
vn -0.00020 1 0.00001
vn 0 1 0
vn 0 1 0
vn 0 1 0
vn 0.01152 0.999933 0.00046
vn 0.02230 0.99898 -0.03939
vn -0.00016 1 -0.00017
vn 0 1 -0.00025
vn 0 1 0
vn 0 1 0
vn 0 1 0
vn 0 1 0
vn 0.01967 0.999745 0.01110
vn 0.00892 0.999882 -0.01248
vn 0.00829 0.999951 -0.00532
vn 0.04034 0.999049 0.01654
vn 0.02585 0.999211 -0.03016
vn 0.07135 0.99731 -0.01671
vn 0.00720 0.99597 -0.08935
vn 0.08592 0.99597 -0.02552
vn -0.12696 0.98978 -0.06495
vn 0.01910 0.99804 0.05958
vn 0.02898 0.99372 0.10806
vn 0.00037 0.999953 -0.00972
vn 0.05320 0.99837 0.02089
vn 0.08234 0.99389 0.07350
vn 0.02170 0.999718 0.00964
vn -0.01036 0.999936 -0.00460
vn -0.00497 0.999944 0.00930
vn 0 1 0.00053
vn -0.00031 1 0.00033
vn -0.00022 1 0.00083
vn -0.00090 0.999999 0.00057
vn 0 1 0
vn 0 1 0
vn 0.02225 0.999722 0.00775
vn -0.12812 0.99176 0.00224
vn -0.08936 0.99017 0.10762
vn -0.59156 0.80623 -0.00731
vn -0.49764 0.79649 0.34346
vn -0.28639 0.95762 -0.03077
vn -0.10277 0.92903 0.35546
vn -0.16497 0.98136 0.09856
vn -0.47361 0.82159 0.31730
vn -0.26932 0.76819 0.58081
vn -0.47322 0.80460 0.35871
vn -0.53514 0.83907 -0.09787
vn -0.98609 -0.02869 -0.16373
vn -0.79204 0.24724 0.55817
vn -0.76710 0.20999 0.60619
vn -0.09633 0.99385 -0.05463
vn -0.52312 0.85053 -0.05430
vn 0.02078 0.999781 0.00231
vn -0.05319 0.99835 0.02151
vn -0.00106 0.999999 0.00004
vn 0 1 0
vn 0.01037 0.999933 -0.00507
vn -0.13097 0.98544 0.10844
vn -0.12683 0.98121 0.14542
vn -0.54837 0.81525 0.18616
vn -0.59992 0.79278 0.10768
vn -0.96827 0.24137 0.06470
vn -0.94820 0.06168 -0.31163
vn -0.88249 -0.08652 0.46231
vn -0.66000 0.31074 0.68399
vn -0.53332 0.76720 0.35632
vn -0.62115 0.05803 0.78154
vn -0.97553 0.18069 0.12524
vn -0.45373 0.79798 0.39669
vn -0.19425 0.98086 0.01357
vn -0.56807 0.81693 0.09961
vn 0.00768 0.999964 0.00354
vn -0.09615 0.99352 0.06063
vn 0.00822 0.999951 0.00560
vn 0.00992 0.999899 -0.01019
vn -0.01020 0.999894 -0.01035
vn 0.01114 0.999832 0.01455
vn -0.00955 0.999954 0.00018
vn 0.00039 0.999996 -0.00261
vn 0.00197 0.999998 -0.00035
vn -0.01168 0.999911 0.00653
vn -0.36240 0.91889 0.15590
vn -0.14797 0.96184 0.23017
vn -0.19343 0.96393 0.18280
vn -0.11880 0.98838 0.09478
vn -0.17664 0.95362 0.24372
vn -0.02103 0.99463 0.10132
vn -0.00712 0.99319 0.11625
vn 0.00198 0.999733 -0.02304
vn 0.00366 0.999739 -0.02257
vn 0.00859 0.999949 0.00528
vn -0.09719 0.99461 -0.03611
vn -0.15655 0.98752 0.01712
vn -0.74181 0.66987 -0.03146
vn -0.59662 0.77051 0.22442
vn -0.60187 0.78194 0.16222
vn -0.97666 0.21245 -0.03156
vn -0.98042 0.17726 0.08572
vn -0.96789 0.22711 0.10780
vn -0.91896 0.33135 0.21382
vn -0.78185 0.60324 0.15751
vn -0.97283 0.22660 0.04751
vn -0.14923 0.98193 0.11642
vn -0.53347 0.75739 0.37651
vn -0.11257 0.98820 0.10389
vn -0.16078 0.98112 0.10751
vn -0.17157 0.96752 0.18568
vn -0.08955 0.96859 0.23199
vn -0.38984 0.68750 0.61267
vn -0.28846 0.73137 0.61798
vn -0.32981 0.65805 0.67690
vn -0.56857 0.75245 0.33250
vn -0.55303 0.68918 0.46818
vn -0.49193 0.71662 0.49443
vn -0.56555 0.72816 0.38722
vn -0.32830 0.94153 0.07576
vn -0.81228 0.57550 0.09490
vn -0.57622 0.67433 0.46179
vn -0.05577 0.99807 0.02747
vn -0.02076 0.999768 -0.00580
vn -0.37243 0.92790 -0.01750
vn 0.00608 0.999959 -0.00673
vn 0.01040 0.999944 0.00209
vn -0.50700 0.85028 0.14134
vn -0.80447 0.59115 0.05796
vn -0.80204 0.59356 0.06650
vn -0.98221 -0.17590 -0.06578
vn -0.90488 0.21524 0.36725
vn -0.84463 0.06186 0.53176
vn -0.68981 0.19976 0.69588
vn -0.68448 0.20491 0.69964
vn -0.53472 0.16403 0.82896
vn -0.57029 0.23024 0.78852
vn -0.43704 0.28283 0.85382
vn -0.44199 0.28723 0.84979
vn -0.28615 0.67454 0.68053
vn -0.38943 0.81713 0.42503
vn -0.26877 0.82179 0.50241
vn -0.47447 0.71950 0.50715
vn -0.75057 0.05945 0.65811
vn -0.56842 0.23981 0.78701
vn -0.76717 0.05789 0.63883
vn -0.53097 0.22448 0.81712
vn -0.48189 -0.01970 0.87601
vn -0.61076 0.05905 0.78961
vn -0.70405 -0.16590 0.69050
vn -0.53626 -0.13251 0.83358
vn -0.83266 -0.18969 0.52028
vn -0.80006 -0.12340 0.58709
vn -0.73977 -0.12123 0.66185
vn -0.97339 -0.22905 0.00632
vn -0.999292 0.00411 0.03740
vn -0.999874 -0.01479 0.00568
vn -0.86169 0.36412 0.35342
vn -0.96589 -0.18696 0.17916
vn -0.50302 0.84815 0.16619
vn -0.84443 0.37550 0.38202
vn -0.04521 0.99630 -0.07314
vn -0.51980 0.84027 0.15416
vn 0.02084 0.999665 -0.01537
vn -0.02350 0.999721 0.00222
vn 0.01570 0.99977 0.01461
vn -0.27648 0.92770 0.25086
vn -0.52097 0.84617 0.11218
vn -0.87220 0.47614 0.11210
vn -0.75648 0.60113 0.25762
vn -0.96477 -0.01580 0.26263
vn -0.98000 -0.09266 0.17611
vn -0.98989 -0.08335 0.11477
vn -0.98594 -0.05908 0.15632
vn -0.98403 0.00171 0.17799
vn -0.99998 0.00629 -0.00015
vn -0.48897 -0.01035 0.87224
vn -0.70383 0.00381 0.71036
vn -0.52501 0.03959 0.85018
vn -0.84228 -0.00901 0.53897
vn -0.83862 -0.00107 0.54472
vn -0.71233 0.01415 0.70170
vn -0.99779 0.04965 0.04414
vn -0.99330 0.05117 0.10362
vn -0.98992 -0.11786 -0.07852
vn -0.77592 -0.12640 0.61804
vn -0.79954 -0.02334 0.60017
vn -0.82023 -0.05624 0.56927
vn -0.58151 0.37422 0.72236
vn -0.62004 0.04545 0.78326
vn -0.64539 0.35154 0.67815
vn -0.20310 0.83069 0.51837
vn -0.03813 0.98816 0.14864
vn -0.48032 0.77815 0.40469
vn -0.43451 0.13980 0.88975
vn -0.41395 0.16067 0.89601
vn -0.37318 0.71296 0.59366
vn -0.47692 0.12899 0.86943
vn -0.59783 0.16547 0.78436
vn -0.68252 0.06267 0.72817
vn -0.63471 -0.07571 0.76903
vn -0.62810 -0.06656 0.77528
vn -0.96848 0.24905 -0.00449
vn -0.93104 0.02203 0.36424
vn -0.98790 0.04321 0.14895
vn -0.99792 0.04507 0.04611
vn -0.99063 0.09112 0.10175
vn -0.83369 -0.01691 0.55198
vn -0.98988 0.02903 0.13889
vn -0.84015 0.02853 0.54160
vn -0.64527 0.03385 0.76320
vn -0.68458 -0.00666 0.72891
vn -0.32058 -0.03146 0.94670
vn -0.36471 -0.11169 0.92440
vn -0.44316 -0.12768 0.88730
vn -0.51675 -0.05303 0.85450
vn -0.45008 0.02826 0.89254
vn -0.43803 -0.01141 0.89889
vn -0.85387 -0.00035 0.52048
vn -0.99379 0.03916 0.10411
vn -0.98815 0.06558 0.13874
vn -0.99086 0.07076 0.11485
vn -0.99203 0.07200 0.10337
vn -0.99265 0.08210 0.08890
vn -0.98802 0.08913 0.12599
vn -0.81099 0.02133 0.58467
vn -0.83726 0.13829 0.52903
vn -0.71406 -0.01160 0.69999
vn -0.54061 -0.00663 0.84125
vn -0.61114 0.08960 0.78644
vn -0.59834 0.08780 0.79642
vn -0.87910 0.04832 0.47418
vn -0.58356 0.02156 0.81178
vn -0.87147 -0.48531 0.07084
vn -0.54253 -0.58544 0.60243
vn -0.88392 -0.44704 0.13729
vn -0.95710 -0.09199 0.27479
vn -0.88614 -0.46334 0.00804
vn -0.98130 -0.11624 0.15341
vn -0.87397 -0.22436 0.43110
vn -0.84853 -0.01692 0.52888
vn -0.90816 -0.24968 0.33601
vn -0.69236 0.01538 0.72139
vn -0.70960 -0.01809 0.70437
vn -0.54964 0.00872 0.83536
vn -0.56134 -0.01773 0.82740
vn -0.41915 0.01878 0.90772
vn -0.23316 -0.03731 0.97172
vn -0.20093 -0.00181 0.97960
vn -0.04456 -0.00658 0.99898
vn 0.06120 -0.07348 0.99542
vn 0.06248 -0.07659 0.99510
vn -0.24058 0.02511 0.97030
vn -0.35588 -0.02637 0.93416
vn -0.49328 0.07955 0.86622
vn -0.36663 0.17082 0.91455
vn -0.59317 0.10937 0.79761
vn -0.63944 0.04417 0.76757
vn -0.73966 0.04785 0.67128
vn -0.79964 -0.42461 0.42460
vn -0.73706 -0.40988 0.53734
vn -0.65899 -0.70311 0.26715
vn -0.65721 -0.70367 0.27005
vn -0.61375 -0.78522 0.08215
vn -0.59900 -0.79275 0.11290
vn -0.43195 -0.89634 -0.09995
vn -0.32582 -0.91673 0.23118
vn -0.14277 -0.98933 -0.02906
vn -0.09632 -0.99059 0.09720
vn -0.08320 -0.99127 0.10226
vn -0.54531 -0.58974 0.59569
vn -0.72667 -0.45144 0.51783
vn -0.32887 -0.40172 0.85467
vn -0.08993 -0.99213 0.08716
vn -0.00809 -0.99389 0.11006
vn -0.48147 -0.71240 0.51057
vn 0.02772 -0.999612 0.00258
vn 0.01892 -0.999354 -0.03055
vn -0.00641 -0.999432 -0.03307
vn 0.01985 -0.999609 0.01970
vn 0.03050 -0.999521 0.00530
vn -0.07494 -0.99495 0.06670
vn 0.01714 -0.999816 0.00862
vn -0.06559 -0.99770 -0.01735
vn -0.18146 -0.94053 0.28720
vn -0.04832 -0.99883 0.00239
vn -0.24755 -0.95545 0.16071
vn -0.61312 -0.58209 0.53410
vn -0.43360 -0.33464 0.83666
vn -0.50589 -0.33360 0.79548
vn 0.00105 0.01815 0.999835
vn -0.10845 0.13612 0.98474
vn -0.15301 -0.72144 0.67536
vn -0.01183 -0.69477 0.71913
vn -0.18954 -0.01430 0.98177
vn 0.11830 -0.00743 0.99295
vn 0.08958 0.06527 0.99384
vn 0.35033 -0.21557 0.91148
vn 0.20880 0.03091 0.97747
vn 0.05528 -0.84116 0.53795
vn 0.08873 -0.83372 0.54501
vn 0.01961 -0.999806 0.00170
vn -0.17926 -0.96750 0.17836
vn 0.00322 -0.999983 -0.00493
vn 0.00335 -0.999984 -0.00466
vn 0.00229 -0.999997 -0.00063
vn 0.00472 -0.99976 -0.02138
vn -0.04692 -0.99889 0.00285
vn 0.00002 -1 0.00056
vn 0.00100 -0.999999 0.00119
vn 0.00352 -0.999125 0.04167
vn 0.03018 -0.999541 -0.00247
vn 0.15164 -0.87076 0.46774
vn 0.14616 -0.98526 0.08891
vn 0.07818 -0.28191 0.95625
vn 0.31996 -0.48845 0.81181
vn 0.22757 -0.84330 0.48689
vn 0.12610 -0.81101 0.57128
vn 0.11929 -0.95891 0.25741
vn -0.01292 -0.98576 0.16765
vn 0.00669 -0.99898 0.04473
vn -0.00628 -0.99998 0.00087
vn 0.00206 -0.999998 -0.00006
vn -0.00015 -1 0.00047
vn -0.00038 -1 0.00023
vn -0.00010 -1 -0.00021
vn 0.02192 -0.99873 0.04533
vn 0.04547 -0.95027 0.30808
vn 0.00909 -0.95834 0.28548
vn -0.00796 -0.99745 0.07095
vn -0.00218 -0.999995 0.00220
vn 0.00013 -0.999999 -0.00126
vn -0.00008 -1 0.00021
vn -0.00025 -1 -0.00004
vn -0.00025 -1 -0.00007
vn 0.00140 -0.999973 0.00725
vn 0.04306 -0.99288 0.11105
vn -0.00396 -0.98916 0.14678
vn -0.02411 -0.999696 0.00507
vn -0.00003 -1 -0.00001
vn -0.00001 -1 0.00001
vn -0.00001 -1 0.00002
vn -0.00058 -0.999999 -0.00113
vn 0.00001 -1 -0.00099
vn -0.00054 -0.999827 -0.01859
vn 0.04131 -0.98461 0.16982
vn 0.01014 -0.98077 0.19491
vn 0.02123 -0.999758 -0.00567
vn -0.00027 -1 -0.00085
vn 0.00002 -1 -0.00002
vn 0 -1 0.00001
vn 0.00001 -1 0.00001
vn -0.00006 -1 0.00002
vn 0.00248 -0.999996 0.00124
vn 0.00111 -0.999996 -0.00256
vn 0.00028 -0.999996 -0.00275
vn 0.00064 -0.999999 -0.00090
vn 0.00059 -0.999996 0.00265
vn -0.00121 -0.999998 -0.00159
vn -0.00112 -0.999999 0.00061
vn 0.01742 -0.999842 0.00354
vn 0.01259 -0.999901 0.00633
vn 0.00447 -0.999969 -0.00654
vn 0.00334 -0.999787 -0.02038
vn 0.01569 -0.999773 -0.01441
vn 0.02534 -0.999651 0.00744
vn 0.01460 -0.999858 -0.00843
vn -0.16345 -0.98615 0.02815
vn -0.07406 -0.99306 0.09134
vn -0.07862 -0.99532 0.05620
vn -0.21007 -0.97680 0.04169
vn -0.13486 -0.98070 0.14156
vn -0.13132 -0.98527 0.10954
vn 0.01839 -0.999829 -0.00181
vn 0.01890 -0.999821 -0.00014
vn -0.11800 -0.98943 -0.08425
vn 0.01319 -0.999883 0.00778
vn -0.10834 -0.99384 0.02312
vn -0.09725 -0.99522 0.00855
vn -0.00005 -1 0.00001
vn 0.03590 -0.99300 -0.11249
vn -0.37335 -0.87202 -0.31653
vn -0.24036 -0.94017 -0.24146
vn -0.17209 -0.87509 -0.45234
vn -0.65556 -0.70947 -0.25863
vn -0.67932 -0.72689 -0.10079
vn -0.10577 -0.99004 -0.09288
vn -0.43946 -0.83418 -0.33318
vn -0.41981 -0.79344 -0.44070
vn -0.09955 -0.99478 -0.02229
vn -0.34454 -0.93864 -0.01581
vn -0.30644 -0.93004 0.20278
vn -0.77751 -0.59841 0.19337
vn -0.72901 -0.62895 0.27013
vn -0.76189 -0.54872 0.34412
vn -0.48196 -0.52372 0.70245
vn -0.72523 -0.31780 0.61078
vn -0.68778 -0.31537 0.65383
vn -0.52873 -0.69843 0.48232
vn -0.69446 -0.58858 0.41388
vn -0.24740 -0.95381 0.17043
vn -0.57773 -0.75774 0.30343
vn -0.67173 -0.71228 0.20354
vn -0.71581 -0.09462 0.69185
vn -0.78936 0.06270 0.61072
vn -0.56561 0.07517 0.82124
vn -0.57127 0.09108 0.81569
vn -0.66203 0.12513 0.73896
vn -0.69813 0.10455 0.70829
vn -0.82374 0.14224 0.54883
vn -0.79217 0.17249 0.58541
vn -0.90851 0.19147 0.37141
vn -0.98859 0.01303 0.15009
vn -0.91978 -0.01728 0.39206
vn -0.93073 -0.32221 0.17295
vn -0.91116 -0.33101 0.24541
vn -0.85320 -0.52145 -0.01169
vn -0.83667 -0.54302 0.07153
vn -0.73922 -0.63858 -0.21393
vn -0.87514 -0.09971 -0.47348
vn -0.72861 -0.11433 -0.67531
vn -0.86200 -0.06242 -0.50305
vn -0.88279 -0.05990 -0.46593
vn -0.79755 -0.26791 -0.54050
vn -0.65927 -0.28831 -0.69443
vn -0.74962 0.02939 -0.66121
vn -0.84332 0.03921 -0.53598
vn -0.62798 -0.25340 -0.73582
vn -0.63164 -0.13269 -0.76382
vn -0.88501 0.00357 -0.46556
vn -0.75623 0.02227 -0.65393
vn -0.77444 -0.02992 -0.63194
vn -0.98776 -0.08401 -0.13140
vn -0.98624 0.07936 0.14505
vn -0.97735 0.04463 0.20685
vn -0.99820 0.03896 -0.04567
vn -0.94581 0.07394 0.31620
vn -0.95429 0.02377 0.29795
vn -0.90335 -0.02272 0.42831
vn -0.95765 0.02009 0.28722
vn -0.79134 -0.00609 0.61135
vn -0.86890 0.03001 0.49407
vn -0.83635 -0.03183 0.54727
vn -0.83508 -0.03675 0.54890
vn -0.70346 -0.06109 0.70811
vn -0.72067 -0.01804 0.69305
vn -0.67759 -0.01303 0.73532
vn -0.73929 0.03706 0.67237
vn -0.95946 0.03515 0.27966
vn -0.95670 0.03848 0.28851
vn -0.98195 0.06378 0.17805
vn -0.98759 0.03869 0.15224
vn -0.99627 0.03120 -0.08041
vn -0.99646 0.05867 -0.06016
vn -0.81052 0.11096 -0.57511
vn -0.89983 -0.05454 -0.43282
vn -0.80907 -0.05644 -0.58499
vn -0.78789 0.01002 -0.61573
vn -0.91855 0.01452 -0.39503
vn -0.88686 0.10568 -0.44979
vn -0.74288 -0.00842 -0.66938
vn -0.82484 -0.12101 -0.55226
vn -0.98657 0.07446 -0.14539
vn -0.86143 -0.07441 0.50239
vn -0.71639 -0.01261 0.69759
vn -0.87316 0.10656 0.47564
vn -0.84460 0.00049 0.53540
vn -0.85751 -0.02811 0.51369
vn -0.96662 0.00120 0.25621
vn -0.99050 -0.08148 -0.11077
vn -0.76406 0.02535 -0.64465
vn -0.82619 0.10030 -0.55439
vn -0.85557 -0.04415 -0.51580
vn -0.86215 -0.03049 -0.50574
vn -0.85844 -0.04764 -0.51070
vn -0.77828 -0.08351 -0.62233
vn -0.75775 -0.03313 -0.65171
vn -0.99305 -0.06054 -0.10098
vn -0.97806 -0.00099 0.20830
vn -0.99879 0.03275 0.03662
vn -0.98209 -0.08132 0.16995
vn -0.81585 -0.14248 0.56043
vn -0.94496 -0.02342 0.32634
vn -0.95881 -0.05621 0.27842
vn -0.82153 0.00955 0.57009
vn -0.78982 -0.13291 0.59877
vn -0.73635 -0.04479 0.67512
vn -0.62475 -0.07566 0.77715
vn -0.75746 -0.07321 0.64876
vn -0.71837 0.01225 0.69556
vn -0.85824 -0.11147 0.50100
vn -0.84350 -0.14856 0.51618
vn -0.65418 -0.13973 0.74332
vn -0.76418 0.26660 0.58732
vn -0.61771 0.19038 0.76301
vn -0.78569 0.02463 0.61813
vn -0.71855 0.00755 0.69544
vn -0.78901 0.41144 0.45627
vn -0.81872 0.50453 0.27413
vn -0.87652 0.44454 0.18468
vn -0.96891 -0.04674 0.24295
vn -0.81759 0.50082 0.28413
vn -0.64294 0.57540 0.50551
vn -0.97419 0.02231 0.22464
vn -0.99474 -0.04028 0.09422
vn -0.99629 -0.06656 0.05464
vn -0.85621 0.08753 -0.50915
vn -0.77221 0.14142 -0.61943
vn -0.85839 0.07033 -0.50815
vn -0.63626 0.66552 -0.39019
vn -0.55197 0.68999 -0.46823
vn -0.62152 0.71872 -0.31170
vn -0.93309 0.27458 -0.23228
vn -0.63412 0.76950 -0.07583
vn -0.93478 0.30969 -0.17401
vn -0.53008 0.81339 -0.23959
vn -0.97997 0.16904 0.10523
vn -0.99460 0.10102 -0.02384
vn -0.74940 0.64891 0.13158
vn -0.20401 0.97670 -0.06655
vn -0.23618 0.94375 0.23141
vn -0.10939 0.99142 0.07161
vn -0.63036 0.77365 -0.06418
vn -0.43937 0.89710 -0.04652
vn -0.45123 0.89215 0.02155
vn -0.27700 0.79730 0.53627
vn -0.28388 0.93480 0.21345
vn -0.52483 0.67462 0.51908
vn -0.60483 0.76914 0.20641
vn -0.16011 0.98150 0.10500
vn -0.06524 0.99624 -0.05708
vn -0.13045 0.97758 -0.16526
vn -0.14598 0.98633 -0.07646
vn -0.09914 0.99057 -0.09455
vn -0.09739 0.99201 -0.08017
vn -0.46287 0.80942 -0.36137
vn -0.61724 0.71849 -0.32061
vn -0.78292 -0.07862 -0.61714
vn -0.64045 0.37151 -0.67216
vn -0.85791 -0.10295 -0.50338
vn -0.85473 -0.06475 -0.51502
vn -0.81793 0.30421 -0.48831
vn -0.82329 0.31594 -0.47156
vn -0.81358 -0.03653 -0.58031
vn -0.67329 -0.02882 -0.73881
vn -0.80036 -0.22095 -0.55732
vn -0.92366 0.05656 -0.37903
vn -0.85712 -0.07970 -0.50892
vn -0.89393 -0.20258 -0.39981
vn -0.88837 -0.07123 -0.45358
vn -0.90264 0.05367 -0.42705
vn -0.89474 -0.20257 -0.39800
vn -0.89006 0.01626 -0.45556
vn -0.92227 -0.15372 -0.35467
vn -0.89612 0.01570 -0.44353
vn -0.74816 0.09016 -0.65737
vn -0.90429 0.04062 -0.42497
vn -0.74998 0.03017 -0.66077
vn -0.89518 -0.00231 -0.44570
vn -0.76114 0.01569 -0.64840
vn -0.77484 0.03180 -0.63135
vn -0.77841 0.00241 -0.62776
vn -0.91643 0.02295 -0.39953
vn -0.91092 0.03794 -0.41082
vn -0.80486 0.03251 -0.59257
vn -0.90486 0.03862 -0.42396
vn -0.59570 -0.02477 -0.80282
vn -0.86832 -0.02438 -0.49541
vn -0.75028 0.03258 -0.66032
vn -0.90962 -0.09936 -0.40337
vn -0.88990 -0.11975 -0.44016
vn -0.87017 -0.07261 -0.48737
vn -0.89267 -0.12087 -0.43421
vn -0.84827 -0.18862 -0.49484
vn -0.90317 -0.16413 -0.39666
vn -0.35256 -0.83883 -0.41480
vn -0.55700 -0.80386 -0.20869
vn -0.55226 -0.79989 -0.23492
vn -0.81024 -0.13384 -0.57061
vn -0.52267 -0.75288 -0.39999
vn -0.54465 -0.80919 -0.22038
vn -0.66186 -0.04518 -0.74826
vn -0.67455 -0.09084 -0.73262
vn -0.66258 -0.04529 -0.74762
vn -0.60528 0.03718 -0.79514
vn -0.52942 -0.28791 -0.79801
vn -0.64921 -0.71102 -0.27014
vn -0.08952 -0.99347 0.07075
vn -0.95760 0.04846 -0.28401
vn -0.96653 -0.01696 -0.25600
vn -0.99448 -0.06298 -0.08395
vn -0.99174 0.06453 -0.11081
vn -0.97797 -0.02301 -0.20746
vn -0.95096 0.02735 -0.30811
vn -0.93842 -0.12767 -0.32103
vn -0.96682 0.07974 -0.24270
vn -0.94977 0.00131 -0.31295
vn -0.91509 0.00604 -0.40321
vn -0.89719 -0.10386 0.42926
vn -0.78950 -0.07800 0.60877
vn -0.81936 0.01914 0.57296
vn -0.65008 -0.24217 0.72024
vn -0.72334 0.00274 0.69049
vn -0.99282 0.04835 0.10937
vn -0.81734 0.04103 0.57470
vn -0.81889 0.01917 0.57363
vn -0.84331 0.05067 0.53503
vn -0.89274 0.07394 0.44446
vn -0.94445 0.02710 -0.32754
vn -0.94871 0.04991 -0.31218
vn -0.93693 0.08647 -0.33866
vn -0.94433 0.05162 -0.32492
vn -0.92261 -0.17722 0.34262
vn -0.87914 0.03789 0.47506
vn -0.96469 -0.10527 -0.24142
vn -0.84504 -0.07519 0.52939
vn -0.76901 0.02360 0.63880
vn -0.99936 -0.02141 -0.02867
vn -0.99650 0.04984 -0.06706
vn -0.99569 0.09104 -0.01792
vn -0.999817 -0.00834 -0.01721
vn -0.999448 -0.03293 -0.00449
vn -0.90206 -0.07892 0.42434
vn -0.87934 -0.12714 0.45891
vn -0.55986 -0.12569 0.81900
vn -0.99891 -0.04249 -0.01927
vn -0.98586 -0.08799 0.14261
vn -0.99433 0.02323 0.10374
vn -0.99724 -0.00712 0.07395
vn -0.99772 -0.00010 0.06749
vn -0.99432 0.07150 0.07890
vn -0.999117 0.03232 0.02684
vn -0.99608 0.08815 0.00695
vn -0.99739 0.02914 -0.06604
vn -0.999955 0.00786 0.00525
vn -0.99804 0.03903 0.04887
vn -0.72595 -0.10192 0.68015
vn -0.78352 -0.32063 0.53225
vn -0.84515 -0.32774 0.42227
vn -0.96144 -0.11426 -0.25017
vn -0.68871 -0.72222 -0.06384
vn -0.66690 -0.74471 0.02540
vn -0.94764 0.06702 -0.31224
vn -0.96332 -0.11650 -0.24174
vn -0.98197 -0.05484 -0.18092
vn -0.58918 -0.80774 -0.02036
vn -0.63180 -0.75895 -0.15753
vn -0.21341 -0.96587 0.14680
vn -0.10166 -0.99474 0.01228
vn -0.26414 -0.94648 -0.18551
vn -0.21222 -0.96557 0.15044
vn -0.71091 -0.38990 0.58531
vn -0.80742 -0.58167 0.09866
vn -0.82342 -0.56559 0.04558
vn -0.82646 -0.56009 0.05712
vn -0.90397 0.02019 0.42712
vn -0.83962 -0.18118 0.51206
vn -0.80182 -0.58646 0.11468
vn -0.85648 0.02885 0.51537
vn -0.87615 0.08353 0.47475
vn -0.85776 -0.00074 0.51405
vn -0.85172 -0.01554 0.52377
vn -0.85698 0.00070 0.51534
vn -0.78608 -0.13528 0.60314
vn -0.82382 0.02923 0.56609
vn -0.97888 -0.03833 0.20080
vn -0.72695 -0.00671 0.68665
vn -0.72596 0.02655 0.68723
vn -0.68396 -0.01635 0.72933
vn -0.67935 0.04954 0.73214
vn -0.66914 0.05956 0.74074
vn -0.68267 0.12261 0.72037
vn -0.82399 -0.18115 0.53686
vn -0.28739 -0.93536 0.20618
vn -0.63520 -0.39794 0.66194
vn -0.29018 -0.93571 0.20062
vn -0.17923 -0.98381 -0.00069
vn -0.20591 -0.97799 -0.03364
vn -0.23116 -0.96261 0.14127
vn 0.01228 -0.999859 0.01146
vn 0.01413 -0.999695 0.02025
vn -0.00284 -0.999959 -0.00855
vn -0.23991 -0.94555 0.21994
vn 0.01465 -0.999672 0.02099
vn -0.54662 -0.27405 0.79126
vn -0.12839 -0.65825 0.74177
vn -0.51483 -0.27941 0.81048
vn -0.61514 0.10485 0.78142
vn -0.55088 -0.00975 0.83453
vn -0.55617 0.15283 0.81689
vn -0.50796 0.02925 0.86088
vn -0.50893 0.03219 0.86021
vn -0.53271 -0.01358 0.84619
vn -0.49498 -0.08241 0.86499
vn -0.77782 -0.07834 0.62359
vn -0.76751 -0.09949 0.63327
vn -0.76278 -0.09996 0.63889
vn -0.46600 -0.01466 0.88466
vn -0.45617 0.07599 0.88664
vn -0.41212 0.08766 0.90690
vn -0.34567 -0.04028 0.93749
vn -0.41449 0.08870 0.90572
vn -0.48570 -0.71025 0.50955
vn -0.47974 0.00032 0.87741
vn -0.47738 -0.00176 0.87869
vn -0.48035 0.01880 0.87688
vn -0.66884 -0.00311 0.74340
vn -0.66345 -0.11643 0.73911
vn 0.00995 -0.999935 0.00556
vn 0.00120 -0.999995 0.00292
vn 0.09584 -0.99071 0.09646
vn -0.00198 -0.98593 0.16717
vn 0.00005 -0.999983 0.00586
vn 0.03916 -0.98249 0.18215
vn 0.04679 -0.71249 0.70012
vn 0.10926 -0.77337 0.62446
vn 0.05093 -0.93406 0.35347
vn 0.31311 -0.70213 0.63951
vn 0.46557 -0.35781 0.80946
vn 0.11065 -0.78362 0.61131
vn 0.10479 -0.34644 0.93220
vn 0.14872 -0.94207 0.30063
vn 0.10934 0.12421 0.98621
vn 0.27333 -0.10946 0.95567
vn 0.26992 0.13033 0.95402
vn 0.05259 -0.11219 0.99229
vn 0.11554 -0.18839 0.97527
vn 0.04259 -0.78513 0.61786
vn 0.00926 0.11065 0.99382
vn 0.09291 -0.01370 0.99558
vn 0.10488 0.11122 0.98825
vn -0.00775 0.29780 0.95460
vn 0.06496 0.27377 0.95960
vn 0.13038 0.31097 0.94144
vn 0.12955 0.29344 0.94716
vn 0.19255 0.22182 0.95589
vn 0.21813 0.31063 0.92517
vn 0.36096 0.19635 0.91168
vn 0.14260 -0.16000 0.97676
vn 0.33307 -0.80822 0.48565
vn 0.31719 0.38785 0.86543
vn 0.19250 0.33767 0.92137
vn 0.08592 0.28376 0.95504
vn 0.06221 0.30333 0.95085
vn 0.13436 0.29883 0.94480
vn 0.13479 0.30737 0.94200
vn -0.03756 0.26870 0.96249
vn -0.02386 0.25618 0.96634
vn -0.09927 0.24473 0.96450
vn 0.01379 0.14278 0.98966
vn 0.03856 0.00656 0.999235
vn 0.05639 -0.20854 0.97639
vn 0.04604 -0.01066 0.99888
vn 0.05046 0.01177 0.99866
vn -0.02951 0.08304 0.99611
vn -0.06995 0.08880 0.99359
vn -0.11497 0.16183 0.98010
vn -0.12264 0.16181 0.97917
vn -0.03584 0.18132 0.98277
vn 0.05047 0.14893 0.98756
vn -0.08189 0.33392 0.93904
vn 0.25489 0.31643 0.91373
vn 0.20429 0.21215 0.95564
vn 0.19042 0.25669 0.94755
vn 0.25872 0.26077 0.93009
vn 0.26301 0.27649 0.92433
vn 0.19171 0.32722 0.92530
vn 0.33374 0.27841 0.90061
vn 0.34507 0.36363 0.86527
vn 0.36135 -0.13570 0.92250
vn 0.05301 -0.92877 0.36686
vn 0.06597 -0.93487 0.34880
vn 0.38726 0.36503 0.84663
vn 0.33088 -0.10655 0.93764
vn 0.27687 0.20272 0.93928
vn 0.28157 0.22916 0.93178
vn 0.31983 0.20467 0.92511
vn 0.28424 0.26096 0.92255
vn 0.37372 0.23508 0.89726
vn 0.32277 0.18376 0.92847
vn -0.09550 0.21750 0.97138
vn -0.11518 0.15360 0.98140
vn -0.25783 -0.08314 0.96261
vn -0.22226 -0.07927 0.97176
vn -0.12211 -0.16073 0.97942
vn -0.25025 0.09385 0.96362
vn -0.32858 0.07052 0.94184
vn -0.16555 0.01576 0.98608
vn -0.19554 0.07582 0.97776
vn -0.39006 0.17287 0.90442
vn -0.08973 0.22324 0.97062
vn -0.41606 0.55167 0.72288
vn -0.13805 0.60060 0.78754
vn -0.25919 0.38700 0.88490
vn 0.35223 0.35453 0.86617
vn 0.41152 0.09750 0.90617
vn 0.49206 0.04572 0.86936
vn 0.43660 0.02750 0.89924
vn 0.46024 0.15924 0.87340
vn 0.44722 0.13849 0.88364
vn 0.39998 0.24633 0.88280
vn 0.39871 0.21882 0.89059
vn 0.43484 0.25118 0.86477
vn 0.52014 0.14658 0.84141
vn 0.53933 0.03470 0.84138
vn 0.51736 0.02525 0.85540
vn 0.46485 0.07859 0.88190
vn 0.53947 0.10535 0.83539
vn 0.50712 -0.05000 0.86043
vn 0.49055 -0.05336 0.86978
vn 0.48598 0.38589 0.78417
vn 0.53776 0.34362 0.76989
vn 0.54782 0.34968 0.76001
vn 0.33415 0.41488 0.84629
vn 0.45314 0.36540 0.81311
vn 0.45008 0.15296 0.87979
vn 0.53528 0.16534 0.82834
vn 0.37149 0.28216 0.88452
vn 0.45031 0.33635 0.82710
vn -0.12763 0.57637 0.80716
vn -0.34204 0.81698 0.46427
vn 0.08295 0.68855 0.72043
vn -0.08733 0.94215 0.32361
vn -0.13933 0.97028 0.19784
vn 0.07248 0.95982 0.27110
vn 0.09189 0.74798 0.65733
vn -0.24182 0.91294 0.32872
vn -0.18092 0.97678 0.11478
vn -0.10449 0.97987 0.17012
vn 0.07084 0.96142 0.26581
vn 0.16159 0.95339 0.25483
vn 0.44681 0.37037 0.81436
vn 0.59701 0.57328 0.56118
vn 0.63324 0.56078 0.53342
vn 0.12776 0.62690 0.76856
vn 0.34323 0.62523 0.70092
vn 0.37619 0.67255 0.63731
vn 0.48635 0.65026 0.58363
vn 0.40574 0.69964 0.58811
vn 0.43072 0.70156 0.56770
vn 0.30300 0.76127 0.57329
vn 0.45179 0.77084 0.44910
vn 0.21055 0.87815 0.42957
vn 0.37527 0.88556 0.27379
vn 0.67082 0.26554 0.69246
vn 0.46060 0.61211 0.64278
vn 0.48544 0.06285 0.87201
vn 0.14594 0.40114 0.90432
vn 0.46989 0.32266 0.82164
vn 0.51764 0.05493 0.85383
vn 0.50018 0.03586 0.86518
vn 0.49726 0.10563 0.86115
vn 0.53593 -0.07506 0.84092
vn 0.64360 0.42251 0.63818
vn 0.09922 0.96168 0.25559
vn 0.32313 0.92740 0.18844
vn 0.33026 0.70225 0.63069
vn 0.11145 0.96439 0.23984
vn 0.05328 0.99857 -0.00419
vn 0.04377 0.999038 -0.00273
vn -0.03222 0.99784 0.05732
vn 0.33408 0.87532 0.34957
vn 0.41630 0.84243 0.34206
vn 0.11340 0.83033 0.54562
vn 0.21756 0.94729 0.23516
vn 0.22440 0.94566 0.23531
vn 0.32680 0.81023 0.48654
vn 0.28167 0.94243 0.18023
vn 0.63694 0.70682 0.30775
vn 0.07919 0.96343 0.25600
vn 0.10175 0.94050 0.32419
vn 0.49980 0.76283 0.41023
vn -0.10204 0.97174 0.21288
vn 0.06480 0.99374 0.09101
vn 0.06745 0.98658 -0.14867
vn 0.04390 0.90388 0.42553
vn 0.56329 0.81644 0.12699
vn 0.42702 0.72497 0.54044
vn 0.27082 0.95571 0.11522
vn 0.09047 0.97898 0.18281
vn 0.35469 0.89729 0.26279
vn 0.03069 0.999381 -0.01721
vn 0.00708 0.999927 0.00977
vn -0.01502 0.999779 -0.01472
vn -0.01197 0.999425 -0.03172
vn -0.02414 0.999524 0.01921
vn -0.03046 0.999378 -0.01778
vn -0.03760 0.99868 0.03487
vn 0.37565 0.70871 0.59718
vn 0.18000 0.80465 0.56581
vn 0.47678 -0.08271 0.87512
vn 0.27712 0.16704 0.94620
vn 0.19713 0.16818 0.96584
vn -0.02574 0.69327 0.72022
vn 0.03414 0.67762 0.73462
vn 0.05514 0.99836 0.01539
vn -0.00024 1 0.00035
vn 0.00026 1 0.00030
vn 0 1 0
vn 0.00130 0.999989 -0.00455
vn -0.00696 0.999833 -0.01689
vn -0.00505 0.999987 -0.00012
vn 0.02757 0.99814 -0.05435
vn 0.16331 0.94490 0.28371
vn 0.55673 0.76990 0.31193
vn 0.33925 0.33139 0.88039
vn 0.49693 0.27152 0.82422
vn 0.47331 0.30610 0.82600
vn -0.05822 0.76294 0.64384
vn 0.35476 0.28075 0.89181
vn 0.16916 0.78623 0.59434
vn -0.00109 0.99849 -0.05489
vn -0.15728 0.97316 0.16798
vn -0.05466 0.86582 0.49736
vn -0.26261 0.68755 0.67698
vn -0.08726 0.29422 0.95175
vn -0.01784 0.29268 0.95604
vn 0.21541 0.05598 0.97492
vn 0.07025 0.06216 0.99559
vn 0.19828 0.08225 0.97669
vn 0.36195 0.07748 0.92897
vn 0.41529 0.06947 0.90703
vn 0.38423 0.05614 0.92153
vn 0.20280 0.08762 0.97529
vn 0.01127 -0.00945 0.999892
vn -0.07145 0.12240 0.98991
vn -0.04937 0.26247 0.96368
vn 0.00536 -0.00798 0.999954
vn -0.17071 0.29942 0.93873
vn -0.12020 0.71437 0.68937
vn -0.03172 0.98751 0.15435
vn -0.21423 0.77071 0.60009
vn -0.35734 0.14767 0.92223
vn -0.22844 -0.09862 0.96855
vn -0.18938 -0.02083 0.98168
vn -0.13515 -0.06468 0.98871
vn 0.45873 0.04413 0.88748
vn 0.49665 0.06544 0.86548
vn 0.46021 0.00333 0.88780
vn 0.44867 -0.00341 0.89369
vn 0.38300 0.03039 0.92325
vn 0.25051 -0.10990 0.96186
vn 0.16871 -0.05494 0.98413
vn -0.00327 -0.17887 0.98387
vn 0.16496 -0.07154 0.98370
vn 0.37441 0.18297 0.90903
vn 0.28623 -0.00336 0.95815
vn 0.11950 -0.02817 0.99243
vn 0.38970 0.06142 0.91889
vn 0.41511 0.18375 0.89102
vn 0.48904 0.08353 0.86825
vn 0.47889 0.17931 0.85937
vn 0.46989 0.10391 0.87659
vn 0.42659 0.17002 0.88832
vn 0.40386 0.07879 0.91142
vn 0.24211 0.04537 0.96919
vn 0.23168 0.00231 0.97279
vn 0.11990 -0.02479 0.99248
vn 0.12737 -0.03049 0.99139
vn 0.26404 -0.02843 0.96409
vn 0.12520 -0.55373 0.82323
vn 0.31158 0.18647 0.93174
vn 0.27068 -0.02603 0.96232
vn 0.39972 0.19082 0.89655
vn 0.42872 0.25233 0.86748
vn 0.22926 0.00347 0.97336
vn 0.41195 0.16170 0.89675
vn 0.07721 -0.50035 0.86237
vn -0.02102 -0.85933 0.51099
vn 0.03188 -0.49940 0.86578
vn 0.12824 -0.72258 0.67929
vn -0.02603 -0.85757 0.51371
vn 0.22961 -0.31555 0.92071
vn 0.19136 -0.27209 0.94305
vn 0.12237 -0.25727 0.95856
vn 0.03137 -0.73561 0.67668
vn -0.02031 -0.70853 0.70539
vn 0.02371 -0.96026 0.27811
vn 0.09385 -0.92653 0.36434
vn 0 1 0
vn 0 1 0
vn 0 1 0
vn 0 1 0
vn 0 1 0
vn 0 1 0
vn -0.00221 0.999998 0.00012
vn 0 1 0
vn 0.00026 1 -0.00005
vn -0.00101 0.999998 -0.00175
vn 0.00023 1 0.00007
vn 0.00444 0.99999 -0.00097
vn 0.17031 0.98357 0.05979
vn 0.15316 0.98120 0.11743
vn -0.02079 0.999688 0.01385
vn 0.19266 0.97276 0.12892
vn -0.00579 0.999782 -0.02007
vn 0 1 0
vn 0.00019 1 0.00026
vn 0 1 0
vn 0.00023 1 0.00007
vn 0.00189 0.999998 0.00060
vn 0.00798 0.999837 -0.01619
vn 0.08077 0.96988 0.22980
vn 0.13156 0.98042 0.14650
vn 0.55243 0.82683 0.10568
vn 0.28663 0.83519 0.46936
vn 0.55439 0.81618 0.16278
vn 0.34405 0.89602 0.28068
vn 0.01377 0.93524 0.35374
vn -0.16140 0.77489 0.61114
vn 0.55729 0.81368 0.16540
vn -0.23448 0.87609 0.42129
vn -0.14161 0.97277 0.18346
vn -0.11405 0.95517 0.27321
vn 0.08997 0.77143 0.62993
vn 0.12024 0.79328 0.59686
vn 0.02218 0.95505 0.29561
vn 0.04274 0.99809 0.04453
vn -0.04888 0.98400 0.17132
vn -0.11388 0.99253 0.04380
vn 0.05105 0.98042 0.19020
vn -0.00716 0.99893 -0.04575
vn 0.02931 0.99766 -0.06175
vn -0.00947 0.999169 -0.03964
vn -0.08377 0.99629 -0.01955
vn 0.03347 0.94570 0.32331
vn 0.09029 0.98922 0.11532
vn 0.25074 0.95784 0.14028
vn 0.00929 0.99730 -0.07281
vn -0.16929 0.80676 0.56611
vn 0.20297 0.78024 0.59164
vn -0.12734 0.98670 0.10105
vn -0.08083 0.75896 0.64610
vn 0.28613 0.82582 0.48595
vn 0.18601 0.88839 0.41971
vn 0.36168 0.76931 0.52664
vn 0.13498 0.78095 0.60984
vn 0.15657 0.36150 0.91913
vn -0.01503 0.38696 0.92197
vn 0.24316 0.21756 0.94527
vn 0.25556 0.21823 0.94184
vn 0.38598 0.51792 0.76340
vn 0.46761 0.49761 0.73057
vn 0.40643 0.00638 0.91366
vn 0.52501 0.02560 0.85071
vn 0.40751 0.00901 0.91316
vn 0.14090 -0.10749 0.98417
vn 0.06964 -0.04594 0.99651
vn 0.06250 0.04727 0.99692
vn 0.00800 -0.01068 0.999911
vn 0.00403 -0.00644 0.999971
vn 0 1 0
vn 0 1 0
vn -0.23817 -0.51892 -0.82097
vn -0.06358 -0.93457 -0.35005
vn 0.08027 -0.58180 -0.80936
vn -0.26376 -0.82815 -0.49457
vn -0.49203 -0.15304 -0.85702
vn -0.33527 0.00904 -0.94208
vn -0.05068 -0.04472 -0.99771
vn 0.00454 -0.99868 -0.05113
vn 0.15742 -0.90788 -0.38855
vn -0.08588 -0.98716 -0.13468
vn -0.45080 -0.66616 -0.59414
vn -0.61054 -0.32763 -0.72104
vn -0.38265 0.11126 -0.91717
vn -0.48604 0.03581 -0.87320
vn -0.66296 0.00729 -0.74862
vn -0.27073 0.07985 -0.95934
vn -0.09817 0.08167 -0.99181
vn 0.24159 0.04763 -0.96921
vn 0.35959 -0.06830 -0.93061
vn 0.39630 -0.38598 -0.83305
vn 0.01717 -0.99682 -0.07780
vn 0.16104 -0.84673 -0.50707
vn 0.41058 -0.30891 -0.85790
vn -0.00623 -0.99997 0.00456
vn 0.01223 -0.999752 0.01863
vn -0.02020 -0.999693 0.01438
vn -0.35364 -0.91366 -0.20041
vn -0.45155 -0.70334 -0.54902
vn -0.64798 -0.17032 -0.74236
vn -0.63168 0.00497 -0.77522
vn -0.54475 -0.00407 -0.83859
vn -0.28540 0.01723 -0.95825
vn -0.16539 0.02770 -0.98584
vn 0.04317 0.00705 -0.999043
vn 0.39911 0.00931 -0.91686
vn 0.46113 0.03177 -0.88676
vn 0.47227 -0.00873 -0.88141
vn 0.26923 -0.35086 -0.89689
vn 0.37685 0.01913 -0.92608
vn 0.07099 -0.98835 -0.13460
vn 0.25901 -0.71070 -0.65408
vn -0.00117 -0.999999 -0.00095
vn -0.30363 -0.94593 -0.11414
vn -0.00024 -1 0.00003
vn 0.00328 -0.99998 -0.00537
vn 0.05041 -0.99650 -0.06670
vn 0.24987 -0.87879 -0.40655
vn 0.52134 -0.33411 -0.78523
vn 0.34450 -0.12154 -0.93089
vn 0.45563 0.05499 -0.88847
vn 0.11637 -0.26502 -0.95719
vn 0.02526 -0.99133 -0.12898
vn -0.08306 -0.85942 -0.50447
vn 0.00003 -1 0.00035
vn -0.00158 -0.999997 0.00171
vn -0.02713 -0.99599 -0.08528
vn -0.03979 -0.90973 -0.41330
vn -0.22578 -0.45431 -0.86176
vn 0.00239 -0.999621 -0.02743
vn -0.00027 -1 0.00078
vn 0.00046 -1 -0.00018
vn -0.00037 -1 -0.00040
vn 0.00040 -0.999999 -0.00128
vn 0.02171 -0.999468 -0.02435
vn 0 -1 0
vn -0.00008 -1 0.00012
vn 0.00313 -0.99991 -0.01303
vn 0.00001 -1 0.00001
vn 0.00014 -1 -0.00009
vn -0.00053 -1 0.00008
vn 0.00405 -0.999983 0.00416
vn -0.00043 -1 0.00002
vn -0.00004 -1 0.00002
vn -0.01017 -0.999929 0.00616
vn -0.00019 -1 0.00050
vn 0.00004 -1 0.00007
vn -0.00007 -1 -0.00046
vn -0.00111 -0.999998 0.00175
vn -0.00014 -1 0.00072
vn -0.00020 -0.999999 -0.00168
vn 0.00135 -0.999999 0.00043
vn 0.06513 -0.99787 -0.00267
vn -0.00330 -0.999922 -0.01204
vn -0.00317 -0.999991 0.00272
vn -0.01071 -0.999447 -0.03148
vn -0.00482 -0.999673 -0.02511
vn 0.12647 -0.98832 -0.08501
vn -0.00097 -0.99785 0.06554
vn 0.13101 -0.95593 0.26276
vn 0.05257 -0.99745 0.04826
vn -0.00494 -0.999463 0.03240
vn 0.00010 -1 0.00059
vn 0.00944 -0.99315 0.11646
vn 0.01564 -0.99315 0.11582
vn 0.05981 -0.98066 0.18638
vn 0.08691 -0.96468 0.24868
vn 0.20156 -0.85537 0.47719
vn 0.40696 -0.54796 0.73084
vn 0.29479 -0.56935 0.76742
vn 0.34515 -0.81495 0.46554
vn 0.03829 -0.99498 -0.09246
vn 0.16820 -0.96843 -0.18402
vn 0.30861 -0.94974 -0.05257
vn 0.42034 -0.87063 -0.25557
vn 0.37166 -0.90001 0.22772
vn 0.52449 -0.20896 0.82538
vn 0.60840 -0.44549 0.65680
vn 0.46212 -0.11523 0.87930
vn 0.49460 -0.40231 0.77040
vn 0.36360 -0.71436 0.59790
vn 0.27888 -0.79984 0.53148
vn 0.15664 -0.87102 0.46560
vn 0.06798 -0.88211 0.46610
vn 0.05711 -0.90674 0.41780
vn 0.04393 -0.53835 0.84158
vn 0.08160 -0.52677 0.84608
vn 0.13000 -0.71614 0.68574
vn 0.25682 -0.66061 0.70543
vn 0.58651 -0.31105 0.74783
vn 0.48121 -0.48316 0.73144
vn 0.59493 -0.04441 0.80255
vn 0.51352 0.03958 0.85716
vn 0.50064 -0.01778 0.86548
vn 0.69029 -0.00929 0.72347
vn 0.85865 -0.25243 0.44610
vn 0.86860 -0.48253 0.11269
vn 0.85158 -0.45458 -0.26109
vn 0.98784 -0.03589 0.15130
vn 0.97586 -0.05519 -0.21129
vn 0.90657 -0.00306 0.42204
vn 0.72568 -0.03947 0.68690
vn 0.45341 -0.02153 0.89104
vn 0.55264 0.00047 0.83342
vn 0.63607 -0.00130 0.77163
vn 0.53455 -0.05539 0.84332
vn 0.35210 -0.27318 0.89521
vn 0.09528 -0.26933 0.95832
vn 0.01051 -0.09684 0.99524
vn 0.01574 0.03020 0.99942
vn 0.20856 0.03617 0.97734
vn 0.42784 0.02679 0.90346
vn 0.45210 0.00653 0.89194
vn 0.98678 0.01055 0.16175
vn 0.99599 0.00505 -0.08932
vn 0.90906 -0.02219 -0.41607
vn 0.88773 0.01005 -0.46025
vn 0.83018 -0.29790 -0.47122
vn 0.80215 -0.00449 -0.59711
vn 0.81572 0.00915 -0.57838
vn 0.99358 -0.07298 -0.08649
vn 0.97513 -0.06771 0.21104
vn 0.89599 -0.06250 0.43966
vn 0.53104 0.04247 0.84628
vn 0.45452 0.22850 0.86093
vn 0.51052 0.36774 0.77726
vn 0.60899 -0.00453 0.79317
vn 0.13356 0.01159 0.99097
vn 0.24996 -0.00174 0.96826
vn 0.48977 0.00039 0.87185
vn 0.56921 0.21711 0.79301
vn 0.67825 0.29967 0.67096
vn 0.48793 0.48932 0.72284
vn 0.44367 0.70629 0.55164
vn 0.24060 0.86930 0.43177
vn 0.50385 0.71490 0.48482
vn 0.47031 0.32390 0.82092
vn 0.67250 0.17897 0.71813
vn 0.85168 0.07436 0.51877
vn 0.97229 -0.02011 0.23289
vn 0.89314 -0.10106 -0.43828
vn 0.83301 -0.06428 -0.54951
vn 0.96231 0.22434 -0.15370
vn 0.83715 0.12869 -0.53163
vn 0.80787 -0.01827 -0.58908
vn 0.84126 0.46517 0.27549
vn 0.70049 0.45995 0.54567
vn 0.50038 0.57170 0.65022
vn 0.38377 0.80914 0.44499
vn 0.19642 0.95701 0.21341
vn 0.15304 0.98191 0.11150
vn -0.03290 0.99826 0.04894
vn 0.38672 0.77202 0.50441
vn 0.61010 0.53044 0.58857
vn 0.30141 0.70388 0.64320
vn 0.07995 0.97979 0.18333
vn 0.07482 0.99426 -0.07645
vn 0.02201 0.99837 -0.05266
vn 0.12073 0.97899 0.16433
vn 0.00875 0.98149 0.19130
vn -0.01216 0.99603 0.08814
vn 0.41895 0.85079 0.31723
vn 0.48882 0.87142 -0.04106
vn 0.67377 0.64337 -0.36348
vn 0.72136 0.45292 -0.52393
vn 0.74571 0.13454 -0.65254
vn 0.76389 -0.06291 -0.64227
vn 0.75861 0.51885 -0.39409
vn 0.49155 0.85843 -0.14654
vn 0.12554 0.98895 0.07887
vn 0.19024 0.98003 -0.05788
vn 0.06880 0.99316 0.09431
vn 0.17391 0.94574 0.27448
vn 0.22402 0.86049 0.45756
vn 0.08805 0.97229 0.21656
vn -0.03977 0.99395 0.10240
vn 0.13036 0.99143 0.00812
vn 0.04332 0.99880 0.02288
vn 0.20272 0.94094 0.27119
vn 0.34205 0.85441 0.39114
vn 0.15245 0.92870 0.33806
vn 0.31469 0.89374 0.31968
vn 0.26449 0.95898 0.10197
vn 0.44519 0.87629 0.18419
vn 0.66466 0.74308 -0.07781
vn 0.74958 0.58319 -0.31309
vn 0.80899 0.40603 -0.42506
vn 0.81035 0.18882 -0.55469
vn 0.77688 0.00782 -0.62959
vn 0.94731 0.27488 -0.16444
vn 0.94909 0.03270 -0.31330
vn 0.71076 0.69499 -0.10864
vn 0.27384 0.93619 0.22036
vn 0.10154 0.99202 0.07475
vn 0.22180 0.87331 0.43375
vn 0.04168 0.97122 0.23449
vn 0.03073 0.99845 0.04640
vn 0.10814 0.91251 0.39451
vn 0.19216 0.89277 0.40748
vn 0.11163 0.97191 0.20720
vn -0.00991 0.999621 0.02569
vn 0.01021 0.999484 -0.03045
vn 0.02421 0.999702 0.00308
vn 0.28988 0.95535 0.05729
vn 0.43234 0.90171 0.00248
vn 0.81717 0.57591 -0.02382
vn 0.91411 0.40201 -0.05281
vn 0.99744 0.05683 -0.04335
vn 0.91508 0.01291 -0.40307
vn 0.99138 -0.06466 -0.11396
vn 0.79030 -0.02445 -0.61223
vn 0.98950 0.02677 -0.14203
vn 0.98783 -0.05453 -0.14564
vn 0.98495 -0.04052 -0.16801
vn 0.94724 0.28944 -0.13768
vn 0.55848 0.82708 -0.06363
vn 0.05204 0.99845 -0.01970
vn -0.00502 0.99987 -0.01533
vn -0.00870 0.999923 -0.00881
vn -0.02195 0.98255 0.18469
vn -0.02496 0.99561 0.09025
vn -0.00011 1 0.00069
vn 0.64897 0.73223 -0.20657
vn 0.18937 0.97842 -0.08264
vn 0.95820 -0.04074 -0.28317
vn 0.90735 0.25151 -0.33683
vn 0.95810 -0.00863 -0.28630
vn 0.93910 -0.03338 -0.34201
vn 0.62937 0.72363 -0.28330
vn 0.90809 0.25714 -0.33054
vn -0.00631 0.999978 -0.00195
vn 0.39924 0.89660 -0.19163
vn 0.04457 0.99871 -0.02437
vn 0.00019 1 -0.00005
vn 0.00059 1 0.00065
vn 0 1 0
vn 0.00163 0.999995 -0.00286
vn 0.19391 0.97804 -0.07644
vn 0.72370 0.64998 -0.23191
vn 0.77162 0.48721 -0.40894
vn 0.56366 0.75756 -0.32921
vn 0.46196 0.86329 -0.20326
vn 0.17754 0.97925 -0.09776
vn 0.00108 0.999981 0.00606
vn 0.00069 1 -0.00061
vn 0 1 0.00009
vn -0.00017 1 -0.00098
vn -0.00322 0.999961 0.00816
vn 0.54905 0.80082 -0.23923
vn 0.71664 0.64161 -0.27343
vn 0.84117 0.24171 -0.48374
vn 0.82792 0.47936 -0.29113
vn 0.58930 0.76675 -0.25459
vn 0.27189 0.95191 -0.14124
vn 0 1 0
vn 0.00107 0.999999 -0.00076
vn -0.00780 0.999919 0.01007
vn 0.10781 0.96622 -0.23408
vn 0.69773 0.61638 -0.36504
vn 0.38688 0.84745 -0.36353
vn 0.35208 0.68284 -0.64013
vn 0.07206 0.74354 -0.66479
vn 0.21840 0.77708 -0.59030
vn 0.21124 0.95004 -0.22979
vn -0.00053 0.999888 -0.01494
vn 0.24984 0.94931 -0.19075
vn 0.55942 0.59552 -0.57654
vn 0.48720 0.75633 -0.43659
vn 0.23468 0.28225 -0.93019
vn 0.75176 0.04450 -0.65794
vn 0.69168 0.42665 -0.58271
vn 0.63684 0.63241 -0.44102
vn 0.41519 0.84734 -0.33111
vn 0.07205 0.98700 -0.14366
vn -0.08685 0.98712 -0.13433
vn 0.03282 0.96352 -0.26562
vn 0 1 -0.00097
vn 0 1 0
vn 0.03151 0.99898 -0.03238
vn -0.20125 0.77445 -0.59977
vn 0.21684 0.68965 -0.69092
vn 0.32396 0.85365 -0.40784
vn -0.26744 0.85786 -0.43881
vn -0.01750 0.89568 -0.44435
vn -0.23824 0.82033 -0.51990
vn 0.34916 0.74426 -0.56935
vn 0.65530 0.42578 -0.62394
vn 0.80074 0.08658 -0.59273
vn 0.68645 -0.01019 -0.72710
vn 0.48380 0.08925 -0.87061
vn 0.19146 0.44093 -0.87688
vn -0.30764 0.32827 -0.89308
vn -0.39979 0.46206 -0.79162
vn 0.00663 0.18922 -0.98191
vn 0.53874 0.39384 -0.74475
vn 0.56129 0.58184 -0.58858
vn 0.32252 0.89755 -0.30066
vn 0.00029 1 -0.00041
vn 0.00455 0.999984 0.00339
vn 0.06619 0.99410 -0.08597
vn 0.68743 0.48475 -0.54079
vn 0.35577 0.81726 -0.45334
vn 0.75592 0.14229 -0.63902
vn 0.62700 -0.08639 -0.77421
vn -0.45698 -0.02111 -0.88923
vn -0.05140 -0.10946 -0.99266
vn 0.00671 -0.00753 -0.999949
vn -0.34231 -0.06809 -0.93712
vn 0.21133 -0.02233 -0.97716
vn -0.17953 -0.02525 -0.98343
vn -0.39472 -0.03973 -0.91794
vn -0.51903 -0.00287 -0.85475
vn 0.67065 -0.05753 -0.73954
vn 0.82028 -0.09083 -0.56470
vn 0.74707 -0.01153 -0.66465
vn 0.59932 0.31996 -0.73378
vn 0.14671 0.90012 -0.41018
vn 0.31396 0.43817 -0.84228
vn 0.03667 0.98441 -0.17203
vn -0.02725 0.99768 -0.06239
vn 0.00217 0.99997 0.00737
vn 0.03258 0.999244 -0.02120
vn -0.13284 0.94559 -0.29700
vn -0.04129 0.93343 -0.35637
vn 0.17022 0.69692 -0.69666
vn -0.09015 0.83597 -0.54131
vn 0.45533 -0.03333 -0.88970
vn 0.39376 0.00896 -0.91917
vn 0.18724 0.05784 -0.98061
vn 0.77528 -0.01800 -0.63136
vn 0.51928 -0.03643 -0.85383
vn -0.36495 0.04221 -0.93007
vn 0.36399 -0.09894 -0.92613
vn 0.36157 -0.01655 -0.93220
vn -0.22551 0.23957 -0.94433
vn 0.23200 -0.01903 -0.97253
vn -0.23350 -0.11557 -0.96546
vn -0.16587 -0.05898 -0.98438
vn -0.27417 0.63465 -0.72253
vn 0.14940 0.51244 -0.84563
vn -0.26671 0.03855 -0.96300
vn -0.39407 -0.10808 -0.91270
vn -0.08791 0.01135 -0.99606
vn -0.37598 -0.00233 -0.92662
vn -0.04736 -0.00031 -0.99888
vn 0.67798 0.02920 -0.73450
vn -0.54190 0.02650 -0.84002
vn 0.11250 0.06222 -0.99170
vn 0.73455 0.02202 -0.67819
vn 0.34201 0.02675 -0.93932
vn -0.08532 -0.01556 -0.99623
vn -0.24331 -0.02829 -0.96954
vn -0.27457 0.02321 -0.96129
vn 0.20151 0.01822 -0.97932
vn 0.23794 -0.04763 -0.97011
vn 0.25443 0.00909 -0.96705
vn -0.09869 0.01206 -0.99504
vn 0.21552 0.07360 -0.97372
vn 0.41204 0.08812 -0.90690
vn 0.67659 0.08077 -0.73192
vn 0.79666 0.01493 -0.60424
vn 0.75980 0.03087 -0.64942
vn 0.58937 -0.21396 -0.77901
vn -0.51731 -0.06118 -0.85361
vn -0.23961 -0.35133 -0.90507
vn -0.45196 -0.54545 -0.70584
vn -0.27576 -0.45682 -0.84574
vn -0.31628 -0.01718 -0.94851
vn -0.26378 -0.85372 -0.44897
vn 0.12882 -0.79492 -0.59288
vn 0.74910 -0.33580 -0.57105
vn 0.36362 -0.85470 -0.37049
vn 0.74894 -0.03641 -0.66163
vn 0.51766 -0.18230 -0.83594
vn 0.03667 -0.26295 -0.96411
vn -0.10029 0.11880 -0.98784
vn -0.39073 0.07490 -0.91745
vn -0.34576 -0.00246 -0.93832
vn 0.15661 0.02987 -0.98721
vn -0.20064 0.09475 -0.97507
vn 0.14907 -0.86380 -0.48128
vn 0.56723 -0.58567 -0.57900
vn 0.25019 -0.94870 -0.19330
vn 0.10194 -0.97652 -0.18979
vn -0.03315 -0.97787 -0.20656
vn -0.05661 -0.99573 -0.07286
vn -0.11099 -0.94360 -0.31193
vn -0.02960 -0.999521 0.00907
vn 0.01502 -0.98672 -0.16172
vn 0.07985 -0.70993 -0.69973
vn 0.13438 -0.98777 -0.07904
vn 0.38541 -0.80621 -0.44887
vn 0.46552 -0.33710 -0.81832
vn -0.01758 -0.22785 -0.97354
vn 0.29860 -0.15000 -0.94252
vn 0.03128 0.04750 -0.99838
vn 0.58702 0.02585 -0.80916
vn 0.42724 0.06291 -0.90195
vn 0.73245 -0.16483 -0.66057
vn 0.69584 -0.54314 -0.46989
vn 0.30648 -0.91694 -0.25552
vn -0.01166 -0.999915 -0.00579
vn 0.13044 -0.96253 -0.23773
vn 0.53063 -0.52312 -0.66692
vn 0.67058 -0.50381 -0.54452
vn 0.75831 -0.10623 -0.64318
vn 0.83417 -0.03579 -0.55034
vn 0.72285 0.04248 -0.68970
vn 0.56736 0.05732 -0.82147
vn 0.36567 0.05432 -0.92916
vn 0.03202 0.01777 -0.999329
vn 0.51860 0.00760 -0.85498
vn 0.35863 -0.00714 -0.93345
vn 0.67184 0.00872 -0.74065
vn 0.79527 0.01126 -0.60614
vn 0.41423 -0.07393 -0.90717
vn 0.69765 -0.01101 -0.71635
vn 0.16512 -0.56375 -0.80927
vn 0.09380 -0.93752 -0.33505
vn 0.00348 -0.999883 -0.01492
vn 0.14670 -0.98528 -0.08770
vn 0.50259 -0.73876 -0.44905
vn 0.35675 -0.36104 -0.86162
vn 0.03061 -0.06956 -0.99711
vn 0.11835 0.03517 -0.99235
vn 0.64579 0.04501 -0.76219
vn 0.81213 0.00870 -0.58341
vn 0.49983 -0.02985 -0.86561
vn 0.80464 -0.02708 -0.59314
vn 0.68053 -0.06482 -0.72985
vn 0.12113 0.03852 -0.99189
vn 0.06521 0.11049 -0.99174
vn 0.09431 0.05847 -0.99382
vn 0.37362 0.02529 -0.92724
vn 0.75666 -0.12276 -0.64218
vn 0.63169 0.05725 -0.77311
vn 0.68123 -0.66951 -0.29612
vn 0.87913 -0.22362 -0.42086
vn 0.38746 -0.90825 -0.15795
vn 0.27218 -0.95569 -0.11212
vn 0.06003 -0.99815 0.00967
vn 0.51449 -0.79672 -0.31708
vn 0.82049 -0.38867 -0.41921
vn 0.79301 -0.56974 -0.21574
vn 0.85005 -0.42771 -0.30737
vn 0.91461 -0.10336 -0.39091
vn 0.86165 0.06147 -0.50376
vn 0.82118 0.01406 -0.57050
vn 0.51588 0.03204 -0.85606
vn 0.39004 0.08544 -0.91683
vn 0.25290 0.07966 -0.96421
vn 0.36606 0.01307 -0.93050
vn 0.74855 -0.04306 -0.66168
vn 0.81868 -0.06652 -0.57038
vn 0.29059 -0.04205 -0.95592
vn 0.91308 0.01574 -0.40747
vn 0.94426 -0.06498 -0.32272
vn 0.85158 -0.13286 -0.50711
vn 0.89697 0.00574 -0.44205
vn 0.93834 0.01119 -0.34554
vn 0.67416 -0.08063 -0.73417
vn 0.05999 -0.09248 -0.99391
vn 0.36670 -0.10533 -0.92436
vn 0.02841 -0.08415 -0.99605
vn 0.39140 0.02962 -0.91974
vn 0.83913 -0.07959 -0.53807
vn 0.91611 -0.04235 -0.39868
vn 0.89980 0.01853 -0.43590
vn 0.86721 0.02177 -0.49746
vn 0.85894 0.01388 -0.51189
vn 0.94409 -0.05689 -0.32475
vn 0.86575 -0.00357 -0.50046
vn 0.68461 -0.02413 -0.72851
vn 0.65511 0.41142 -0.63369
vn 0.19504 0.31524 -0.92875
vn 0.93310 -0.12388 -0.33762
vn 0.92331 0.17801 -0.34032
vn 0.91811 -0.01889 -0.39587
vn 0.91698 -0.02990 -0.39780
vn 0.95686 -0.07496 -0.28071
vn 0.95845 -0.03265 -0.28340
vn 0.93577 -0.00676 -0.35255
vn 0.89372 -0.01971 -0.44819
vn 0.95174 0.01123 -0.30671
vn 0.83554 -0.06060 -0.54608
vn 0.92114 -0.00536 -0.38920
vn 0.97049 -0.03032 -0.23921
vn 0.89159 -0.38821 -0.23316
vn 0.82544 -0.49054 -0.27932
vn 0.82407 -0.44959 -0.34463
vn 0.36855 -0.92362 -0.10536
vn 0.90054 -0.24269 -0.36073
vn 0.56294 -0.79362 -0.23081
vn 0.94377 -0.02127 -0.32991
vn 0.89765 0.03245 -0.43951
vn 0.84228 0.04483 -0.53718
vn 0.97232 0.00395 -0.23362
vn 0.97315 -0.01076 -0.22991
vn 0.89201 -0.34345 -0.29386
vn 0.44799 -0.89169 -0.06474
vn 0.05277 -0.99839 -0.02089
vn 0.01138 -0.99991 0.00706
vn 0.93785 -0.32652 -0.11761
vn 0.54950 -0.82028 -0.15870
vn 0.99092 0.03008 -0.13106
vn 0.93782 0.05265 -0.34311
vn 0.92912 -0.16176 -0.33251
vn 0.62718 -0.62071 -0.47050
vn 0.66858 -0.55295 -0.49723
vn 0.79344 -0.05675 -0.60600
vn 0.85022 0.01712 -0.52615
vn 0.84311 0.03648 -0.53649
vn 0.80289 0.10509 -0.58680
vn 0.19827 -0.00952 -0.98010
vn 0.42833 -0.00586 -0.90360
vn 0.37667 0.00671 -0.92632
vn 0.33094 -0.03445 -0.94302
vn 0.51887 -0.03741 -0.85403
vn 0.40827 -0.04824 -0.91159
vn 0.46222 -0.01926 -0.88656
vn 0.54338 0.10342 -0.83309
vn 0.26383 -0.00218 -0.96457
vn 0.33287 0.78037 -0.52936
vn 0.36196 0.43524 -0.82435
vn 0.26042 0.27116 -0.92663
vn 0.30330 -0.01980 -0.95269
vn 0.45388 0.06387 -0.88877
vn 0.34661 -0.01058 -0.93795
vn -0.18198 -0.01996 -0.98310
vn -0.00542 -0.02811 -0.99959
vn 0.25370 0.03184 -0.96676
vn 0.34262 0.68390 -0.64412
vn 0.38379 0.37930 -0.84192
vn 0.13053 0.91290 -0.38674
vn 0.04481 0.99481 -0.09131
vn 0.14205 0.93911 -0.31289
vn -0.00491 0.999838 0.01731
vn -0.00908 0.999957 0.00175
vn 0.04617 0.99382 -0.10091
vn 0.12767 0.89576 -0.42582
vn 0.08802 0.43860 -0.89436
vn -0.09757 -0.00573 -0.99521
vn -0.24062 -0.05190 -0.96923
vn -0.38828 -0.06251 -0.91942
vn -0.30471 -0.06775 -0.95003
vn -0.24688 0.37401 -0.89396
vn -0.07003 0.86991 -0.48821
vn -0.04158 0.99598 -0.07936
vn -0.01520 0.999846 0.00876
vn -0.27218 0.84342 -0.46320
vn -0.52544 0.12373 -0.84179
vn -0.43859 -0.12472 -0.88999
vn -0.56436 -0.09379 -0.82019
vn -0.60206 -0.05272 -0.79670
vn -0.60796 -0.12278 -0.78441
vn -0.47931 0.67823 -0.55701
vn -0.62123 0.12899 -0.77294
vn -0.14224 0.97966 -0.14156
vn -0.19615 0.97250 -0.12555
vn -0.44676 0.76243 -0.46810
vn -0.70836 -0.08026 -0.70127
vn -0.76493 0.23802 -0.59852
vn -0.68133 -0.01549 -0.73181
vn -0.87737 -0.08149 -0.47284
vn -0.85286 -0.04131 -0.52050
vn -0.62296 0.70663 -0.33555
vn -0.86386 0.22683 -0.44977
vn -0.00017 1 -0.00010
vn -0.05530 0.99776 -0.03756
vn -0.34477 0.90951 -0.23220
vn -0.55755 0.75447 -0.34627
vn -0.68627 0.56644 -0.45628
vn -0.62744 0.63219 -0.45459
vn -0.00007 1 0.00003
vn 0.01742 0.999625 -0.02111
vn 0.01208 0.999922 -0.00326
vn 0.00449 0.99999 -0.00087
vn -0.00006 1 -0.00003
vn 0 1 0
vn 0 1 0
vn -0.06807 0.99506 -0.07230
vn -0.07018 0.99687 -0.03633
vn -0.00008 1 0.00007
vn 0.01354 0.999901 0.00372
vn -0.00021 1 0.00025
vn 0 1 0
vn 0.00589 0.999982 0.00054
vn 0.03995 0.999167 0.00828
vn 0.02073 0.999763 0.00672
vn -0.13339 0.99099 0.01226
vn -0.05728 0.99765 0.03766
vn -0.24738 0.94973 0.19186
vn -0.23170 0.97003 0.07325
vn -0.06937 0.99511 0.07031
vn -0.15228 0.95575 0.25171
vn -0.03688 0.999017 0.02460
vn -0.25701 0.96368 0.07252
vn 0.00318 0.999993 -0.00185
vn 0.00139 0.999999 0.00048
vn -0.00039 1 0.00012
vn 0 1 0
vn -0.04702 0.99889 -0.00417
vn -0.33773 0.94107 -0.01793
vn -0.75702 0.59921 0.26050
vn -0.37634 0.88446 0.27588
vn -0.36201 0.87661 0.31703
vn -0.59606 0.57449 0.56096
vn -0.85270 0.51542 -0.08510
vn -0.99610 0.00927 0.08773
vn -0.78440 0.09665 0.61268
vn -0.33691 0.93957 0.06086
vn -0.07061 0.99653 0.04398
vn 0.00022 1 -0.00049
vn -0.34755 0.92399 0.15953
vn -0.36963 0.89605 0.24592
vn -0.81336 0.43267 0.38889
vn -0.99402 0.08464 -0.06894
vn -0.96682 0.06550 0.24691
vn -0.75735 -0.07240 0.64898
vn -0.68393 0.66475 0.30058
vn -0.82965 -0.01764 0.55800
vn -0.39903 0.91451 0.06667
vn -0.03383 0.999397 0.00780
vn 0.00245 0.999956 -0.00901
vn -0.01921 0.99899 0.04058
vn -0.12766 0.98484 0.11746
vn -0.00559 0.999983 -0.00146
vn 0.00214 0.999997 -0.00134
vn -0.19499 0.97995 0.04104
vn -0.48750 0.83793 0.24539
vn -0.36127 0.87046 0.33434
vn -0.40909 0.84058 0.35506
vn -0.24549 0.92474 0.29085
vn -0.21311 0.88789 0.40772
vn -0.06296 0.99305 0.09939
vn -0.09526 0.99457 0.04182
vn -0.50392 0.85303 0.13566
vn -0.88645 0.44705 0.11977
vn -0.84567 0.52048 0.11813
vn -0.99360 0.05772 0.09713
vn -0.90555 0.05990 0.41999
vn -0.74159 0.42820 0.51641
vn -0.32891 0.88342 0.33374
vn -0.20900 0.93680 0.28059
vn -0.26329 0.84940 0.45738
vn -0.56606 0.48407 0.66727
vn -0.42171 0.48445 0.76646
vn -0.65873 0.56150 0.50079
vn -0.62753 0.77521 0.07250
vn -0.89672 0.35426 0.26533
vn -0.01154 0.99991 -0.00684
vn -0.34358 0.93663 0.06835
vn 0.00762 0.9997 -0.02326
vn -0.73759 0.63464 0.23065
vn -0.97879 0.17378 0.10852
vn -0.97911 -0.09448 0.18005
vn -0.79352 0.01044 0.60845
vn -0.62403 0.02634 0.78095
vn -0.53154 0.14454 0.83461
vn -0.47668 0.15368 0.86554
vn -0.44646 0.57078 0.68911
vn -0.63679 0.03637 0.77018
vn -0.76446 -0.02060 0.64434
vn -0.51754 -0.03069 0.85511
vn -0.62367 -0.06520 0.77897
vn -0.95404 -0.04898 0.29566
vn -0.77737 -0.03969 0.62779
vn -0.98878 -0.11153 0.09939
vn -0.99705 -0.01239 0.07569
vn -0.96396 0.12453 0.23511
vn -0.69467 0.68956 0.20480
vn -0.27913 0.95553 0.09507
vn -0.03871 0.99696 0.06755
vn -0.17424 0.95698 0.23203
vn -0.53758 0.70829 0.45752
vn -0.83006 0.24602 0.50048
vn -0.91545 -0.04518 0.39988
vn -0.98874 -0.02961 0.14669
vn -0.99525 0.02923 0.09287
vn -0.51233 0.01276 0.85869
vn -0.63279 0.03113 0.77370
vn -0.94864 0.02739 0.31518
vn -0.78523 0.00119 0.61921
vn -0.96458 0.02889 0.26222
vn -0.99391 0.05270 0.09674
vn -0.69550 -0.03089 0.71786
vn -0.74301 -0.01520 0.66910
vn -0.63257 0.20214 0.74766
vn -0.48631 0.43843 0.75584
vn -0.23790 0.88617 0.39764
vn -0.37424 0.02143 0.92708
vn -0.43380 0.00742 0.90098
vn -0.29105 0.49504 0.81867
vn -0.52232 0.02347 0.85243
vn -0.51711 -0.01539 0.85578
vn -0.98664 0.07473 0.14480
vn -0.99233 0.06850 0.10290
vn -0.92047 0.06305 0.38570
vn -0.77739 0.00032 0.62902
vn -0.62861 0.00673 0.77769
vn -0.42094 -0.05939 0.90514
vn -0.34164 -0.01619 0.93969
vn -0.33889 -0.00627 0.94080
vn -0.94329 -0.07356 0.32372
vn -0.98671 0.00347 0.16248
vn -0.93237 -0.18294 0.31178
vn -0.97639 -0.18079 0.11823
vn -0.75118 0.05207 0.65804
vn -0.54329 0.01597 0.83940
vn -0.61888 -0.11453 0.77709
vn -0.69594 -0.33059 0.63748
vn -0.70449 -0.70506 0.08110
vn -0.41299 -0.86860 0.27381
vn -0.85280 -0.48728 0.18784
vn -0.80586 -0.17903 0.56439
vn -0.79373 -0.47406 0.38113
vn -0.65701 0.03473 0.75308
vn -0.48060 0.04939 0.87555
vn -0.08423 -0.02430 0.99615
vn -0.10728 -0.01101 0.99417
vn -0.03058 -0.08127 0.99622
vn 0.11797 -0.09465 0.98850
vn 0.12649 -0.01608 0.99184
vn -0.25438 0.05878 0.96532
vn -0.25913 -0.21280 0.94211
vn -0.54628 -0.08918 0.83284
vn -0.68113 -0.26382 0.68298
vn -0.57654 -0.71554 0.39445
vn -0.39305 -0.90593 0.15748
vn -0.37094 -0.92817 0.03002
vn -0.15973 -0.98659 0.03356
vn -0.03232 -0.999293 0.01921
vn -0.03832 -0.99855 0.03772
vn -0.36160 -0.81992 0.44382
vn -0.49314 -0.42381 0.75974
vn -0.02939 -0.999142 0.02919
vn -0.21080 -0.92221 0.32417
vn 0.00951 -0.999951 -0.00282
vn 0.00313 -0.999896 -0.01406
vn 0.01162 -0.999917 0.00556
vn -0.02771 -0.999574 0.00919
vn -0.10961 -0.98848 0.10439
vn -0.36772 -0.71430 0.59545
vn -0.01796 0.03990 0.999042
vn 0.10331 -0.40268 0.90949
vn -0.04127 -0.92598 0.37532
vn 0.17917 -0.10570 0.97812
vn 0.21129 -0.63249 0.74519
vn 0.08492 -0.95532 0.28310
vn 0.00790 -0.999961 0.00405
vn -0.00493 -0.999987 -0.00093
vn -0.00030 -1 0.00036
vn 0.00349 -0.999529 0.03049
vn 0.03484 -0.99705 0.06833
vn 0.12904 -0.92882 0.34733
vn 0.19753 -0.23789 0.95100
vn 0.14724 -0.69850 0.70029
vn 0.04265 -0.90989 0.41265
vn 0.03635 -0.98549 0.16581
vn -0.10293 -0.99451 0.01859
vn 0.00770 -0.999947 0.00690
vn 0.00084 -1 0.00051
vn -0.00011 -1 0.00016
vn 0.02269 -0.98260 0.18435
vn 0.03508 -0.85817 0.51217
vn 0.00169 -0.99766 0.06834
vn -0.00434 -0.99999 -0.00103
vn -0.00011 -1 -0.00002
vn 0.04555 -0.96543 0.25666
vn 0.00738 -0.99657 0.08241
vn -0.00001 -1 0
vn 0.00361 -0.999989 -0.00288
vn 0.12087 -0.92530 0.35947
vn 0.05511 -0.98567 0.15941
vn 0.00859 -0.99996 -0.00240
vn 0.00387 -0.999962 -0.00776
vn 0.00992 -0.999951 0.00006
vn -0.05756 -0.99757 -0.03931
vn -0.04685 -0.99888 -0.00584
vn -0.07590 -0.99605 0.04598
vn -0.04722 -0.99864 0.02215
vn -0.10444 -0.99451 0.00645
vn -0.39526 -0.89099 0.22342
vn -0.37578 -0.86789 0.32490
vn -0.55433 -0.69892 0.45192
vn -0.51474 -0.83683 0.18646
vn -0.14278 -0.98868 0.04603
vn -0.32142 -0.92415 -0.20648
vn -0.14275 -0.97147 -0.18940
vn -0.37498 -0.91925 -0.11986
vn -0.27761 -0.93744 -0.21012
vn -0.56923 -0.60670 -0.55488
vn -0.56685 -0.68914 -0.45141
vn -0.79909 -0.42020 -0.42998
vn -0.52592 -0.84826 -0.06218
vn -0.69927 -0.54161 -0.46657
vn -0.74192 -0.64875 0.16937
vn -0.89182 -0.21700 0.39694
vn -0.91474 -0.30786 0.26169
vn -0.66642 -0.15668 0.72893
vn -0.76735 -0.04404 0.63972
vn -0.70639 -0.36517 0.60636
vn -0.49865 -0.86680 0.00219
vn -0.80305 -0.55117 0.22652
vn -0.97748 -0.03231 0.20856
vn -0.72777 0.01680 0.68561
vn -0.67020 0.02493 0.74176
vn -0.73076 0.07041 0.67900
vn -0.85536 0.08530 0.51096
vn -0.94570 0.04059 0.32250
vn -0.95568 -0.11259 0.27202
vn -0.97787 -0.19653 0.07167
vn -0.88689 -0.30747 -0.34480
vn -0.81940 -0.04709 -0.57128
vn -0.86584 -0.03183 -0.49931
vn -0.75599 -0.13593 -0.64031
vn -0.77086 -0.05196 -0.63488
vn -0.78762 0.01031 -0.61607
vn -0.79750 -0.17563 -0.57719
vn -0.84175 -0.00471 -0.53985
vn -0.93015 0.02043 -0.36660
vn -0.99852 0.04966 0.02234
vn -0.97251 0.05194 0.22699
vn -0.95707 0.02938 0.28835
vn -0.92532 0.00598 0.37915
vn -0.81172 -0.00027 0.58404
vn -0.99326 0.01151 0.11536
vn -0.79254 -0.01538 0.60962
vn -0.71289 -0.02355 0.70088
vn -0.97118 -0.00585 0.23827
vn -0.999772 0.01237 0.01740
vn -0.95567 0.03195 -0.29269
vn -0.86058 0.02006 -0.50892
vn -0.78114 0.02630 -0.62380
vn -0.82268 -0.00391 -0.56850
vn -0.86064 0.01680 -0.50894
vn -0.89684 -0.02312 -0.44176
vn -0.999824 -0.00067 -0.01875
vn -0.96912 -0.02232 0.24557
vn -0.90821 -0.04189 0.41640
vn -0.82042 -0.06654 0.56788
vn -0.91789 -0.03922 -0.39490
vn -0.81222 -0.07805 -0.57811
vn -0.85917 0.03751 -0.51032
vn -0.94849 -0.02176 -0.31607
vn -0.99309 -0.03138 0.11310
vn -0.99040 0.02084 0.13663
vn -0.86903 0.16151 0.46765
vn -0.92070 0.22193 0.32104
vn -0.77061 -0.03497 0.63635
vn -0.71232 0.03270 0.70109
vn -0.74960 -0.09386 0.65520
vn -0.67179 0.44734 0.59041
vn -0.58051 0.75450 0.30617
vn -0.64700 0.74358 0.16877
vn -0.52330 0.83526 0.16881
vn -0.90428 0.36257 0.22543
vn -0.98214 0.09257 -0.16378
vn -0.77542 0.50607 -0.37765
vn -0.73867 0.52331 -0.42487
vn -0.40206 0.88216 -0.24526
vn -0.41726 0.86450 -0.28024
vn -0.80623 0.34431 -0.48109
vn -0.36544 0.92625 -0.09231
vn -0.87125 0.49052 -0.01788
vn -0.80878 0.13872 -0.57152
vn -0.86804 -0.08911 -0.48843
vn -0.78946 -0.05860 -0.61099
vn -0.91154 -0.07437 -0.40443
vn -0.89747 -0.10168 -0.42919
vn -0.83705 0.00010 -0.54713
vn -0.90048 0.02448 -0.43421
vn -0.84280 0.02372 -0.53771
vn -0.85288 0.02104 -0.52169
vn -0.89822 -0.03103 -0.43844
vn -0.87647 -0.07528 -0.47554
vn -0.78076 -0.05630 -0.62229
vn -0.79297 -0.46204 -0.39714
vn -0.76758 -0.48662 -0.41716
vn -0.68336 -0.42392 -0.59440
vn -0.97782 0.00626 -0.20937
vn -0.95639 -0.01348 -0.29177
vn -0.93487 -0.04864 0.35165
vn -0.98187 -0.00748 0.18943
vn -0.999856 0.01682 -0.00204
vn -0.94081 0.03711 -0.33691
vn -0.84964 0.00570 0.52734
vn -0.79572 0.00082 0.60566
vn -0.77249 -0.09036 0.62857
vn -0.95173 -0.00458 0.30689
vn -0.97979 0.01988 0.19905
vn -0.99751 -0.01682 0.06845
vn -0.95911 -0.02803 -0.28164
vn -0.83777 -0.14730 0.52578
vn -0.91650 -0.39775 0.04263
vn -0.94287 -0.00275 0.33314
vn -0.999676 0.01670 0.01921
vn -0.99859 0.04978 -0.01869
vn -0.99857 -0.02601 0.04668
vn -0.92944 -0.03852 0.36695
vn -0.95140 0.00007 0.30796
vn -0.95287 0.02558 0.30230
vn -0.96347 0.05558 0.26200
vn -0.95899 -0.21384 0.18606
vn -0.95751 -0.28647 0.03327
vn -0.86169 -0.29005 0.41636
vn -0.63683 -0.68922 0.34558
vn -0.86980 -0.46494 -0.16516
vn -0.44690 -0.89375 -0.03873
vn -0.12296 -0.98910 0.08105
vn -0.54979 -0.81490 0.18347
vn -0.56006 -0.82560 0.06872
vn -0.81475 -0.01299 0.57967
vn -0.68460 -0.59891 0.41549
vn -0.78395 0.02926 0.62013
vn -0.80094 0.00688 0.59870
vn -0.77629 -0.06527 0.62699
vn -0.64313 -0.02003 0.76549
vn -0.58934 0.01707 0.80770
vn -0.62802 0.08026 0.77405
vn -0.67592 -0.13037 0.72535
vn -0.16644 -0.98013 0.10790
vn -0.43315 -0.64274 0.63187
vn -0.42997 -0.22052 0.87550
vn -0.54911 -0.04488 0.83454
vn -0.49338 0.05088 0.86832
vn -0.44666 0.04380 0.89363
vn -0.52146 -0.01479 0.85315
vn 0.02107 -0.99822 0.05576
vn 0.09731 -0.90609 0.41174
vn 0.11446 -0.47942 0.87009
vn 0.20209 -0.29230 0.93473
vn 0.21353 -0.72730 0.65226
vn 0.30335 -0.31961 0.89768
vn 0.24222 0.04421 0.96921
vn 0.11526 0.22177 0.96826
vn 0.10799 0.01862 0.99398
vn 0.07151 -0.10370 0.99204
vn -0.00049 0.19481 0.98084
vn 0.01900 0.05255 0.99844
vn 0.01161 0.28027 0.95985
vn 0.10217 0.29652 0.94955
vn 0.16631 0.31480 0.93448
vn 0.25766 0.29245 0.92091
vn 0.32457 0.14327 0.93495
vn 0.21742 -0.67490 0.70515
vn 0.27408 0.32703 0.90440
vn 0.12069 0.26640 0.95628
vn 0.02512 0.23799 0.97094
vn 0.19584 0.28838 0.93727
vn -0.07253 0.21147 0.97469
vn -0.07881 0.16039 0.98390
vn 0.02522 -0.02949 0.999247
vn -0.13748 0.00177 0.99050
vn -0.18554 0.08068 0.97932
vn -0.12566 0.17104 0.97722
vn 0.07807 0.32109 0.94383
vn 0.29226 0.23512 0.92699
vn 0.23509 0.24390 0.94088
vn 0.32288 0.24545 0.91406
vn 0.38093 0.29619 0.87588
vn 0.17667 -0.57506 0.79881
vn 0.39146 0.23825 0.88881
vn 0.26225 -0.08539 0.96122
vn 0.39108 0.18701 0.90116
vn 0.39951 0.22266 0.88928
vn 0.42294 0.11570 0.89874
vn -0.20498 0.40646 0.89038
vn -0.26585 0.00049 0.96401
vn -0.00843 0.10611 0.99432
vn -0.11088 0.45520 0.88346
vn -0.18879 0.65428 0.73231
vn -0.22494 0.74928 0.62288
vn -0.19362 0.66559 0.72077
vn 0.11398 0.44547 0.88801
vn 0.44379 0.24705 0.86140
vn 0.50786 0.18663 0.84098
vn 0.48873 0.00750 0.87240
vn 0.44993 0.19514 0.87148
vn 0.49942 0.09852 0.86074
vn 0.50348 0.10907 0.85710
vn 0.49671 0.13489 0.85737
vn 0.51477 0.06545 0.85483
vn 0.55069 0.11714 0.82645
vn 0.45335 0.57183 0.68373
vn 0.49296 0.62184 0.60853
vn 0.43051 0.57775 0.69345
vn 0.45261 0.42647 0.78311
vn 0.38948 0.45233 0.80231
vn 0.34659 0.62686 0.69780
vn 0.00953 0.91146 0.41127
vn -0.15161 0.96172 0.22828
vn -0.02067 0.97293 0.23018
vn -0.05359 0.92483 0.37658
vn -0.08945 0.98964 0.11233
vn 0.32139 0.87738 0.35624
vn 0.39973 0.61688 0.67799
vn 0.46857 0.78773 0.39991
vn 0.23356 0.82601 0.51299
vn 0.36730 0.73291 0.57265
vn 0.38190 0.78412 0.48919
vn 0.22798 0.91861 0.32278
vn 0.16268 0.96787 0.19176
vn 0.30446 0.75961 0.57471
vn 0.46152 0.35125 0.81463
vn 0.40684 0.72742 0.55258
vn 0.50664 -0.00031 0.86216
vn 0.47342 0.05986 0.87880
vn 0.47506 0.33168 0.81505
vn 0.07543 0.99270 0.09410
vn 0.20315 0.91035 0.36055
vn 0.00443 0.99999 0.00056
vn 0.15781 0.96220 0.22198
vn 0.17406 0.97639 0.12790
vn 0.37689 0.87829 0.29420
vn 0.12122 0.97412 0.19077
vn 0.27558 0.85624 0.43693
vn -0.00564 0.999927 -0.01066
vn 0.23127 0.96606 0.11506
vn 0.41765 0.86161 0.28844
vn 0.10928 0.99087 0.07890
vn 0.23792 0.94764 0.21301
vn 0.00400 0.999983 -0.00413
vn -0.00822 0.999909 -0.01068
vn -0.00683 0.999967 0.00431
vn 0.04417 0.89487 0.44414
vn 0.21471 0.54349 0.81149
vn 0.38528 0.11047 0.91617
vn 0.31836 0.49449 0.80878
vn 0.14822 0.96241 0.22760
vn 0 1 0.00011
vn 0.01333 0.95003 0.31189
vn 0.33670 0.67406 0.65748
vn 0.39857 0.16972 0.90130
vn 0.35522 0.18163 0.91697
vn 0.11929 0.40276 0.90750
vn -0.05381 0.62189 0.78126
vn -0.14534 0.86423 0.48165
vn -0.12853 0.46721 0.87475
vn -0.01139 0.15065 0.98852
vn 0.10515 0.06729 0.99218
vn 0.28039 0.02431 0.95958
vn 0.42545 0.03338 0.90437
vn 0.04960 -0.02923 0.99834
vn -0.16347 0.12313 0.97883
vn 0.41932 0.08596 0.90376
vn 0.28099 0.00750 0.95968
vn 0.36007 0.11021 0.92639
vn 0.18831 -0.00654 0.98209
vn 0.44579 0.13059 0.88556
vn 0.40940 0.17680 0.89506
vn 0.28869 0.04328 0.95644
vn 0.18145 -0.28373 0.94158
vn 0.32711 0.10407 0.93924
vn 0.03913 -0.70729 0.70584
vn 0.12622 -0.52454 0.84198
vn 0.08447 -0.51329 0.85405
vn -0.00049 1 -0.00028
vn 0.00010 1 0
vn 0.00009 1 0.00006
vn -0.00257 0.999996 -0.00103
vn 0.36249 0.92010 0.14839
vn 0.27361 0.94353 0.18675
vn 0.06489 0.99459 0.08108
vn 0.00151 0.95560 0.29467
vn 0.24132 0.90428 0.35220
vn -0.03082 0.94636 0.32165
vn -0.04735 0.87460 0.48253
vn 0.01349 0.99810 0.06009
vn 0.05740 0.99700 0.05197
vn -0.01691 0.97300 0.23018
vn 0.21315 0.87913 0.42625
vn 0.07899 0.90896 0.40933
vn 0.14978 0.65588 0.73986
vn 0.26885 0.50091 0.82268
vn 0.25807 0.05045 0.96481
vn 0.41942 0.26161 0.86928

# No. texture coordinates 1612:
vt 0.80594 0.78962
vt 0.79805 0.78411
vt 0.79472 0.79320
vt 0.81043 0.77876
vt 0.50753 0.81511
vt 0.50535 0.82788
vt 0.51588 0.82529
vt 0.51349 0.83296
vt 0.49867 0.83373
vt 0.50894 0.83908
vt 0.79260 0.77105
vt 0.78541 0.78598
vt 0.81155 0.76342
vt 0.81961 0.77149
vt 0.51802 0.81514
vt 0.51556 0.80751
vt 0.51925 0.83210
vt 0.52723 0.83265
vt 0.52799 0.82125
vt 0.52018 0.83866
vt 0.27888 0.13817
vt 0.28343 0.14780
vt 0.28592 0.13661
vt 0.29358 0.14425
vt 0.51793 0.84463
vt 0.29420 0.15458
vt 0.78597 0.79391
vt 0.30042 0.14820
vt 0.77738 0.77619
vt 0.77295 0.78580
vt 0.77778 0.79288
vt 0.77108 0.76214
vt 0.79477 0.75126
vt 0.81281 0.74951
vt 0.82348 0.75652
vt 0.82400 0.76554
vt 0.52648 0.80897
vt 0.51871 0.80074
vt 0.53782 0.82891
vt 0.54004 0.83872
vt 0.53182 0.84412
vt 0.52472 0.84573
vt 0.52343 0.85200
vt 0.27760 0.12873
vt 0.28600 0.12699
vt 0.29661 0.13320
vt 0.29940 0.14220
vt 0.30683 0.14279
vt 0.31498 0.13920
vt 0.30994 0.13055
vt 0.06872 0.62465
vt 0.07369 0.63166
vt 0.08000 0.62525
vt 0.76572 0.77759
vt 0.76334 0.78796
vt 0.06598 0.63404
vt 0.80851 0.73099
vt 0.82389 0.74549
vt 0.76807 0.73157
vt 0.74447 0.75904
vt 0.75605 0.77087
vt 0.75428 0.78191
vt 0.05300 0.60834
vt 0.04982 0.61877
vt 0.05856 0.61449
vt 0.32582 0.13339
vt 0.31905 0.13440
vt 0.32296 0.14080
vt 0.31993 0.12610
vt 0.33056 0.12640
vt 0.06124 0.62250
vt 0.74712 0.77388
vt 0.74427 0.78333
vt 0.90826 0.17481
vt 0.91356 0.18406
vt 0.91825 0.17353
vt 0.73544 0.73417
vt 0.72234 0.75160
vt 0.73847 0.77465
vt 0.73380 0.78626
vt 0.89730 0.17483
vt 0.90422 0.18227
vt 0.72416 0.77182
vt 0.70665 0.73040
vt 0.73810 0.69692
vt 0.78998 0.71199
vt 0.77155 0.70129
vt 0.70328 0.76194
vt 0.69510 0.68975
vt 0.66762 0.71945
vt 0.67810 0.75487
vt 0.66109 0.68674
vt 0.65001 0.70498
vt 0.63597 0.72180
vt 0.64591 0.75238
vt 0.63400 0.69450
vt 0.67624 0.65054
vt 0.60377 0.71692
vt 0.60982 0.67842
vt 0.64029 0.66308
vt 0.64747 0.62621
vt 0.58365 0.68976
vt 0.58847 0.66331
vt 0.60829 0.64372
vt 0.56428 0.66666
vt 0.56201 0.68931
vt 0.57408 0.64266
vt 0.60909 0.61523
vt 0.55140 0.64666
vt 0.53989 0.66092
vt 0.54817 0.67858
vt 0.55482 0.63164
vt 0.53913 0.63337
vt 0.53631 0.64529
vt 0.56744 0.62628
vt 0.58528 0.62436
vt 0.59827 0.60265
vt 0.58666 0.60874
vt 0.56868 0.61349
vt 0.55524 0.61988
vt 0.54412 0.62401
vt 0.89346 0.72588
vt 0.89167 0.71818
vt 0.88688 0.72428
vt 0.52967 0.62930
vt 0.52775 0.63744
vt 0.88099 0.71902
vt 0.53227 0.66776
vt 0.53600 0.67463
vt 0.52552 0.66364
vt 0.52723 0.67293
vt 0.52358 0.64985
vt 0.89836 0.73455
vt 0.90129 0.72418
vt 0.07681 0.21269
vt 0.07251 0.22466
vt 0.08284 0.22478
vt 0.90766 0.73129
vt 0.88811 0.73511
vt 0.87980 0.72795
vt 0.87340 0.72101
vt 0.54592 0.61616
vt 0.55353 0.60987
vt 0.56267 0.60528
vt 0.57276 0.60209
vt 0.58678 0.59777
vt 0.41963 0.82109
vt 0.41877 0.82993
vt 0.42742 0.82525
vt 0.43201 0.83614
vt 0.41362 0.82137
vt 0.40927 0.82522
vt 0.40698 0.81719
vt 0.39963 0.82170
vt 0.86993 0.73069
vt 0.86388 0.71887
vt 0.86137 0.72645
vt 0.85589 0.72140
vt 0.87864 0.73980
vt 0.88545 0.74543
vt 0.89360 0.74935
vt 0.90597 0.74379
vt 0.91649 0.73759
vt 0.09151 0.21759
vt 0.08979 0.20557
vt 0.07848 0.19900
vt 0.08890 0.19442
vt 0.08046 0.19006
vt 0.71992 0.45408
vt 0.72097 0.44401
vt 0.70963 0.44989
vt 0.71355 0.43845
vt 0.70236 0.44131
vt 0.91505 0.75148
vt 0.73053 0.44464
vt 0.90457 0.75891
vt 0.88607 0.75186
vt 0.87979 0.75154
vt 0.86771 0.74847
vt 0.86062 0.73574
vt 0.85560 0.72836
vt 0.84823 0.72496
vt 0.41430 0.81309
vt 0.69947 0.16293
vt 0.70054 0.15293
vt 0.69385 0.15851
vt 0.69012 0.16641
vt 0.70983 0.15855
vt 0.71106 0.14967
vt 0.85229 0.73516
vt 0.85607 0.74469
vt 0.88525 0.76036
vt 0.72776 0.43789
vt 0.72245 0.43545
vt 0.71881 0.42645
vt 0.70684 0.43086
vt 0.69848 0.43369
vt 0.60120 0.06530
vt 0.59881 0.05728
vt 0.59267 0.06481
vt 0.70923 0.41792
vt 0.69984 0.42564
vt 0.73061 0.42887
vt 0.73370 0.43606
vt 0.91339 0.76180
vt 0.73874 0.43799
vt 0.89423 0.76424
vt 0.88849 0.76951
vt 0.88042 0.77284
vt 0.87485 0.76207
vt 0.84888 0.74216
vt 0.85004 0.74956
vt 0.85640 0.75568
vt 0.86379 0.76675
vt 0.87191 0.77070
vt 0.88926 0.77608
vt 0.37327 0.49747
vt 0.37590 0.48939
vt 0.37062 0.48830
vt 0.38212 0.49306
vt 0.38190 0.50147
vt 0.37673 0.50557
vt 0.89373 0.77253
vt 0.90079 0.77129
vt 0.90982 0.77033
vt 0.91664 0.57784
vt 0.91268 0.58679
vt 0.92198 0.58523
vt 0.74084 0.43014
vt 0.72862 0.41789
vt 0.72030 0.41556
vt 0.74056 0.41795
vt 0.73428 0.40984
vt 0.72691 0.40841
vt 0.90484 0.57768
vt 0.75029 0.42333
vt 0.90480 0.77797
vt 0.91116 0.57034
vt 0.36033 0.48220
vt 0.36694 0.48128
vt 0.36259 0.47491
vt 0.36472 0.48738
vt 0.37459 0.48221
vt 0.38075 0.48556
vt 0.39114 0.49796
vt 0.38925 0.48605
vt 0.38593 0.50812
vt 0.37995 0.50754
vt 0.86798 0.77347
vt 0.37859 0.51454
vt 0.38927 0.51765
vt 0.39825 0.50901
vt 0.40110 0.49834
vt 0.39644 0.49149
vt 0.38148 0.47765
vt 0.39657 0.48131
vt 0.38967 0.47488
vt 0.37167 0.47210
vt 0.36229 0.46532
vt 0.37481 0.45842
vt 0.75842 0.08701
vt 0.76972 0.09865
vt 0.77281 0.08572
vt 0.75721 0.09787
vt 0.74097 0.40607
vt 0.73408 0.40158
vt 0.72582 0.39893
vt 0.71817 0.40727
vt 0.73314 0.39295
vt 0.74738 0.09376
vt 0.74259 0.10311
vt 0.75240 0.10378
vt 0.38223 0.46789
vt 0.38494 0.46028
vt 0.38561 0.45250
vt 0.39080 0.46593
vt 0.39807 0.47232
vt 0.40687 0.48045
vt 0.40125 0.48763
vt 0.39557 0.48654
vt 0.40222 0.49272
vt 0.40927 0.50538
vt 0.41039 0.49324
vt 0.40742 0.46861
vt 0.41660 0.47481
vt 0.39924 0.46255
vt 0.39153 0.45852
vt 0.39849 0.45202
vt 0.73813 0.09755
vt 0.39342 0.44626
vt 0.73652 0.10141
vt 0.73584 0.10477
vt 0.72507 0.39104
vt 0.73068 0.38673
vt 0.71727 0.39818
vt 0.72552 0.38155
vt 0.71673 0.38848
vt 0.72970 0.10039
vt 0.73073 0.10981
vt 0.40102 0.44169
vt 0.40916 0.45767
vt 0.41840 0.46506
vt 0.41837 0.48454
vt 0.42509 0.47855
vt 0.42522 0.47171
vt 0.42001 0.50235
vt 0.42422 0.49342
vt 0.42830 0.48494
vt 0.43687 0.47669
vt 0.42898 0.46432
vt 0.42240 0.45417
vt 0.41129 0.44627
vt 0.41154 0.43712
vt 0.71818 0.10125
vt 0.72284 0.10699
vt 0.72269 0.11366
vt 0.72382 0.37244
vt 0.71736 0.37828
vt 0.70687 0.39741
vt 0.70832 0.38464
vt 0.71067 0.40637
vt 0.69752 0.39179
vt 0.70991 0.37551
vt 0.70031 0.37921
vt 0.71684 0.36685
vt 0.71265 0.11088
vt 0.71820 0.12211
vt 0.42500 0.43875
vt 0.41464 0.42723
vt 0.44286 0.45476
vt 0.45981 0.47935
vt 0.43581 0.49107
vt 0.44673 0.48924
vt 0.47104 0.45735
vt 0.70673 0.12100
vt 0.42997 0.42130
vt 0.41822 0.41719
vt 0.70541 0.36781
vt 0.70978 0.35753
vt 0.71827 0.35564
vt 0.69244 0.37003
vt 0.70055 0.35984
vt 0.64444 0.06080
vt 0.64841 0.07006
vt 0.65446 0.06138
vt 0.70248 0.34987
vt 0.71100 0.34870
vt 0.42491 0.41173
vt 0.44341 0.43114
vt 0.43517 0.40861
vt 0.44304 0.41728
vt 0.46248 0.43722
vt 0.48271 0.47615
vt 0.48206 0.44081
vt 0.45788 0.41760
vt 0.44762 0.40706
vt 0.23262 0.30528
vt 0.24142 0.29928
vt 0.23369 0.29850
vt 0.70589 0.34412
vt 0.70014 0.34017
vt 0.23368 0.29129
vt 0.44057 0.40121
vt 0.24331 0.28835
vt 0.44811 0.39934
vt 0.45739 0.39978
vt 0.47336 0.40375
vt 0.47853 0.42227
vt 0.49501 0.45772
vt 0.50248 0.43069
vt 0.49268 0.40521
vt 0.44997 0.39479
vt 0.24993 0.28442
vt 0.24479 0.28143
vt 0.24984 0.27850
vt 0.23625 0.28097
vt 0.24349 0.27443
vt 0.45458 0.38894
vt 0.25193 0.27049
vt 0.46736 0.38902
vt 0.52287 0.45764
vt 0.53168 0.43202
vt 0.51774 0.40226
vt 0.48340 0.38698
vt 0.26402 0.26634
vt 0.25391 0.25852
vt 0.26449 0.25475
vt 0.27707 0.25527
vt 0.26755 0.24529
vt 0.27520 0.24339
vt 0.28097 0.24360
vt 0.50044 0.38712
vt 0.29160 0.24545
vt 0.54203 0.40982
vt 0.51238 0.38242
vt 0.28424 0.23615
vt 0.29159 0.23426
vt 0.30039 0.23451
vt 0.27561 0.23653
vt 0.15984 0.62439
vt 0.16008 0.61653
vt 0.15052 0.62049
vt 0.15389 0.61230
vt 0.28650 0.22857
vt 0.29366 0.22630
vt 0.30149 0.22462
vt 0.52388 0.38170
vt 0.31010 0.22759
vt 0.53714 0.38974
vt 0.54992 0.39659
vt 0.55394 0.42969
vt 0.55478 0.45777
vt 0.56439 0.40917
vt 0.11052 0.59388
vt 0.10115 0.59043
vt 0.09713 0.60022
vt 0.10657 0.58625
vt 0.55842 0.39318
vt 0.11333 0.58497
vt 0.09645 0.59252
vt 0.53329 0.37616
vt 0.09190 0.59209
vt 0.08430 0.59592
vt 0.30551 0.21666
vt 0.31617 0.21654
vt 0.29523 0.21682
vt 0.28556 0.21889
vt 0.14651 0.60011
vt 0.13953 0.60391
vt 0.14395 0.61123
vt 0.13462 0.59668
vt 0.29790 0.20684
vt 0.30964 0.20724
vt 0.08607 0.58365
vt 0.07594 0.58817
vt 0.09523 0.58613
vt 0.10091 0.58078
vt 0.10657 0.57885
vt 0.16090 0.87262
vt 0.15938 0.86527
vt 0.15397 0.86903
vt 0.56797 0.39217
vt 0.16645 0.86455
vt 0.57731 0.43957
vt 0.58750 0.41461
vt 0.57891 0.39791
vt 0.16040 0.85759
vt 0.16963 0.85418
vt 0.57565 0.38589
vt 0.15185 0.86077
vt 0.14832 0.87299
vt 0.14432 0.86491
vt 0.20904 0.12516
vt 0.20137 0.11853
vt 0.20295 0.13107
vt 0.20937 0.11136
vt 0.13531 0.86860
vt 0.19392 0.12927
vt 0.18563 0.12096
vt 0.18357 0.13181
vt 0.19321 0.11764
vt 0.13770 0.58527
vt 0.12745 0.58936
vt 0.12345 0.59662
vt 0.18799 0.10910
vt 0.18134 0.11371
vt 0.19627 0.10946
vt 0.20263 0.10398
vt 0.13321 0.85906
vt 0.14217 0.85619
vt 0.14952 0.84935
vt 0.16212 0.84900
vt 0.58428 0.38911
vt 0.04281 0.68508
vt 0.05135 0.69411
vt 0.05468 0.68542
vt 0.16771 0.84212
vt 0.59132 0.39733
vt 0.59767 0.40611
vt 0.59820 0.43582
vt 0.60600 0.41780
vt 0.59922 0.39825
vt 0.60475 0.40295
vt 0.06235 0.67838
vt 0.04991 0.67690
vt 0.05614 0.67090
vt 0.06243 0.66968
vt 0.15656 0.84027
vt 0.16096 0.83586
vt 0.89058 0.23269
vt 0.89055 0.24121
vt 0.89776 0.23193
vt 0.90100 0.24437
vt 0.13116 0.84624
vt 0.14254 0.83402
vt 0.19351 0.09509
vt 0.88478 0.23134
vt 0.89051 0.22447
vt 0.88287 0.21596
vt 0.89003 0.21723
vt 0.90860 0.23744
vt 0.89647 0.21715
vt 0.90442 0.22986
vt 0.90233 0.22323
vt 0.04532 0.66624
vt 0.05618 0.66413
vt 0.97372 0.75820
vt 0.96708 0.75500
vt 0.96863 0.76484
vt 0.96066 0.76360
vt 0.91525 0.24153
vt 0.91597 0.23131
vt 0.92278 0.23869
vt 0.90798 0.22610
vt 0.90122 0.21757
vt 0.90487 0.21496
vt 0.12331 0.86238
vt 0.12267 0.85421
vt 0.20952 0.09772
vt 0.20301 0.09177
vt 0.20935 0.08408
vt 0.11172 0.85519
vt 0.11658 0.84647
vt 0.89014 0.21100
vt 0.90078 0.21492
vt 0.91312 0.21850
vt 0.91036 0.20652
vt 0.92213 0.23102
vt 0.92151 0.22335
vt 0.30843 0.09244
vt 0.31491 0.10391
vt 0.31744 0.09440
vt 0.32444 0.10470
vt 0.90015 0.21029
vt 0.89517 0.20461
vt 0.88609 0.20168
vt 0.12643 0.83154
vt 0.13271 0.82219
vt 0.11801 0.83823
vt 0.11185 0.84111
vt 0.10533 0.84509
vt 0.19874 0.08070
vt 0.20514 0.07303
vt 0.10069 0.85162
vt 0.19852 0.06900
vt 0.19066 0.07145
vt 0.18992 0.08206
vt 0.25853 0.96285
vt 0.25400 0.95461
vt 0.25139 0.96258
vt 0.07555 0.29370
vt 0.06964 0.29942
vt 0.07547 0.30300
vt 0.24562 0.95335
vt 0.10730 0.83498
vt 0.24225 0.96429
vt 0.25917 0.03187
vt 0.25145 0.02368
vt 0.24592 0.03231
vt 0.11576 0.82975
vt 0.11943 0.82043
vt 0.89379 0.18923
vt 0.87888 0.19015
vt 0.89972 0.20483
vt 0.90343 0.20504
vt 0.90585 0.19444
vt 0.32283 0.11531
vt 0.91674 0.19702
vt 0.90000 0.19970
vt 0.88382 0.17728
vt 0.87292 0.18239
vt 0.10890 0.82455
vt 0.24087 0.04151
vt 0.25285 0.04340
vt 0.68864 0.76769
vt 0.69596 0.77668
vt 0.68679 0.77562
vt 0.70858 0.78076
vt 0.68138 0.76921
vt 0.67963 0.77743
vt 0.67400 0.77013
vt 0.67010 0.78107
vt 0.06635 0.28891
vt 0.06133 0.30092
vt 0.66192 0.76868
vt 0.65867 0.78069
vt 0.66244 0.79122
vt 0.05350 0.29216
vt 0.64845 0.77408
vt 0.65073 0.78755
vt 0.94661 0.82126
vt 0.94410 0.80913
vt 0.93774 0.81716
vt 0.05376 0.30298
vt 0.93601 0.82562
vt 0.94125 0.83087
vt 0.18386 0.07675
vt 0.17750 0.07845
vt 0.18320 0.08713
vt 0.09510 0.61781
vt 0.10183 0.62183
vt 0.10260 0.61447
vt 0.09419 0.62638
vt 0.09955 0.60860
vt 0.10107 0.63150
vt 0.09178 0.63566
vt 0.63983 0.78294
vt 0.10161 0.64322
vt 0.63615 0.77145
vt 0.61788 0.74575
vt 0.62601 0.76404
vt 0.74343 0.03882
vt 0.75397 0.04506
vt 0.75156 0.03314
vt 0.74594 0.03076
vt 0.73961 0.02672
vt 0.10628 0.64934
vt 0.11276 0.64408
vt 0.10932 0.63494
vt 0.11038 0.62499
vt 0.10932 0.61595
vt 0.10810 0.60923
vt 0.10947 0.60246
vt 0.18409 0.09876
vt 0.11478 0.61001
vt 0.11423 0.60507
vt 0.12006 0.61574
vt 0.12146 0.63056
vt 0.10996 0.65434
vt 0.11926 0.65146
vt 0.12296 0.64250
vt 0.11507 0.66092
vt 0.76043 0.03388
vt 0.61194 0.76533
vt 0.76777 0.04440
vt 0.60038 0.74279
vt 0.60224 0.75665
vt 0.60016 0.76918
vt 0.77947 0.04016
vt 0.77170 0.02969
vt 0.91412 0.62077
vt 0.91957 0.62941
vt 0.92513 0.61915
vt 0.90925 0.62723
vt 0.90460 0.61745
vt 0.12968 0.64858
vt 0.13310 0.63669
vt 0.13357 0.62707
vt 0.12236 0.60418
vt 0.13184 0.61890
vt 0.13225 0.60812
vt 0.14053 0.64333
vt 0.89792 0.60730
vt 0.90532 0.61063
vt 0.91008 0.61448
vt 0.91610 0.61394
vt 0.92993 0.61078
vt 0.91976 0.60684
vt 0.78149 0.03100
vt 0.59334 0.76230
vt 0.62106 0.34330
vt 0.62798 0.34999
vt 0.62908 0.34189
vt 0.62660 0.33508
vt 0.59186 0.75280
vt 0.58790 0.74030
vt 0.58408 0.72640
vt 0.57566 0.73765
vt 0.63124 0.07469
vt 0.63833 0.06535
vt 0.62782 0.06117
vt 0.62153 0.06571
vt 0.61814 0.07320
vt 0.61456 0.06478
vt 0.60870 0.06953
vt 0.63420 0.35352
vt 0.63604 0.34502
vt 0.63590 0.33537
vt 0.63208 0.32603
vt 0.64644 0.32483
vt 0.64127 0.31699
vt 0.91081 0.60840
vt 0.90905 0.59938
vt 0.90428 0.60444
vt 0.14371 0.63560
vt 0.14187 0.62844
vt 0.13999 0.62087
vt 0.89896 0.59703
vt 0.64662 0.33755
vt 0.64393 0.35103
vt 0.63709 0.35984
vt 0.64392 0.36324
vt 0.65286 0.36757
vt 0.65454 0.35553
vt 0.64471 0.37543
vt 0.65696 0.34191
vt 0.65295 0.31283
vt 0.90364 0.58825
vt 0.89014 0.59820
vt 0.88892 0.60635
vt 0.88206 0.59986
vt 0.15130 0.62996
vt 0.88350 0.59261
vt 0.89069 0.58656
vt 0.65573 0.32008
vt 0.65836 0.32806
vt 0.66685 0.34803
vt 0.66388 0.36122
vt 0.67771 0.35459
vt 0.66977 0.33351
vt 0.66464 0.31497
vt 0.65998 0.30695
vt 0.89788 0.58108
vt 0.89159 0.57493
vt 0.25629 0.24674
vt 0.25947 0.23691
vt 0.26964 0.23791
vt 0.88010 0.58613
vt 0.87554 0.59196
vt 0.87427 0.58381
vt 0.67724 0.30910
vt 0.66742 0.30219
vt 0.66751 0.32445
vt 0.67713 0.32140
vt 0.67166 0.36856
vt 0.66080 0.37314
vt 0.66812 0.38130
vt 0.67898 0.37734
vt 0.68256 0.36477
vt 0.67917 0.34133
vt 0.68104 0.33115
vt 0.68766 0.32539
vt 0.24213 0.26285
vt 0.69056 0.33526
vt 0.68799 0.34576
vt 0.69148 0.35553
vt 0.67397 0.38207
vt 0.65836 0.38222
vt 0.66101 0.38798
vt 0.65250 0.37781
vt 0.95490 0.29699
vt 0.95058 0.30885
vt 0.95979 0.30239
vt 0.94564 0.29484
vt 0.96114 0.30879
vt 0.66702 0.39033
vt 0.96015 0.31751
vt 0.66172 0.39635
vt 0.67483 0.38745
vt 0.69521 0.34634
vt 0.69350 0.34161
vt 0.68756 0.38605
vt 0.67946 0.39536
vt 0.67052 0.39782
vt 0.88489 0.87722
vt 0.89207 0.88437
vt 0.89614 0.87238
vt 0.56959 0.70569
vt 0.55568 0.70384
vt 0.56006 0.71566
vt 0.57021 0.72384
vt 0.58289 0.71284
vt 0.88621 0.86689
vt 0.89596 0.85951
vt 0.54851 0.69329
vt 0.67768 0.40513
vt 0.68687 0.39917
vt 0.69528 0.40424
vt 0.68581 0.41074
vt 0.67753 0.41567
vt 0.53836 0.68686
vt 0.68610 0.42303
vt 0.53000 0.68097
vt 0.69230 0.43038
vt 0.69392 0.42240
vt 0.69375 0.41486
vt 0.70232 0.41024
vt 0.69984 0.41847
vt 0.60730 0.06092
vt 0.11709 0.60021
vt 0.18174 0.10641
vt 0.72061 0.78996
vt 0.70932 0.79216
vt 0.30982 0.11500
vt 0.29996 0.12092
vt 0.29474 0.10586
vt 0.30410 0.10074
vt 0.29718 0.09744
vt 0.28927 0.11777
vt 0.29876 0.08890
vt 0.29178 0.09464
vt 0.30477 0.08571
vt 0.30144 0.07850
vt 0.29197 0.07883
vt 0.28901 0.08576
vt 0.28394 0.09196
vt 0.28802 0.09864
vt 0.28133 0.10313
vt 0.27916 0.11732
vt 0.53035 0.85077
vt 0.27027 0.11935
vt 0.53368 0.85799
vt 0.27047 0.10854
vt 0.27394 0.09050
vt 0.26967 0.09814
vt 0.13011 0.43968
vt 0.11687 0.43730
vt 0.12649 0.44661
vt 0.11695 0.44911
vt 0.12756 0.43053
vt 0.32724 0.94815
vt 0.31149 0.94845
vt 0.31744 0.95584
vt 0.30614 0.95646
vt 0.62020 0.41637
vt 0.62947 0.40707
vt 0.61781 0.40209
vt 0.95957 0.75227
vt 0.61194 0.40668
vt 0.62220 0.44521
vt 0.63213 0.42531
vt 0.64235 0.41715
vt 0.63773 0.40339
vt 0.64877 0.40775
vt 0.13126 0.11151
vt 0.12017 0.11527
vt 0.13014 0.12096
vt 0.12232 0.12625
vt 0.26089 0.10180
vt 0.26182 0.11280
vt 0.54337 0.86157
vt 0.53841 0.85283
vt 0.54254 0.84742
vt 0.54727 0.85460
vt 0.25277 0.10752
vt 0.55409 0.86225
vt 0.11278 0.12185
vt 0.11299 0.13172
vt 0.65418 0.42118
vt 0.65737 0.41105
vt 0.64898 0.44152
vt 0.66471 0.41838
vt 0.10308 0.12456
vt 0.77473 0.92887
vt 0.78271 0.93823
vt 0.78667 0.92475
vt 0.55644 0.85121
vt 0.54884 0.84962
vt 0.54886 0.84420
vt 0.54977 0.83439
vt 0.55451 0.84241
vt 0.79317 0.93541
vt 0.56268 0.83981
vt 0.56816 0.84881
vt 0.66407 0.43181
vt 0.66375 0.20362
vt 0.65331 0.20853
vt 0.65970 0.21716
vt 0.66925 0.44820
vt 0.66203 0.18674
vt 0.65333 0.19769
vt 0.57581 0.84051
vt 0.55897 0.82620
vt 0.57218 0.82983
vt 0.54272 0.81802
vt 0.56770 0.81884
vt 0.55655 0.81403
vt 0.64244 0.19131
vt 0.65126 0.18682
vt 0.64494 0.17849
vt 0.57895 0.81959
vt 0.60211 0.46196
vt 0.66459 0.46464
vt 0.67458 0.46189
vt 0.65888 0.17260
vt 0.65398 0.17963
vt 0.65105 0.17284
vt 0.65265 0.16591
vt 0.58240 0.46906
vt 0.65056 0.47750
vt 0.62626 0.48329
vt 0.60313 0.49718
vt 0.57163 0.48872
vt 0.54348 0.48815
vt 0.56267 0.50223
vt 0.66917 0.48239
vt 0.66660 0.49345
vt 0.58044 0.51277
vt 0.60534 0.52713
vt 0.55588 0.51915
vt 0.52698 0.50993
vt 0.62040 0.51967
vt 0.63020 0.50964
vt 0.64670 0.50396
vt 0.66126 0.50257
vt 0.64362 0.51626
vt 0.65238 0.51965
vt 0.65843 0.51401
vt 0.63121 0.52246
vt 0.63922 0.52312
vt 0.62010 0.53065
vt 0.62891 0.52978
vt 0.58368 0.54189
vt 0.55360 0.54922
vt 0.53571 0.53089
vt 0.51452 0.52892
vt 0.61686 0.53812
vt 0.62629 0.53841
vt 0.83197 0.45118
vt 0.84294 0.45469
vt 0.84195 0.44585
vt 0.83598 0.45879
vt 0.63549 0.52946
vt 0.64721 0.52554
vt 0.83662 0.46610
vt 0.82636 0.45966
vt 0.82842 0.46849
vt 0.83173 0.44098
vt 0.33041 0.10054
vt 0.33896 0.08960
vt 0.32659 0.09045
vt 0.75980 0.85970
vt 0.75878 0.86986
vt 0.76759 0.86537
vt 0.77019 0.87453
vt 0.62239 0.54726
vt 0.84326 0.43592
vt 0.60875 0.54747
vt 0.52639 0.54875
vt 0.61263 0.55596
vt 0.61740 0.55424
vt 0.83295 0.42688
vt 0.84466 0.42722
vt 0.33671 0.11277
vt 0.34207 0.10162
vt 0.83214 0.80087
vt 0.83205 0.79265
vt 0.82393 0.78961
vt 0.82119 0.79979
vt 0.84198 0.42064
vt 0.83401 0.78808
vt 0.34601 0.10875
vt 0.84817 0.42309
vt 0.60816 0.56167
vt 0.85053 0.41564
vt 0.59755 0.55496
vt 0.58801 0.55860
vt 0.57423 0.56226
vt 0.55713 0.57235
vt 0.53655 0.56813
vt 0.51125 0.56955
vt 0.54398 0.58337
vt 0.55415 0.58456
vt 0.55920 0.58070
vt 0.56366 0.57949
vt 0.56905 0.57423
vt 0.57843 0.57469
vt 0.58642 0.56824
vt 0.59678 0.56574
vt 0.60427 0.57132
vt 0.85095 0.40512
vt 0.84133 0.40728
vt 0.84132 0.41490
vt 0.88970 0.42243
vt 0.89358 0.41180
vt 0.88831 0.41236
vt 0.88102 0.41288
vt 0.87945 0.42308
vt 0.87246 0.41900
vt 0.86915 0.40951
vt 0.84572 0.39583
vt 0.59788 0.57467
vt 0.85527 0.39870
vt 0.59212 0.57323
vt 0.58623 0.57611
vt 0.39999 0.15573
vt 0.38806 0.15414
vt 0.39390 0.16314
vt 0.39661 0.14739
vt 0.40177 0.16356
vt 0.38974 0.14391
vt 0.38252 0.14469
vt 0.38693 0.13987
vt 0.38147 0.13629
vt 0.37888 0.12434
vt 0.37175 0.13247
vt 0.37384 0.14183
vt 0.52556 0.58928
vt 0.53985 0.59595
vt 0.36635 0.12167
vt 0.50500 0.58976
vt 0.36242 0.13117
vt 0.36433 0.13978
vt 0.83818 0.24030
vt 0.83171 0.24679
vt 0.84220 0.24738
vt 0.83575 0.25868
vt 0.84807 0.25411
vt 0.85014 0.26468
vt 0.84001 0.26969
vt 0.84629 0.27369
vt 0.85436 0.27462
vt 0.84909 0.28001
vt 0.85867 0.28337
vt 0.39857 0.17163
vt 0.59110 0.58143
vt 0.85576 0.38952
vt 0.85930 0.41746
vt 0.86678 0.41762
vt 0.84825 0.28955
vt 0.86024 0.29445
vt 0.83850 0.28086
vt 0.82908 0.27204
vt 0.82280 0.25273
vt 0.82074 0.26338
vt 0.82842 0.24030
vt 0.82282 0.24542
vt 0.35331 0.13614
vt 0.83126 0.23163
vt 0.35553 0.12465
vt 0.53233 0.60207
vt 0.35821 0.11443
vt 0.51244 0.60091
vt 0.52323 0.60586
vt 0.53062 0.61334
vt 0.34730 0.11669
vt 0.34403 0.12803
vt 0.83050 0.21929
vt 0.81904 0.22670
vt 0.81673 0.23800
vt 0.81288 0.24892
vt 0.82288 0.28506
vt 0.81373 0.27450
vt 0.81162 0.25783
vt 0.81004 0.26598
vt 0.80622 0.23406
vt 0.80879 0.23814
vt 0.81853 0.21533
vt 0.80708 0.22150
vt 0.82783 0.21028
vt 0.83749 0.21115
vt 0.82983 0.20069
vt 0.51870 0.61848
vt 0.51467 0.61074
vt 0.81883 0.19550
vt 0.82088 0.20114
vt 0.82857 0.19131
vt 0.50882 0.61695
vt 0.81972 0.20603
vt 0.80587 0.20927
vt 0.80440 0.24342
vt 0.80153 0.25487
vt 0.80339 0.26276
vt 0.79506 0.22739
vt 0.79653 0.21786
vt 0.81461 0.20255
vt 0.80656 0.19878
vt 0.79668 0.20324
vt 0.79212 0.24012
vt 0.79424 0.24945
vt 0.79364 0.26472
vt 0.79093 0.25686
vt 0.80211 0.27061
vt 0.80947 0.28499
vt 0.80000 0.28015
vt 0.79269 0.27424
vt 0.09831 0.19815
vt 0.09760 0.20740
vt 0.10690 0.20447
vt 0.11062 0.19240
vt 0.09956 0.18937
vt 0.78322 0.25051
vt 0.10234 0.21575
vt 0.78378 0.23114
vt 0.78037 0.24033
vt 0.78668 0.22140
vt 0.78918 0.21123
vt 0.68392 0.29890
vt 0.67779 0.28685
vt 0.67358 0.29633
vt 0.69284 0.29165
vt 0.68721 0.28467
vt 0.68575 0.27771
vt 0.67259 0.27230
vt 0.66630 0.29030
vt 0.93507 0.77400
vt 0.94421 0.77820
vt 0.94150 0.76707
vt 0.77464 0.20727
vt 0.77908 0.21679
vt 0.93190 0.78730
vt 0.77748 0.22455
vt 0.77374 0.23280
vt 0.10287 0.22661
vt 0.11270 0.22309
vt 0.10939 0.23452
vt 0.11281 0.21253
vt 0.71738 0.58168
vt 0.72701 0.57521
vt 0.71920 0.57026
vt 0.73053 0.58703
vt 0.71688 0.59658
vt 0.72855 0.60568
vt 0.74341 0.59392
vt 0.10531 0.17982
vt 0.78829 0.28457
vt 0.79534 0.28845
vt 0.74316 0.61105
vt 0.75607 0.60218
vt 0.89429 0.90676
vt 0.89132 0.89244
vt 0.88454 0.90225
vt 0.70365 0.61979
vt 0.73220 0.62875
vt 0.70134 0.59036
vt 0.70704 0.57202
vt 0.71479 0.56053
vt 0.71075 0.54980
vt 0.70122 0.55793
vt 0.70063 0.54349
vt 0.76949 0.22183
vt 0.65270 0.28820
vt 0.66449 0.28185
vt 0.65453 0.27130
vt 0.94351 0.24605
vt 0.94684 0.22782
vt 0.93019 0.23546
vt 0.93378 0.22044
vt 0.66498 0.26288
vt 0.65683 0.25749
vt 0.95696 0.25107
vt 0.95879 0.23803
vt 0.68743 0.54990
vt 0.67280 0.55589
vt 0.68458 0.57199
vt 0.75536 0.62569
vt 0.67479 0.60199
vt 0.66077 0.57984
vt 0.66794 0.56708
vt 0.66284 0.54966
vt 0.66142 0.55958
vt 0.66657 0.25293
vt 0.08282 0.63625
vt 0.07241 0.64001
vt 0.07925 0.64629
vt 0.08874 0.64480
vt 0.65396 0.55570
vt 0.65182 0.56284
vt 0.65819 0.56805
vt 0.77376 0.62742
vt 0.76872 0.64621
vt 0.74620 0.65500
vt 0.71578 0.65662
vt 0.64870 0.57150
vt 0.64175 0.56410
vt 0.64424 0.58167
vt 0.64680 0.59653
vt 0.67384 0.62665
vt 0.63398 0.57375
vt 0.63087 0.58725
vt 0.66645 0.63459
vt 0.62649 0.60254
vt 0.62015 0.57956
vt 0.61516 0.59048
vt 0.77056 0.67459
vt 0.79207 0.69152
vt 0.81213 0.70518
vt 0.82879 0.70726
vt 0.82513 0.71832
vt 0.81364 0.68395
vt 0.79577 0.67266
vt 0.78730 0.65548
vt 0.80057 0.65960
vt 0.81092 0.66661
vt 0.82456 0.66995
vt 0.83137 0.68164
vt 0.82794 0.69538
vt 0.83677 0.71406
vt 0.82819 0.72964
vt 0.83515 0.72256
vt 0.82631 0.73737
vt 0.83494 0.73563
vt 0.83824 0.72929
vt 0.90702 0.34466
vt 0.91773 0.34802
vt 0.91619 0.33955
vt 0.91035 0.33452
vt 0.84121 0.70272
vt 0.91898 0.35954
vt 0.91056 0.35293
vt 0.84026 0.68994
vt 0.55351 0.89875
vt 0.56596 0.90331
vt 0.56126 0.89323
vt 0.55563 0.91214
vt 0.57127 0.89209
vt 0.05652 0.32416
vt 0.05659 0.33818
vt 0.06894 0.33190
vt 0.82675 0.85179
vt 0.81520 0.85073
vt 0.81602 0.86133
vt 0.82003 0.84153
vt 0.06107 0.31253
vt 0.06734 0.32034
vt 0.79736 0.65227
vt 0.06816 0.31339
vt 0.06686 0.30740
vt 0.81447 0.87735
vt 0.82093 0.87800
vt 0.82006 0.87136
vt 0.80980 0.86941
vt 0.80342 0.86246
vt 0.80372 0.85372
vt 0.80644 0.84321
vt 0.81055 0.83266
vt 0.82219 0.83277
vt 0.81856 0.82558
vt 0.82872 0.82649
vt 0.82108 0.81600
vt 0.90876 0.37047
vt 0.92166 0.37227
vt 0.90732 0.36042
vt 0.55085 0.76469
vt 0.56171 0.76201
vt 0.55397 0.75602
vt 0.56147 0.75284
vt 0.56167 0.77303
vt 0.54942 0.77635
vt 0.54132 0.76951
vt 0.53867 0.77639
vt 0.55075 0.78513
vt 0.56109 0.78583
vt 0.54422 0.78205
vt 0.57265 0.76853
vt 0.57042 0.75775
vt 0.81556 0.80754
vt 0.82558 0.80866
vt 0.81011 0.81270
vt 0.80751 0.82141
vt 0.80143 0.82844
vt 0.79715 0.83465
vt 0.79147 0.84504
vt 0.80523 0.87726
vt 0.79811 0.86964
vt 0.78872 0.85946
vt 0.79059 0.82309
vt 0.79834 0.81104
vt 0.80652 0.80757
vt 0.57798 0.76254
vt 0.57229 0.78050
vt 0.57299 0.79208
vt 0.58290 0.77691
vt 0.58092 0.78754
vt 0.58154 0.76802
vt 0.23368 0.96785
vt 0.23107 0.97539
vt 0.23938 0.97117
vt 0.79571 0.87774
vt 0.78508 0.87332
vt 0.78421 0.83434
vt 0.78136 0.84146
vt 0.22858 0.96812
vt 0.58618 0.77017
vt 0.58232 0.79856
vt 0.59293 0.78849
vt 0.59188 0.77371
vt 0.22191 0.96755
vt 0.78655 0.81174
vt 0.78906 0.80385
vt 0.77751 0.81480
vt 0.77144 0.83822
vt 0.77326 0.82500
vt 0.77826 0.84843
vt 0.77252 0.85798
vt 0.77672 0.86548
vt 0.76329 0.84888
vt 0.75917 0.83903
vt 0.76125 0.83005
vt 0.76042 0.81817
vt 0.76904 0.81636
vt 0.77798 0.80471
vt 0.60220 0.77802
vt 0.60628 0.79065
vt 0.59995 0.79904
vt 0.65905 0.15942
vt 0.66002 0.14749
vt 0.65278 0.14924
vt 0.65298 0.13880
vt 0.64766 0.15716
vt 0.59365 0.80369
vt 0.66421 0.13831
vt 0.65684 0.12765
vt 0.64714 0.12973
vt 0.76766 0.80912
vt 0.67360 0.50878
vt 0.95581 0.85028
vt 0.94656 0.83665
vt 0.94082 0.84716
vt 0.67697 0.49570
vt 0.66837 0.12552
vt 0.95718 0.83825
vt 0.95201 0.82894
vt 0.66034 0.52424
vt 0.65271 0.53182
vt 0.81637 0.46679
vt 0.67847 0.48653
vt 0.67722 0.47476
vt 0.58524 0.81034
vt 0.59209 0.81343
vt 0.57512 0.80764
vt 0.58751 0.81852
vt 0.57398 0.79950
vt 0.57192 0.81382
vt 0.56537 0.80980
vt 0.56550 0.79913
vt 0.55554 0.80336
vt 0.54740 0.80693
vt 0.55376 0.79319
vt 0.54372 0.79553
vt 0.54575 0.78794
vt 0.53641 0.80299
vt 0.53656 0.78388
vt 0.53089 0.79127
vt 0.82727 0.92824
vt 0.81951 0.91926
vt 0.81784 0.92735
vt 0.83209 0.92121
vt 0.82394 0.91042
vt 0.52620 0.79858
vt 0.83528 0.91064
vt 0.82860 0.90301
vt 0.83661 0.90154
vt 0.35071 0.09356
vt 0.35133 0.08083
vt 0.36107 0.08799
vt 0.35224 0.10303
vt 0.36134 0.09754
vt 0.36273 0.07964
vt 0.36912 0.09189
vt 0.37051 0.08375
vt 0.85250 0.78347
vt 0.86246 0.79139
vt 0.86187 0.78152
vt 0.84198 0.78509
vt 0.84889 0.79058
vt 0.83954 0.79271
vt 0.84942 0.79995
vt 0.86267 0.80177
vt 0.87158 0.78200
vt 0.37847 0.08901
vt 0.37909 0.07901
vt 0.37089 0.07464
vt 0.87686 0.79070
vt 0.88322 0.78190
vt 0.38853 0.08306
vt 0.87257 0.79924
vt 0.88781 0.43956
vt 0.87680 0.44635
vt 0.88349 0.45227
vt 0.87657 0.45841
vt 0.88429 0.46245
vt 0.87985 0.43283
vt 0.87261 0.42840
vt 0.87140 0.43854
vt 0.86982 0.44615
vt 0.86897 0.45373
vt 0.86844 0.46580
vt 0.87734 0.46929
vt 0.88040 0.80422
vt 0.88140 0.79774
vt 0.88801 0.79187
vt 0.38659 0.07357
vt 0.17542 0.06034
vt 0.18522 0.06612
vt 0.18442 0.05672
vt 0.17438 0.07134
vt 0.37910 0.07038
vt 0.38497 0.06752
vt 0.07304 0.31102
vt 0.19118 0.05984
vt 0.79438 0.63214
vt 0.78406 0.63852
vt 0.79537 0.64395
vt 0.78607 0.62625
vt 0.88802 0.80199
vt 0.35525 0.93771
vt 0.36748 0.94095
vt 0.36297 0.93070
vt 0.37343 0.93132
vt 0.85991 0.45876
vt 0.85790 0.47057
vt 0.35779 0.94950
vt 0.86215 0.44498
vt 0.86606 0.43338
vt 0.86600 0.42452
vt 0.85706 0.43168
vt 0.85208 0.44361
vt 0.85288 0.45366
vt 0.85205 0.46274
vt 0.76897 0.61193
vt 0.77907 0.60341
vt 0.76853 0.59802
vt 0.79710 0.30430
vt 0.80155 0.31490
vt 0.80545 0.30603
vt 0.78205 0.61568
vt 0.80028 0.29341
vt 0.80512 0.29921
vt 0.87808 0.89697
vt 0.87986 0.88569
vt 0.81357 0.30187
vt 0.82171 0.29583
vt 0.81153 0.29263
vt 0.83468 0.29446
vt 0.80593 0.28959
vt 0.80223 0.28731
vt 0.60965 0.60054
vt 0.59938 0.59217
vt 0.43760 0.82854
vt 0.44506 0.84055
vt 0.44859 0.82919
vt 0.60726 0.58244
vt 0.45752 0.83869
vt 0.46855 0.83549
vt 0.45936 0.82968
vt 0.46872 0.84600
vt 0.68577 0.18760
vt 0.69653 0.19183
vt 0.69636 0.18010
vt 0.68710 0.17672
vt 0.68547 0.19860
vt 0.69588 0.17126
vt 0.70606 0.18340
vt 0.70825 0.17100
vt 0.70641 0.19145
vt 0.70314 0.19936
vt 0.69361 0.20344
vt 0.68533 0.20836
vt 0.67674 0.20652
vt 0.67967 0.21928
vt 0.67014 0.21485
vt 0.47722 0.84156
vt 0.69143 0.21412
vt 0.71133 0.20535
vt 0.71189 0.19553
vt 0.70070 0.20921
vt 0.71477 0.18738
vt 0.71511 0.17928
vt 0.72144 0.16263
vt 0.72211 0.17349
vt 0.72436 0.18205
vt 0.72510 0.19486
vt 0.72219 0.20814
vt 0.71318 0.21754
vt 0.70614 0.21307
vt 0.70054 0.22031
vt 0.69030 0.22446
vt 0.66764 0.22420
vt 0.62328 0.57047
vt 0.63118 0.56455
vt 0.68393 0.23267
vt 0.67259 0.23171
vt 0.70817 0.22840
vt 0.72583 0.21877
vt 0.71910 0.22888
vt 0.72993 0.20386
vt 0.72928 0.17711
vt 0.73294 0.16988
vt 0.73797 0.18242
vt 0.73830 0.19329
vt 0.73698 0.19994
vt 0.73468 0.20487
vt 0.73060 0.21007
vt 0.72888 0.22737
vt 0.72697 0.23449
vt 0.72121 0.23799
vt 0.69725 0.23587
vt 0.71150 0.23892
vt 0.70397 0.24553
vt 0.72185 0.24723
vt 0.71147 0.24843
vt 0.72632 0.24069
vt 0.73313 0.23288
vt 0.73193 0.24044
vt 0.73423 0.22744
vt 0.73282 0.22266
vt 0.73559 0.21682
vt 0.73789 0.20904
vt 0.42930 0.54083
vt 0.43516 0.54163
vt 0.43507 0.53719
vt 0.44089 0.53965
vt 0.42500 0.53507
vt 0.42152 0.54011
vt 0.43072 0.53269
vt 0.41962 0.53371
vt 0.41024 0.53763
vt 0.42438 0.52839
vt 0.43925 0.53103
vt 0.74069 0.21430
vt 0.44640 0.53492
vt 0.44571 0.54098
vt 0.74223 0.21981
vt 0.45350 0.54864
vt 0.45169 0.54147
vt 0.44596 0.54646
vt 0.44923 0.55264
vt 0.45358 0.55423
vt 0.45726 0.55864
vt 0.45824 0.55233
vt 0.46493 0.55551
vt 0.46204 0.56514
vt 0.47063 0.56213
vt 0.46775 0.57117
vt 0.72838 0.24411
vt 0.73111 0.24856
vt 0.72825 0.25484
vt 0.71481 0.25460
vt 0.70488 0.25491
vt 0.72228 0.25788
vt 0.47148 0.57750
vt 0.47885 0.56947
vt 0.47888 0.58230
vt 0.47068 0.58561
vt 0.47962 0.54913
vt 0.46249 0.54392
vt 0.45621 0.53139
vt 0.44722 0.52479
vt 0.43300 0.52432
vt 0.44051 0.52451
vt 0.42273 0.51891
vt 0.43245 0.51650
vt 0.44115 0.51847
vt 0.45725 0.51538
vt 0.44827 0.51793
vt 0.47107 0.52817
vt 0.49210 0.56335
vt 0.49131 0.57977
vt 0.48418 0.58883
vt 0.47737 0.59040
vt 0.71294 0.26305
vt 0.72204 0.26619
vt 0.71715 0.27291
vt 0.48233 0.59630
vt 0.49178 0.59295
vt 0.50234 0.54721
vt 0.49958 0.60214
vt 0.48880 0.60181
vt 0.70790 0.27064
vt 0.70946 0.27844
vt 0.71823 0.28169
vt 0.49176 0.60935
vt 0.71181 0.28743
vt 0.49916 0.61100
vt 0.50647 0.60959
vt 0.50235 0.61467
vt 0.70495 0.29279
vt 0.71235 0.29463
vt 0.70811 0.29869
vt 0.70172 0.28440
vt 0.69782 0.27462
vt 0.70082 0.26450
vt 0.69256 0.28256
vt 0.70145 0.29893
vt 0.70626 0.30507
vt 0.69543 0.30424
vt 0.69449 0.25789
vt 0.68724 0.26566
vt 0.68561 0.25418
vt 0.67539 0.25948
vt 0.69521 0.24904
vt 0.68600 0.24355
vt 0.67640 0.24871
vt 0.66835 0.24229
vt 0.07016 0.65060
vt 0.67753 0.23979
vt 0.07670 0.65365
vt 0.64682 0.55883
vt 0.07233 0.65756
vt 0.07731 0.66134
vt 0.66601 0.23558
vt 0.66673 0.23107
vt 0.07135 0.66202
vt 0.06966 0.66866
vt 0.49172 0.52707
vt 0.50408 0.51022
vt 0.50806 0.48517
vt 0.47923 0.50163
vt 0.44712 0.51340
vt 0.44912 0.50733
vt 0.45659 0.49915
vt 0.44356 0.49974
vt 0.43909 0.50948
vt 0.42721 0.50969
vt 0.43192 0.50151
vt 0.41740 0.51084
vt 0.41020 0.51676
vt 0.41593 0.52673
vt 0.39942 0.52107
vt 0.40721 0.52659
vt 0.40051 0.53075
vt 0.39203 0.52766
vt 0.74354 0.17130
vt 0.74229 0.16223
vt 0.84704 0.75767
vt 0.84533 0.76724
vt 0.85315 0.76488
vt 0.83642 0.75901
vt 0.38420 0.52377
vt 0.84232 0.74659
vt 0.71765 0.15441

# No. faces 2208:

usemtl CavePlatform2_

f 3/3/2211 2/2/2210 1/1/2209
f 4/4/2212 1/1/2209 2/2/2210
f 5/7/2213 1/6/2209 4/5/2212
f 5/7/2213 6/8/2214 1/6/2209
f 1/6/2209 7/10/2215 3/9/2211
f 7/10/2215 1/6/2209 6/8/2214
f 9/12/2217 8/11/2216 2/2/2210
f 3/3/2211 9/12/2217 2/2/2210
f 2/2/2210 8/11/2216 4/4/2212
f 10/13/2218 4/4/2212 8/11/2216
f 11/14/2219 4/4/2212 10/13/2218
f 11/16/2219 12/15/2220 4/5/2212
f 5/7/2213 4/5/2212 12/15/2220
f 6/8/2214 5/7/2213 13/17/2221
f 5/7/2213 14/18/2222 13/17/2221
f 5/7/2213 15/19/2223 14/18/2222
f 5/7/2213 12/15/2220 15/19/2223
f 6/8/2214 16/20/2224 7/10/2215
f 6/8/2214 13/17/2221 16/20/2224
f 18/23/2226 7/22/2215 17/21/2225
f 19/24/2227 7/22/2215 18/23/2226
f 7/10/2215 16/20/2224 17/25/2225
f 7/22/2215 19/24/2227 3/26/2211
f 20/27/2228 9/12/2217 3/3/2211
f 3/26/2211 19/24/2227 20/28/2228
f 9/12/2217 21/29/2229 8/11/2216
f 22/30/2230 21/29/2229 9/12/2217
f 9/12/2217 23/31/2231 22/30/2230
f 20/27/2228 23/31/2231 9/12/2217
f 21/29/2229 24/32/2232 8/11/2216
f 8/11/2216 24/32/2232 25/33/2233
f 8/11/2216 25/33/2233 10/13/2218
f 10/13/2218 25/33/2233 26/34/2234
f 10/13/2218 26/34/2234 27/35/2235
f 27/35/2235 28/36/2236 10/13/2218
f 28/36/2236 11/14/2219 10/13/2218
f 12/15/2220 11/16/2219 29/37/2237
f 11/16/2219 28/38/2236 29/37/2237
f 12/15/2220 29/37/2237 15/19/2223
f 15/19/2223 30/39/2238 14/18/2222
f 14/18/2222 30/39/2238 31/40/2239
f 31/40/2239 32/41/2240 14/18/2222
f 32/41/2240 16/20/2224 14/18/2222
f 16/20/2224 13/17/2221 14/18/2222
f 33/42/2241 16/20/2224 32/41/2240
f 17/25/2225 16/20/2224 33/42/2241
f 34/43/2242 17/25/2225 33/42/2241
f 18/23/2226 17/21/2225 34/44/2242
f 35/45/2243 18/23/2226 34/44/2242
f 36/46/2244 18/23/2226 35/45/2243
f 36/46/2244 19/24/2227 18/23/2226
f 37/47/2245 19/24/2227 36/46/2244
f 37/47/2245 20/28/2228 19/24/2227
f 20/28/2228 37/47/2245 23/48/2231
f 39/50/2247 38/49/2246 23/48/2231
f 36/46/2244 39/50/2247 23/48/2231
f 36/46/2244 23/48/2231 37/47/2245
f 23/53/2231 38/52/2246 22/51/2230
f 22/30/2230 40/54/2248 21/29/2229
f 41/55/2249 40/54/2248 22/30/2230
f 22/51/2230 38/52/2246 41/56/2249
f 40/54/2248 24/32/2232 21/29/2229
f 26/34/2234 25/33/2233 42/57/2250
f 26/34/2234 42/57/2250 43/58/2251
f 27/35/2235 26/34/2234 43/58/2251
f 25/33/2233 44/59/2252 42/57/2250
f 24/32/2232 44/59/2252 25/33/2233
f 24/32/2232 45/60/2253 44/59/2252
f 46/61/2254 45/60/2253 24/32/2232
f 40/54/2248 46/61/2254 24/32/2232
f 47/62/2255 46/61/2254 40/54/2248
f 41/55/2249 47/62/2255 40/54/2248
f 48/65/2256 47/64/2255 41/63/2249
f 41/68/2249 49/67/2257 48/66/2256
f 38/49/2246 49/67/2257 41/68/2249
f 49/67/2257 38/49/2246 39/50/2247
f 39/50/2247 50/69/2258 49/67/2257
f 50/69/2258 48/66/2256 49/67/2257
f 48/66/2256 50/69/2258 51/70/2259
f 48/65/2256 51/71/2259 47/64/2255
f 47/62/2255 52/72/2260 46/61/2254
f 53/73/2261 52/72/2260 47/62/2255
f 47/76/2255 51/75/2259 53/74/2261
f 52/72/2260 45/60/2253 46/61/2254
f 45/60/2253 54/77/2262 44/59/2252
f 45/60/2253 55/78/2263 54/77/2262
f 56/79/2264 45/60/2253 52/72/2260
f 53/73/2261 56/79/2264 52/72/2260
f 57/80/2265 56/79/2264 53/73/2261
f 53/74/2261 58/82/2266 57/81/2265
f 51/75/2259 58/82/2266 53/74/2261
f 56/79/2264 59/83/2267 45/60/2253
f 57/80/2265 59/83/2267 56/79/2264
f 59/83/2267 55/78/2263 45/60/2253
f 55/78/2263 60/84/2268 54/77/2262
f 54/77/2262 60/84/2268 61/85/2269
f 54/77/2262 61/85/2269 44/59/2252
f 44/59/2252 63/87/2271 62/86/2270
f 44/59/2252 61/85/2269 63/87/2271
f 64/88/2272 55/78/2263 59/83/2267
f 64/88/2272 60/84/2268 55/78/2263
f 60/84/2268 66/90/2274 65/89/2273
f 60/84/2268 65/89/2273 61/85/2269
f 67/91/2275 60/84/2268 64/88/2272
f 67/91/2275 66/90/2274 60/84/2268
f 66/90/2274 69/93/2277 68/92/2276
f 66/90/2274 68/92/2276 65/89/2273
f 66/90/2274 70/94/2278 69/93/2277
f 71/95/2279 66/90/2274 67/91/2275
f 71/95/2279 70/94/2278 66/90/2274
f 70/94/2278 72/96/2280 69/93/2277
f 69/93/2277 72/96/2280 68/92/2276
f 68/92/2276 73/97/2281 65/89/2273
f 70/94/2278 74/98/2282 72/96/2280
f 72/96/2280 74/98/2282 75/99/2283
f 72/96/2280 75/99/2283 76/100/2284
f 72/96/2280 76/100/2284 68/92/2276
f 68/92/2276 76/100/2284 73/97/2281
f 76/100/2284 77/101/2285 73/97/2281
f 74/98/2282 78/102/2286 75/99/2283
f 78/102/2286 79/103/2287 75/99/2283
f 75/99/2283 79/103/2287 80/104/2288
f 75/99/2283 80/104/2288 76/100/2284
f 76/100/2284 80/104/2288 77/101/2285
f 78/102/2286 81/105/2289 79/103/2287
f 82/106/2290 81/105/2289 78/102/2286
f 81/105/2289 83/107/2291 79/103/2287
f 79/103/2287 83/107/2291 80/104/2288
f 80/104/2288 84/108/2292 77/101/2285
f 81/105/2289 85/109/2293 83/107/2291
f 87/111/2295 86/110/2294 81/105/2289
f 82/106/2290 87/111/2295 81/105/2289
f 86/110/2294 85/109/2293 81/105/2289
f 85/109/2293 89/113/2297 88/112/2296
f 90/114/2298 89/113/2297 85/109/2293
f 85/109/2293 88/112/2296 83/107/2291
f 83/107/2291 88/112/2296 91/115/2299
f 83/107/2291 91/115/2299 92/116/2300
f 83/107/2291 92/116/2300 80/104/2288
f 80/104/2288 92/116/2300 84/108/2292
f 84/108/2292 94/118/2302 93/117/2301
f 92/116/2300 94/118/2302 84/108/2292
f 92/116/2300 95/119/2303 94/118/2302
f 91/115/2299 95/119/2303 92/116/2300
f 91/115/2299 96/120/2304 95/119/2303
f 88/112/2296 96/120/2304 91/115/2299
f 88/112/2296 97/121/2305 96/120/2304
f 89/113/2297 97/121/2305 88/112/2296
f 99/124/2307 89/123/2297 98/122/2306
f 89/113/2297 100/126/2308 98/125/2306
f 99/124/2307 97/127/2305 89/123/2297
f 90/114/2298 100/126/2308 89/113/2297
f 86/110/2294 90/114/2298 85/109/2293
f 102/129/2310 101/128/2309 86/110/2294
f 87/111/2295 102/129/2310 86/110/2294
f 101/128/2309 103/130/2311 86/110/2294
f 104/131/2312 103/130/2311 101/128/2309
f 102/129/2310 104/131/2312 101/128/2309
f 86/110/2294 105/132/2313 90/114/2298
f 103/130/2311 105/132/2313 86/110/2294
f 105/132/2313 100/126/2308 90/114/2298
f 100/134/2308 106/133/2314 98/122/2306
f 107/137/2315 100/136/2308 105/135/2313
f 107/138/2315 106/133/2314 100/134/2308
f 98/122/2306 106/133/2314 108/139/2316
f 98/122/2306 108/139/2316 99/124/2307
f 108/139/2316 109/140/2317 99/124/2307
f 99/124/2307 109/140/2317 97/127/2305
f 97/127/2305 109/140/2317 110/141/2318
f 96/120/2304 97/121/2305 110/142/2318
f 111/143/2319 96/120/2304 110/142/2318
f 95/119/2303 96/120/2304 111/143/2319
f 112/144/2320 95/119/2303 111/143/2319
f 95/119/2303 113/145/2321 94/118/2302
f 112/144/2320 113/145/2321 95/119/2303
f 94/118/2302 113/145/2321 114/146/2322
f 94/118/2302 114/146/2322 93/117/2301
f 116/149/2324 113/148/2321 115/147/2323
f 114/150/2322 113/148/2321 116/149/2324
f 113/148/2321 117/151/2325 115/147/2323
f 112/152/2320 117/151/2325 113/148/2321
f 111/154/2319 118/153/2326 112/152/2320
f 112/152/2320 118/153/2326 117/151/2325
f 111/156/2319 110/141/2318 119/155/2327
f 120/157/2328 111/156/2319 119/155/2327
f 120/157/2328 118/158/2326 111/156/2319
f 110/141/2318 109/140/2317 119/155/2327
f 109/140/2317 121/159/2329 119/155/2327
f 121/159/2329 109/140/2317 108/139/2316
f 122/160/2330 121/159/2329 108/139/2316
f 108/139/2316 123/161/2331 122/160/2330
f 106/133/2314 123/161/2331 108/139/2316
f 123/161/2331 106/133/2314 124/162/2332
f 124/162/2332 106/133/2314 107/138/2315
f 107/138/2315 125/163/2333 124/162/2332
f 105/135/2313 125/164/2333 107/137/2315
f 125/164/2333 105/135/2313 126/165/2334
f 105/135/2313 103/166/2311 126/165/2334
f 126/165/2334 103/166/2311 127/167/2335
f 103/166/2311 104/168/2312 127/167/2335
f 126/171/2334 128/170/2336 125/169/2333
f 126/171/2334 129/172/2337 128/170/2336
f 127/173/2335 129/172/2337 126/171/2334
f 125/163/2333 130/174/2338 124/162/2332
f 125/169/2333 128/170/2336 130/175/2338
f 124/162/2332 130/174/2338 131/176/2339
f 131/176/2339 123/161/2331 124/162/2332
f 122/160/2330 123/161/2331 132/177/2340
f 132/177/2340 133/178/2341 122/160/2330
f 133/178/2341 121/159/2329 122/160/2330
f 119/155/2327 121/159/2329 134/179/2342
f 121/159/2329 133/178/2341 134/179/2342
f 134/179/2342 135/180/2343 119/155/2327
f 120/157/2328 119/155/2327 135/180/2343
f 120/157/2328 135/180/2343 136/181/2344
f 118/158/2326 120/157/2328 136/181/2344
f 137/182/2345 118/158/2326 136/181/2344
f 117/151/2325 118/153/2326 137/183/2345
f 117/151/2325 137/183/2345 115/147/2323
f 115/186/2323 137/185/2345 138/184/2346
f 115/186/2323 138/184/2346 116/187/2324
f 140/189/2348 139/188/2347 137/185/2345
f 136/181/2344 140/190/2348 137/182/2345
f 137/185/2345 139/188/2347 138/184/2346
f 136/181/2344 135/180/2343 140/190/2348
f 135/180/2343 141/191/2349 140/190/2348
f 141/191/2349 135/180/2343 134/179/2342
f 142/192/2350 133/178/2341 132/177/2340
f 132/177/2340 123/161/2331 142/192/2350
f 128/170/2336 143/193/2351 130/175/2338
f 128/170/2336 144/194/2352 143/193/2351
f 129/172/2337 144/194/2352 128/170/2336
f 129/172/2337 145/195/2353 144/194/2352
f 146/196/2354 145/195/2353 129/172/2337
f 127/173/2335 146/196/2354 129/172/2337
f 147/197/2355 146/196/2354 127/173/2335
f 127/200/2335 104/199/2312 147/198/2355
f 145/195/2353 146/196/2354 148/201/2356
f 148/201/2356 146/196/2354 149/202/2357
f 146/196/2354 147/197/2355 149/202/2357
f 144/194/2352 150/203/2358 143/193/2351
f 144/194/2352 145/195/2353 150/203/2358
f 143/193/2351 151/204/2359 130/175/2338
f 143/193/2351 150/203/2358 151/204/2359
f 130/174/2338 152/205/2360 131/176/2339
f 130/175/2338 151/204/2359 152/206/2360
f 123/161/2331 153/207/2361 142/192/2350
f 153/207/2361 123/161/2331 131/176/2339
f 142/192/2350 153/207/2361 154/208/2362
f 154/208/2362 155/209/2363 142/192/2350
f 155/209/2363 156/210/2364 142/192/2350
f 156/210/2364 133/178/2341 142/192/2350
f 133/178/2341 156/210/2364 134/179/2342
f 140/190/2348 141/191/2349 157/211/2365
f 157/211/2365 141/191/2349 158/212/2366
f 141/191/2349 159/213/2367 158/212/2366
f 159/213/2367 141/191/2349 134/179/2342
f 134/179/2342 156/210/2364 160/214/2368
f 160/214/2368 159/213/2367 134/179/2342
f 156/210/2364 161/215/2369 160/214/2368
f 161/215/2369 156/210/2364 155/209/2363
f 154/208/2362 162/216/2370 155/209/2363
f 162/219/2370 163/218/2371 155/217/2363
f 155/217/2363 163/218/2371 164/220/2372
f 155/217/2363 164/220/2372 165/221/2373
f 155/217/2363 165/221/2373 161/222/2369
f 166/223/2374 162/216/2370 154/208/2362
f 153/207/2361 166/223/2374 154/208/2362
f 166/223/2374 153/207/2361 167/224/2375
f 167/224/2375 153/207/2361 131/176/2339
f 131/176/2339 168/225/2376 167/224/2375
f 152/205/2360 168/225/2376 131/176/2339
f 152/228/2360 169/227/2377 168/226/2376
f 151/204/2359 169/229/2377 152/206/2360
f 169/229/2377 151/204/2359 150/203/2358
f 150/203/2358 145/195/2353 170/230/2378
f 170/230/2378 145/195/2353 171/231/2379
f 171/231/2379 145/195/2353 148/201/2356
f 170/230/2378 173/233/2381 172/232/2380
f 173/233/2381 170/230/2378 174/234/2382
f 174/234/2382 170/230/2378 171/231/2379
f 169/227/2377 175/235/2383 168/226/2376
f 172/232/2380 175/236/2383 169/229/2377
f 150/203/2358 172/232/2380 169/229/2377
f 168/225/2376 176/237/2384 167/224/2375
f 168/226/2376 175/235/2383 176/238/2384
f 176/241/2384 177/240/2385 167/239/2375
f 166/242/2374 167/239/2375 177/240/2385
f 166/242/2374 177/240/2385 162/219/2370
f 162/219/2370 177/240/2385 178/243/2386
f 163/218/2371 162/219/2370 178/243/2386
f 179/244/2387 163/218/2371 178/243/2386
f 179/244/2387 164/220/2372 163/218/2371
f 164/220/2372 180/245/2388 165/221/2373
f 164/220/2372 181/246/2389 180/245/2388
f 164/220/2372 179/244/2387 181/246/2389
f 182/247/2390 165/221/2373 180/245/2388
f 161/222/2369 165/221/2373 183/248/2391
f 165/221/2373 182/247/2390 183/248/2391
f 161/215/2369 183/249/2391 160/214/2368
f 160/250/2368 183/248/2391 182/247/2390
f 182/247/2390 185/252/2393 184/251/2392
f 160/250/2368 182/247/2390 184/251/2392
f 182/247/2390 180/245/2388 185/252/2393
f 185/252/2393 180/245/2388 186/253/2394
f 187/254/2395 180/245/2388 181/246/2389
f 180/245/2388 187/254/2395 186/253/2394
f 188/255/2396 181/246/2389 179/244/2387
f 181/246/2389 190/257/2398 189/256/2397
f 188/255/2396 190/257/2398 181/246/2389
f 179/244/2387 178/243/2386 188/255/2396
f 178/243/2386 177/240/2385 191/258/2399
f 188/255/2396 178/243/2386 191/258/2399
f 177/240/2385 176/241/2384 191/258/2399
f 176/241/2384 175/259/2383 191/258/2399
f 191/258/2399 175/259/2383 192/260/2400
f 175/263/2383 172/262/2380 192/261/2400
f 192/261/2400 172/262/2380 193/264/2401
f 172/232/2380 173/233/2381 193/265/2401
f 170/230/2378 172/232/2380 150/203/2358
f 173/233/2381 194/266/2402 193/265/2401
f 194/266/2402 173/233/2381 174/234/2382
f 196/268/2404 195/267/2403 174/234/2382
f 174/234/2382 195/267/2403 194/266/2402
f 171/231/2379 196/268/2404 174/234/2382
f 194/266/2402 195/267/2403 197/269/2405
f 194/272/2402 197/271/2405 198/270/2406
f 194/272/2402 198/270/2406 193/264/2401
f 192/261/2400 193/264/2401 198/270/2406
f 200/274/2408 199/273/2407 192/260/2400
f 192/260/2400 199/273/2407 191/258/2399
f 200/274/2408 192/260/2400 198/275/2406
f 188/255/2396 191/258/2399 199/273/2407
f 199/273/2407 190/257/2398 188/255/2396
f 190/257/2398 199/273/2407 201/276/2409
f 202/277/2410 189/256/2397 190/257/2398
f 201/276/2409 202/277/2410 190/257/2398
f 203/278/2411 189/256/2397 202/277/2410
f 204/279/2412 189/256/2397 203/278/2411
f 181/246/2389 189/256/2397 205/280/2413
f 205/280/2413 189/256/2397 204/279/2412
f 181/246/2389 205/280/2413 187/254/2395
f 187/254/2395 206/281/2414 186/253/2394
f 206/281/2414 187/254/2395 204/279/2412
f 204/279/2412 187/254/2395 205/280/2413
f 186/253/2394 207/282/2415 185/252/2393
f 186/253/2394 208/283/2416 207/282/2415
f 206/281/2414 208/283/2416 186/253/2394
f 206/281/2414 204/279/2412 208/283/2416
f 209/284/2417 203/278/2411 202/277/2410
f 210/285/2418 203/278/2411 209/284/2417
f 201/276/2409 211/286/2419 202/277/2410
f 211/286/2419 209/284/2417 202/277/2410
f 199/273/2407 200/274/2408 201/276/2409
f 200/274/2408 212/287/2420 201/276/2409
f 212/287/2420 211/286/2419 201/276/2409
f 200/274/2408 198/275/2406 212/287/2420
f 198/275/2406 213/288/2421 212/287/2420
f 197/271/2405 214/289/2422 198/270/2406
f 214/290/2422 213/288/2421 198/275/2406
f 197/271/2405 215/291/2423 214/289/2422
f 197/271/2405 216/292/2424 215/291/2423
f 216/294/2424 197/269/2405 217/293/2425
f 197/269/2405 195/267/2403 217/293/2425
f 217/293/2425 195/267/2403 218/295/2426
f 195/267/2403 196/268/2404 218/295/2426
f 220/297/2428 219/296/2427 217/293/2425
f 217/293/2425 219/296/2427 216/294/2424
f 218/295/2426 220/297/2428 217/293/2425
f 216/292/2424 219/299/2427 221/298/2429
f 216/292/2424 221/298/2429 215/291/2423
f 214/289/2422 215/291/2423 221/298/2429
f 214/290/2422 221/300/2429 213/288/2421
f 212/287/2420 213/288/2421 211/286/2419
f 209/284/2417 211/286/2419 222/301/2430
f 222/301/2430 211/286/2419 213/288/2421
f 223/302/2431 210/285/2418 209/284/2417
f 222/301/2430 223/302/2431 209/284/2417
f 224/303/2432 203/278/2411 210/285/2418
f 225/304/2433 224/303/2432 210/285/2418
f 225/304/2433 210/285/2418 226/305/2434
f 223/302/2431 226/305/2434 210/285/2418
f 208/283/2416 203/278/2411 224/303/2432
f 204/279/2412 203/278/2411 208/283/2416
f 208/283/2416 227/306/2435 207/282/2415
f 228/307/2436 227/306/2435 208/283/2416
f 224/303/2432 228/307/2436 208/283/2416
f 228/307/2436 224/303/2432 229/308/2437
f 229/308/2437 224/303/2432 225/304/2433
f 226/305/2434 230/309/2438 225/304/2433
f 225/304/2433 230/309/2438 229/308/2437
f 226/305/2434 231/310/2439 230/309/2438
f 226/305/2434 223/302/2431 231/310/2439
f 223/302/2431 232/311/2440 231/310/2439
f 223/302/2431 222/301/2430 232/311/2440
f 213/288/2421 233/312/2441 222/301/2430
f 233/312/2441 232/311/2440 222/301/2430
f 221/300/2429 233/312/2441 213/288/2421
f 233/312/2441 221/300/2429 234/313/2442
f 221/298/2429 235/315/2443 234/314/2442
f 219/299/2427 235/315/2443 221/298/2429
f 219/299/2427 236/316/2444 235/315/2443
f 237/318/2445 236/317/2444 219/296/2427
f 220/297/2428 237/318/2445 219/296/2427
f 238/319/2446 220/297/2428 218/295/2426
f 239/320/2447 237/318/2445 220/297/2428
f 238/319/2446 239/320/2447 220/297/2428
f 218/295/2426 196/268/2404 240/321/2448
f 240/321/2448 238/319/2446 218/295/2426
f 241/322/2449 239/320/2447 238/319/2446
f 239/320/2447 242/323/2450 237/318/2445
f 243/324/2451 242/323/2450 239/320/2447
f 241/322/2449 243/324/2451 239/320/2447
f 237/318/2445 244/325/2452 236/317/2444
f 242/323/2450 244/325/2452 237/318/2445
f 235/315/2443 236/316/2444 245/326/2453
f 236/316/2444 244/327/2452 245/326/2453
f 234/314/2442 235/315/2443 245/326/2453
f 234/313/2442 246/328/2454 233/312/2441
f 245/329/2453 246/328/2454 234/313/2442
f 246/328/2454 232/311/2440 233/312/2441
f 231/310/2439 232/311/2440 247/330/2455
f 246/328/2454 247/330/2455 232/311/2440
f 230/309/2438 231/310/2439 247/330/2455
f 247/330/2455 248/331/2456 230/309/2438
f 229/308/2437 230/309/2438 249/332/2457
f 249/332/2457 228/307/2436 229/308/2437
f 230/309/2438 250/333/2458 249/332/2457
f 248/331/2456 250/333/2458 230/309/2438
f 247/330/2455 251/334/2459 248/331/2456
f 244/327/2452 252/335/2460 245/326/2453
f 245/329/2453 253/336/2461 246/328/2454
f 252/337/2460 253/336/2461 245/329/2453
f 254/338/2462 244/325/2452 242/323/2450
f 255/339/2463 244/325/2452 254/338/2462
f 255/339/2463 252/340/2460 244/325/2452
f 243/324/2451 254/338/2462 242/323/2450
f 256/341/2464 254/338/2462 243/324/2451
f 254/338/2462 257/342/2465 255/339/2463
f 257/342/2465 254/338/2462 256/341/2464
f 255/345/2463 258/344/2466 252/343/2460
f 259/346/2467 255/339/2463 257/342/2465
f 259/346/2467 258/347/2466 255/339/2463
f 252/337/2460 258/348/2466 253/336/2461
f 253/336/2461 260/349/2468 246/328/2454
f 258/348/2466 261/350/2469 253/336/2461
f 253/336/2461 262/351/2470 260/349/2468
f 261/350/2469 262/351/2470 253/336/2461
f 260/349/2468 247/330/2455 246/328/2454
f 263/352/2471 251/334/2459 247/330/2455
f 251/334/2459 264/353/2472 248/331/2456
f 263/352/2471 265/354/2473 251/334/2459
f 260/349/2468 263/352/2471 247/330/2455
f 266/355/2474 263/352/2471 260/349/2468
f 262/351/2470 266/355/2474 260/349/2468
f 262/351/2470 261/350/2469 267/356/2475
f 267/356/2475 266/355/2474 262/351/2470
f 268/359/2476 261/358/2469 258/357/2466
f 259/346/2467 268/360/2476 258/347/2466
f 268/360/2476 259/346/2467 269/361/2477
f 269/362/2477 261/358/2469 268/359/2476
f 261/350/2469 270/363/2478 267/356/2475
f 270/364/2478 261/358/2469 269/362/2477
f 270/363/2478 271/365/2479 267/356/2475
f 267/356/2475 272/366/2480 266/355/2474
f 271/365/2479 272/366/2480 267/356/2475
f 272/366/2480 273/367/2481 266/355/2474
f 266/355/2474 274/368/2482 263/352/2471
f 274/368/2482 265/354/2473 263/352/2471
f 265/354/2473 275/369/2483 251/334/2459
f 275/369/2483 264/353/2472 251/334/2459
f 265/354/2473 276/370/2484 275/369/2483
f 274/368/2482 276/370/2484 265/354/2473
f 273/367/2481 274/368/2482 266/355/2474
f 273/367/2481 277/371/2485 274/368/2482
f 271/365/2479 278/372/2486 272/366/2480
f 279/374/2487 271/373/2479 270/364/2478
f 279/374/2487 278/375/2486 271/373/2479
f 280/376/2488 270/364/2478 269/362/2477
f 280/376/2488 279/374/2487 270/364/2478
f 279/374/2487 280/376/2488 281/377/2489
f 281/377/2489 278/375/2486 279/374/2487
f 278/372/2486 282/378/2490 272/366/2480
f 282/379/2490 278/375/2486 281/377/2489
f 272/366/2480 282/378/2490 283/380/2491
f 283/380/2491 273/367/2481 272/366/2480
f 277/371/2485 276/370/2484 274/368/2482
f 276/370/2484 284/381/2492 275/369/2483
f 276/370/2484 285/382/2493 284/381/2492
f 277/371/2485 286/383/2494 276/370/2484
f 287/384/2495 277/371/2485 273/367/2481
f 283/380/2491 287/384/2495 273/367/2481
f 282/379/2490 288/386/2496 283/385/2491
f 288/386/2496 289/387/2497 283/385/2491
f 289/387/2497 287/388/2495 283/385/2491
f 289/387/2497 290/389/2498 287/388/2495
f 290/389/2498 291/390/2499 287/388/2495
f 291/390/2499 292/391/2500 287/388/2495
f 287/384/2495 293/392/2501 277/371/2485
f 292/391/2500 293/393/2501 287/388/2495
f 293/392/2501 286/383/2494 277/371/2485
f 286/383/2494 285/382/2493 276/370/2484
f 286/383/2494 294/394/2502 285/382/2493
f 293/392/2501 295/395/2503 286/383/2494
f 292/391/2500 296/396/2504 293/393/2501
f 296/396/2504 297/397/2505 293/393/2501
f 297/397/2505 295/398/2503 293/393/2501
f 292/391/2500 291/390/2499 298/399/2506
f 298/399/2506 296/396/2504 292/391/2500
f 299/402/2507 296/401/2504 298/400/2506
f 299/402/2507 300/403/2508 296/401/2504
f 300/404/2508 297/397/2505 296/396/2504
f 297/397/2505 301/405/2509 295/398/2503
f 300/404/2508 301/405/2509 297/397/2505
f 301/405/2509 302/406/2510 295/398/2503
f 295/395/2503 303/407/2511 286/383/2494
f 302/406/2510 303/408/2511 295/398/2503
f 303/407/2511 304/409/2512 286/383/2494
f 286/383/2494 304/409/2512 294/394/2502
f 304/409/2512 305/410/2513 294/394/2502
f 294/394/2502 306/411/2514 285/382/2493
f 306/411/2514 307/412/2515 285/382/2493
f 308/413/2516 306/411/2514 294/394/2502
f 305/410/2513 308/413/2516 294/394/2502
f 304/416/2512 309/415/2517 305/414/2513
f 309/415/2517 310/417/2518 305/414/2513
f 305/410/2513 311/418/2519 308/413/2516
f 310/417/2518 311/419/2519 305/414/2513
f 312/420/2520 309/415/2517 304/416/2512
f 303/407/2511 313/421/2521 304/409/2512
f 313/423/2521 314/422/2522 304/416/2512
f 314/422/2522 312/420/2520 304/416/2512
f 302/406/2510 315/424/2523 303/408/2511
f 315/424/2523 313/425/2521 303/408/2511
f 316/426/2524 302/406/2510 301/405/2509
f 316/426/2524 315/424/2523 302/406/2510
f 317/427/2525 301/405/2509 300/404/2508
f 317/427/2525 316/426/2524 301/405/2509
f 317/430/2525 318/429/2526 316/428/2524
f 319/431/2527 316/428/2524 318/429/2526
f 319/432/2527 315/424/2523 316/426/2524
f 319/432/2527 320/433/2528 315/424/2523
f 320/433/2528 313/425/2521 315/424/2523
f 314/422/2522 313/423/2521 321/434/2529
f 321/434/2529 313/423/2521 320/435/2528
f 321/434/2529 322/436/2530 314/422/2522
f 314/422/2522 322/436/2530 312/420/2520
f 322/436/2530 309/415/2517 312/420/2520
f 310/417/2518 309/415/2517 323/437/2531
f 323/437/2531 309/415/2517 322/436/2530
f 310/417/2518 324/438/2532 311/419/2519
f 323/437/2531 324/438/2532 310/417/2518
f 324/441/2532 325/440/2533 311/439/2519
f 311/418/2519 326/442/2534 308/413/2516
f 325/440/2533 326/443/2534 311/439/2519
f 308/413/2516 327/444/2535 306/411/2514
f 308/413/2516 328/445/2536 327/444/2535
f 329/446/2537 328/445/2536 308/413/2516
f 326/442/2534 329/446/2537 308/413/2516
f 325/440/2533 330/447/2538 326/443/2534
f 330/447/2538 331/448/2539 326/443/2534
f 326/442/2534 331/449/2539 329/446/2537
f 332/450/2540 325/440/2533 324/441/2532
f 332/450/2540 330/447/2538 325/440/2533
f 333/452/2541 324/441/2532 323/451/2531
f 333/452/2541 332/450/2540 324/441/2532
f 322/455/2530 334/454/2542 323/453/2531
f 334/454/2542 335/456/2543 323/453/2531
f 333/452/2541 323/451/2531 335/457/2543
f 321/458/2529 334/454/2542 322/455/2530
f 320/460/2528 336/459/2544 321/458/2529
f 336/459/2544 337/461/2545 321/458/2529
f 337/461/2545 334/454/2542 321/458/2529
f 319/431/2527 336/463/2544 320/462/2528
f 336/463/2544 319/431/2527 338/464/2546
f 336/459/2544 339/465/2547 337/461/2545
f 338/466/2546 339/465/2547 336/459/2544
f 334/454/2542 337/461/2545 340/467/2548
f 337/461/2545 339/465/2547 340/467/2548
f 341/468/2549 334/454/2542 340/467/2548
f 341/468/2549 335/456/2543 334/454/2542
f 342/469/2550 333/452/2541 335/457/2543
f 333/452/2541 343/470/2551 332/450/2540
f 333/452/2541 342/469/2550 343/470/2551
f 344/471/2552 332/450/2540 343/470/2551
f 344/471/2552 330/447/2538 332/450/2540
f 344/471/2552 345/472/2553 330/447/2538
f 345/472/2553 331/448/2539 330/447/2538
f 331/449/2539 346/473/2554 329/446/2537
f 346/476/2554 331/475/2539 347/474/2555
f 347/477/2555 331/448/2539 345/472/2553
f 329/446/2537 348/478/2556 328/445/2536
f 346/473/2554 348/478/2556 329/446/2537
f 348/478/2556 349/479/2557 328/445/2536
f 351/481/2559 350/480/2558 328/445/2536
f 349/479/2557 351/481/2559 328/445/2536
f 352/482/2560 349/479/2557 348/478/2556
f 352/482/2560 353/483/2561 349/479/2557
f 349/479/2557 353/483/2561 351/481/2559
f 346/476/2554 354/485/2562 348/484/2556
f 354/485/2562 355/486/2563 348/484/2556
f 355/486/2563 352/487/2560 348/484/2556
f 347/474/2555 354/485/2562 346/476/2554
f 345/472/2553 356/488/2564 347/477/2555
f 356/488/2564 357/489/2565 347/477/2555
f 358/492/2566 347/491/2555 357/490/2565
f 358/492/2566 354/493/2562 347/491/2555
f 344/471/2552 356/488/2564 345/472/2553
f 359/494/2567 344/471/2552 343/470/2551
f 356/488/2564 344/471/2552 360/495/2568
f 344/471/2552 359/494/2567 360/495/2568
f 361/496/2569 341/468/2549 340/467/2548
f 340/467/2548 339/465/2547 361/496/2569
f 360/499/2568 362/498/2570 356/497/2564
f 360/499/2568 363/500/2571 362/498/2570
f 356/497/2564 362/498/2570 357/490/2565
f 362/498/2570 358/492/2566 357/490/2565
f 358/492/2566 364/501/2572 354/493/2562
f 365/502/2573 358/492/2566 362/498/2570
f 358/492/2566 366/503/2574 364/501/2572
f 366/503/2574 358/492/2566 367/504/2575
f 358/492/2566 365/502/2573 367/504/2575
f 364/505/2572 355/486/2563 354/485/2562
f 364/505/2572 368/506/2576 355/486/2563
f 355/486/2563 368/506/2576 352/487/2560
f 368/509/2576 353/508/2561 352/507/2560
f 369/510/2577 353/508/2561 368/509/2576
f 364/501/2572 370/512/2578 368/511/2576
f 368/511/2576 370/512/2578 369/513/2577
f 364/501/2572 371/514/2579 370/512/2578
f 366/503/2574 371/514/2579 364/501/2572
f 366/503/2574 367/504/2575 371/514/2579
f 367/504/2575 365/502/2573 372/515/2580
f 371/514/2579 367/504/2575 373/516/2581
f 367/504/2575 372/515/2580 373/516/2581
f 363/500/2571 365/502/2573 362/498/2570
f 343/470/2551 342/469/2550 359/494/2567
f 375/518/2583 342/469/2550 374/517/2582
f 374/517/2582 342/469/2550 335/457/2543
f 342/469/2550 375/518/2583 359/494/2567
f 341/468/2549 374/519/2582 335/456/2543
f 376/520/2584 341/468/2549 361/496/2569
f 376/520/2584 374/519/2582 341/468/2549
f 376/520/2584 377/521/2585 374/519/2582
f 377/522/2585 375/518/2583 374/517/2582
f 378/523/2586 375/518/2583 377/522/2585
f 359/494/2567 375/518/2583 378/523/2586
f 360/499/2568 379/524/2587 363/500/2571
f 379/524/2587 365/502/2573 363/500/2571
f 372/515/2580 365/502/2573 380/525/2588
f 372/515/2580 380/525/2588 373/516/2581
f 382/527/2590 381/526/2589 373/516/2581
f 373/516/2581 381/526/2589 371/514/2579
f 381/526/2589 370/512/2578 371/514/2579
f 370/512/2578 383/528/2591 369/513/2577
f 370/512/2578 384/529/2592 383/528/2591
f 381/526/2589 384/529/2592 370/512/2578
f 381/532/2589 385/531/2593 384/530/2592
f 382/533/2590 385/531/2593 381/532/2589
f 380/525/2588 365/502/2573 386/534/2594
f 380/525/2588 386/534/2594 373/516/2581
f 387/535/2595 365/502/2573 379/524/2587
f 365/502/2573 387/535/2595 386/534/2594
f 360/499/2568 388/536/2596 379/524/2587
f 388/536/2596 387/535/2595 379/524/2587
f 360/495/2568 359/494/2567 389/537/2597
f 389/537/2597 388/538/2596 360/495/2568
f 390/539/2598 359/494/2567 378/523/2586
f 359/494/2567 390/539/2598 389/537/2597
f 391/540/2599 390/539/2598 378/523/2586
f 378/523/2586 377/522/2585 392/541/2600
f 378/523/2586 392/541/2600 391/540/2599
f 393/542/2601 377/521/2585 376/520/2584
f 393/542/2601 394/543/2602 377/521/2585
f 377/522/2585 394/544/2602 392/541/2600
f 393/542/2601 376/520/2584 361/496/2569
f 396/546/2604 395/545/2603 393/542/2601
f 397/547/2605 396/546/2604 393/542/2601
f 397/547/2605 393/542/2601 361/496/2569
f 395/545/2603 394/543/2602 393/542/2601
f 399/550/2607 394/549/2602 398/548/2606
f 394/553/2602 395/552/2603 398/551/2606
f 392/554/2600 394/549/2602 399/550/2607
f 400/555/2608 391/540/2599 392/541/2600
f 401/556/2609 392/554/2600 399/550/2607
f 400/559/2608 392/558/2600 401/557/2609
f 391/540/2599 400/555/2608 390/539/2598
f 389/537/2597 390/539/2598 402/560/2610
f 390/539/2598 400/555/2608 402/560/2610
f 389/537/2597 403/561/2611 388/538/2596
f 402/560/2610 403/561/2611 389/537/2597
f 388/536/2596 403/563/2611 404/562/2612
f 387/535/2595 388/536/2596 404/562/2612
f 386/534/2594 387/535/2595 405/564/2613
f 373/516/2581 386/534/2594 406/565/2614
f 386/534/2594 405/564/2613 406/565/2614
f 406/565/2614 382/527/2590 373/516/2581
f 407/566/2615 382/527/2590 406/565/2614
f 382/533/2590 408/567/2616 385/531/2593
f 407/566/2615 408/568/2616 382/527/2590
f 409/569/2617 407/566/2615 406/565/2614
f 405/564/2613 409/569/2617 406/565/2614
f 409/569/2617 405/564/2613 387/535/2595
f 387/535/2595 404/562/2612 409/569/2617
f 404/562/2612 58/82/2266 407/566/2615
f 409/569/2617 404/562/2612 407/566/2615
f 57/81/2265 404/562/2612 410/570/2618
f 404/562/2612 403/563/2611 410/570/2618
f 58/82/2266 404/562/2612 57/81/2265
f 410/570/2618 403/563/2611 411/571/2619
f 403/561/2611 402/560/2610 411/572/2619
f 411/572/2619 402/560/2610 400/555/2608
f 412/574/2620 411/573/2619 400/559/2608
f 400/559/2608 401/557/2609 412/574/2620
f 401/576/2609 413/575/2621 64/88/2272
f 399/577/2607 413/575/2621 401/576/2609
f 412/578/2620 401/576/2609 64/88/2272
f 399/577/2607 414/579/2622 413/575/2621
f 398/580/2606 414/579/2622 399/577/2607
f 398/580/2606 415/581/2623 414/579/2622
f 416/582/2624 415/581/2623 398/580/2606
f 398/551/2606 395/552/2603 416/583/2624
f 395/552/2603 396/584/2604 416/583/2624
f 416/582/2624 417/585/2625 415/581/2623
f 418/586/2626 417/585/2625 416/582/2624
f 416/582/2624 419/587/2627 418/586/2626
f 396/584/2604 419/588/2627 416/583/2624
f 415/581/2623 417/585/2625 67/91/2275
f 415/581/2623 67/91/2275 414/579/2622
f 414/579/2622 67/91/2275 413/575/2621
f 413/575/2621 67/91/2275 64/88/2272
f 417/585/2625 71/95/2279 67/91/2275
f 420/589/2628 71/95/2279 417/585/2625
f 418/586/2626 420/589/2628 417/585/2625
f 421/590/2629 420/589/2628 418/586/2626
f 419/587/2627 421/590/2629 418/586/2626
f 422/593/2630 421/592/2629 419/591/2627
f 396/584/2604 423/594/2631 419/588/2627
f 419/591/2627 424/595/2632 422/593/2630
f 424/595/2632 419/591/2627 423/596/2631
f 423/597/2631 396/546/2604 397/547/2605
f 423/597/2631 425/599/2633 424/598/2632
f 423/597/2631 397/547/2605 425/599/2633
f 427/602/2635 426/601/2634 424/600/2632
f 426/601/2634 422/603/2630 424/600/2632
f 424/600/2632 425/604/2633 427/602/2635
f 422/603/2630 426/601/2634 428/605/2636
f 422/603/2630 428/605/2636 421/606/2629
f 420/589/2628 421/590/2629 429/607/2637
f 421/606/2629 428/605/2636 429/608/2637
f 420/589/2628 430/609/2638 71/95/2279
f 429/607/2637 430/609/2638 420/589/2628
f 432/611/2640 431/610/2639 71/95/2279
f 430/609/2638 432/611/2640 71/95/2279
f 433/614/2641 432/613/2640 430/612/2638
f 430/612/2638 434/615/2642 433/614/2641
f 429/616/2637 434/615/2642 430/612/2638
f 429/608/2637 435/618/2643 434/617/2642
f 435/618/2643 429/608/2637 436/619/2644
f 436/619/2644 429/608/2637 428/605/2636
f 437/620/2645 436/619/2644 428/605/2636
f 428/605/2636 426/601/2634 437/620/2645
f 426/601/2634 438/621/2646 437/620/2645
f 438/621/2646 426/601/2634 427/602/2635
f 439/622/2647 438/621/2646 427/602/2635
f 427/602/2635 425/604/2633 439/622/2647
f 439/622/2647 425/604/2633 440/623/2648
f 440/624/2648 425/599/2633 361/496/2569
f 425/599/2633 397/547/2605 361/496/2569
f 442/626/2650 441/625/2649 439/622/2647
f 441/625/2649 438/621/2646 439/622/2647
f 439/622/2647 440/623/2648 442/626/2650
f 438/621/2646 441/625/2649 443/627/2651
f 437/620/2645 438/621/2646 443/627/2651
f 443/627/2651 444/628/2652 437/620/2645
f 444/628/2652 436/619/2644 437/620/2645
f 435/618/2643 436/619/2644 444/628/2652
f 435/618/2643 433/629/2641 434/617/2642
f 435/618/2643 445/630/2653 433/629/2641
f 435/618/2643 446/631/2654 445/630/2653
f 435/618/2643 444/628/2652 446/631/2654
f 433/629/2641 445/630/2653 447/632/2655
f 433/614/2641 447/633/2655 432/613/2640
f 448/634/2656 431/610/2639 432/611/2640
f 432/613/2640 447/633/2655 448/635/2656
f 431/610/2639 70/94/2278 71/95/2279
f 431/610/2639 74/98/2282 70/94/2278
f 449/636/2657 74/98/2282 431/610/2639
f 450/637/2658 449/636/2657 431/610/2639
f 448/634/2656 450/637/2658 431/610/2639
f 451/638/2659 450/637/2658 448/634/2656
f 448/635/2656 452/640/2660 451/639/2659
f 447/633/2655 452/640/2660 448/635/2656
f 452/643/2660 447/642/2655 453/641/2661
f 453/641/2661 447/642/2655 445/644/2653
f 445/644/2653 454/645/2662 453/641/2661
f 446/631/2654 454/646/2662 445/630/2653
f 446/631/2654 455/647/2663 454/646/2662
f 455/647/2663 446/631/2654 444/628/2652
f 456/648/2664 455/647/2663 444/628/2652
f 441/625/2649 457/649/2665 443/627/2651
f 457/649/2665 441/625/2649 442/626/2650
f 459/651/2667 458/650/2666 443/627/2651
f 458/650/2666 444/628/2652 443/627/2651
f 443/627/2651 457/649/2665 459/651/2667
f 444/628/2652 458/650/2666 456/648/2664
f 454/646/2662 455/647/2663 460/652/2668
f 461/654/2669 454/645/2662 460/653/2668
f 462/655/2670 454/645/2662 461/654/2669
f 454/645/2662 462/655/2670 453/641/2661
f 463/656/2671 452/643/2660 453/641/2661
f 453/641/2661 462/655/2670 463/656/2671
f 465/658/2673 464/657/2672 452/643/2660
f 463/656/2671 465/658/2673 452/643/2660
f 452/640/2660 464/659/2672 451/639/2659
f 451/638/2659 466/660/2674 450/637/2658
f 467/663/2675 466/662/2674 451/661/2659
f 451/661/2659 464/664/2672 467/663/2675
f 450/637/2658 468/665/2676 449/636/2657
f 466/660/2674 468/665/2676 450/637/2658
f 449/636/2657 469/666/2677 74/98/2282
f 468/665/2676 469/666/2677 449/636/2657
f 469/666/2677 470/667/2678 74/98/2282
f 469/666/2677 471/668/2679 470/667/2678
f 472/671/2680 471/670/2679 469/669/2677
f 472/671/2680 469/669/2677 473/672/2681
f 469/669/2677 468/673/2676 473/672/2681
f 473/672/2681 468/673/2676 474/674/2682
f 468/673/2676 466/675/2674 474/674/2682
f 466/662/2674 475/677/2683 474/676/2682
f 467/663/2675 475/677/2683 466/662/2674
f 467/663/2675 476/678/2684 475/677/2683
f 476/678/2684 467/663/2675 464/664/2672
f 465/679/2673 476/678/2684 464/664/2672
f 478/681/2686 477/680/2685 465/679/2673
f 477/680/2685 476/678/2684 465/679/2673
f 463/656/2671 479/682/2687 465/658/2673
f 465/658/2673 479/682/2687 478/683/2686
f 479/682/2687 463/656/2671 462/655/2670
f 461/654/2669 479/682/2687 462/655/2670
f 460/653/2668 480/684/2688 461/654/2669
f 480/684/2688 479/682/2687 461/654/2669
f 460/652/2668 455/647/2663 481/685/2689
f 483/687/2691 482/686/2690 456/648/2664
f 482/686/2690 455/647/2663 456/648/2664
f 456/648/2664 458/650/2666 483/687/2691
f 455/647/2663 482/686/2690 481/685/2689
f 484/688/2692 480/684/2688 460/653/2668
f 480/684/2688 484/688/2692 478/683/2686
f 479/682/2687 480/684/2688 478/683/2686
f 476/678/2684 477/680/2685 485/689/2693
f 475/677/2683 476/678/2684 485/689/2693
f 485/689/2693 486/690/2694 475/677/2683
f 486/690/2694 474/676/2682 475/677/2683
f 474/676/2682 486/690/2694 473/691/2681
f 473/691/2681 486/690/2694 472/692/2680
f 472/692/2680 488/694/2696 487/693/2695
f 472/692/2680 487/693/2695 471/695/2679
f 472/692/2680 486/690/2694 488/694/2696
f 486/690/2694 489/696/2697 488/694/2696
f 489/696/2697 486/690/2694 485/689/2693
f 490/697/2698 477/680/2685 478/681/2686
f 478/683/2686 484/688/2692 490/698/2698
f 491/699/2699 484/688/2692 460/653/2668
f 460/653/2668 481/700/2689 491/699/2699
f 491/699/2699 481/700/2689 492/701/2700
f 481/685/2689 482/686/2690 492/702/2700
f 482/686/2690 299/402/2507 492/702/2700
f 299/402/2507 482/686/2690 483/687/2691
f 317/430/2525 299/402/2507 483/687/2691
f 458/650/2666 317/430/2525 483/687/2691
f 317/430/2525 458/650/2666 459/651/2667
f 318/429/2526 317/430/2525 459/651/2667
f 299/402/2507 317/430/2525 300/403/2508
f 299/402/2507 298/400/2506 492/702/2700
f 491/699/2699 492/701/2700 493/703/2701
f 493/703/2701 494/704/2702 491/699/2699
f 494/704/2702 484/688/2692 491/699/2699
f 484/688/2692 494/704/2702 490/698/2698
f 495/705/2703 477/680/2685 490/697/2698
f 477/680/2685 495/705/2703 496/706/2704
f 485/689/2693 477/680/2685 496/706/2704
f 496/706/2704 489/696/2697 485/689/2693
f 488/694/2696 489/696/2697 497/707/2705
f 488/694/2696 497/707/2705 498/708/2706
f 487/693/2695 488/694/2696 498/708/2706
f 498/708/2706 497/707/2705 499/709/2707
f 489/696/2697 500/710/2708 497/707/2705
f 495/705/2703 501/711/2709 496/706/2704
f 501/711/2709 495/705/2703 490/697/2698
f 502/712/2710 501/711/2709 490/697/2698
f 490/698/2698 494/704/2702 502/713/2710
f 494/704/2702 503/714/2711 502/713/2710
f 494/716/2702 290/389/2498 503/715/2711
f 494/716/2702 504/717/2712 290/389/2498
f 494/704/2702 493/703/2701 504/718/2712
f 504/718/2712 493/703/2701 298/719/2506
f 493/703/2701 492/701/2700 298/719/2506
f 298/719/2506 291/720/2499 504/718/2712
f 504/717/2712 291/390/2499 290/389/2498
f 503/715/2711 290/389/2498 289/387/2497
f 501/711/2709 503/722/2711 288/721/2496
f 503/715/2711 289/387/2497 288/386/2496
f 501/711/2709 502/712/2710 503/722/2711
f 501/711/2709 506/724/2714 505/723/2713
f 501/711/2709 288/721/2496 506/724/2714
f 496/706/2704 501/711/2709 505/723/2713
f 505/723/2713 500/710/2708 496/706/2704
f 500/710/2708 489/696/2697 496/706/2704
f 499/709/2707 507/725/2715 498/708/2706
f 507/725/2715 508/726/2716 498/708/2706
f 498/708/2706 508/726/2716 487/693/2695
f 509/727/2717 508/726/2716 507/725/2715
f 510/728/2718 509/727/2717 507/725/2715
f 510/728/2718 507/725/2715 511/729/2719
f 511/729/2719 507/725/2715 499/709/2707
f 497/707/2705 512/730/2720 499/709/2707
f 497/707/2705 500/710/2708 512/730/2720
f 500/710/2708 513/731/2721 512/730/2720
f 513/731/2721 500/710/2708 506/724/2714
f 500/710/2708 505/723/2713 506/724/2714
f 281/732/2489 513/731/2721 506/724/2714
f 288/386/2496 282/379/2490 506/733/2714
f 506/733/2714 282/379/2490 281/377/2489
f 280/734/2488 513/731/2721 281/732/2489
f 512/730/2720 513/731/2721 280/734/2488
f 512/730/2720 280/734/2488 514/735/2722
f 499/709/2707 512/730/2720 514/735/2722
f 514/735/2722 515/736/2723 499/709/2707
f 515/736/2723 511/729/2719 499/709/2707
f 511/729/2719 515/736/2723 256/341/2464
f 510/728/2718 511/729/2719 256/341/2464
f 509/727/2717 510/728/2718 516/737/2724
f 518/739/2726 517/738/2725 509/727/2717
f 517/738/2725 508/726/2716 509/727/2717
f 519/740/2727 508/726/2716 517/738/2725
f 508/726/2716 519/740/2727 487/693/2695
f 471/695/2679 487/693/2695 519/740/2727
f 517/743/2725 520/742/2728 519/741/2727
f 520/742/2728 471/744/2679 519/741/2727
f 518/745/2726 520/742/2728 517/743/2725
f 518/739/2726 509/727/2717 521/746/2729
f 518/745/2726 522/747/2730 520/742/2728
f 518/739/2726 521/746/2729 522/748/2730
f 521/746/2729 509/727/2717 523/749/2731
f 509/727/2717 516/737/2724 523/749/2731
f 516/737/2724 510/728/2718 523/749/2731
f 256/341/2464 515/736/2723 257/342/2465
f 515/736/2723 524/750/2732 259/346/2467
f 257/342/2465 515/736/2723 259/346/2467
f 524/750/2732 515/736/2723 514/735/2722
f 525/751/2733 524/750/2732 514/735/2722
f 514/735/2722 280/734/2488 525/751/2733
f 280/734/2488 269/361/2477 525/751/2733
f 524/750/2732 525/751/2733 269/361/2477
f 259/346/2467 524/750/2732 269/361/2477
f 510/728/2718 256/341/2464 526/752/2734
f 523/749/2731 510/728/2718 526/752/2734
f 527/753/2735 523/749/2731 526/752/2734
f 528/754/2736 523/749/2731 527/753/2735
f 521/746/2729 523/749/2731 528/754/2736
f 522/748/2730 521/746/2729 528/754/2736
f 529/757/2737 522/756/2730 528/755/2736
f 522/760/2730 529/759/2737 530/758/2738
f 520/761/2728 522/760/2730 530/758/2738
f 520/761/2728 530/758/2738 531/762/2739
f 470/667/2678 520/761/2728 531/762/2739
f 471/668/2679 520/761/2728 470/667/2678
f 470/667/2678 531/762/2739 74/98/2282
f 531/762/2739 530/758/2738 78/102/2286
f 531/762/2739 78/102/2286 74/98/2282
f 530/758/2738 529/759/2737 82/106/2290
f 530/758/2738 82/106/2290 78/102/2286
f 533/764/2741 529/757/2737 532/763/2740
f 529/759/2737 533/765/2741 82/106/2290
f 532/763/2740 529/757/2737 528/755/2736
f 528/754/2736 527/753/2735 532/766/2740
f 527/753/2735 526/752/2734 534/767/2742
f 532/766/2740 527/753/2735 534/767/2742
f 534/767/2742 526/752/2734 241/322/2449
f 526/752/2734 256/341/2464 243/324/2451
f 526/752/2734 243/324/2451 241/322/2449
f 535/768/2743 241/322/2449 238/319/2446
f 534/767/2742 241/322/2449 535/768/2743
f 536/769/2744 534/767/2742 535/768/2743
f 532/766/2740 534/767/2742 536/769/2744
f 536/769/2744 533/770/2741 532/766/2740
f 533/765/2741 537/771/2745 87/111/2295
f 536/769/2744 537/772/2745 533/770/2741
f 533/765/2741 87/111/2295 82/106/2290
f 537/771/2745 102/129/2310 87/111/2295
f 537/771/2745 538/773/2746 102/129/2310
f 539/775/2747 538/774/2746 537/772/2745
f 537/772/2745 540/776/2748 539/775/2747
f 536/769/2744 540/776/2748 537/772/2745
f 536/769/2744 535/768/2743 540/776/2748
f 535/768/2743 238/319/2446 541/777/2749
f 540/776/2748 535/768/2743 541/777/2749
f 541/777/2749 238/319/2446 240/321/2448
f 196/268/2404 148/201/2356 240/321/2448
f 240/321/2448 148/201/2356 541/777/2749
f 148/201/2356 542/778/2750 541/777/2749
f 541/777/2749 542/778/2750 540/776/2748
f 542/778/2750 539/775/2747 540/776/2748
f 539/775/2747 542/778/2750 149/202/2357
f 539/775/2747 149/202/2357 538/774/2746
f 104/199/2312 538/779/2746 147/198/2355
f 538/773/2746 104/131/2312 102/129/2310
f 538/774/2746 149/202/2357 147/197/2355
f 149/202/2357 542/778/2750 148/201/2356
f 148/201/2356 196/268/2404 171/231/2379
f 457/649/2665 319/431/2527 459/651/2667
f 459/651/2667 319/431/2527 318/429/2526
f 319/431/2527 457/649/2665 338/464/2546
f 338/464/2546 457/649/2665 543/780/2751
f 543/780/2751 457/649/2665 442/626/2650
f 543/781/2751 339/465/2547 338/466/2546
f 543/781/2751 440/624/2648 339/465/2547
f 442/626/2650 440/623/2648 543/780/2751
f 339/465/2547 440/624/2648 361/496/2569
f 412/578/2620 64/88/2272 59/83/2267
f 410/782/2618 412/578/2620 59/83/2267
f 411/783/2619 412/578/2620 410/782/2618
f 410/782/2618 59/83/2267 57/80/2265
f 58/82/2266 51/75/2259 407/566/2615
f 407/566/2615 51/75/2259 408/568/2616
f 51/70/2259 50/69/2258 408/567/2616
f 50/69/2258 544/784/2752 408/567/2616
f 408/567/2616 544/784/2752 385/531/2593
f 544/784/2752 50/69/2258 39/50/2247
f 545/785/2753 544/784/2752 39/50/2247
f 546/786/2754 544/784/2752 545/785/2753
f 544/784/2752 547/787/2755 385/531/2593
f 547/787/2755 544/784/2752 546/786/2754
f 548/788/2756 547/787/2755 546/786/2754
f 545/785/2753 549/789/2757 546/786/2754
f 36/46/2244 549/789/2757 545/785/2753
f 39/50/2247 36/46/2244 545/785/2753
f 549/789/2757 36/46/2244 35/45/2243
f 551/791/2759 550/790/2758 548/788/2756
f 550/790/2758 547/787/2755 548/788/2756
f 548/788/2756 546/786/2754 551/791/2759
f 547/787/2755 550/790/2758 384/530/2592
f 385/531/2593 547/787/2755 384/530/2592
f 550/790/2758 369/793/2577 383/792/2591
f 550/790/2758 552/794/2760 369/793/2577
f 550/790/2758 553/795/2761 552/794/2760
f 384/530/2592 550/790/2758 383/792/2591
f 550/790/2758 551/791/2759 553/795/2761
f 553/795/2761 551/791/2759 554/796/2762
f 551/791/2759 555/797/2763 554/796/2762
f 551/791/2759 546/786/2754 555/797/2763
f 549/789/2757 556/798/2764 546/786/2754
f 546/786/2754 556/798/2764 555/797/2763
f 556/798/2764 549/789/2757 557/799/2765
f 557/799/2765 549/789/2757 35/45/2243
f 35/45/2243 34/44/2242 557/799/2765
f 34/43/2242 33/42/2241 558/800/2766
f 557/799/2765 34/44/2242 559/801/2767
f 34/43/2242 558/800/2766 559/802/2767
f 560/803/2768 556/798/2764 557/799/2765
f 557/799/2765 559/801/2767 560/803/2768
f 556/798/2764 554/796/2762 555/797/2763
f 556/798/2764 561/804/2769 554/796/2762
f 556/798/2764 562/805/2770 561/804/2769
f 556/798/2764 560/803/2768 562/805/2770
f 554/808/2762 563/807/2771 553/806/2761
f 554/808/2762 561/809/2769 563/807/2771
f 553/806/2761 563/807/2771 552/810/2760
f 565/813/2773 552/812/2760 564/811/2772
f 369/814/2577 552/812/2760 565/813/2773
f 552/817/2760 563/816/2771 564/815/2772
f 565/818/2773 353/508/2561 369/510/2577
f 353/483/2561 565/819/2773 351/481/2559
f 565/819/2773 564/815/2772 351/481/2559
f 351/481/2559 564/815/2772 566/820/2774
f 564/815/2772 567/821/2775 566/820/2774
f 564/815/2772 563/816/2771 567/821/2775
f 563/816/2771 568/822/2776 567/821/2775
f 563/816/2771 561/823/2769 568/822/2776
f 561/823/2769 569/824/2777 568/822/2776
f 562/827/2770 569/826/2777 561/825/2769
f 570/828/2778 569/826/2777 562/827/2770
f 562/805/2770 560/803/2768 570/829/2778
f 560/803/2768 571/830/2779 570/829/2778
f 560/803/2768 559/801/2767 571/830/2779
f 559/802/2767 572/832/2780 571/831/2779
f 559/802/2767 558/800/2766 572/832/2780
f 558/800/2766 32/41/2240 572/832/2780
f 33/42/2241 32/41/2240 558/800/2766
f 572/832/2780 32/41/2240 573/833/2781
f 573/833/2781 32/41/2240 31/40/2239
f 571/831/2779 572/832/2780 574/834/2782
f 572/832/2780 573/833/2781 574/834/2782
f 570/829/2778 571/830/2779 575/835/2783
f 571/831/2779 574/834/2782 575/836/2783
f 576/837/2784 569/826/2777 570/828/2778
f 575/838/2783 576/837/2784 570/828/2778
f 568/822/2776 569/824/2777 577/839/2785
f 569/824/2777 576/840/2784 577/839/2785
f 567/821/2775 568/822/2776 578/841/2786
f 568/822/2776 577/839/2785 578/841/2786
f 567/821/2775 578/841/2786 566/820/2774
f 351/481/2559 566/820/2774 350/480/2558
f 576/840/2784 579/842/2787 577/839/2785
f 579/843/2787 576/837/2784 575/838/2783
f 580/846/2788 579/845/2787 575/844/2783
f 575/836/2783 574/834/2782 580/847/2788
f 574/834/2782 581/848/2789 580/847/2788
f 574/834/2782 573/833/2781 581/848/2789
f 581/848/2789 573/833/2781 582/849/2790
f 582/849/2790 573/833/2781 31/40/2239
f 31/40/2239 583/850/2791 582/849/2790
f 30/39/2238 583/850/2791 31/40/2239
f 583/850/2791 584/851/2792 582/849/2790
f 581/848/2789 582/849/2790 580/847/2788
f 585/852/2793 579/845/2787 580/846/2788
f 580/847/2788 582/849/2790 584/851/2792
f 580/847/2788 584/851/2792 586/853/2794
f 580/847/2788 586/853/2794 585/854/2793
f 577/839/2785 579/842/2787 587/855/2795
f 579/858/2787 585/857/2793 587/856/2795
f 577/839/2785 587/855/2795 578/841/2786
f 350/480/2558 327/444/2535 328/445/2536
f 587/855/2795 588/859/2796 578/841/2786
f 589/861/2797 588/860/2796 587/856/2795
f 585/857/2793 589/861/2797 587/856/2795
f 585/854/2793 586/853/2794 589/862/2797
f 586/853/2794 583/850/2791 590/863/2798
f 586/853/2794 590/863/2798 591/864/2799
f 586/853/2794 591/864/2799 589/862/2797
f 584/851/2792 583/850/2791 586/853/2794
f 592/865/2800 590/863/2798 583/850/2791
f 590/863/2798 593/866/2801 591/864/2799
f 593/866/2801 590/863/2798 594/867/2802
f 590/863/2798 592/865/2800 594/867/2802
f 596/870/2804 595/869/2803 591/868/2799
f 591/864/2799 593/866/2801 596/871/2804
f 589/861/2797 591/868/2799 595/869/2803
f 589/861/2797 595/869/2803 588/860/2796
f 566/820/2774 597/872/2805 350/480/2558
f 350/480/2558 597/872/2805 327/444/2535
f 588/859/2796 598/873/2806 578/841/2786
f 588/859/2796 599/874/2807 598/873/2806
f 600/876/2808 599/875/2807 588/860/2796
f 595/869/2803 600/876/2808 588/860/2796
f 600/876/2808 595/869/2803 596/870/2804
f 600/876/2808 601/877/2809 599/875/2807
f 596/870/2804 601/877/2809 600/876/2808
f 601/877/2809 602/878/2810 599/875/2807
f 327/444/2535 597/872/2805 603/879/2811
f 327/444/2535 603/879/2811 307/412/2515
f 327/444/2535 307/412/2515 306/411/2514
f 578/841/2786 598/873/2806 604/880/2812
f 578/841/2786 604/880/2812 566/820/2774
f 566/820/2774 605/881/2813 597/872/2805
f 566/820/2774 604/880/2812 605/881/2813
f 597/872/2805 606/882/2814 603/879/2811
f 597/872/2805 605/881/2813 606/882/2814
f 603/879/2811 606/882/2814 607/883/2815
f 603/879/2811 607/883/2815 307/412/2515
f 607/883/2815 609/885/2817 608/884/2816
f 307/412/2515 607/883/2815 608/884/2816
f 598/873/2806 610/886/2818 604/880/2812
f 610/886/2818 611/887/2819 604/880/2812
f 606/882/2814 612/888/2820 607/883/2815
f 606/882/2814 613/889/2821 612/888/2820
f 607/883/2815 612/888/2820 609/885/2817
f 609/885/2817 612/888/2820 614/890/2822
f 609/885/2817 614/890/2822 608/884/2816
f 608/884/2816 614/890/2822 615/891/2823
f 606/882/2814 616/892/2824 613/889/2821
f 617/893/2825 616/892/2824 606/882/2814
f 605/881/2813 617/893/2825 606/882/2814
f 605/881/2813 618/894/2826 617/893/2825
f 604/880/2812 618/894/2826 605/881/2813
f 619/895/2827 618/894/2826 604/880/2812
f 611/887/2819 619/895/2827 604/880/2812
f 618/894/2826 620/896/2828 617/893/2825
f 618/894/2826 621/897/2829 620/896/2828
f 622/898/2830 618/894/2826 619/895/2827
f 622/898/2830 621/897/2829 618/894/2826
f 623/899/2831 616/892/2824 617/893/2825
f 623/899/2831 617/893/2825 624/900/2832
f 617/893/2825 620/896/2828 624/900/2832
f 616/892/2824 625/901/2833 613/889/2821
f 616/892/2824 626/902/2834 625/901/2833
f 623/899/2831 626/902/2834 616/892/2824
f 612/888/2820 613/889/2821 627/903/2835
f 612/888/2820 627/903/2835 614/890/2822
f 614/890/2822 627/903/2835 628/904/2836
f 614/890/2822 628/904/2836 629/905/2837
f 615/891/2823 614/890/2822 629/905/2837
f 615/891/2823 629/905/2837 630/906/2838
f 625/901/2833 631/907/2839 613/889/2821
f 625/901/2833 632/908/2840 631/907/2839
f 626/902/2834 632/908/2840 625/901/2833
f 632/911/2840 626/910/2834 633/909/2841
f 633/909/2841 626/910/2834 634/912/2842
f 634/913/2842 626/902/2834 623/899/2831
f 624/900/2832 634/913/2842 623/899/2831
f 635/914/2843 624/900/2832 620/896/2828
f 636/916/2844 634/912/2842 624/915/2832
f 635/917/2843 636/916/2844 624/915/2832
f 636/916/2844 633/909/2841 634/912/2842
f 637/918/2845 632/911/2840 633/909/2841
f 633/921/2841 638/920/2846 637/919/2845
f 639/924/2847 633/923/2841 636/922/2844
f 639/924/2847 638/925/2846 633/923/2841
f 632/908/2840 640/926/2848 631/907/2839
f 640/927/2848 632/911/2840 637/918/2845
f 631/907/2839 641/928/2849 613/889/2821
f 631/907/2839 640/926/2848 641/928/2849
f 629/905/2837 628/904/2836 642/929/2850
f 630/906/2838 629/905/2837 642/929/2850
f 613/889/2821 641/928/2849 627/903/2835
f 644/931/2852 643/930/2851 641/928/2849
f 640/926/2848 644/931/2852 641/928/2849
f 644/933/2852 640/927/2848 645/932/2853
f 645/932/2853 640/927/2848 637/918/2845
f 637/919/2845 646/935/2854 645/934/2853
f 638/920/2846 646/935/2854 637/919/2845
f 645/938/2853 648/937/2856 647/936/2855
f 645/938/2853 647/936/2855 649/939/2857
f 645/932/2853 649/940/2857 644/933/2852
f 650/941/2858 648/937/2856 645/938/2853
f 646/935/2854 650/942/2858 645/934/2853
f 644/933/2852 649/940/2857 643/943/2851
f 643/930/2851 651/944/2859 641/928/2849
f 649/940/2857 651/945/2859 643/943/2851
f 641/928/2849 652/946/2860 627/903/2835
f 641/928/2849 651/944/2859 652/946/2860
f 627/903/2835 652/946/2860 653/947/2861
f 627/903/2835 654/948/2862 628/904/2836
f 627/903/2835 653/947/2861 654/948/2862
f 654/948/2862 655/949/2863 628/904/2836
f 628/904/2836 655/949/2863 656/950/2864
f 642/929/2850 628/904/2836 656/950/2864
f 642/929/2850 656/950/2864 657/951/2865
f 655/949/2863 658/952/2866 656/950/2864
f 655/949/2863 659/953/2867 658/952/2866
f 660/954/2868 659/953/2867 655/949/2863
f 661/955/2869 660/954/2868 655/949/2863
f 662/956/2870 655/949/2863 654/948/2862
f 662/956/2870 661/955/2869 655/949/2863
f 662/956/2870 654/948/2862 663/957/2871
f 654/948/2862 664/958/2872 663/957/2871
f 653/947/2861 664/958/2872 654/948/2862
f 665/959/2873 664/958/2872 653/947/2861
f 652/946/2860 665/959/2873 653/947/2861
f 651/944/2859 665/959/2873 652/946/2860
f 666/960/2874 665/959/2873 651/944/2859
f 667/962/2875 666/961/2874 651/945/2859
f 668/963/2876 667/962/2875 651/945/2859
f 649/940/2857 668/963/2876 651/945/2859
f 668/966/2876 649/965/2857 647/964/2855
f 668/966/2876 647/964/2855 667/967/2875
f 670/969/2878 667/967/2875 669/968/2877
f 671/970/2879 667/967/2875 670/969/2878
f 671/971/2879 666/961/2874 667/962/2875
f 667/967/2875 647/964/2855 669/968/2877
f 666/960/2874 672/972/2880 665/959/2873
f 671/971/2879 672/973/2880 666/961/2874
f 673/974/2881 664/958/2872 665/959/2873
f 672/972/2880 673/974/2881 665/959/2873
f 674/975/2882 663/957/2871 664/958/2872
f 673/974/2881 674/975/2882 664/958/2872
f 676/978/2884 675/977/2883 663/976/2871
f 663/976/2871 675/977/2883 662/979/2870
f 674/980/2882 676/978/2884 663/976/2871
f 675/977/2883 661/981/2869 662/979/2870
f 675/977/2883 677/982/2885 661/981/2869
f 661/981/2869 677/982/2885 660/983/2868
f 677/982/2885 659/984/2867 660/983/2868
f 659/984/2867 678/986/2886 658/985/2866
f 678/986/2886 659/984/2867 679/987/2887
f 679/987/2887 659/984/2867 677/982/2885
f 658/952/2866 681/989/2889 680/988/2888
f 656/950/2864 658/952/2866 680/988/2888
f 658/985/2866 678/986/2886 681/990/2889
f 657/951/2865 656/950/2864 680/988/2888
f 657/951/2865 680/988/2888 682/991/2890
f 678/986/2886 683/992/2891 681/990/2889
f 683/992/2891 678/986/2886 684/993/2892
f 684/993/2892 678/986/2886 679/987/2887
f 679/996/2887 685/995/2893 684/994/2892
f 677/998/2885 686/997/2894 679/996/2887
f 686/997/2894 685/995/2893 679/996/2887
f 675/999/2883 686/997/2894 677/998/2885
f 675/999/2883 687/1000/2895 686/997/2894
f 687/1000/2895 675/999/2883 688/1001/2896
f 675/999/2883 676/1002/2884 688/1001/2896
f 689/1003/2897 688/1001/2896 676/1002/2884
f 690/1004/2898 689/1003/2897 676/1002/2884
f 690/1005/2898 676/978/2884 674/980/2882
f 690/1006/2898 674/975/2882 673/974/2881
f 672/972/2880 690/1006/2898 673/974/2881
f 671/971/2879 690/1007/2898 672/973/2880
f 671/970/2879 692/1009/2900 691/1008/2899
f 671/1011/2879 691/1010/2899 690/1004/2898
f 670/969/2878 692/1009/2900 671/970/2879
f 691/1010/2899 689/1003/2897 690/1004/2898
f 693/1012/2901 688/1001/2896 689/1003/2897
f 687/1000/2895 688/1001/2896 693/1012/2901
f 687/1000/2895 694/1013/2902 686/997/2894
f 694/1013/2902 687/1000/2895 693/1012/2901
f 695/1014/2903 685/995/2893 686/997/2894
f 696/1015/2904 695/1014/2903 686/997/2894
f 686/997/2894 694/1013/2902 696/1015/2904
f 685/995/2893 697/1016/2905 684/994/2892
f 698/1017/2906 697/1016/2905 685/995/2893
f 695/1014/2903 698/1017/2906 685/995/2893
f 699/1018/2907 683/992/2891 684/993/2892
f 697/1016/2905 699/1019/2907 684/994/2892
f 683/992/2891 700/1020/2908 681/990/2889
f 699/1018/2907 700/1020/2908 683/992/2891
f 701/1021/2909 680/988/2888 681/989/2889
f 700/1020/2908 701/1022/2909 681/990/2889
f 680/988/2888 702/1023/2910 682/991/2890
f 703/1024/2911 702/1023/2910 680/988/2888
f 701/1021/2909 703/1024/2911 680/988/2888
f 704/1025/2912 703/1024/2911 701/1021/2909
f 704/1026/2912 701/1022/2909 700/1020/2908
f 705/1027/2913 700/1020/2908 699/1018/2907
f 704/1026/2912 700/1020/2908 705/1027/2913
f 706/1029/2914 705/1028/2913 699/1019/2907
f 707/1030/2915 706/1029/2914 699/1019/2907
f 707/1030/2915 699/1019/2907 697/1016/2905
f 698/1017/2906 707/1030/2915 697/1016/2905
f 708/1031/2916 707/1030/2915 698/1017/2906
f 708/1031/2916 698/1017/2906 695/1014/2903
f 694/1013/2902 693/1012/2901 709/1032/2917
f 694/1013/2902 710/1033/2918 696/1015/2904
f 710/1033/2918 694/1013/2902 709/1032/2917
f 711/1034/2919 695/1014/2903 696/1015/2904
f 712/1035/2920 711/1034/2919 696/1015/2904
f 696/1015/2904 710/1033/2918 712/1035/2920
f 711/1034/2919 708/1031/2916 695/1014/2903
f 713/1036/2921 706/1029/2914 707/1030/2915
f 714/1037/2922 713/1036/2921 707/1030/2915
f 706/1029/2914 715/1038/2923 705/1028/2913
f 716/1039/2924 715/1038/2923 706/1029/2914
f 713/1036/2921 716/1039/2924 706/1029/2914
f 704/1041/2912 705/1028/2913 717/1040/2925
f 705/1028/2913 715/1038/2923 717/1040/2925
f 704/1041/2912 717/1040/2925 718/1042/2926
f 703/1024/2911 704/1025/2912 718/1043/2926
f 703/1024/2911 719/1044/2927 702/1023/2910
f 718/1043/2926 719/1044/2927 703/1024/2911
f 718/1042/2926 721/1046/2929 720/1045/2928
f 718/1042/2926 720/1045/2928 722/1047/2930
f 718/1043/2926 722/1048/2930 719/1044/2927
f 721/1046/2929 718/1042/2926 723/1049/2931
f 718/1042/2926 717/1040/2925 723/1049/2931
f 715/1038/2923 723/1049/2931 717/1040/2925
f 724/1050/2932 723/1049/2931 715/1038/2923
f 716/1039/2924 724/1050/2932 715/1038/2923
f 725/1051/2933 713/1036/2921 714/1037/2922
f 714/1037/2922 707/1030/2915 725/1051/2933
f 725/1051/2933 707/1030/2915 708/1031/2916
f 726/1052/2934 708/1031/2916 711/1034/2919
f 727/1053/2935 726/1052/2934 711/1034/2919
f 727/1053/2935 711/1034/2919 712/1035/2920
f 726/1052/2934 725/1051/2933 708/1031/2916
f 728/1054/2936 716/1039/2924 713/1036/2921
f 724/1050/2932 716/1039/2924 729/1055/2937
f 716/1039/2924 728/1054/2936 729/1055/2937
f 724/1050/2932 730/1056/2938 723/1049/2931
f 723/1049/2931 730/1056/2938 721/1046/2929
f 721/1046/2929 730/1056/2938 720/1045/2928
f 720/1045/2928 730/1056/2938 731/1057/2939
f 730/1056/2938 724/1050/2932 731/1057/2939
f 731/1057/2939 724/1050/2932 732/1058/2940
f 733/1059/2941 728/1054/2936 713/1036/2921
f 713/1036/2921 725/1051/2933 733/1059/2941
f 734/1060/2942 733/1059/2941 725/1051/2933
f 726/1052/2934 734/1060/2942 725/1051/2933
f 735/1061/2943 726/1052/2934 727/1053/2935
f 736/1062/2944 726/1052/2934 735/1061/2943
f 736/1062/2944 734/1060/2942 726/1052/2934
f 737/1063/2945 727/1053/2935 712/1035/2920
f 735/1061/2943 727/1053/2935 737/1063/2945
f 712/1035/2920 710/1033/2918 737/1063/2945
f 710/1033/2918 709/1032/2917 738/1064/2946
f 710/1033/2918 739/1065/2947 737/1063/2945
f 738/1064/2946 739/1065/2947 710/1033/2918
f 740/1066/2948 735/1061/2943 737/1063/2945
f 737/1063/2945 739/1065/2947 740/1066/2948
f 741/1069/2949 736/1068/2944 735/1067/2943
f 740/1071/2948 742/1070/2950 735/1067/2943
f 742/1070/2950 741/1069/2949 735/1067/2943
f 743/1072/2951 734/1060/2942 736/1062/2944
f 743/1073/2951 736/1068/2944 741/1069/2949
f 734/1060/2942 743/1072/2951 733/1059/2941
f 745/1075/2953 744/1074/2952 733/1059/2941
f 744/1074/2952 728/1054/2936 733/1059/2941
f 743/1072/2951 745/1075/2953 733/1059/2941
f 729/1055/2937 728/1054/2936 746/1076/2954
f 728/1054/2936 744/1074/2952 746/1076/2954
f 746/1076/2954 747/1077/2955 729/1055/2937
f 747/1077/2955 724/1050/2932 729/1055/2937
f 724/1050/2932 747/1077/2955 732/1058/2940
f 732/1080/2940 748/1079/2956 731/1078/2939
f 748/1079/2956 749/1081/2957 731/1078/2939
f 750/1082/2958 749/1081/2957 748/1079/2956
f 751/1083/2959 750/1082/2958 748/1079/2956
f 752/1084/2960 751/1083/2959 748/1079/2956
f 753/1085/2961 748/1079/2956 732/1080/2940
f 732/1088/2940 747/1087/2955 753/1086/2961
f 747/1077/2955 755/1090/2963 754/1089/2962
f 753/1086/2961 747/1087/2955 754/1091/2962
f 755/1090/2963 747/1077/2955 746/1076/2954
f 756/1092/2964 755/1090/2963 746/1076/2954
f 746/1076/2954 744/1074/2952 756/1092/2964
f 756/1092/2964 744/1074/2952 757/1093/2965
f 757/1093/2965 744/1074/2952 745/1075/2953
f 743/1073/2951 758/1095/2966 745/1094/2953
f 758/1095/2966 757/1096/2965 745/1094/2953
f 759/1097/2967 758/1095/2966 743/1073/2951
f 743/1073/2951 741/1069/2949 759/1097/2967
f 759/1100/2967 741/1099/2949 760/1098/2968
f 742/1101/2950 760/1098/2968 741/1099/2949
f 761/1102/2969 760/1098/2968 742/1101/2950
f 762/1103/2970 761/1102/2969 742/1101/2950
f 742/1101/2950 763/1104/2971 762/1103/2970
f 740/1071/2948 763/1105/2971 742/1070/2950
f 740/1066/2948 739/1065/2947 763/1106/2971
f 763/1106/2971 739/1065/2947 764/1107/2972
f 765/1108/2973 762/1103/2970 763/1104/2971
f 763/1104/2971 766/1109/2974 765/1108/2973
f 764/1112/2972 766/1111/2974 763/1110/2971
f 767/1113/2975 761/1102/2969 762/1103/2970
f 768/1114/2976 767/1113/2975 762/1103/2970
f 768/1114/2976 762/1103/2970 765/1108/2973
f 761/1102/2969 769/1115/2977 760/1098/2968
f 767/1113/2975 769/1115/2977 761/1102/2969
f 760/1098/2968 770/1116/2978 759/1100/2967
f 769/1115/2977 770/1116/2978 760/1098/2968
f 759/1100/2967 770/1116/2978 758/1117/2966
f 758/1117/2966 771/1119/2979 757/1118/2965
f 770/1116/2978 771/1119/2979 758/1117/2966
f 772/1120/2980 757/1118/2965 771/1119/2979
f 756/1092/2964 757/1093/2965 772/1121/2980
f 772/1121/2980 755/1090/2963 756/1092/2964
f 755/1090/2963 772/1121/2980 754/1089/2962
f 774/1124/2982 773/1123/2981 754/1122/2962
f 753/1085/2961 754/1122/2962 773/1123/2981
f 754/1127/2962 775/1126/2983 774/1125/2982
f 772/1128/2980 775/1126/2983 754/1127/2962
f 773/1123/2981 748/1079/2956 753/1085/2961
f 748/1079/2956 773/1123/2981 752/1084/2960
f 752/1084/2960 773/1123/2981 774/1124/2982
f 774/1124/2982 777/1130/2985 776/1129/2984
f 752/1084/2960 774/1124/2982 776/1129/2984
f 774/1125/2982 778/1132/2986 777/1131/2985
f 775/1126/2983 778/1132/2986 774/1125/2982
f 779/1135/2987 778/1134/2986 775/1133/2983
f 771/1119/2979 775/1133/2983 772/1120/2980
f 779/1135/2987 775/1133/2983 771/1119/2979
f 770/1116/2978 779/1135/2987 771/1119/2979
f 769/1115/2977 779/1135/2987 770/1116/2978
f 780/1136/2988 768/1114/2976 765/1108/2973
f 780/1136/2988 765/1108/2973 766/1109/2974
f 769/1115/2977 781/1137/2989 779/1135/2987
f 781/1137/2989 782/1138/2990 779/1135/2987
f 782/1138/2990 783/1139/2991 779/1135/2987
f 783/1139/2991 778/1134/2986 779/1135/2987
f 778/1134/2986 784/1141/2992 777/1140/2985
f 783/1139/2991 784/1141/2992 778/1134/2986
f 785/1142/2993 776/1129/2984 777/1130/2985
f 786/1145/2994 785/1144/2993 777/1143/2985
f 777/1143/2985 784/1146/2992 786/1145/2994
f 784/1141/2992 787/1148/2995 786/1147/2994
f 788/1149/2996 787/1148/2995 784/1141/2992
f 788/1149/2996 784/1141/2992 783/1139/2991
f 782/1138/2990 788/1149/2996 783/1139/2991
f 790/1151/2998 780/1136/2988 789/1150/2997
f 791/1152/2999 768/1114/2976 780/1136/2988
f 791/1152/2999 792/1153/3000 768/1114/2976
f 792/1153/3000 767/1113/2975 768/1114/2976
f 767/1113/2975 781/1137/2989 769/1115/2977
f 782/1138/2990 793/1154/3001 788/1149/2996
f 793/1154/3001 787/1148/2995 788/1149/2996
f 793/1154/3001 794/1155/3002 787/1148/2995
f 795/1156/3003 793/1154/3001 782/1138/2990
f 796/1157/3004 782/1138/2990 781/1137/2989
f 790/1151/2998 791/1152/2999 780/1136/2988
f 73/97/2281 767/1113/2975 792/1153/3000
f 73/97/2281 797/1158/3005 767/1113/2975
f 797/1158/3005 781/1137/2989 767/1113/2975
f 796/1157/3004 795/1156/3003 782/1138/2990
f 795/1156/3003 798/1159/3006 793/1154/3001
f 799/1160/3007 798/1159/3006 795/1156/3003
f 796/1157/3004 799/1160/3007 795/1156/3003
f 800/1161/3008 797/1158/3005 73/97/2281
f 77/101/2285 781/1137/2989 797/1158/3005
f 800/1161/3008 77/101/2285 797/1158/3005
f 77/101/2285 796/1157/3004 781/1137/2989
f 77/101/2285 801/1162/3009 796/1157/3004
f 801/1162/3009 799/1160/3007 796/1157/3004
f 799/1160/3007 802/1163/3010 798/1159/3006
f 803/1164/3011 802/1163/3010 799/1160/3007
f 801/1162/3009 803/1164/3011 799/1160/3007
f 77/101/2285 84/108/2292 801/1162/3009
f 73/97/2281 77/101/2285 800/1161/3008
f 65/89/2273 73/97/2281 792/1153/3000
f 61/85/2269 65/89/2273 792/1153/3000
f 61/85/2269 792/1153/3000 791/1152/2999
f 61/85/2269 791/1152/2999 804/1165/3012
f 63/87/2271 61/85/2269 804/1165/3012
f 63/87/2271 804/1165/3012 805/1166/3013
f 62/86/2270 63/87/2271 805/1166/3013
f 804/1165/3012 791/1152/2999 790/1151/2998
f 62/86/2270 805/1166/3013 806/1167/3014
f 42/57/2250 62/86/2270 806/1167/3014
f 808/1169/3016 806/1167/3014 807/1168/3015
f 42/57/2250 806/1167/3014 808/1169/3016
f 806/1167/3014 805/1166/3013 809/1170/3017
f 805/1166/3013 810/1171/3018 809/1170/3017
f 805/1166/3013 804/1165/3012 810/1171/3018
f 804/1165/3012 790/1151/2998 811/1172/3019
f 810/1171/3018 804/1165/3012 811/1172/3019
f 810/1171/3018 811/1172/3019 812/1173/3020
f 812/1173/3020 813/1174/3021 810/1171/3018
f 809/1170/3017 810/1171/3018 813/1174/3021
f 813/1174/3021 814/1175/3022 809/1170/3017
f 815/1176/3023 809/1170/3017 814/1175/3022
f 816/1177/3024 809/1170/3017 815/1176/3023
f 806/1167/3014 809/1170/3017 816/1177/3024
f 807/1168/3015 806/1167/3014 816/1177/3024
f 808/1169/3016 807/1168/3015 817/1178/3025
f 818/1179/3026 42/57/2250 808/1169/3016
f 819/1180/3027 808/1169/3016 817/1178/3025
f 818/1179/3026 808/1169/3016 819/1180/3027
f 44/59/2252 62/86/2270 42/57/2250
f 818/1179/3026 820/1181/3028 42/57/2250
f 821/1182/3029 820/1181/3028 818/1179/3026
f 819/1180/3027 822/1183/3030 818/1179/3026
f 822/1183/3030 821/1182/3029 818/1179/3026
f 819/1186/3027 817/1185/3025 823/1184/3031
f 822/1187/3030 819/1186/3027 823/1184/3031
f 824/1188/3032 817/1178/3025 807/1168/3015
f 825/1190/3033 817/1185/3025 824/1189/3032
f 825/1190/3033 823/1184/3031 817/1185/3025
f 807/1168/3015 816/1177/3024 824/1188/3032
f 815/1176/3023 826/1191/3034 816/1177/3024
f 824/1188/3032 816/1177/3024 826/1191/3034
f 828/1194/3036 815/1193/3023 827/1192/3035
f 815/1193/3023 814/1195/3022 827/1192/3035
f 828/1194/3036 826/1196/3034 815/1193/3023
f 829/1199/3037 814/1198/3022 813/1197/3021
f 829/1202/3037 830/1201/3038 814/1200/3022
f 814/1200/3022 830/1201/3038 827/1203/3035
f 831/1205/3039 813/1197/3021 812/1204/3020
f 831/1205/3039 829/1199/3037 813/1197/3021
f 812/1173/3020 811/1172/3019 832/1206/3040
f 831/1205/3039 812/1204/3020 833/1207/3041
f 812/1204/3020 832/1208/3040 833/1207/3041
f 831/1211/3039 833/1210/3041 834/1209/3042
f 835/1212/3043 831/1211/3039 834/1209/3042
f 831/1211/3039 835/1212/3043 829/1202/3037
f 829/1202/3037 835/1212/3043 836/1213/3044
f 829/1202/3037 836/1213/3044 837/1214/3045
f 829/1202/3037 837/1214/3045 830/1201/3038
f 830/1201/3038 838/1215/3046 827/1203/3035
f 830/1201/3038 837/1214/3045 838/1215/3046
f 827/1203/3035 838/1215/3046 839/1216/3047
f 828/1217/3036 827/1203/3035 839/1216/3047
f 828/1217/3036 839/1216/3047 840/1218/3048
f 828/1217/3036 840/1218/3048 826/1219/3034
f 826/1219/3034 840/1218/3048 841/1220/3049
f 824/1189/3032 826/1222/3034 841/1221/3049
f 842/1223/3050 824/1189/3032 841/1221/3049
f 825/1190/3033 824/1189/3032 842/1223/3050
f 825/1226/3033 843/1225/3051 823/1224/3031
f 843/1225/3051 825/1226/3033 842/1227/3050
f 823/1224/3031 843/1225/3051 844/1228/3052
f 844/1228/3052 845/1229/3053 823/1224/3031
f 845/1229/3053 822/1230/3030 823/1224/3031
f 821/1231/3029 822/1230/3030 845/1229/3053
f 845/1229/3053 847/1233/3055 846/1232/3054
f 847/1233/3055 845/1229/3053 844/1228/3052
f 848/1234/3056 821/1231/3029 845/1229/3053
f 848/1234/3056 845/1229/3053 846/1232/3054
f 843/1225/3051 849/1235/3057 844/1228/3052
f 849/1235/3057 843/1225/3051 850/1236/3058
f 850/1236/3058 843/1225/3051 842/1227/3050
f 842/1238/3050 841/1220/3049 850/1237/3058
f 841/1220/3049 852/1240/3060 851/1239/3059
f 840/1218/3048 852/1240/3060 841/1220/3049
f 841/1220/3049 851/1239/3059 850/1237/3058
f 840/1218/3048 839/1216/3047 852/1240/3060
f 839/1216/3047 853/1241/3061 852/1240/3060
f 839/1216/3047 838/1215/3046 854/1242/3062
f 854/1242/3062 853/1241/3061 839/1216/3047
f 838/1215/3046 837/1214/3045 855/1243/3063
f 838/1215/3046 855/1243/3063 854/1242/3062
f 857/1245/3065 835/1212/3043 856/1244/3064
f 856/1244/3064 835/1212/3043 834/1209/3042
f 835/1212/3043 857/1245/3065 836/1213/3044
f 836/1213/3044 857/1245/3065 858/1246/3066
f 858/1246/3066 837/1214/3045 836/1213/3044
f 837/1214/3045 858/1246/3066 855/1243/3063
f 859/1247/3067 853/1241/3061 854/1242/3062
f 852/1240/3060 853/1241/3061 859/1247/3067
f 852/1240/3060 859/1247/3067 860/1248/3068
f 851/1239/3059 852/1240/3060 860/1248/3068
f 851/1239/3059 860/1248/3068 861/1249/3069
f 850/1237/3058 851/1239/3059 861/1249/3069
f 861/1250/3069 849/1235/3057 850/1236/3058
f 844/1228/3052 849/1235/3057 862/1251/3070
f 862/1251/3070 847/1233/3055 844/1228/3052
f 863/1252/3071 847/1233/3055 862/1251/3070
f 849/1235/3057 864/1253/3072 862/1251/3070
f 862/1251/3070 864/1253/3072 865/1254/3073
f 864/1253/3072 849/1235/3057 866/1255/3074
f 866/1255/3074 849/1235/3057 861/1250/3069
f 861/1258/3069 860/1257/3068 866/1256/3074
f 867/1259/3075 857/1245/3065 856/1244/3064
f 858/1246/3066 857/1245/3065 868/1260/3076
f 868/1260/3076 857/1245/3065 867/1259/3075
f 855/1243/3063 870/1262/3078 869/1261/3077
f 854/1242/3062 855/1243/3063 869/1261/3077
f 869/1261/3077 859/1247/3067 854/1242/3062
f 866/1256/3074 860/1257/3068 871/1263/3079
f 871/1264/3079 864/1253/3072 866/1255/3074
f 865/1254/3073 863/1252/3071 862/1251/3070
f 873/1266/3081 872/1265/3080 865/1254/3073
f 872/1265/3080 863/1252/3071 865/1254/3073
f 864/1253/3072 873/1266/3081 865/1254/3073
f 873/1266/3081 864/1253/3072 874/1267/3082
f 874/1267/3082 864/1253/3072 871/1264/3079
f 871/1263/3079 860/1257/3068 874/1268/3082
f 860/1248/3068 859/1247/3067 875/1269/3083
f 860/1248/3068 875/1269/3083 874/1270/3082
f 859/1247/3067 876/1271/3084 875/1269/3083
f 869/1261/3077 870/1262/3078 877/1272/3085
f 869/1261/3077 877/1272/3085 878/1273/3086
f 859/1247/3067 869/1261/3077 878/1273/3086
f 855/1243/3063 879/1274/3087 870/1262/3078
f 870/1262/3078 879/1274/3087 877/1272/3085
f 879/1274/3087 855/1243/3063 858/1246/3066
f 858/1246/3066 881/1276/3089 880/1275/3088
f 880/1275/3088 879/1274/3087 858/1246/3066
f 881/1276/3089 858/1246/3066 868/1260/3076
f 639/924/2847 881/1276/3089 638/925/2846
f 638/925/2846 881/1276/3089 868/1260/3076
f 881/1276/3089 639/924/2847 880/1275/3088
f 880/1275/3088 639/924/2847 636/922/2844
f 882/1277/3090 880/1275/3088 636/922/2844
f 879/1274/3087 880/1275/3088 882/1277/3090
f 877/1272/3085 879/1274/3087 882/1277/3090
f 883/1278/3091 877/1272/3085 882/1277/3090
f 877/1272/3085 884/1279/3092 878/1273/3086
f 883/1278/3091 884/1279/3092 877/1272/3085
f 859/1247/3067 878/1273/3086 876/1271/3084
f 878/1273/3086 884/1279/3092 885/1280/3093
f 886/1281/3094 878/1273/3086 885/1280/3093
f 876/1271/3084 878/1273/3086 886/1281/3094
f 875/1269/3083 876/1271/3084 887/1282/3095
f 874/1270/3082 875/1269/3083 887/1282/3095
f 887/1283/3095 873/1266/3081 874/1267/3082
f 889/1285/3097 873/1266/3081 888/1284/3096
f 873/1266/3081 887/1283/3095 888/1284/3096
f 889/1288/3097 891/1287/3099 890/1286/3098
f 889/1288/3097 888/1289/3096 891/1287/3099
f 889/1288/3097 890/1286/3098 892/1290/3100
f 892/1291/3100 873/1266/3081 889/1285/3097
f 894/1293/3102 893/1292/3101 888/1289/3096
f 888/1289/3096 887/1294/3095 894/1293/3102
f 891/1287/3099 888/1289/3096 893/1292/3101
f 887/1282/3095 876/1271/3084 894/1295/3102
f 876/1271/3084 886/1281/3094 894/1295/3102
f 886/1281/3094 885/1280/3093 894/1295/3102
f 611/887/2819 885/1296/3093 619/895/2827
f 885/1299/3093 884/1298/3092 619/1297/2827
f 893/1300/3101 885/1296/3093 611/887/2819
f 885/1301/3093 893/1292/3101 894/1293/3102
f 884/1298/3092 622/1302/2830 619/1297/2827
f 883/1303/3091 622/1302/2830 884/1298/3092
f 882/1305/3090 621/897/2829 883/1304/3091
f 883/1304/3091 621/897/2829 622/898/2830
f 882/1306/3090 636/916/2844 635/917/2843
f 635/914/2843 621/897/2829 882/1305/3090
f 621/897/2829 635/914/2843 620/896/2828
f 610/886/2818 893/1300/3101 611/887/2819
f 891/1307/3099 893/1300/3101 610/886/2818
f 890/1308/3098 891/1307/3099 610/886/2818
f 890/1308/3098 610/886/2818 598/873/2806
f 599/874/2807 890/1308/3098 598/873/2806
f 602/878/2810 890/1286/3098 599/875/2807
f 602/878/2810 892/1290/3100 890/1286/3098
f 895/1309/3103 872/1265/3080 892/1291/3100
f 895/1309/3103 892/1291/3100 602/1310/2810
f 872/1265/3080 873/1266/3081 892/1291/3100
f 596/871/2804 896/1311/3104 895/1309/3103
f 596/871/2804 895/1309/3103 601/1312/2809
f 601/1312/2809 895/1309/3103 602/1310/2810
f 896/1311/3104 872/1265/3080 895/1309/3103
f 863/1252/3071 872/1265/3080 897/1313/3105
f 872/1265/3080 896/1311/3104 897/1313/3105
f 596/871/2804 898/1314/3106 896/1311/3104
f 900/1316/3108 896/1311/3104 899/1315/3107
f 899/1315/3107 896/1311/3104 898/1314/3106
f 896/1311/3104 900/1316/3108 897/1313/3105
f 593/866/2801 898/1314/3106 596/871/2804
f 899/1315/3107 898/1314/3106 593/866/2801
f 901/1317/3109 900/1316/3108 899/1315/3107
f 594/867/2802 899/1315/3107 593/866/2801
f 901/1317/3109 899/1315/3107 594/867/2802
f 897/1313/3105 900/1316/3108 863/1252/3071
f 902/1318/3110 901/1317/3109 594/867/2802
f 594/867/2802 592/865/2800 902/1318/3110
f 903/1319/3111 900/1316/3108 901/1317/3109
f 863/1252/3071 900/1316/3108 847/1233/3055
f 900/1316/3108 903/1319/3111 847/1233/3055
f 847/1233/3055 903/1319/3111 846/1232/3054
f 905/1321/3113 903/1319/3111 904/1320/3112
f 904/1320/3112 903/1319/3111 901/1317/3109
f 903/1319/3111 905/1321/3113 846/1232/3054
f 904/1320/3112 901/1317/3109 902/1318/3110
f 30/39/2238 592/865/2800 583/850/2791
f 906/1322/3114 904/1320/3112 902/1318/3110
f 902/1318/3110 592/865/2800 906/1322/3114
f 904/1320/3112 908/1324/3116 907/1323/3115
f 905/1321/3113 904/1320/3112 907/1323/3115
f 908/1324/3116 904/1320/3112 906/1322/3114
f 905/1321/3113 907/1323/3115 848/1234/3056
f 905/1321/3113 848/1234/3056 846/1232/3054
f 907/1323/3115 821/1231/3029 848/1234/3056
f 821/1327/3029 907/1326/3115 820/1325/3028
f 908/1329/3116 43/1328/2251 907/1326/3115
f 43/1328/2251 820/1325/3028 907/1326/3115
f 909/1330/3117 908/1324/3116 906/1322/3114
f 909/1332/3117 27/1331/2235 908/1329/3116
f 27/1331/2235 43/1328/2251 908/1329/3116
f 592/865/2800 29/37/2237 906/1322/3114
f 906/1322/3114 29/37/2237 909/1330/3117
f 29/37/2237 592/865/2800 15/19/2223
f 15/19/2223 592/865/2800 30/39/2238
f 29/37/2237 28/38/2236 909/1330/3117
f 28/1333/2236 27/1331/2235 909/1332/3117
f 43/58/2251 42/57/2250 820/1181/3028
f 868/1335/3076 910/1334/3118 638/920/2846
f 911/1336/3119 910/1334/3118 868/1335/3076
f 910/1334/3118 912/1337/3120 646/935/2854
f 913/1338/3121 912/1337/3120 910/1334/3118
f 911/1336/3119 913/1338/3121 910/1334/3118
f 910/1334/3118 646/935/2854 638/920/2846
f 867/1339/3075 911/1336/3119 868/1335/3076
f 914/1340/3122 913/1338/3121 911/1336/3119
f 915/1341/3123 914/1340/3122 911/1336/3119
f 915/1341/3123 911/1336/3119 867/1339/3075
f 914/1344/3122 916/1343/3124 913/1342/3121
f 913/1342/3121 917/1346/3125 912/1345/3120
f 916/1343/3124 917/1346/3125 913/1342/3121
f 912/1345/3120 918/1347/3126 650/941/2858
f 917/1346/3125 918/1347/3126 912/1345/3120
f 912/1337/3120 650/942/2858 646/935/2854
f 918/1347/3126 917/1346/3125 919/1348/3127
f 917/1346/3125 916/1343/3124 919/1348/3127
f 919/1348/3127 916/1343/3124 920/1349/3128
f 921/1350/3129 916/1343/3124 914/1344/3122
f 921/1351/3129 914/1340/3122 915/1341/3123
f 922/1352/3130 921/1351/3129 915/1341/3123
f 856/1353/3064 915/1341/3123 867/1339/3075
f 922/1352/3130 915/1341/3123 856/1353/3064
f 924/1355/3132 923/1354/3131 921/1350/3129
f 923/1354/3131 916/1343/3124 921/1350/3129
f 924/1356/3132 921/1351/3129 922/1352/3130
f 920/1349/3128 916/1343/3124 925/1357/3133
f 916/1343/3124 923/1354/3131 925/1357/3133
f 920/1360/3128 926/1359/3134 919/1358/3127
f 927/1361/3135 926/1359/3134 920/1360/3128
f 925/1362/3133 927/1361/3135 920/1360/3128
f 926/1359/3134 928/1363/3136 919/1358/3127
f 919/1358/3127 928/1363/3136 647/964/2855
f 647/936/2855 918/1347/3126 919/1348/3127
f 648/937/2856 918/1347/3126 647/936/2855
f 918/1347/3126 648/937/2856 650/941/2858
f 928/1363/3136 669/968/2877 647/964/2855
f 928/1363/3136 929/1364/3137 669/968/2877
f 930/1365/3138 929/1364/3137 928/1363/3136
f 926/1359/3134 930/1365/3138 928/1363/3136
f 931/1366/3139 930/1365/3138 926/1359/3134
f 932/1367/3140 931/1366/3139 926/1359/3134
f 927/1361/3135 932/1367/3140 926/1359/3134
f 933/1368/3141 932/1367/3140 927/1361/3135
f 934/1369/3142 933/1368/3141 927/1361/3135
f 934/1369/3142 927/1361/3135 925/1362/3133
f 935/1371/3143 934/1370/3142 925/1357/3133
f 925/1357/3133 923/1354/3131 935/1371/3143
f 935/1371/3143 923/1354/3131 936/1372/3144
f 936/1372/3144 923/1354/3131 924/1355/3132
f 937/1373/3145 924/1356/3132 922/1352/3130
f 937/1376/3145 938/1375/3146 924/1374/3132
f 938/1375/3146 936/1377/3144 924/1374/3132
f 834/1378/3042 922/1352/3130 856/1353/3064
f 937/1373/3145 922/1352/3130 834/1378/3042
f 833/1379/3041 937/1373/3145 834/1378/3042
f 833/1207/3041 832/1208/3040 937/1380/3145
f 832/1381/3040 938/1375/3146 937/1376/3145
f 938/1384/3146 939/1383/3147 936/1382/3144
f 811/1172/3019 939/1383/3147 938/1384/3146
f 832/1206/3040 811/1172/3019 938/1384/3146
f 940/1385/3148 936/1382/3144 939/1383/3147
f 935/1371/3143 936/1372/3144 940/1386/3148
f 935/1371/3143 940/1386/3148 934/1370/3142
f 934/1389/3142 941/1388/3149 933/1387/3141
f 940/1390/3148 941/1388/3149 934/1389/3142
f 933/1368/3141 942/1391/3150 932/1367/3140
f 943/1392/3151 942/1391/3150 933/1368/3141
f 941/1388/3149 943/1393/3151 933/1387/3141
f 932/1367/3140 944/1394/3152 931/1366/3139
f 942/1391/3150 944/1394/3152 932/1367/3140
f 931/1366/3139 944/1394/3152 930/1365/3138
f 930/1365/3138 945/1395/3153 929/1364/3137
f 944/1394/3152 945/1395/3153 930/1365/3138
f 929/1364/3137 946/1396/3154 670/969/2878
f 945/1395/3153 946/1396/3154 929/1364/3137
f 929/1364/3137 670/969/2878 669/968/2877
f 946/1396/3154 945/1395/3153 947/1397/3155
f 945/1395/3153 944/1394/3152 947/1397/3155
f 947/1397/3155 944/1394/3152 948/1398/3156
f 948/1398/3156 944/1394/3152 949/1399/3157
f 944/1394/3152 942/1391/3150 949/1399/3157
f 949/1399/3157 942/1391/3150 950/1400/3158
f 950/1400/3158 942/1391/3150 943/1392/3151
f 952/1403/3160 943/1402/3151 951/1401/3159
f 950/1406/3158 943/1405/3151 952/1404/3160
f 941/1407/3149 951/1401/3159 943/1402/3151
f 789/1150/2997 951/1401/3159 941/1407/3149
f 940/1385/3148 789/1150/2997 941/1407/3149
f 939/1383/3147 789/1150/2997 940/1385/3148
f 790/1151/2998 789/1150/2997 939/1383/3147
f 811/1172/3019 790/1151/2998 939/1383/3147
f 789/1150/2997 780/1136/2988 951/1401/3159
f 951/1401/3159 766/1109/2974 952/1403/3160
f 780/1136/2988 766/1109/2974 951/1401/3159
f 954/1409/3162 952/1404/3160 953/1408/3161
f 952/1411/3160 766/1111/2974 953/1410/3161
f 952/1404/3160 954/1409/3162 950/1406/3158
f 950/1406/3158 954/1409/3162 949/1412/3157
f 949/1412/3157 955/1414/3163 948/1413/3156
f 954/1409/3162 955/1414/3163 949/1412/3157
f 955/1414/3163 709/1032/2917 948/1413/3156
f 948/1413/3156 709/1032/2917 947/1415/3155
f 709/1032/2917 693/1012/2901 947/1415/3155
f 947/1415/3155 693/1012/2901 691/1010/2899
f 691/1008/2899 946/1396/3154 947/1397/3155
f 692/1009/2900 946/1396/3154 691/1008/2899
f 946/1396/3154 692/1009/2900 670/969/2878
f 693/1012/2901 689/1003/2897 691/1010/2899
f 955/1414/3163 954/1409/3162 953/1408/3161
f 956/1416/3164 955/1414/3163 953/1408/3161
f 764/1107/2972 957/1417/3165 953/1408/3161
f 956/1416/3164 953/1408/3161 957/1417/3165
f 764/1112/2972 953/1410/3161 766/1111/2974
f 956/1416/3164 738/1064/2946 955/1414/3163
f 957/1417/3165 738/1064/2946 956/1416/3164
f 738/1064/2946 709/1032/2917 955/1414/3163
f 957/1417/3165 739/1065/2947 738/1064/2946
f 957/1417/3165 764/1107/2972 739/1065/2947
f 84/108/2292 93/117/2301 958/1418/3166
f 84/108/2292 958/1418/3166 801/1162/3009
f 958/1418/3166 959/1419/3167 803/1164/3011
f 93/117/2301 959/1419/3167 958/1418/3166
f 958/1418/3166 803/1164/3011 801/1162/3009
f 93/117/2301 114/146/2322 959/1419/3167
f 961/1422/3169 959/1421/3167 960/1420/3168
f 959/1421/3167 114/150/2322 960/1420/3168
f 959/1419/3167 962/1423/3170 803/1164/3011
f 961/1422/3169 962/1424/3170 959/1421/3167
f 962/1424/3170 964/1426/3172 963/1425/3171
f 802/1427/3010 962/1424/3170 963/1425/3171
f 961/1422/3169 964/1426/3172 962/1424/3170
f 803/1164/3011 962/1423/3170 802/1163/3010
f 966/1430/3174 965/1429/3173 961/1428/3169
f 960/1431/3168 966/1430/3174 961/1428/3169
f 965/1429/3173 964/1432/3172 961/1428/3169
f 967/1433/3175 966/1430/3174 960/1431/3168
f 116/187/2324 967/1433/3175 960/1431/3168
f 960/1420/3168 114/150/2322 116/149/2324
f 969/1435/3177 968/1434/3176 966/1430/3174
f 967/1433/3175 969/1435/3177 966/1430/3174
f 966/1430/3174 968/1434/3176 965/1429/3173
f 968/1434/3176 970/1436/3178 965/1429/3173
f 965/1429/3173 970/1436/3178 971/1437/3179
f 972/1438/3180 965/1429/3173 971/1437/3179
f 972/1438/3180 964/1432/3172 965/1429/3173
f 963/1440/3171 964/1432/3172 973/1439/3181
f 964/1432/3172 972/1438/3180 973/1439/3181
f 973/1439/3181 974/1441/3182 963/1440/3171
f 963/1440/3171 974/1441/3182 975/1442/3183
f 975/1443/3183 802/1427/3010 963/1425/3171
f 973/1439/3181 976/1444/3184 974/1441/3182
f 972/1438/3180 976/1444/3184 973/1439/3181
f 978/1446/3186 977/1445/3185 971/1437/3179
f 970/1436/3178 978/1446/3186 971/1437/3179
f 977/1445/3185 979/1447/3187 971/1437/3179
f 971/1437/3179 979/1447/3187 972/1438/3180
f 980/1448/3188 978/1446/3186 970/1436/3178
f 968/1434/3176 980/1448/3188 970/1436/3178
f 981/1449/3189 980/1448/3188 968/1434/3176
f 969/1435/3177 981/1449/3189 968/1434/3176
f 138/184/2346 969/1435/3177 967/1433/3175
f 138/184/2346 967/1433/3175 116/187/2324
f 139/188/2347 982/1450/3190 969/1435/3177
f 139/188/2347 969/1435/3177 138/184/2346
f 982/1450/3190 983/1451/3191 969/1435/3177
f 969/1435/3177 983/1451/3191 981/1449/3189
f 983/1451/3191 984/1452/3192 981/1449/3189
f 981/1449/3189 984/1452/3192 980/1448/3188
f 980/1448/3188 985/1453/3193 978/1446/3186
f 978/1446/3186 985/1453/3193 977/1445/3185
f 985/1453/3193 986/1454/3194 977/1445/3185
f 977/1445/3185 986/1454/3194 987/1455/3195
f 988/1456/3196 977/1445/3185 987/1455/3195
f 988/1456/3196 979/1447/3187 977/1445/3185
f 976/1444/3184 979/1447/3187 989/1457/3197
f 979/1447/3187 988/1456/3196 989/1457/3197
f 972/1438/3180 979/1447/3187 976/1444/3184
f 976/1444/3184 989/1457/3197 990/1458/3198
f 976/1444/3184 990/1458/3198 974/1441/3182
f 991/1459/3199 975/1442/3183 974/1441/3182
f 991/1461/3199 798/1159/3006 975/1460/3183
f 798/1159/3006 802/1163/3010 975/1460/3183
f 992/1462/3200 974/1441/3182 990/1458/3198
f 993/1463/3201 991/1459/3199 974/1441/3182
f 993/1463/3201 974/1441/3182 992/1462/3200
f 988/1456/3196 987/1455/3195 989/1457/3197
f 987/1455/3195 994/1464/3202 989/1457/3197
f 986/1454/3194 995/1465/3203 987/1455/3195
f 987/1455/3195 995/1465/3203 996/1466/3204
f 994/1464/3202 987/1455/3195 996/1466/3204
f 997/1467/3205 986/1454/3194 985/1453/3193
f 984/1452/3192 985/1453/3193 980/1448/3188
f 983/1451/3191 998/1468/3206 984/1452/3192
f 999/1469/3207 998/1468/3206 983/1451/3191
f 982/1450/3190 999/1469/3207 983/1451/3191
f 999/1469/3207 1000/1470/3208 998/1468/3206
f 998/1468/3206 1000/1470/3208 984/1452/3192
f 1000/1470/3208 985/1453/3193 984/1452/3192
f 1001/1471/3209 985/1453/3193 1000/1470/3208
f 1001/1471/3209 1002/1472/3210 985/1453/3193
f 985/1453/3193 1002/1472/3210 997/1467/3205
f 1002/1472/3210 1003/1473/3211 997/1467/3205
f 997/1467/3205 1003/1473/3211 1004/1474/3212
f 986/1454/3194 997/1467/3205 1004/1474/3212
f 1004/1474/3212 995/1465/3203 986/1454/3194
f 995/1465/3203 1005/1475/3213 996/1466/3204
f 1005/1475/3213 1006/1476/3214 996/1466/3204
f 1006/1476/3214 1007/1477/3215 996/1466/3204
f 994/1464/3202 1009/1479/3217 1008/1478/3216
f 996/1466/3204 1009/1479/3217 994/1464/3202
f 989/1457/3197 994/1464/3202 1008/1478/3216
f 989/1457/3197 1008/1478/3216 990/1458/3198
f 1008/1478/3216 992/1462/3200 990/1458/3198
f 1009/1479/3217 1010/1480/3218 1008/1478/3216
f 1009/1479/3217 1007/1477/3215 1011/1481/3219
f 1011/1481/3219 1012/1482/3220 1009/1479/3217
f 996/1466/3204 1007/1477/3215 1009/1479/3217
f 1012/1482/3220 1010/1480/3218 1009/1479/3217
f 1007/1477/3215 1013/1483/3221 1011/1481/3219
f 1013/1483/3221 1007/1477/3215 1006/1476/3214
f 1005/1475/3213 1014/1484/3222 1006/1476/3214
f 1006/1476/3214 1014/1484/3222 1015/1485/3223
f 1013/1483/3221 1006/1476/3214 1015/1485/3223
f 1017/1487/3225 1016/1486/3224 1005/1475/3213
f 1016/1486/3224 1014/1484/3222 1005/1475/3213
f 995/1465/3203 1017/1487/3225 1005/1475/3213
f 1017/1487/3225 995/1465/3203 1018/1488/3226
f 1018/1488/3226 995/1465/3203 1004/1474/3212
f 1019/1489/3227 1018/1488/3226 1004/1474/3212
f 1019/1489/3227 1004/1474/3212 1003/1473/3211
f 1020/1492/3228 1003/1491/3211 1002/1490/3210
f 1019/1493/3227 1003/1491/3211 1020/1492/3228
f 1001/1495/3209 1021/1494/3229 1002/1490/3210
f 1002/1490/3210 1021/1494/3229 1022/1496/3230
f 1022/1496/3230 1020/1492/3228 1002/1490/3210
f 1001/1495/3209 1000/1498/3208 1023/1497/3231
f 1021/1494/3229 1001/1495/3209 1023/1497/3231
f 1024/1499/3232 1021/1494/3229 1023/1497/3231
f 1022/1496/3230 1021/1494/3229 1024/1499/3232
f 1020/1492/3228 1022/1496/3230 1025/1500/3233
f 1025/1500/3233 1019/1493/3227 1020/1492/3228
f 1019/1489/3227 1026/1501/3234 1018/1488/3226
f 1025/1500/3233 1027/1502/3235 1019/1493/3227
f 1019/1493/3227 1027/1502/3235 1026/1503/3234
f 1018/1488/3226 1026/1501/3234 1028/1504/3236
f 1018/1507/3226 1028/1506/3236 1029/1505/3237
f 1018/1507/3226 1029/1505/3237 1017/1508/3225
f 1017/1508/3225 1029/1505/3237 1016/1509/3224
f 1016/1509/3224 1030/1511/3238 1014/1510/3222
f 1029/1505/3237 1030/1511/3238 1016/1509/3224
f 1030/1511/3238 1031/1512/3239 1014/1510/3222
f 1014/1510/3222 1031/1512/3239 1015/1513/3223
f 1031/1512/3239 1032/1514/3240 1015/1513/3223
f 1033/1515/3241 1015/1513/3223 1032/1514/3240
f 1013/1483/3221 1015/1485/3223 1034/1516/3242
f 1015/1485/3223 1033/1517/3241 1034/1516/3242
f 1013/1483/3221 1034/1516/3242 1011/1481/3219
f 1011/1481/3219 1034/1516/3242 1033/1517/3241
f 1011/1481/3219 1033/1517/3241 1035/1518/3243
f 1037/1520/3245 1012/1482/3220 1036/1519/3244
f 1012/1482/3220 1011/1481/3219 1036/1519/3244
f 1010/1480/3218 1012/1482/3220 1037/1520/3245
f 1011/1481/3219 1038/1521/3246 1036/1519/3244
f 1011/1481/3219 1035/1518/3243 1038/1521/3246
f 1033/1515/3241 1039/1523/3247 1035/1522/3243
f 1035/1522/3243 1039/1523/3247 1040/1524/3248
f 1040/1524/3248 1038/1525/3246 1035/1522/3243
f 1033/1515/3241 1032/1514/3240 1039/1523/3247
f 1039/1523/3247 1032/1514/3240 1041/1526/3249
f 1041/1526/3249 1032/1514/3240 1031/1512/3239
f 1031/1512/3239 1042/1527/3250 1041/1526/3249
f 1030/1511/3238 1042/1527/3250 1031/1512/3239
f 1030/1511/3238 1029/1505/3237 1042/1527/3250
f 1028/1506/3236 1042/1527/3250 1029/1505/3237
f 1028/1506/3236 1043/1528/3251 1042/1527/3250
f 1028/1506/3236 1027/1502/3235 1043/1528/3251
f 1027/1502/3235 1028/1506/3236 1026/1503/3234
f 1044/1529/3252 1043/1528/3251 1027/1502/3235
f 1025/1500/3233 1044/1529/3252 1027/1502/3235
f 1022/1496/3230 1045/1530/3253 1025/1500/3233
f 1045/1530/3253 1046/1531/3254 1025/1500/3233
f 1025/1500/3233 1046/1531/3254 1044/1529/3252
f 1022/1496/3230 1024/1499/3232 1045/1530/3253
f 1045/1530/3253 1024/1499/3232 1047/1532/3255
f 1048/1533/3256 1045/1530/3253 1047/1532/3255
f 1049/1534/3257 1046/1531/3254 1045/1530/3253
f 1048/1533/3256 1049/1534/3257 1045/1530/3253
f 1049/1534/3257 1044/1529/3252 1046/1531/3254
f 1043/1528/3251 1044/1529/3252 1050/1535/3258
f 1044/1529/3252 1051/1536/3259 1050/1535/3258
f 1051/1536/3259 1044/1529/3252 1049/1534/3257
f 1042/1527/3250 1043/1528/3251 1052/1537/3260
f 1050/1535/3258 1052/1537/3260 1043/1528/3251
f 1052/1537/3260 1041/1526/3249 1042/1527/3250
f 1041/1526/3249 1053/1538/3261 1039/1523/3247
f 1039/1523/3247 1054/1539/3262 1040/1524/3248
f 1053/1538/3261 1054/1539/3262 1039/1523/3247
f 1055/1540/3263 1040/1524/3248 1054/1539/3262
f 1056/1541/3264 1038/1525/3246 1040/1524/3248
f 1040/1524/3248 1055/1540/3263 1056/1541/3264
f 1036/1519/3244 1038/1521/3246 1057/1542/3265
f 1038/1521/3246 1056/1543/3264 1057/1542/3265
f 1056/1543/3264 1058/1544/3266 1057/1542/3265
f 1056/1541/3264 1055/1540/3263 1058/1545/3266
f 1055/1540/3263 1059/1546/3267 1058/1545/3266
f 1055/1540/3263 1054/1539/3262 1059/1546/3267
f 1041/1526/3249 1060/1547/3268 1053/1538/3261
f 1060/1547/3268 657/951/2865 1053/1538/3261
f 642/929/2850 657/951/2865 1060/1547/3268
f 1053/1538/3261 657/951/2865 1054/1539/3262
f 1054/1539/3262 682/991/2890 1059/1546/3267
f 657/951/2865 682/991/2890 1054/1539/3262
f 1061/1548/3269 1059/1546/3267 682/991/2890
f 1062/1549/3270 1059/1546/3267 1061/1548/3269
f 1062/1549/3270 1058/1545/3266 1059/1546/3267
f 1057/1542/3265 1058/1544/3266 1063/1550/3271
f 1062/1552/3270 1064/1551/3272 1058/1544/3266
f 1058/1544/3266 1064/1551/3272 1063/1550/3271
f 1062/1549/3270 1061/1548/3269 1065/1553/3273
f 1064/1551/3272 1062/1552/3270 1065/1554/3273
f 1066/1555/3274 1065/1553/3273 1061/1548/3269
f 702/1023/2910 1061/1548/3269 682/991/2890
f 1067/1556/3275 1061/1548/3269 702/1023/2910
f 1067/1556/3275 1066/1555/3274 1061/1548/3269
f 1068/1557/3276 1066/1555/3274 1067/1556/3275
f 1066/1559/3274 1069/1558/3277 1065/1554/3273
f 1066/1559/3274 1068/1560/3276 1069/1558/3277
f 1070/1561/3278 1064/1551/3272 1065/1554/3273
f 1065/1554/3273 1069/1558/3277 1070/1561/3278
f 1071/1562/3279 1064/1551/3272 1070/1561/3278
f 1064/1551/3272 1071/1562/3279 1063/1550/3271
f 1057/1542/3265 1063/1550/3271 1072/1563/3280
f 1063/1550/3271 1071/1562/3279 1072/1563/3280
f 1073/1564/3281 1071/1562/3279 1070/1561/3278
f 1070/1561/3278 1069/1558/3277 749/1081/2957
f 1073/1564/3281 1070/1561/3278 749/1081/2957
f 1069/1558/3277 1068/1560/3276 1074/1565/3282
f 1069/1558/3277 1074/1565/3282 749/1081/2957
f 1068/1560/3276 722/1566/2930 1074/1565/3282
f 722/1048/2930 1068/1557/3276 1067/1556/3275
f 719/1044/2927 1067/1556/3275 702/1023/2910
f 719/1044/2927 722/1048/2930 1067/1556/3275
f 720/1567/2928 1074/1565/3282 722/1566/2930
f 749/1081/2957 1074/1565/3282 720/1567/2928
f 731/1078/2939 749/1081/2957 720/1567/2928
f 1073/1564/3281 749/1081/2957 750/1082/2958
f 1037/1520/3245 1057/1542/3265 1072/1563/3280
f 1036/1519/3244 1057/1542/3265 1037/1520/3245
f 1075/1568/3283 1037/1520/3245 1072/1563/3280
f 1075/1568/3283 1072/1563/3280 1076/1569/3284
f 1072/1563/3280 1071/1562/3279 1076/1569/3284
f 751/1083/2959 1071/1562/3279 1073/1564/3281
f 751/1083/2959 1076/1569/3284 1071/1562/3279
f 1073/1564/3281 750/1082/2958 751/1083/2959
f 751/1083/2959 752/1084/2960 1076/1569/3284
f 1077/1570/3285 1075/1568/3283 1076/1569/3284
f 1077/1570/3285 1076/1569/3284 1078/1571/3286
f 752/1084/2960 1078/1571/3286 1076/1569/3284
f 1079/1572/3287 1037/1520/3245 1075/1568/3283
f 1079/1572/3287 1075/1568/3283 1077/1570/3285
f 1079/1572/3287 1010/1480/3218 1037/1520/3245
f 1080/1573/3288 1008/1478/3216 1079/1572/3287
f 1008/1478/3216 1010/1480/3218 1079/1572/3287
f 1080/1573/3288 1079/1572/3287 1077/1570/3285
f 1080/1573/3288 1077/1570/3285 1081/1574/3289
f 1081/1574/3289 1077/1570/3285 1078/1571/3286
f 1081/1574/3289 1078/1571/3286 785/1142/2993
f 1078/1571/3286 752/1084/2960 776/1129/2984
f 785/1142/2993 1078/1571/3286 776/1129/2984
f 1082/1575/3290 1081/1574/3289 785/1142/2993
f 1082/1576/3290 785/1144/2993 786/1145/2994
f 1083/1577/3291 1080/1573/3288 1081/1574/3289
f 1083/1577/3291 1081/1574/3289 1082/1575/3290
f 1083/1577/3291 992/1462/3200 1080/1573/3288
f 992/1462/3200 1008/1478/3216 1080/1573/3288
f 993/1463/3201 1083/1577/3291 1082/1575/3290
f 992/1462/3200 1083/1577/3291 993/1463/3201
f 1084/1578/3292 1082/1576/3290 786/1145/2994
f 786/1147/2994 787/1148/2995 1084/1579/3292
f 1085/1580/3293 1082/1576/3290 1084/1578/3292
f 1084/1578/3292 794/1581/3002 1085/1580/3293
f 787/1148/2995 794/1155/3002 1084/1579/3292
f 1085/1582/3293 993/1463/3201 1082/1575/3290
f 1086/1583/3294 993/1463/3201 1085/1582/3293
f 991/1459/3199 993/1463/3201 1086/1583/3294
f 794/1581/3002 1086/1584/3294 1085/1580/3293
f 991/1585/3199 1086/1584/3294 794/1581/3002
f 798/1159/3006 794/1155/3002 793/1154/3001
f 991/1461/3199 794/1155/3002 798/1159/3006
f 630/906/2838 642/929/2850 1060/1547/3268
f 1087/1586/3295 630/906/2838 1060/1547/3268
f 1088/1587/3296 630/906/2838 1087/1586/3295
f 1087/1586/3295 1060/1547/3268 1041/1526/3249
f 615/891/2823 630/906/2838 1088/1587/3296
f 1089/1588/3297 615/891/2823 1088/1587/3296
f 1087/1586/3295 1041/1526/3249 1052/1537/3260
f 608/884/2816 615/891/2823 1089/1588/3297
f 1088/1587/3296 1087/1586/3295 1090/1589/3298
f 1090/1589/3298 1087/1586/3295 1052/1537/3260
f 1089/1588/3297 1088/1587/3296 1090/1589/3298
f 1090/1589/3298 1052/1537/3260 1050/1535/3258
f 1092/1591/3300 1050/1535/3258 1091/1590/3299
f 1051/1536/3259 1091/1590/3299 1050/1535/3258
f 1050/1535/3258 1093/1592/3301 1090/1589/3298
f 1092/1591/3300 1093/1592/3301 1050/1535/3258
f 248/331/2456 1090/1589/3298 1093/1592/3301
f 284/381/2492 608/884/2816 1089/1588/3297
f 275/369/2483 1089/1588/3297 264/353/2472
f 284/381/2492 1089/1588/3297 275/369/2483
f 264/353/2472 1089/1588/3297 1090/1589/3298
f 264/353/2472 1090/1589/3298 248/331/2456
f 248/331/2456 1093/1592/3301 250/333/2458
f 250/333/2458 1093/1592/3301 1094/1593/3302
f 1092/1591/3300 1094/1593/3302 1093/1592/3301
f 1091/1590/3299 1095/1594/3303 1092/1591/3300
f 1094/1593/3302 1092/1591/3300 1095/1594/3303
f 1091/1590/3299 1049/1534/3257 1095/1594/3303
f 1091/1590/3299 1051/1536/3259 1049/1534/3257
f 1095/1594/3303 1048/1533/3256 1096/1595/3304
f 1097/1596/3305 1095/1594/3303 1096/1595/3304
f 1049/1534/3257 1048/1533/3256 1095/1594/3303
f 1095/1594/3303 1097/1596/3305 1094/1593/3302
f 249/332/2457 250/333/2458 1094/1593/3302
f 1094/1593/3302 1097/1596/3305 249/332/2457
f 1097/1596/3305 1096/1595/3304 227/306/2435
f 228/307/2436 1097/1596/3305 227/306/2435
f 1097/1596/3305 228/307/2436 249/332/2457
f 1096/1595/3304 1047/1532/3255 1098/1597/3306
f 227/306/2435 1096/1595/3304 1098/1597/3306
f 1096/1595/3304 1048/1533/3256 1047/1532/3255
f 227/306/2435 1098/1597/3306 207/282/2415
f 1098/1597/3306 1047/1532/3255 1099/1598/3307
f 207/282/2415 1098/1597/3306 1099/1598/3307
f 1100/1599/3308 1099/1598/3307 1047/1532/3255
f 1047/1532/3255 1024/1499/3232 1100/1599/3308
f 185/252/2393 1099/1598/3307 1101/1600/3309
f 1102/1601/3310 1099/1598/3307 1100/1599/3308
f 1102/1601/3310 1101/1600/3309 1099/1598/3307
f 207/282/2415 1099/1598/3307 185/252/2393
f 1102/1601/3310 1100/1599/3308 1000/1498/3208
f 1100/1599/3308 1023/1497/3231 1000/1498/3208
f 1024/1499/3232 1023/1497/3231 1100/1599/3308
f 1103/1602/3311 1102/1601/3310 1000/1498/3208
f 1101/1600/3309 1102/1601/3310 1103/1602/3311
f 184/251/2392 185/252/2393 1101/1600/3309
f 1103/1602/3311 1104/1603/3312 1101/1600/3309
f 1101/1600/3309 1104/1603/3312 184/251/2392
f 1104/1605/3312 1103/1604/3311 999/1469/3207
f 1103/1604/3311 1000/1470/3208 999/1469/3207
f 1106/1608/3314 1104/1607/3312 1105/1606/3313
f 1105/1606/3313 1104/1607/3312 999/1609/3207
f 1106/1610/3314 184/251/2392 1104/1603/3312
f 160/250/2368 184/251/2392 1106/1610/3314
f 159/213/2367 1106/1608/3314 1105/1606/3313
f 1106/1608/3314 159/213/2367 160/214/2368
f 158/212/2366 159/213/2367 1105/1606/3313
f 1105/1606/3313 999/1609/3207 982/1611/3190
f 158/212/2366 1105/1606/3313 982/1611/3190
f 157/211/2365 158/212/2366 982/1611/3190
f 157/1612/2365 982/1450/3190 139/188/2347
f 140/189/2348 157/1612/2365 139/188/2347
f 307/412/2515 608/884/2816 284/381/2492
f 285/382/2493 307/412/2515 284/381/2492

# End of Object "CavePlatform2_2"
